word,wd_id,url,base_level,base_source
disintegrate,43915,https://www.koolearn.com/dict/wd_43915.html,1,Vocabulary 5000
agony,3547,https://www.koolearn.com/dict/wd_3547.html,1,Vocabulary 5000
chronological,28692,https://www.koolearn.com/dict/wd_28692.html,2,Vocabulary 10000
coherence,30995,https://www.koolearn.com/dict/wd_30995.html,2,Vocabulary 10000
conspiracy,33619,https://www.koolearn.com/dict/wd_33619.html,1,Vocabulary 5000
devour,42124,https://www.koolearn.com/dict/wd_42124.html,1,Vocabulary 5000
gregarious,65924,https://www.koolearn.com/dict/wd_65924.html,2,Vocabulary 10000
malevolent,90791,https://www.koolearn.com/dict/wd_90791.html,1,Vocabulary 5000
shun,135371,https://www.koolearn.com/dict/wd_135371.html,1,Vocabulary 5000
tear,148462,https://www.koolearn.com/dict/wd_148462.html,1,Vocabulary 5000
vigor,161973,https://www.koolearn.com/dict/wd_161973.html,1,Vocabulary 5000
abroad,802,https://www.koolearn.com/dict/wd_802.html,3,Vocabulary 22000
anonymous,6903,https://www.koolearn.com/dict/wd_6903.html,3,Vocabulary 22000
antiquity,7462,https://www.koolearn.com/dict/wd_7462.html,2,Vocabulary 10000
ascend,9596,https://www.koolearn.com/dict/wd_9596.html,1,Vocabulary 5000
bereave,16233,https://www.koolearn.com/dict/wd_16233.html,2,Vocabulary 10000
bilateral,16996,https://www.koolearn.com/dict/wd_16996.html,3,Vocabulary 22000
brew,20739,https://www.koolearn.com/dict/wd_20739.html,2,Vocabulary 10000
charm,27217,https://www.koolearn.com/dict/wd_27217.html,1,Vocabulary 5000
compulsive,32550,https://www.koolearn.com/dict/wd_32550.html,2,Vocabulary 10000
courtesy,35759,https://www.koolearn.com/dict/wd_35759.html,1,Vocabulary 5000
decrepit,39929,https://www.koolearn.com/dict/wd_39929.html,3,Vocabulary 22000
desolate,41683,https://www.koolearn.com/dict/wd_41683.html,1,Vocabulary 5000
deviate,42037,https://www.koolearn.com/dict/wd_42037.html,3,Vocabulary 22000
disagreement,43391,https://www.koolearn.com/dict/wd_43391.html,1,Vocabulary 5000
disperse,44095,https://www.koolearn.com/dict/wd_44095.html,1,Vocabulary 5000
doze,45921,https://www.koolearn.com/dict/wd_45921.html,2,Vocabulary 10000
dread,46205,https://www.koolearn.com/dict/wd_46205.html,1,Vocabulary 5000
dreary,46248,https://www.koolearn.com/dict/wd_46248.html,1,Vocabulary 5000
ensue,50559,https://www.koolearn.com/dict/wd_50559.html,1,Vocabulary 5000
erratic,51562,https://www.koolearn.com/dict/wd_51562.html,2,Vocabulary 10000
fact,54171,https://www.koolearn.com/dict/wd_54171.html,1,Vocabulary 5000
false,54529,https://www.koolearn.com/dict/wd_54529.html,1,Vocabulary 5000
fertilize,55793,https://www.koolearn.com/dict/wd_55793.html,2,Vocabulary 10000
glare,63725,https://www.koolearn.com/dict/wd_63725.html,2,Vocabulary 10000
grief,66001,https://www.koolearn.com/dict/wd_66001.html,2,Vocabulary 10000
grudge,66408,https://www.koolearn.com/dict/wd_66408.html,1,Vocabulary 5000
hug,72592,https://www.koolearn.com/dict/wd_72592.html,1,Vocabulary 5000
indignant,76693,https://www.koolearn.com/dict/wd_76693.html,1,Vocabulary 5000
inference,77109,https://www.koolearn.com/dict/wd_77109.html,2,Vocabulary 10000
innovate,77683,https://www.koolearn.com/dict/wd_77683.html,2,Vocabulary 10000
intimidate,78951,https://www.koolearn.com/dict/wd_78951.html,3,Vocabulary 22000
irrational,79652,https://www.koolearn.com/dict/wd_79652.html,1,Vocabulary 5000
latent,84845,https://www.koolearn.com/dict/wd_84845.html,3,Vocabulary 22000
lose,88685,https://www.koolearn.com/dict/wd_88685.html,1,Vocabulary 5000
luxuriant,89526,https://www.koolearn.com/dict/wd_89526.html,2,Vocabulary 10000
maze,92525,https://www.koolearn.com/dict/wd_92525.html,2,Vocabulary 10000
mist,95687,https://www.koolearn.com/dict/wd_95687.html,1,Vocabulary 5000
multitude,98079,https://www.koolearn.com/dict/wd_98079.html,1,Vocabulary 5000
negligence,99749,https://www.koolearn.com/dict/wd_99749.html,1,Vocabulary 5000
nomadic,101191,https://www.koolearn.com/dict/wd_101191.html,3,Vocabulary 22000
plump,114222,https://www.koolearn.com/dict/wd_114222.html,1,Vocabulary 5000
pray,116235,https://www.koolearn.com/dict/wd_116235.html,2,Vocabulary 10000
preface,116581,https://www.koolearn.com/dict/wd_116581.html,3,Vocabulary 22000
rendezvous,124847,https://www.koolearn.com/dict/wd_124847.html,3,Vocabulary 22000
reside,125557,https://www.koolearn.com/dict/wd_125557.html,1,Vocabulary 5000
residue,125582,https://www.koolearn.com/dict/wd_125582.html,2,Vocabulary 10000
respective,125723,https://www.koolearn.com/dict/wd_125723.html,1,Vocabulary 5000
scoop,131288,https://www.koolearn.com/dict/wd_131288.html,2,Vocabulary 10000
seize,132554,https://www.koolearn.com/dict/wd_132554.html,1,Vocabulary 5000
sprout,140958,https://www.koolearn.com/dict/wd_140958.html,2,Vocabulary 10000
stroll,143612,https://www.koolearn.com/dict/wd_143612.html,1,Vocabulary 5000
translation,154107,https://www.koolearn.com/dict/wd_154107.html,1,Vocabulary 5000
ulterior,156675,https://www.koolearn.com/dict/wd_156675.html,2,Vocabulary 10000
unavoidable,156972,https://www.koolearn.com/dict/wd_156972.html,1,Vocabulary 5000
vogue,162610,https://www.koolearn.com/dict/wd_162610.html,3,Vocabulary 22000
void,162631,https://www.koolearn.com/dict/wd_162631.html,1,Vocabulary 5000
weaken,164112,https://www.koolearn.com/dict/wd_164112.html,1,Vocabulary 5000
existent,53180,https://www.koolearn.com/dict/wd_53180.html,1,Vocabulary 5000
humiliate,72734,https://www.koolearn.com/dict/wd_72734.html,1,Vocabulary 5000
incapacitate,76114,https://www.koolearn.com/dict/wd_76114.html,2,Vocabulary 10000
adjoin,2354,https://www.koolearn.com/dict/wd_2354.html,1,Vocabulary 5000
animate,6656,https://www.koolearn.com/dict/wd_6656.html,2,Vocabulary 10000
applause,8035,https://www.koolearn.com/dict/wd_8035.html,1,Vocabulary 5000
around,9074,https://www.koolearn.com/dict/wd_9074.html,1,Vocabulary 5000
attic,10971,https://www.koolearn.com/dict/wd_10971.html,1,Vocabulary 5000
avail,11621,https://www.koolearn.com/dict/wd_11621.html,1,Vocabulary 5000
bankrupt,13170,https://www.koolearn.com/dict/wd_13170.html,2,Vocabulary 10000
beware,16591,https://www.koolearn.com/dict/wd_16591.html,1,Vocabulary 5000
bounty,19841,https://www.koolearn.com/dict/wd_19841.html,2,Vocabulary 10000
brave,20386,https://www.koolearn.com/dict/wd_20386.html,1,Vocabulary 5000
cavern,25936,https://www.koolearn.com/dict/wd_25936.html,2,Vocabulary 10000
chord,28463,https://www.koolearn.com/dict/wd_28463.html,2,Vocabulary 10000
collide,31293,https://www.koolearn.com/dict/wd_31293.html,1,Vocabulary 5000
continual,33934,https://www.koolearn.com/dict/wd_33934.html,2,Vocabulary 10000
cradle,36066,https://www.koolearn.com/dict/wd_36066.html,1,Vocabulary 5000
curative,37691,https://www.koolearn.com/dict/wd_37691.html,2,Vocabulary 10000
decree,39920,https://www.koolearn.com/dict/wd_39920.html,2,Vocabulary 10000
depreciate,41299,https://www.koolearn.com/dict/wd_41299.html,3,Vocabulary 22000
dilapidated,42864,https://www.koolearn.com/dict/wd_42864.html,3,Vocabulary 22000
disable,43356,https://www.koolearn.com/dict/wd_43356.html,2,Vocabulary 10000
disapprove,43422,https://www.koolearn.com/dict/wd_43422.html,2,Vocabulary 10000
discourse,43646,https://www.koolearn.com/dict/wd_43646.html,2,Vocabulary 10000
discreet,43670,https://www.koolearn.com/dict/wd_43670.html,3,Vocabulary 22000
disgrace,43800,https://www.koolearn.com/dict/wd_43800.html,1,Vocabulary 5000
distress,44454,https://www.koolearn.com/dict/wd_44454.html,2,Vocabulary 10000
dual,46789,https://www.koolearn.com/dict/wd_46789.html,2,Vocabulary 10000
embarrass,49202,https://www.koolearn.com/dict/wd_49202.html,1,Vocabulary 5000
estrange,51929,https://www.koolearn.com/dict/wd_51929.html,3,Vocabulary 22000
exhale,53101,https://www.koolearn.com/dict/wd_53101.html,1,Vocabulary 5000
fog,58330,https://www.koolearn.com/dict/wd_58330.html,1,Vocabulary 5000
fresh,60026,https://www.koolearn.com/dict/wd_60026.html,1,Vocabulary 5000
friend,60128,https://www.koolearn.com/dict/wd_60128.html,1,Vocabulary 5000
fury,61057,https://www.koolearn.com/dict/wd_61057.html,1,Vocabulary 5000
fuss,61087,https://www.koolearn.com/dict/wd_61087.html,1,Vocabulary 5000
glamour,63703,https://www.koolearn.com/dict/wd_63703.html,1,Vocabulary 5000
gloomy,63983,https://www.koolearn.com/dict/wd_63983.html,1,Vocabulary 5000
grow,66355,https://www.koolearn.com/dict/wd_66355.html,2,Vocabulary 10000
gush,66871,https://www.koolearn.com/dict/wd_66871.html,2,Vocabulary 10000
harass,68085,https://www.koolearn.com/dict/wd_68085.html,2,Vocabulary 10000
impatient,74718,https://www.koolearn.com/dict/wd_74718.html,1,Vocabulary 5000
impersonal,74821,https://www.koolearn.com/dict/wd_74821.html,2,Vocabulary 10000
impractical,75009,https://www.koolearn.com/dict/wd_75009.html,2,Vocabulary 10000
incorrect,76408,https://www.koolearn.com/dict/wd_76408.html,1,Vocabulary 5000
inhale,77450,https://www.koolearn.com/dict/wd_77450.html,1,Vocabulary 5000
majestic,90352,https://www.koolearn.com/dict/wd_90352.html,1,Vocabulary 5000
maneuver,91143,https://www.koolearn.com/dict/wd_91143.html,2,Vocabulary 10000
manifestation,91224,https://www.koolearn.com/dict/wd_91224.html,2,Vocabulary 10000
misery,95431,https://www.koolearn.com/dict/wd_95431.html,1,Vocabulary 5000
multilateral,97979,https://www.koolearn.com/dict/wd_97979.html,3,Vocabulary 22000
oblivious,102780,https://www.koolearn.com/dict/wd_102780.html,2,Vocabulary 10000
pacify,107496,https://www.koolearn.com/dict/wd_107496.html,1,Vocabulary 5000
panorama,108193,https://www.koolearn.com/dict/wd_108193.html,3,Vocabulary 22000
permeate,110973,https://www.koolearn.com/dict/wd_110973.html,3,Vocabulary 22000
perverse,111278,https://www.koolearn.com/dict/wd_111278.html,3,Vocabulary 22000
plea,113878,https://www.koolearn.com/dict/wd_113878.html,1,Vocabulary 5000
porter,115443,https://www.koolearn.com/dict/wd_115443.html,1,Vocabulary 5000
procrastinate,117820,https://www.koolearn.com/dict/wd_117820.html,3,Vocabulary 22000
quiver,121073,https://www.koolearn.com/dict/wd_121073.html,1,Vocabulary 5000
recur,123283,https://www.koolearn.com/dict/wd_123283.html,2,Vocabulary 10000
regenerate,124016,https://www.koolearn.com/dict/wd_124016.html,3,Vocabulary 22000
rickety,126868,https://www.koolearn.com/dict/wd_126868.html,2,Vocabulary 10000
seep,132454,https://www.koolearn.com/dict/wd_132454.html,2,Vocabulary 10000
shabby,133994,https://www.koolearn.com/dict/wd_133994.html,1,Vocabulary 5000
sip,136318,https://www.koolearn.com/dict/wd_136318.html,2,Vocabulary 10000
sneeze,138008,https://www.koolearn.com/dict/wd_138008.html,2,Vocabulary 10000
sovereign,139514,https://www.koolearn.com/dict/wd_139514.html,1,Vocabulary 5000
spade,139616,https://www.koolearn.com/dict/wd_139616.html,1,Vocabulary 5000
sparse,139747,https://www.koolearn.com/dict/wd_139747.html,2,Vocabulary 10000
stifle,142566,https://www.koolearn.com/dict/wd_142566.html,2,Vocabulary 10000
stun,143837,https://www.koolearn.com/dict/wd_143837.html,2,Vocabulary 10000
stunt,143847,https://www.koolearn.com/dict/wd_143847.html,2,Vocabulary 10000
succinct,144583,https://www.koolearn.com/dict/wd_144583.html,2,Vocabulary 10000
sue,144687,https://www.koolearn.com/dict/wd_144687.html,2,Vocabulary 10000
sufficiency,144713,https://www.koolearn.com/dict/wd_144713.html,2,Vocabulary 10000
testify,149560,https://www.koolearn.com/dict/wd_149560.html,1,Vocabulary 5000
tight,151334,https://www.koolearn.com/dict/wd_151334.html,1,Vocabulary 5000
tract,153635,https://www.koolearn.com/dict/wd_153635.html,1,Vocabulary 5000
undo,157806,https://www.koolearn.com/dict/wd_157806.html,2,Vocabulary 10000
unfair,157961,https://www.koolearn.com/dict/wd_157961.html,1,Vocabulary 5000
unpleasant,158795,https://www.koolearn.com/dict/wd_158795.html,1,Vocabulary 5000
visibility,162313,https://www.koolearn.com/dict/wd_162313.html,3,Vocabulary 22000
defer,40160,https://www.koolearn.com/dict/wd_40160.html,1,Vocabulary 5000
envision,50890,https://www.koolearn.com/dict/wd_50890.html,2,Vocabulary 10000
shovel,135153,https://www.koolearn.com/dict/wd_135153.html,1,Vocabulary 5000
superfluous,145258,https://www.koolearn.com/dict/wd_145258.html,2,Vocabulary 10000
affirmative,3079,https://www.koolearn.com/dict/wd_3079.html,1,Vocabulary 5000
aggravation,3410,https://www.koolearn.com/dict/wd_3410.html,2,Vocabulary 10000
airy,4091,https://www.koolearn.com/dict/wd_4091.html,2,Vocabulary 10000
ally,4989,https://www.koolearn.com/dict/wd_4989.html,1,Vocabulary 5000
anomaly,6892,https://www.koolearn.com/dict/wd_6892.html,2,Vocabulary 10000
apprehensive,8174,https://www.koolearn.com/dict/wd_8174.html,3,Vocabulary 22000
attorney,11003,https://www.koolearn.com/dict/wd_11003.html,1,Vocabulary 5000
autobiography,11371,https://www.koolearn.com/dict/wd_11371.html,3,Vocabulary 22000
beaver,15294,https://www.koolearn.com/dict/wd_15294.html,2,Vocabulary 10000
bite,17568,https://www.koolearn.com/dict/wd_17568.html,2,Vocabulary 10000
briefcase,20881,https://www.koolearn.com/dict/wd_20881.html,2,Vocabulary 10000
brink,21036,https://www.koolearn.com/dict/wd_21036.html,1,Vocabulary 5000
brisk,21049,https://www.koolearn.com/dict/wd_21049.html,1,Vocabulary 5000
candid,23954,https://www.koolearn.com/dict/wd_23954.html,1,Vocabulary 5000
carton,25142,https://www.koolearn.com/dict/wd_25142.html,2,Vocabulary 10000
censure,26267,https://www.koolearn.com/dict/wd_26267.html,2,Vocabulary 10000
chore,28475,https://www.koolearn.com/dict/wd_28475.html,2,Vocabulary 10000
compute,32572,https://www.koolearn.com/dict/wd_32572.html,1,Vocabulary 5000
concurrent,32876,https://www.koolearn.com/dict/wd_32876.html,3,Vocabulary 22000
consolidate,33587,https://www.koolearn.com/dict/wd_33587.html,2,Vocabulary 10000
constructive,33709,https://www.koolearn.com/dict/wd_33709.html,2,Vocabulary 10000
convene,34172,https://www.koolearn.com/dict/wd_34172.html,3,Vocabulary 22000
converge,34205,https://www.koolearn.com/dict/wd_34205.html,2,Vocabulary 10000
cordial,34686,https://www.koolearn.com/dict/wd_34686.html,1,Vocabulary 5000
daunt,39068,https://www.koolearn.com/dict/wd_39068.html,2,Vocabulary 10000
default,40090,https://www.koolearn.com/dict/wd_40090.html,3,Vocabulary 22000
disorderly,44038,https://www.koolearn.com/dict/wd_44038.html,1,Vocabulary 5000
dynasty,47397,https://www.koolearn.com/dict/wd_47397.html,2,Vocabulary 10000
finale,56458,https://www.koolearn.com/dict/wd_56458.html,3,Vocabulary 22000
flux,58171,https://www.koolearn.com/dict/wd_58171.html,3,Vocabulary 22000
foliage,58410,https://www.koolearn.com/dict/wd_58410.html,2,Vocabulary 10000
gale,61384,https://www.koolearn.com/dict/wd_61384.html,1,Vocabulary 5000
ginger,63405,https://www.koolearn.com/dict/wd_63405.html,2,Vocabulary 10000
handwriting,67913,https://www.koolearn.com/dict/wd_67913.html,1,Vocabulary 5000
hasty,68485,https://www.koolearn.com/dict/wd_68485.html,1,Vocabulary 5000
hibernate,70399,https://www.koolearn.com/dict/wd_70399.html,2,Vocabulary 10000
indefinite,76549,https://www.koolearn.com/dict/wd_76549.html,1,Vocabulary 5000
innumerable,77700,https://www.koolearn.com/dict/wd_77700.html,1,Vocabulary 5000
intentional,78314,https://www.koolearn.com/dict/wd_78314.html,1,Vocabulary 5000
intermittent,78594,https://www.koolearn.com/dict/wd_78594.html,3,Vocabulary 22000
jolt,81212,https://www.koolearn.com/dict/wd_81212.html,2,Vocabulary 10000
jump,81530,https://www.koolearn.com/dict/wd_81530.html,1,Vocabulary 5000
last,84767,https://www.koolearn.com/dict/wd_84767.html,1,Vocabulary 5000
lay,85162,https://www.koolearn.com/dict/wd_85162.html,2,Vocabulary 10000
malicious,90810,https://www.koolearn.com/dict/wd_90810.html,2,Vocabulary 10000
mania,91201,https://www.koolearn.com/dict/wd_91201.html,3,Vocabulary 22000
massacre,92048,https://www.koolearn.com/dict/wd_92048.html,2,Vocabulary 10000
mystify,98766,https://www.koolearn.com/dict/wd_98766.html,2,Vocabulary 10000
obsess,102855,https://www.koolearn.com/dict/wd_102855.html,3,Vocabulary 22000
oppress,104897,https://www.koolearn.com/dict/wd_104897.html,1,Vocabulary 5000
overestimate,106700,https://www.koolearn.com/dict/wd_106700.html,3,Vocabulary 22000
pertinent,111239,https://www.koolearn.com/dict/wd_111239.html,3,Vocabulary 22000
porous,115378,https://www.koolearn.com/dict/wd_115378.html,2,Vocabulary 10000
pretty,117204,https://www.koolearn.com/dict/wd_117204.html,1,Vocabulary 5000
quaint,120542,https://www.koolearn.com/dict/wd_120542.html,1,Vocabulary 5000
repression,125239,https://www.koolearn.com/dict/wd_125239.html,2,Vocabulary 10000
reproach,125264,https://www.koolearn.com/dict/wd_125264.html,1,Vocabulary 5000
respiration,125733,https://www.koolearn.com/dict/wd_125733.html,2,Vocabulary 10000
riot,127237,https://www.koolearn.com/dict/wd_127237.html,1,Vocabulary 5000
rip,127248,https://www.koolearn.com/dict/wd_127248.html,1,Vocabulary 5000
rouse,128396,https://www.koolearn.com/dict/wd_128396.html,1,Vocabulary 5000
scrutinize,131698,https://www.koolearn.com/dict/wd_131698.html,3,Vocabulary 22000
serene,133423,https://www.koolearn.com/dict/wd_133423.html,1,Vocabulary 5000
shear,134355,https://www.koolearn.com/dict/wd_134355.html,2,Vocabulary 10000
siege,135652,https://www.koolearn.com/dict/wd_135652.html,1,Vocabulary 5000
slack,136884,https://www.koolearn.com/dict/wd_136884.html,2,Vocabulary 10000
smother,137809,https://www.koolearn.com/dict/wd_137809.html,2,Vocabulary 10000
soup,139415,https://www.koolearn.com/dict/wd_139415.html,2,Vocabulary 10000
stagger,141416,https://www.koolearn.com/dict/wd_141416.html,2,Vocabulary 10000
tentative,149217,https://www.koolearn.com/dict/wd_149217.html,1,Vocabulary 5000
thaw,149822,https://www.koolearn.com/dict/wd_149822.html,1,Vocabulary 5000
thin,150518,https://www.koolearn.com/dict/wd_150518.html,1,Vocabulary 5000
turmoil,155902,https://www.koolearn.com/dict/wd_155902.html,2,Vocabulary 10000
use,160216,https://www.koolearn.com/dict/wd_160216.html,1,Vocabulary 5000
vengeance,161228,https://www.koolearn.com/dict/wd_161228.html,1,Vocabulary 5000
vex,161686,https://www.koolearn.com/dict/wd_161686.html,1,Vocabulary 5000
wallet,163333,https://www.koolearn.com/dict/wd_163333.html,2,Vocabulary 10000
circumference,29103,https://www.koolearn.com/dict/wd_29103.html,2,Vocabulary 10000
lament,84231,https://www.koolearn.com/dict/wd_84231.html,1,Vocabulary 5000
overbearing,106548,https://www.koolearn.com/dict/wd_106548.html,2,Vocabulary 10000
rejoice,124389,https://www.koolearn.com/dict/wd_124389.html,1,Vocabulary 5000
sporadic,140718,https://www.koolearn.com/dict/wd_140718.html,2,Vocabulary 10000
symmetry,146509,https://www.koolearn.com/dict/wd_146509.html,2,Vocabulary 10000
veracity,161344,https://www.koolearn.com/dict/wd_161344.html,1,Vocabulary 5000
amiable,5583,https://www.koolearn.com/dict/wd_5583.html,1,Vocabulary 5000
ascent,9617,https://www.koolearn.com/dict/wd_9617.html,2,Vocabulary 10000
audible,11097,https://www.koolearn.com/dict/wd_11097.html,2,Vocabulary 10000
begin,15654,https://www.koolearn.com/dict/wd_15654.html,1,Vocabulary 5000
bouquet,19843,https://www.koolearn.com/dict/wd_19843.html,2,Vocabulary 10000
cannibal,24057,https://www.koolearn.com/dict/wd_24057.html,2,Vocabulary 10000
cannon,24075,https://www.koolearn.com/dict/wd_24075.html,2,Vocabulary 10000
careful,24769,https://www.koolearn.com/dict/wd_24769.html,1,Vocabulary 5000
carrier,25035,https://www.koolearn.com/dict/wd_25035.html,1,Vocabulary 5000
choke,28337,https://www.koolearn.com/dict/wd_28337.html,2,Vocabulary 10000
clench,29766,https://www.koolearn.com/dict/wd_29766.html,2,Vocabulary 10000
congest,33223,https://www.koolearn.com/dict/wd_33223.html,2,Vocabulary 10000
congregate,33255,https://www.koolearn.com/dict/wd_33255.html,1,Vocabulary 5000
contemptible,33851,https://www.koolearn.com/dict/wd_33851.html,2,Vocabulary 10000
crave,36237,https://www.koolearn.com/dict/wd_36237.html,1,Vocabulary 5000
crazy,36285,https://www.koolearn.com/dict/wd_36285.html,1,Vocabulary 5000
devil,42056,https://www.koolearn.com/dict/wd_42056.html,2,Vocabulary 10000
disappoint,43412,https://www.koolearn.com/dict/wd_43412.html,1,Vocabulary 5000
dwarf,47297,https://www.koolearn.com/dict/wd_47297.html,1,Vocabulary 5000
engender,50227,https://www.koolearn.com/dict/wd_50227.html,3,Vocabulary 22000
expend,53371,https://www.koolearn.com/dict/wd_53371.html,1,Vocabulary 5000
fallacy,54495,https://www.koolearn.com/dict/wd_54495.html,2,Vocabulary 10000
falsehood,54549,https://www.koolearn.com/dict/wd_54549.html,1,Vocabulary 5000
flimsy,57695,https://www.koolearn.com/dict/wd_57695.html,3,Vocabulary 22000
fond,58511,https://www.koolearn.com/dict/wd_58511.html,2,Vocabulary 10000
forget,59123,https://www.koolearn.com/dict/wd_59123.html,1,Vocabulary 5000
grope,66202,https://www.koolearn.com/dict/wd_66202.html,2,Vocabulary 10000
heaven,69296,https://www.koolearn.com/dict/wd_69296.html,1,Vocabulary 5000
hypocrite,73516,https://www.koolearn.com/dict/wd_73516.html,2,Vocabulary 10000
incomplete,76320,https://www.koolearn.com/dict/wd_76320.html,1,Vocabulary 5000
inmate,77630,https://www.koolearn.com/dict/wd_77630.html,3,Vocabulary 22000
intimacy,78941,https://www.koolearn.com/dict/wd_78941.html,1,Vocabulary 5000
jeopardy,80716,https://www.koolearn.com/dict/wd_80716.html,2,Vocabulary 10000
joy,81325,https://www.koolearn.com/dict/wd_81325.html,1,Vocabulary 5000
kingdom,82943,https://www.koolearn.com/dict/wd_82943.html,1,Vocabulary 5000
lie,86600,https://www.koolearn.com/dict/wd_86600.html,2,Vocabulary 10000
loom,88532,https://www.koolearn.com/dict/wd_88532.html,2,Vocabulary 10000
miscellaneous,95343,https://www.koolearn.com/dict/wd_95343.html,1,Vocabulary 5000
monograph,96594,https://www.koolearn.com/dict/wd_96594.html,3,Vocabulary 22000
near,99514,https://www.koolearn.com/dict/wd_99514.html,1,Vocabulary 5000
neighborhood,99785,https://www.koolearn.com/dict/wd_99785.html,1,Vocabulary 5000
notation,102011,https://www.koolearn.com/dict/wd_102011.html,2,Vocabulary 10000
oath,102647,https://www.koolearn.com/dict/wd_102647.html,1,Vocabulary 5000
obliterate,102773,https://www.koolearn.com/dict/wd_102773.html,3,Vocabulary 22000
obstinate,102886,https://www.koolearn.com/dict/wd_102886.html,1,Vocabulary 5000
opening,104726,https://www.koolearn.com/dict/wd_104726.html,1,Vocabulary 5000
orthography,105498,https://www.koolearn.com/dict/wd_105498.html,3,Vocabulary 22000
outspoken,106357,https://www.koolearn.com/dict/wd_106357.html,3,Vocabulary 22000
overthrow,107126,https://www.koolearn.com/dict/wd_107126.html,1,Vocabulary 5000
pant,108208,https://www.koolearn.com/dict/wd_108208.html,2,Vocabulary 10000
petition,111383,https://www.koolearn.com/dict/wd_111383.html,1,Vocabulary 5000
petty,111468,https://www.koolearn.com/dict/wd_111468.html,1,Vocabulary 5000
preach,116274,https://www.koolearn.com/dict/wd_116274.html,1,Vocabulary 5000
raid,121525,https://www.koolearn.com/dict/wd_121525.html,1,Vocabulary 5000
recite,122951,https://www.koolearn.com/dict/wd_122951.html,1,Vocabulary 5000
recollect,123027,https://www.koolearn.com/dict/wd_123027.html,2,Vocabulary 10000
replica,125136,https://www.koolearn.com/dict/wd_125136.html,2,Vocabulary 10000
resolute,125657,https://www.koolearn.com/dict/wd_125657.html,1,Vocabulary 5000
skillful,136660,https://www.koolearn.com/dict/wd_136660.html,1,Vocabulary 5000
smuggle,137834,https://www.koolearn.com/dict/wd_137834.html,2,Vocabulary 10000
stray,143296,https://www.koolearn.com/dict/wd_143296.html,1,Vocabulary 5000
stupid,143866,https://www.koolearn.com/dict/wd_143866.html,1,Vocabulary 5000
sweet,146136,https://www.koolearn.com/dict/wd_146136.html,2,Vocabulary 10000
synchronize,146600,https://www.koolearn.com/dict/wd_146600.html,3,Vocabulary 22000
synonym,146692,https://www.koolearn.com/dict/wd_146692.html,3,Vocabulary 22000
taper,147916,https://www.koolearn.com/dict/wd_147916.html,2,Vocabulary 10000
tidy,151267,https://www.koolearn.com/dict/wd_151267.html,2,Vocabulary 10000
translucent,154121,https://www.koolearn.com/dict/wd_154121.html,3,Vocabulary 22000
uphold,159741,https://www.koolearn.com/dict/wd_159741.html,1,Vocabulary 5000
urbane,159997,https://www.koolearn.com/dict/wd_159997.html,2,Vocabulary 10000
verge,161416,https://www.koolearn.com/dict/wd_161416.html,1,Vocabulary 5000
vindicate,162065,https://www.koolearn.com/dict/wd_162065.html,2,Vocabulary 10000
wield,165451,https://www.koolearn.com/dict/wd_165451.html,2,Vocabulary 10000
withdrawn,166158,https://www.koolearn.com/dict/wd_166158.html,3,Vocabulary 22000
yearn,167534,https://www.koolearn.com/dict/wd_167534.html,2,Vocabulary 10000
emigrate,49443,https://www.koolearn.com/dict/wd_49443.html,1,Vocabulary 5000
frail,59621,https://www.koolearn.com/dict/wd_59621.html,1,Vocabulary 5000
heed,69433,https://www.koolearn.com/dict/wd_69433.html,1,Vocabulary 5000
soothe,139147,https://www.koolearn.com/dict/wd_139147.html,1,Vocabulary 5000
abbreviate,476,https://www.koolearn.com/dict/wd_476.html,1,Vocabulary 5000
absent-minded,850,https://www.koolearn.com/dict/wd_850.html,1,Vocabulary 5000
accord,1290,https://www.koolearn.com/dict/wd_1290.html,3,Vocabulary 22000
again,3266,https://www.koolearn.com/dict/wd_3266.html,1,Vocabulary 5000
agree,3577,https://www.koolearn.com/dict/wd_3577.html,2,Vocabulary 10000
allot,4911,https://www.koolearn.com/dict/wd_4911.html,1,Vocabulary 5000
allude,4964,https://www.koolearn.com/dict/wd_4964.html,2,Vocabulary 10000
amid,5596,https://www.koolearn.com/dict/wd_5596.html,1,Vocabulary 5000
amoral,5730,https://www.koolearn.com/dict/wd_5730.html,2,Vocabulary 10000
annihilate,6771,https://www.koolearn.com/dict/wd_6771.html,2,Vocabulary 10000
auspicious,11268,https://www.koolearn.com/dict/wd_11268.html,2,Vocabulary 10000
autograph,11441,https://www.koolearn.com/dict/wd_11441.html,3,Vocabulary 22000
avarice,11648,https://www.koolearn.com/dict/wd_11648.html,3,Vocabulary 22000
awe,11852,https://www.koolearn.com/dict/wd_11852.html,1,Vocabulary 5000
bawdry,14107,https://www.koolearn.com/dict/wd_14107.html,2,Vocabulary 10000
besiege,16351,https://www.koolearn.com/dict/wd_16351.html,1,Vocabulary 5000
bestow,16433,https://www.koolearn.com/dict/wd_16433.html,1,Vocabulary 5000
bustle,22554,https://www.koolearn.com/dict/wd_22554.html,1,Vocabulary 5000
canon,24112,https://www.koolearn.com/dict/wd_24112.html,2,Vocabulary 10000
cardinal,24690,https://www.koolearn.com/dict/wd_24690.html,2,Vocabulary 10000
commend,31897,https://www.koolearn.com/dict/wd_31897.html,1,Vocabulary 5000
complacent,32348,https://www.koolearn.com/dict/wd_32348.html,2,Vocabulary 10000
connotation,33413,https://www.koolearn.com/dict/wd_33413.html,2,Vocabulary 10000
courteous,35753,https://www.koolearn.com/dict/wd_35753.html,1,Vocabulary 5000
cozy,35986,https://www.koolearn.com/dict/wd_35986.html,1,Vocabulary 5000
defiance,40181,https://www.koolearn.com/dict/wd_40181.html,3,Vocabulary 22000
denial,40977,https://www.koolearn.com/dict/wd_40977.html,1,Vocabulary 5000
descent,41523,https://www.koolearn.com/dict/wd_41523.html,2,Vocabulary 10000
disinterested,43923,https://www.koolearn.com/dict/wd_43923.html,2,Vocabulary 10000
embellish,49229,https://www.koolearn.com/dict/wd_49229.html,2,Vocabulary 10000
endorsement,50063,https://www.koolearn.com/dict/wd_50063.html,2,Vocabulary 10000
endow,50092,https://www.koolearn.com/dict/wd_50092.html,1,Vocabulary 5000
excite,52863,https://www.koolearn.com/dict/wd_52863.html,1,Vocabulary 5000
fascination,54930,https://www.koolearn.com/dict/wd_54930.html,2,Vocabulary 10000
filth,56420,https://www.koolearn.com/dict/wd_56420.html,2,Vocabulary 10000
fort,59293,https://www.koolearn.com/dict/wd_59293.html,1,Vocabulary 5000
frenzy,60005,https://www.koolearn.com/dict/wd_60005.html,2,Vocabulary 10000
furrow,61032,https://www.koolearn.com/dict/wd_61032.html,2,Vocabulary 10000
gaunt,62119,https://www.koolearn.com/dict/wd_62119.html,2,Vocabulary 10000
groove,66194,https://www.koolearn.com/dict/wd_66194.html,2,Vocabulary 10000
grumble,66431,https://www.koolearn.com/dict/wd_66431.html,1,Vocabulary 5000
hardy,68240,https://www.koolearn.com/dict/wd_68240.html,2,Vocabulary 10000
haughty,68550,https://www.koolearn.com/dict/wd_68550.html,2,Vocabulary 10000
horrify,72045,https://www.koolearn.com/dict/wd_72045.html,2,Vocabulary 10000
hustle,72964,https://www.koolearn.com/dict/wd_72964.html,2,Vocabulary 10000
idiot,74015,https://www.koolearn.com/dict/wd_74015.html,1,Vocabulary 5000
imaginary,74377,https://www.koolearn.com/dict/wd_74377.html,2,Vocabulary 10000
immortal,74570,https://www.koolearn.com/dict/wd_74570.html,1,Vocabulary 5000
inflammation,77199,https://www.koolearn.com/dict/wd_77199.html,2,Vocabulary 10000
irresponsible,79714,https://www.koolearn.com/dict/wd_79714.html,1,Vocabulary 5000
kernel,82482,https://www.koolearn.com/dict/wd_82482.html,2,Vocabulary 10000
legislate,85798,https://www.koolearn.com/dict/wd_85798.html,1,Vocabulary 5000
liaison,86423,https://www.koolearn.com/dict/wd_86423.html,3,Vocabulary 22000
liberate,86483,https://www.koolearn.com/dict/wd_86483.html,1,Vocabulary 5000
magnanimous,90077,https://www.koolearn.com/dict/wd_90077.html,3,Vocabulary 22000
malign,90814,https://www.koolearn.com/dict/wd_90814.html,2,Vocabulary 10000
manure,91410,https://www.koolearn.com/dict/wd_91410.html,2,Vocabulary 10000
meter,94003,https://www.koolearn.com/dict/wd_94003.html,3,Vocabulary 22000
mishap,95463,https://www.koolearn.com/dict/wd_95463.html,3,Vocabulary 22000
monotony,96693,https://www.koolearn.com/dict/wd_96693.html,2,Vocabulary 10000
nearly,99532,https://www.koolearn.com/dict/wd_99532.html,2,Vocabulary 10000
new,100307,https://www.koolearn.com/dict/wd_100307.html,1,Vocabulary 5000
obstruction,102897,https://www.koolearn.com/dict/wd_102897.html,1,Vocabulary 5000
ordeal,105140,https://www.koolearn.com/dict/wd_105140.html,2,Vocabulary 10000
peep,110078,https://www.koolearn.com/dict/wd_110078.html,1,Vocabulary 5000
perpendicular,111035,https://www.koolearn.com/dict/wd_111035.html,2,Vocabulary 10000
pilgrim,112705,https://www.koolearn.com/dict/wd_112705.html,2,Vocabulary 10000
puff,119391,https://www.koolearn.com/dict/wd_119391.html,2,Vocabulary 10000
raft,121466,https://www.koolearn.com/dict/wd_121466.html,2,Vocabulary 10000
recapture,122833,https://www.koolearn.com/dict/wd_122833.html,1,Vocabulary 5000
redeem,123418,https://www.koolearn.com/dict/wd_123418.html,2,Vocabulary 10000
registrar,124073,https://www.koolearn.com/dict/wd_124073.html,2,Vocabulary 10000
remit,124727,https://www.koolearn.com/dict/wd_124727.html,2,Vocabulary 10000
remittance,124732,https://www.koolearn.com/dict/wd_124732.html,2,Vocabulary 10000
sailor,129477,https://www.koolearn.com/dict/wd_129477.html,2,Vocabulary 10000
salon,129697,https://www.koolearn.com/dict/wd_129697.html,2,Vocabulary 10000
sarcasm,130187,https://www.koolearn.com/dict/wd_130187.html,2,Vocabulary 10000
scold,131266,https://www.koolearn.com/dict/wd_131266.html,1,Vocabulary 5000
shiver,134797,https://www.koolearn.com/dict/wd_134797.html,1,Vocabulary 5000
sneak,137972,https://www.koolearn.com/dict/wd_137972.html,2,Vocabulary 10000
sober,138377,https://www.koolearn.com/dict/wd_138377.html,1,Vocabulary 5000
stool,142913,https://www.koolearn.com/dict/wd_142913.html,1,Vocabulary 5000
subconscious,144043,https://www.koolearn.com/dict/wd_144043.html,2,Vocabulary 10000
subdue,144086,https://www.koolearn.com/dict/wd_144086.html,1,Vocabulary 5000
sulfur,144868,https://www.koolearn.com/dict/wd_144868.html,2,Vocabulary 10000
thermostat,150405,https://www.koolearn.com/dict/wd_150405.html,3,Vocabulary 22000
thrift,150859,https://www.koolearn.com/dict/wd_150859.html,1,Vocabulary 5000
throng,150922,https://www.koolearn.com/dict/wd_150922.html,1,Vocabulary 5000
traitor,153857,https://www.koolearn.com/dict/wd_153857.html,1,Vocabulary 5000
traveller,154322,https://www.koolearn.com/dict/wd_154322.html,1,Vocabulary 5000
true,155316,https://www.koolearn.com/dict/wd_155316.html,2,Vocabulary 10000
truth,155441,https://www.koolearn.com/dict/wd_155441.html,2,Vocabulary 10000
unconquerable,157285,https://www.koolearn.com/dict/wd_157285.html,2,Vocabulary 10000
underdeveloped,157527,https://www.koolearn.com/dict/wd_157527.html,3,Vocabulary 22000
underprivileged,157647,https://www.koolearn.com/dict/wd_157647.html,3,Vocabulary 22000
veto,161678,https://www.koolearn.com/dict/wd_161678.html,1,Vocabulary 5000
weak,164104,https://www.koolearn.com/dict/wd_164104.html,1,Vocabulary 5000
yawn,167488,https://www.koolearn.com/dict/wd_167488.html,1,Vocabulary 5000
barometer,13506,https://www.koolearn.com/dict/wd_13506.html,2,Vocabulary 10000
discord,43620,https://www.koolearn.com/dict/wd_43620.html,1,Vocabulary 5000
immigrate,74523,https://www.koolearn.com/dict/wd_74523.html,1,Vocabulary 5000
incumbent,76488,https://www.koolearn.com/dict/wd_76488.html,2,Vocabulary 10000
lucid,89125,https://www.koolearn.com/dict/wd_89125.html,2,Vocabulary 10000
lurk,89420,https://www.koolearn.com/dict/wd_89420.html,2,Vocabulary 10000
malice,90808,https://www.koolearn.com/dict/wd_90808.html,2,Vocabulary 10000
accrue,1403,https://www.koolearn.com/dict/wd_1403.html,2,Vocabulary 10000
ale,4341,https://www.koolearn.com/dict/wd_4341.html,2,Vocabulary 10000
altar,5134,https://www.koolearn.com/dict/wd_5134.html,1,Vocabulary 5000
alumni,5265,https://www.koolearn.com/dict/wd_5265.html,2,Vocabulary 10000
antagonist,6991,https://www.koolearn.com/dict/wd_6991.html,3,Vocabulary 22000
ardent,8699,https://www.koolearn.com/dict/wd_8699.html,2,Vocabulary 10000
arrive,9169,https://www.koolearn.com/dict/wd_9169.html,1,Vocabulary 5000
avocation,11774,https://www.koolearn.com/dict/wd_11774.html,2,Vocabulary 10000
balmy,12934,https://www.koolearn.com/dict/wd_12934.html,2,Vocabulary 10000
banal,12989,https://www.koolearn.com/dict/wd_12989.html,2,Vocabulary 10000
banish,13096,https://www.koolearn.com/dict/wd_13096.html,1,Vocabulary 5000
believable,15826,https://www.koolearn.com/dict/wd_15826.html,1,Vocabulary 5000
benefactor,16076,https://www.koolearn.com/dict/wd_16076.html,3,Vocabulary 22000
blot,18393,https://www.koolearn.com/dict/wd_18393.html,1,Vocabulary 5000
brunch,21464,https://www.koolearn.com/dict/wd_21464.html,2,Vocabulary 10000
con,32635,https://www.koolearn.com/dict/wd_32635.html,3,Vocabulary 22000
conjecture,33309,https://www.koolearn.com/dict/wd_33309.html,2,Vocabulary 10000
cowardice,35881,https://www.koolearn.com/dict/wd_35881.html,2,Vocabulary 10000
crevice,36540,https://www.koolearn.com/dict/wd_36540.html,2,Vocabulary 10000
deflate,40238,https://www.koolearn.com/dict/wd_40238.html,1,Vocabulary 5000
delusion,40688,https://www.koolearn.com/dict/wd_40688.html,1,Vocabulary 5000
detention,41855,https://www.koolearn.com/dict/wd_41855.html,2,Vocabulary 10000
dismal,43981,https://www.koolearn.com/dict/wd_43981.html,2,Vocabulary 10000
disobedient,44022,https://www.koolearn.com/dict/wd_44022.html,1,Vocabulary 5000
divulge,44712,https://www.koolearn.com/dict/wd_44712.html,3,Vocabulary 22000
drowsy,46624,https://www.koolearn.com/dict/wd_46624.html,1,Vocabulary 5000
dying,47353,https://www.koolearn.com/dict/wd_47353.html,1,Vocabulary 5000
egoist,48423,https://www.koolearn.com/dict/wd_48423.html,2,Vocabulary 10000
entangle,50587,https://www.koolearn.com/dict/wd_50587.html,2,Vocabulary 10000
fairness,54368,https://www.koolearn.com/dict/wd_54368.html,1,Vocabulary 5000
filthy,56425,https://www.koolearn.com/dict/wd_56425.html,2,Vocabulary 10000
fling,57702,https://www.koolearn.com/dict/wd_57702.html,1,Vocabulary 5000
fret,60060,https://www.koolearn.com/dict/wd_60060.html,2,Vocabulary 10000
gratify,65620,https://www.koolearn.com/dict/wd_65620.html,1,Vocabulary 5000
hibernation,70403,https://www.koolearn.com/dict/wd_70403.html,2,Vocabulary 10000
hideous,70448,https://www.koolearn.com/dict/wd_70448.html,1,Vocabulary 5000
hoist,71238,https://www.koolearn.com/dict/wd_71238.html,1,Vocabulary 5000
impel,74753,https://www.koolearn.com/dict/wd_74753.html,3,Vocabulary 22000
imprisonment,75068,https://www.koolearn.com/dict/wd_75068.html,2,Vocabulary 10000
incessant,76169,https://www.koolearn.com/dict/wd_76169.html,2,Vocabulary 10000
incipient,76208,https://www.koolearn.com/dict/wd_76208.html,3,Vocabulary 22000
indict,76661,https://www.koolearn.com/dict/wd_76661.html,2,Vocabulary 10000
inedible,76932,https://www.koolearn.com/dict/wd_76932.html,2,Vocabulary 10000
inescapable,76990,https://www.koolearn.com/dict/wd_76990.html,1,Vocabulary 5000
ingenuous,77385,https://www.koolearn.com/dict/wd_77385.html,2,Vocabulary 10000
injustice,77579,https://www.koolearn.com/dict/wd_77579.html,1,Vocabulary 5000
insolvent,77957,https://www.koolearn.com/dict/wd_77957.html,2,Vocabulary 10000
intangible,78206,https://www.koolearn.com/dict/wd_78206.html,2,Vocabulary 10000
intolerant,78973,https://www.koolearn.com/dict/wd_78973.html,1,Vocabulary 5000
intrude,79120,https://www.koolearn.com/dict/wd_79120.html,1,Vocabulary 5000
intuitive,79146,https://www.koolearn.com/dict/wd_79146.html,2,Vocabulary 10000
loathe,87878,https://www.koolearn.com/dict/wd_87878.html,2,Vocabulary 10000
luminous,89272,https://www.koolearn.com/dict/wd_89272.html,3,Vocabulary 22000
meditate,92919,https://www.koolearn.com/dict/wd_92919.html,2,Vocabulary 10000
mischief,95352,https://www.koolearn.com/dict/wd_95352.html,1,Vocabulary 5000
misdeed,95394,https://www.koolearn.com/dict/wd_95394.html,3,Vocabulary 22000
modulate,96102,https://www.koolearn.com/dict/wd_96102.html,2,Vocabulary 10000
monk,96500,https://www.koolearn.com/dict/wd_96500.html,1,Vocabulary 5000
mutter,98498,https://www.koolearn.com/dict/wd_98498.html,1,Vocabulary 5000
nibble,100483,https://www.koolearn.com/dict/wd_100483.html,2,Vocabulary 10000
nomad,101190,https://www.koolearn.com/dict/wd_101190.html,3,Vocabulary 22000
ostensible,105667,https://www.koolearn.com/dict/wd_105667.html,2,Vocabulary 10000
outlandish,106162,https://www.koolearn.com/dict/wd_106162.html,3,Vocabulary 22000
paternal,109344,https://www.koolearn.com/dict/wd_109344.html,2,Vocabulary 10000
persecute,111085,https://www.koolearn.com/dict/wd_111085.html,2,Vocabulary 10000
perturb,111243,https://www.koolearn.com/dict/wd_111243.html,3,Vocabulary 22000
phantom,111570,https://www.koolearn.com/dict/wd_111570.html,3,Vocabulary 22000
phoenix,111832,https://www.koolearn.com/dict/wd_111832.html,2,Vocabulary 10000
placid,113368,https://www.koolearn.com/dict/wd_113368.html,2,Vocabulary 10000
plunder,114240,https://www.koolearn.com/dict/wd_114240.html,2,Vocabulary 10000
plural,114260,https://www.koolearn.com/dict/wd_114260.html,1,Vocabulary 5000
prefix,116619,https://www.koolearn.com/dict/wd_116619.html,1,Vocabulary 5000
prophecy,118395,https://www.koolearn.com/dict/wd_118395.html,2,Vocabulary 10000
protract,118763,https://www.koolearn.com/dict/wd_118763.html,3,Vocabulary 22000
ransom,121899,https://www.koolearn.com/dict/wd_121899.html,2,Vocabulary 10000
redemption,123430,https://www.koolearn.com/dict/wd_123430.html,2,Vocabulary 10000
regain,123975,https://www.koolearn.com/dict/wd_123975.html,1,Vocabulary 5000
repent,125057,https://www.koolearn.com/dict/wd_125057.html,1,Vocabulary 5000
rite,127378,https://www.koolearn.com/dict/wd_127378.html,2,Vocabulary 10000
shudder,135350,https://www.koolearn.com/dict/wd_135350.html,1,Vocabulary 5000
sneer,137998,https://www.koolearn.com/dict/wd_137998.html,1,Vocabulary 5000
snore,138146,https://www.koolearn.com/dict/wd_138146.html,2,Vocabulary 10000
soot,139145,https://www.koolearn.com/dict/wd_139145.html,2,Vocabulary 10000
steadfast,142061,https://www.koolearn.com/dict/wd_142061.html,1,Vocabulary 5000
sterile,142402,https://www.koolearn.com/dict/wd_142402.html,2,Vocabulary 10000
suffix,144719,https://www.koolearn.com/dict/wd_144719.html,1,Vocabulary 5000
tack,146984,https://www.koolearn.com/dict/wd_146984.html,2,Vocabulary 10000
tomb,152657,https://www.koolearn.com/dict/wd_152657.html,1,Vocabulary 5000
trample,153895,https://www.koolearn.com/dict/wd_153895.html,2,Vocabulary 10000
trio,154898,https://www.koolearn.com/dict/wd_154898.html,3,Vocabulary 22000
tumble,155677,https://www.koolearn.com/dict/wd_155677.html,2,Vocabulary 10000
underscore,157662,https://www.koolearn.com/dict/wd_157662.html,3,Vocabulary 22000
unilateral,158286,https://www.koolearn.com/dict/wd_158286.html,3,Vocabulary 22000
unruly,159042,https://www.koolearn.com/dict/wd_159042.html,2,Vocabulary 10000
unworthy,159601,https://www.koolearn.com/dict/wd_159601.html,1,Vocabulary 5000
upkeep,159755,https://www.koolearn.com/dict/wd_159755.html,3,Vocabulary 22000
varnish,160905,https://www.koolearn.com/dict/wd_160905.html,2,Vocabulary 10000
vehement,161088,https://www.koolearn.com/dict/wd_161088.html,3,Vocabulary 22000
waver,163996,https://www.koolearn.com/dict/wd_163996.html,1,Vocabulary 5000
withhold,166172,https://www.koolearn.com/dict/wd_166172.html,3,Vocabulary 22000
zest,168117,https://www.koolearn.com/dict/wd_168117.html,2,Vocabulary 10000
allegiance,4780,https://www.koolearn.com/dict/wd_4780.html,1,Vocabulary 5000
appease,7980,https://www.koolearn.com/dict/wd_7980.html,1,Vocabulary 5000
chronicle,28678,https://www.koolearn.com/dict/wd_28678.html,2,Vocabulary 10000
denizen,40995,https://www.koolearn.com/dict/wd_40995.html,2,Vocabulary 10000
gape,61733,https://www.koolearn.com/dict/wd_61733.html,1,Vocabulary 5000
inflate,77202,https://www.koolearn.com/dict/wd_77202.html,1,Vocabulary 5000
intimidation,78955,https://www.koolearn.com/dict/wd_78955.html,1,Vocabulary 5000
meek,92975,https://www.koolearn.com/dict/wd_92975.html,1,Vocabulary 5000
moan,95921,https://www.koolearn.com/dict/wd_95921.html,1,Vocabulary 5000
abnormality,662,https://www.koolearn.com/dict/wd_662.html,2,Vocabulary 10000
adjourn,2360,https://www.koolearn.com/dict/wd_2360.html,1,Vocabulary 5000
agitate,3471,https://www.koolearn.com/dict/wd_3471.html,1,Vocabulary 5000
agronomy,3637,https://www.koolearn.com/dict/wd_3637.html,3,Vocabulary 22000
amenable,5511,https://www.koolearn.com/dict/wd_5511.html,1,Vocabulary 5000
ammunition,5680,https://www.koolearn.com/dict/wd_5680.html,2,Vocabulary 10000
armament,8952,https://www.koolearn.com/dict/wd_8952.html,2,Vocabulary 10000
ask,9763,https://www.koolearn.com/dict/wd_9763.html,1,Vocabulary 5000
assent,10003,https://www.koolearn.com/dict/wd_10003.html,2,Vocabulary 10000
asterisk,10216,https://www.koolearn.com/dict/wd_10216.html,3,Vocabulary 22000
asteroid,10224,https://www.koolearn.com/dict/wd_10224.html,3,Vocabulary 22000
astonished,10249,https://www.koolearn.com/dict/wd_10249.html,2,Vocabulary 10000
badger,12515,https://www.koolearn.com/dict/wd_12515.html,2,Vocabulary 10000
baton,13992,https://www.koolearn.com/dict/wd_13992.html,3,Vocabulary 22000
belongings,15943,https://www.koolearn.com/dict/wd_15943.html,1,Vocabulary 5000
bequeath,16210,https://www.koolearn.com/dict/wd_16210.html,2,Vocabulary 10000
bleach,18025,https://www.koolearn.com/dict/wd_18025.html,2,Vocabulary 10000
breadth,20474,https://www.koolearn.com/dict/wd_20474.html,1,Vocabulary 5000
breakable,20547,https://www.koolearn.com/dict/wd_20547.html,1,Vocabulary 5000
brilliance,20937,https://www.koolearn.com/dict/wd_20937.html,1,Vocabulary 5000
brim,20945,https://www.koolearn.com/dict/wd_20945.html,1,Vocabulary 5000
careless,24774,https://www.koolearn.com/dict/wd_24774.html,1,Vocabulary 5000
chaotic,27047,https://www.koolearn.com/dict/wd_27047.html,2,Vocabulary 10000
chisel,28184,https://www.koolearn.com/dict/wd_28184.html,2,Vocabulary 10000
chrysanthemum,28709,https://www.koolearn.com/dict/wd_28709.html,2,Vocabulary 10000
circumspect,29131,https://www.koolearn.com/dict/wd_29131.html,3,Vocabulary 22000
circumvent,29142,https://www.koolearn.com/dict/wd_29142.html,3,Vocabulary 22000
clamor,29401,https://www.koolearn.com/dict/wd_29401.html,2,Vocabulary 10000
coax,30564,https://www.koolearn.com/dict/wd_30564.html,1,Vocabulary 5000
congenial,33211,https://www.koolearn.com/dict/wd_33211.html,2,Vocabulary 10000
consul,33724,https://www.koolearn.com/dict/wd_33724.html,2,Vocabulary 10000
crook,36814,https://www.koolearn.com/dict/wd_36814.html,1,Vocabulary 5000
debilitate,39488,https://www.koolearn.com/dict/wd_39488.html,3,Vocabulary 22000
deceit,39639,https://www.koolearn.com/dict/wd_39639.html,1,Vocabulary 5000
defile,40203,https://www.koolearn.com/dict/wd_40203.html,2,Vocabulary 10000
democrat,40822,https://www.koolearn.com/dict/wd_40822.html,3,Vocabulary 22000
destine,41764,https://www.koolearn.com/dict/wd_41764.html,1,Vocabulary 5000
distrust,44489,https://www.koolearn.com/dict/wd_44489.html,2,Vocabulary 10000
doorway,45434,https://www.koolearn.com/dict/wd_45434.html,1,Vocabulary 5000
emigrant,49441,https://www.koolearn.com/dict/wd_49441.html,2,Vocabulary 10000
entanglement,50590,https://www.koolearn.com/dict/wd_50590.html,2,Vocabulary 10000
epoch,51220,https://www.koolearn.com/dict/wd_51220.html,2,Vocabulary 10000
falter,54571,https://www.koolearn.com/dict/wd_54571.html,1,Vocabulary 5000
fend,55631,https://www.koolearn.com/dict/wd_55631.html,2,Vocabulary 10000
fir,56673,https://www.koolearn.com/dict/wd_56673.html,2,Vocabulary 10000
flank,57288,https://www.koolearn.com/dict/wd_57288.html,1,Vocabulary 5000
gaudy,62100,https://www.koolearn.com/dict/wd_62100.html,2,Vocabulary 10000
give,63518,https://www.koolearn.com/dict/wd_63518.html,1,Vocabulary 5000
gobble,64547,https://www.koolearn.com/dict/wd_64547.html,2,Vocabulary 10000
gondola,64804,https://www.koolearn.com/dict/wd_64804.html,3,Vocabulary 22000
grandeur,65436,https://www.koolearn.com/dict/wd_65436.html,2,Vocabulary 10000
happy,68056,https://www.koolearn.com/dict/wd_68056.html,1,Vocabulary 5000
homage,71480,https://www.koolearn.com/dict/wd_71480.html,1,Vocabulary 5000
honor,71797,https://www.koolearn.com/dict/wd_71797.html,1,Vocabulary 5000
hygienic,73232,https://www.koolearn.com/dict/wd_73232.html,2,Vocabulary 10000
ignition,74136,https://www.koolearn.com/dict/wd_74136.html,2,Vocabulary 10000
implicate,74895,https://www.koolearn.com/dict/wd_74895.html,3,Vocabulary 22000
incomparable,76312,https://www.koolearn.com/dict/wd_76312.html,2,Vocabulary 10000
inexhaustible,77007,https://www.koolearn.com/dict/wd_77007.html,2,Vocabulary 10000
intension,78300,https://www.koolearn.com/dict/wd_78300.html,2,Vocabulary 10000
interception,78375,https://www.koolearn.com/dict/wd_78375.html,2,Vocabulary 10000
interlude,78557,https://www.koolearn.com/dict/wd_78557.html,3,Vocabulary 22000
invigorate,79324,https://www.koolearn.com/dict/wd_79324.html,3,Vocabulary 22000
irreparable,79692,https://www.koolearn.com/dict/wd_79692.html,2,Vocabulary 10000
kin,82862,https://www.koolearn.com/dict/wd_82862.html,1,Vocabulary 5000
manageable,91021,https://www.koolearn.com/dict/wd_91021.html,2,Vocabulary 10000
measles,92680,https://www.koolearn.com/dict/wd_92680.html,2,Vocabulary 10000
misgiving,95452,https://www.koolearn.com/dict/wd_95452.html,3,Vocabulary 22000
mole,96226,https://www.koolearn.com/dict/wd_96226.html,2,Vocabulary 10000
molest,96242,https://www.koolearn.com/dict/wd_96242.html,2,Vocabulary 10000
mourn,97472,https://www.koolearn.com/dict/wd_97472.html,2,Vocabulary 10000
numb,102379,https://www.koolearn.com/dict/wd_102379.html,2,Vocabulary 10000
nun,102441,https://www.koolearn.com/dict/wd_102441.html,1,Vocabulary 5000
odyssey,103276,https://www.koolearn.com/dict/wd_103276.html,3,Vocabulary 22000
outgrow,106138,https://www.koolearn.com/dict/wd_106138.html,3,Vocabulary 22000
parish,108756,https://www.koolearn.com/dict/wd_108756.html,2,Vocabulary 10000
pedagogy,109951,https://www.koolearn.com/dict/wd_109951.html,3,Vocabulary 22000
pediatrics,110005,https://www.koolearn.com/dict/wd_110005.html,3,Vocabulary 22000
persecution,111089,https://www.koolearn.com/dict/wd_111089.html,2,Vocabulary 10000
pleasing,113913,https://www.koolearn.com/dict/wd_113913.html,1,Vocabulary 5000
plume,114200,https://www.koolearn.com/dict/wd_114200.html,1,Vocabulary 5000
pore,115346,https://www.koolearn.com/dict/wd_115346.html,2,Vocabulary 10000
precipice,116381,https://www.koolearn.com/dict/wd_116381.html,2,Vocabulary 10000
preview,117257,https://www.koolearn.com/dict/wd_117257.html,3,Vocabulary 22000
profuse,118034,https://www.koolearn.com/dict/wd_118034.html,2,Vocabulary 10000
reprimand,125249,https://www.koolearn.com/dict/wd_125249.html,1,Vocabulary 5000
retake,125975,https://www.koolearn.com/dict/wd_125975.html,1,Vocabulary 5000
reverence,126344,https://www.koolearn.com/dict/wd_126344.html,1,Vocabulary 5000
riddle,126896,https://www.koolearn.com/dict/wd_126896.html,2,Vocabulary 10000
sane,130012,https://www.koolearn.com/dict/wd_130012.html,1,Vocabulary 5000
shroud,135320,https://www.koolearn.com/dict/wd_135320.html,2,Vocabulary 10000
sleet,137121,https://www.koolearn.com/dict/wd_137121.html,2,Vocabulary 10000
sly,137523,https://www.koolearn.com/dict/wd_137523.html,1,Vocabulary 5000
solitude,138880,https://www.koolearn.com/dict/wd_138880.html,3,Vocabulary 22000
spurt,141030,https://www.koolearn.com/dict/wd_141030.html,2,Vocabulary 10000
stalwart,141518,https://www.koolearn.com/dict/wd_141518.html,2,Vocabulary 10000
strangle,143200,https://www.koolearn.com/dict/wd_143200.html,2,Vocabulary 10000
symmetrical,146504,https://www.koolearn.com/dict/wd_146504.html,2,Vocabulary 10000
tenor,149160,https://www.koolearn.com/dict/wd_149160.html,3,Vocabulary 22000
tow,153416,https://www.koolearn.com/dict/wd_153416.html,1,Vocabulary 5000
underbrush,157499,https://www.koolearn.com/dict/wd_157499.html,3,Vocabulary 22000
uproar,159825,https://www.koolearn.com/dict/wd_159825.html,1,Vocabulary 5000
vigilance,161962,https://www.koolearn.com/dict/wd_161962.html,3,Vocabulary 22000
wrath,166922,https://www.koolearn.com/dict/wd_166922.html,1,Vocabulary 5000
wreath,166935,https://www.koolearn.com/dict/wd_166935.html,1,Vocabulary 5000
dissent,44274,https://www.koolearn.com/dict/wd_44274.html,2,Vocabulary 10000
mirage,95219,https://www.koolearn.com/dict/wd_95219.html,2,Vocabulary 10000
retrospect,126197,https://www.koolearn.com/dict/wd_126197.html,1,Vocabulary 5000
abstain,944,https://www.koolearn.com/dict/wd_944.html,1,Vocabulary 5000
adorn,2570,https://www.koolearn.com/dict/wd_2570.html,2,Vocabulary 10000
aggregation,3431,https://www.koolearn.com/dict/wd_3431.html,2,Vocabulary 10000
anew,6415,https://www.koolearn.com/dict/wd_6415.html,1,Vocabulary 5000
anguish,6587,https://www.koolearn.com/dict/wd_6587.html,1,Vocabulary 5000
antibody,7241,https://www.koolearn.com/dict/wd_7241.html,3,Vocabulary 22000
antithesis,7513,https://www.koolearn.com/dict/wd_7513.html,3,Vocabulary 22000
antonym,7550,https://www.koolearn.com/dict/wd_7550.html,3,Vocabulary 22000
aristocracy,8896,https://www.koolearn.com/dict/wd_8896.html,3,Vocabulary 22000
artillery,9382,https://www.koolearn.com/dict/wd_9382.html,2,Vocabulary 10000
assail,9938,https://www.koolearn.com/dict/wd_9938.html,2,Vocabulary 10000
assiduous,10056,https://www.koolearn.com/dict/wd_10056.html,2,Vocabulary 10000
attire,10981,https://www.koolearn.com/dict/wd_10981.html,1,Vocabulary 5000
austere,11275,https://www.koolearn.com/dict/wd_11275.html,2,Vocabulary 10000
baggy,12592,https://www.koolearn.com/dict/wd_12592.html,1,Vocabulary 5000
bandit,13046,https://www.koolearn.com/dict/wd_13046.html,2,Vocabulary 10000
bicentennial,16764,https://www.koolearn.com/dict/wd_16764.html,3,Vocabulary 22000
blockade,18255,https://www.koolearn.com/dict/wd_18255.html,2,Vocabulary 10000
brightness,20928,https://www.koolearn.com/dict/wd_20928.html,1,Vocabulary 5000
bugle,21808,https://www.koolearn.com/dict/wd_21808.html,1,Vocabulary 5000
butt,22603,https://www.koolearn.com/dict/wd_22603.html,2,Vocabulary 10000
canvass,24210,https://www.koolearn.com/dict/wd_24210.html,2,Vocabulary 10000
chaste,27298,https://www.koolearn.com/dict/wd_27298.html,1,Vocabulary 5000
clap,29448,https://www.koolearn.com/dict/wd_29448.html,1,Vocabulary 5000
clatter,29572,https://www.koolearn.com/dict/wd_29572.html,2,Vocabulary 10000
coffin,30924,https://www.koolearn.com/dict/wd_30924.html,2,Vocabulary 10000
cogent,30937,https://www.koolearn.com/dict/wd_30937.html,3,Vocabulary 22000
coincident,31047,https://www.koolearn.com/dict/wd_31047.html,1,Vocabulary 5000
communism,32139,https://www.koolearn.com/dict/wd_32139.html,1,Vocabulary 5000
congenital,33213,https://www.koolearn.com/dict/wd_33213.html,3,Vocabulary 22000
contravene,34070,https://www.koolearn.com/dict/wd_34070.html,3,Vocabulary 22000
corollary,34876,https://www.koolearn.com/dict/wd_34876.html,2,Vocabulary 10000
countable,35498,https://www.koolearn.com/dict/wd_35498.html,1,Vocabulary 5000
covet,35860,https://www.koolearn.com/dict/wd_35860.html,1,Vocabulary 5000
cowardly,35883,https://www.koolearn.com/dict/wd_35883.html,1,Vocabulary 5000
crimson,36637,https://www.koolearn.com/dict/wd_36637.html,2,Vocabulary 10000
crouch,36987,https://www.koolearn.com/dict/wd_36987.html,1,Vocabulary 5000
denotation,41013,https://www.koolearn.com/dict/wd_41013.html,2,Vocabulary 10000
deplore,41228,https://www.koolearn.com/dict/wd_41228.html,2,Vocabulary 10000
detonate,41916,https://www.koolearn.com/dict/wd_41916.html,2,Vocabulary 10000
disorganized,44043,https://www.koolearn.com/dict/wd_44043.html,2,Vocabulary 10000
draught,46119,https://www.koolearn.com/dict/wd_46119.html,2,Vocabulary 10000
enchant,49798,https://www.koolearn.com/dict/wd_49798.html,2,Vocabulary 10000
encore,49858,https://www.koolearn.com/dict/wd_49858.html,3,Vocabulary 22000
enhancement,50322,https://www.koolearn.com/dict/wd_50322.html,2,Vocabulary 10000
ferment,55697,https://www.koolearn.com/dict/wd_55697.html,2,Vocabulary 10000
figurative,56228,https://www.koolearn.com/dict/wd_56228.html,1,Vocabulary 5000
flamboyant,57244,https://www.koolearn.com/dict/wd_57244.html,3,Vocabulary 22000
fleece,57533,https://www.koolearn.com/dict/wd_57533.html,2,Vocabulary 10000
ford,58868,https://www.koolearn.com/dict/wd_58868.html,2,Vocabulary 10000
foreshadow,59034,https://www.koolearn.com/dict/wd_59034.html,3,Vocabulary 22000
foresight,59051,https://www.koolearn.com/dict/wd_59051.html,3,Vocabulary 22000
fray,59766,https://www.koolearn.com/dict/wd_59766.html,2,Vocabulary 10000
frugality,60478,https://www.koolearn.com/dict/wd_60478.html,2,Vocabulary 10000
gangster,61693,https://www.koolearn.com/dict/wd_61693.html,2,Vocabulary 10000
garrison,61878,https://www.koolearn.com/dict/wd_61878.html,1,Vocabulary 5000
genial,62520,https://www.koolearn.com/dict/wd_62520.html,2,Vocabulary 10000
ghastly,63143,https://www.koolearn.com/dict/wd_63143.html,1,Vocabulary 5000
graft,65331,https://www.koolearn.com/dict/wd_65331.html,2,Vocabulary 10000
gull,66721,https://www.koolearn.com/dict/wd_66721.html,2,Vocabulary 10000
gulp,66739,https://www.koolearn.com/dict/wd_66739.html,1,Vocabulary 5000
gusto,66900,https://www.koolearn.com/dict/wd_66900.html,3,Vocabulary 22000
harangue,68080,https://www.koolearn.com/dict/wd_68080.html,2,Vocabulary 10000
hearty,69242,https://www.koolearn.com/dict/wd_69242.html,1,Vocabulary 5000
herculean,70034,https://www.koolearn.com/dict/wd_70034.html,3,Vocabulary 22000
heterogeneous,70264,https://www.koolearn.com/dict/wd_70264.html,3,Vocabulary 22000
hoard,71090,https://www.koolearn.com/dict/wd_71090.html,1,Vocabulary 5000
hoarse,71100,https://www.koolearn.com/dict/wd_71100.html,1,Vocabulary 5000
horde,71963,https://www.koolearn.com/dict/wd_71963.html,2,Vocabulary 10000
illegible,74268,https://www.koolearn.com/dict/wd_74268.html,2,Vocabulary 10000
immaculate,74475,https://www.koolearn.com/dict/wd_74475.html,2,Vocabulary 10000
incredulous,76438,https://www.koolearn.com/dict/wd_76438.html,2,Vocabulary 10000
infamous,77043,https://www.koolearn.com/dict/wd_77043.html,1,Vocabulary 5000
inscription,77815,https://www.koolearn.com/dict/wd_77815.html,2,Vocabulary 10000
intermediary,78568,https://www.koolearn.com/dict/wd_78568.html,3,Vocabulary 22000
intrepid,79057,https://www.koolearn.com/dict/wd_79057.html,2,Vocabulary 10000
invariable,79208,https://www.koolearn.com/dict/wd_79208.html,1,Vocabulary 5000
inveterate,79314,https://www.koolearn.com/dict/wd_79314.html,2,Vocabulary 10000
labyrinth,83858,https://www.koolearn.com/dict/wd_83858.html,2,Vocabulary 10000
lad,84001,https://www.koolearn.com/dict/wd_84001.html,1,Vocabulary 5000
lawful,85118,https://www.koolearn.com/dict/wd_85118.html,1,Vocabulary 5000
loiter,88225,https://www.koolearn.com/dict/wd_88225.html,1,Vocabulary 5000
manacle,91014,https://www.koolearn.com/dict/wd_91014.html,3,Vocabulary 22000
masquerade,92019,https://www.koolearn.com/dict/wd_92019.html,2,Vocabulary 10000
mercurial,93555,https://www.koolearn.com/dict/wd_93555.html,3,Vocabulary 22000
mistress,95723,https://www.koolearn.com/dict/wd_95723.html,1,Vocabulary 5000
momentary,96313,https://www.koolearn.com/dict/wd_96313.html,1,Vocabulary 5000
morsel,97110,https://www.koolearn.com/dict/wd_97110.html,2,Vocabulary 10000
mournful,97477,https://www.koolearn.com/dict/wd_97477.html,2,Vocabulary 10000
oblivion,102779,https://www.koolearn.com/dict/wd_102779.html,2,Vocabulary 10000
occupied,103025,https://www.koolearn.com/dict/wd_103025.html,1,Vocabulary 5000
override,106971,https://www.koolearn.com/dict/wd_106971.html,2,Vocabulary 10000
pageant,107640,https://www.koolearn.com/dict/wd_107640.html,2,Vocabulary 10000
paltry,108001,https://www.koolearn.com/dict/wd_108001.html,2,Vocabulary 10000
panacea,108037,https://www.koolearn.com/dict/wd_108037.html,3,Vocabulary 22000
pantomime,108239,https://www.koolearn.com/dict/wd_108239.html,3,Vocabulary 22000
pious,113027,https://www.koolearn.com/dict/wd_113027.html,1,Vocabulary 5000
postmortem,115732,https://www.koolearn.com/dict/wd_115732.html,3,Vocabulary 22000
postscript,115759,https://www.koolearn.com/dict/wd_115759.html,3,Vocabulary 22000
prophesy,118399,https://www.koolearn.com/dict/wd_118399.html,2,Vocabulary 10000
proprietor,118473,https://www.koolearn.com/dict/wd_118473.html,1,Vocabulary 5000
prostrate,118623,https://www.koolearn.com/dict/wd_118623.html,2,Vocabulary 10000
prowl,118879,https://www.koolearn.com/dict/wd_118879.html,2,Vocabulary 10000
pseudonym,119007,https://www.koolearn.com/dict/wd_119007.html,3,Vocabulary 22000
rapture,121984,https://www.koolearn.com/dict/wd_121984.html,1,Vocabulary 5000
rebuke,122780,https://www.koolearn.com/dict/wd_122780.html,2,Vocabulary 10000
recurrence,123286,https://www.koolearn.com/dict/wd_123286.html,2,Vocabulary 10000
repress,125232,https://www.koolearn.com/dict/wd_125232.html,2,Vocabulary 10000
respectfully,125720,https://www.koolearn.com/dict/wd_125720.html,2,Vocabulary 10000
revere,126342,https://www.koolearn.com/dict/wd_126342.html,2,Vocabulary 10000
sarcastic,130188,https://www.koolearn.com/dict/wd_130188.html,2,Vocabulary 10000
scoff,131258,https://www.koolearn.com/dict/wd_131258.html,2,Vocabulary 10000
scourge,131398,https://www.koolearn.com/dict/wd_131398.html,2,Vocabulary 10000
seclusion,132101,https://www.koolearn.com/dict/wd_132101.html,2,Vocabulary 10000
sermon,133493,https://www.koolearn.com/dict/wd_133493.html,1,Vocabulary 5000
shred,135241,https://www.koolearn.com/dict/wd_135241.html,2,Vocabulary 10000
shrine,135287,https://www.koolearn.com/dict/wd_135287.html,2,Vocabulary 10000
squat,141139,https://www.koolearn.com/dict/wd_141139.html,1,Vocabulary 5000
stupidity,143869,https://www.koolearn.com/dict/wd_143869.html,2,Vocabulary 10000
sullen,144899,https://www.koolearn.com/dict/wd_144899.html,2,Vocabulary 10000
surmise,145693,https://www.koolearn.com/dict/wd_145693.html,2,Vocabulary 10000
tact,147015,https://www.koolearn.com/dict/wd_147015.html,2,Vocabulary 10000
tantalize,147857,https://www.koolearn.com/dict/wd_147857.html,3,Vocabulary 22000
tattoo,148174,https://www.koolearn.com/dict/wd_148174.html,2,Vocabulary 10000
transgress,154052,https://www.koolearn.com/dict/wd_154052.html,3,Vocabulary 22000
tread,154364,https://www.koolearn.com/dict/wd_154364.html,2,Vocabulary 10000
tributary,154652,https://www.koolearn.com/dict/wd_154652.html,2,Vocabulary 10000
trudge,155309,https://www.koolearn.com/dict/wd_155309.html,2,Vocabulary 10000
unabridged,156838,https://www.koolearn.com/dict/wd_156838.html,3,Vocabulary 22000
uninterested,158340,https://www.koolearn.com/dict/wd_158340.html,2,Vocabulary 10000
upheaval,159732,https://www.koolearn.com/dict/wd_159732.html,3,Vocabulary 22000
usefulness,160232,https://www.koolearn.com/dict/wd_160232.html,1,Vocabulary 5000
vanquish,160778,https://www.koolearn.com/dict/wd_160778.html,1,Vocabulary 5000
versatility,161511,https://www.koolearn.com/dict/wd_161511.html,2,Vocabulary 10000
virtuoso,162253,https://www.koolearn.com/dict/wd_162253.html,3,Vocabulary 22000
walnut,163364,https://www.koolearn.com/dict/wd_163364.html,2,Vocabulary 10000
yearly,167533,https://www.koolearn.com/dict/wd_167533.html,1,Vocabulary 5000
collusion,31355,https://www.koolearn.com/dict/wd_31355.html,2,Vocabulary 10000
confide,33062,https://www.koolearn.com/dict/wd_33062.html,1,Vocabulary 5000
exalt,52712,https://www.koolearn.com/dict/wd_52712.html,1,Vocabulary 5000
forebear,58888,https://www.koolearn.com/dict/wd_58888.html,2,Vocabulary 10000
fortitude,59317,https://www.koolearn.com/dict/wd_59317.html,2,Vocabulary 10000
intercept,78371,https://www.koolearn.com/dict/wd_78371.html,2,Vocabulary 10000
preclude,116410,https://www.koolearn.com/dict/wd_116410.html,2,Vocabulary 10000
scanty,130762,https://www.koolearn.com/dict/wd_130762.html,1,Vocabulary 5000
sojourn,138686,https://www.koolearn.com/dict/wd_138686.html,2,Vocabulary 10000
accede,1116,https://www.koolearn.com/dict/wd_1116.html,3,Vocabulary 22000
acquiesce,1767,https://www.koolearn.com/dict/wd_1767.html,3,Vocabulary 22000
acronym,1844,https://www.koolearn.com/dict/wd_1844.html,3,Vocabulary 22000
adroit,2611,https://www.koolearn.com/dict/wd_2611.html,3,Vocabulary 22000
affectation,3029,https://www.koolearn.com/dict/wd_3029.html,2,Vocabulary 10000
agitated,3473,https://www.koolearn.com/dict/wd_3473.html,1,Vocabulary 5000
alias,4477,https://www.koolearn.com/dict/wd_4477.html,3,Vocabulary 22000
allay,4764,https://www.koolearn.com/dict/wd_4764.html,2,Vocabulary 10000
allusion,4976,https://www.koolearn.com/dict/wd_4976.html,2,Vocabulary 10000
aloof,5052,https://www.koolearn.com/dict/wd_5052.html,2,Vocabulary 10000
amputate,5865,https://www.koolearn.com/dict/wd_5865.html,2,Vocabulary 10000
anatomical,6166,https://www.koolearn.com/dict/wd_6166.html,2,Vocabulary 10000
antagonize,6995,https://www.koolearn.com/dict/wd_6995.html,3,Vocabulary 22000
astrologer,10293,https://www.koolearn.com/dict/wd_10293.html,3,Vocabulary 22000
aversion,11719,https://www.koolearn.com/dict/wd_11719.html,2,Vocabulary 10000
awaken,11824,https://www.koolearn.com/dict/wd_11824.html,1,Vocabulary 5000
baritone,13441,https://www.koolearn.com/dict/wd_13441.html,3,Vocabulary 22000
belch,15793,https://www.koolearn.com/dict/wd_15793.html,2,Vocabulary 10000
biannual,16696,https://www.koolearn.com/dict/wd_16696.html,2,Vocabulary 10000
bimonthly,17131,https://www.koolearn.com/dict/wd_17131.html,3,Vocabulary 22000
bluff,18599,https://www.koolearn.com/dict/wd_18599.html,1,Vocabulary 5000
bonbon,19145,https://www.koolearn.com/dict/wd_19145.html,3,Vocabulary 22000
callous,23596,https://www.koolearn.com/dict/wd_23596.html,2,Vocabulary 10000
caprice,24390,https://www.koolearn.com/dict/wd_24390.html,2,Vocabulary 10000
cartographer,25137,https://www.koolearn.com/dict/wd_25137.html,3,Vocabulary 22000
cavalry,25912,https://www.koolearn.com/dict/wd_25912.html,2,Vocabulary 10000
cession,26661,https://www.koolearn.com/dict/wd_26661.html,2,Vocabulary 10000
chariot,27170,https://www.koolearn.com/dict/wd_27170.html,2,Vocabulary 10000
chivalry,28221,https://www.koolearn.com/dict/wd_28221.html,2,Vocabulary 10000
chronometer,28699,https://www.koolearn.com/dict/wd_28699.html,3,Vocabulary 22000
circumnavigate,29116,https://www.koolearn.com/dict/wd_29116.html,3,Vocabulary 22000
coalesce,30472,https://www.koolearn.com/dict/wd_30472.html,3,Vocabulary 22000
comical,31826,https://www.koolearn.com/dict/wd_31826.html,1,Vocabulary 5000
conceit,32679,https://www.koolearn.com/dict/wd_32679.html,1,Vocabulary 5000
concord,32841,https://www.koolearn.com/dict/wd_32841.html,3,Vocabulary 22000
consecrate,33474,https://www.koolearn.com/dict/wd_33474.html,2,Vocabulary 10000
conspire,33625,https://www.koolearn.com/dict/wd_33625.html,2,Vocabulary 10000
contemptuous,33853,https://www.koolearn.com/dict/wd_33853.html,2,Vocabulary 10000
contiguity,33902,https://www.koolearn.com/dict/wd_33902.html,2,Vocabulary 10000
corroborate,35040,https://www.koolearn.com/dict/wd_35040.html,2,Vocabulary 10000
countermand,35588,https://www.koolearn.com/dict/wd_35588.html,3,Vocabulary 22000
crutch,37187,https://www.koolearn.com/dict/wd_37187.html,2,Vocabulary 10000
darken,38904,https://www.koolearn.com/dict/wd_38904.html,1,Vocabulary 5000
dawdle,39103,https://www.koolearn.com/dict/wd_39103.html,3,Vocabulary 22000
deformity,40301,https://www.koolearn.com/dict/wd_40301.html,2,Vocabulary 10000
democratize,40830,https://www.koolearn.com/dict/wd_40830.html,3,Vocabulary 22000
deride,41407,https://www.koolearn.com/dict/wd_41407.html,2,Vocabulary 10000
devolve,42100,https://www.koolearn.com/dict/wd_42100.html,2,Vocabulary 10000
dexterity,42174,https://www.koolearn.com/dict/wd_42174.html,2,Vocabulary 10000
dexterous,42175,https://www.koolearn.com/dict/wd_42175.html,2,Vocabulary 10000
diagnostic,42273,https://www.koolearn.com/dict/wd_42273.html,2,Vocabulary 10000
dignify,42817,https://www.koolearn.com/dict/wd_42817.html,1,Vocabulary 5000
disrepair,44219,https://www.koolearn.com/dict/wd_44219.html,3,Vocabulary 22000
docile,44918,https://www.koolearn.com/dict/wd_44918.html,3,Vocabulary 22000
domicile,45250,https://www.koolearn.com/dict/wd_45250.html,3,Vocabulary 22000
dungeon,47064,https://www.koolearn.com/dict/wd_47064.html,2,Vocabulary 10000
ecstasy,48000,https://www.koolearn.com/dict/wd_48000.html,1,Vocabulary 5000
egotist,48431,https://www.koolearn.com/dict/wd_48431.html,2,Vocabulary 10000
elation,48605,https://www.koolearn.com/dict/wd_48605.html,2,Vocabulary 10000
eloquence,49061,https://www.koolearn.com/dict/wd_49061.html,1,Vocabulary 5000
emancipate,49158,https://www.koolearn.com/dict/wd_49158.html,3,Vocabulary 22000
encampment,49763,https://www.koolearn.com/dict/wd_49763.html,2,Vocabulary 10000
envoy,50895,https://www.koolearn.com/dict/wd_50895.html,3,Vocabulary 22000
epithet,51197,https://www.koolearn.com/dict/wd_51197.html,3,Vocabulary 22000
exemplification,53042,https://www.koolearn.com/dict/wd_53042.html,2,Vocabulary 10000
extraneous,53814,https://www.koolearn.com/dict/wd_53814.html,3,Vocabulary 22000
exultant,53911,https://www.koolearn.com/dict/wd_53911.html,2,Vocabulary 10000
fiasco,55950,https://www.koolearn.com/dict/wd_55950.html,3,Vocabulary 22000
fiend,56147,https://www.koolearn.com/dict/wd_56147.html,2,Vocabulary 10000
flirt,57741,https://www.koolearn.com/dict/wd_57741.html,2,Vocabulary 10000
folly,58497,https://www.koolearn.com/dict/wd_58497.html,2,Vocabulary 10000
forearm,58884,https://www.koolearn.com/dict/wd_58884.html,3,Vocabulary 22000
forefront,58928,https://www.koolearn.com/dict/wd_58928.html,3,Vocabulary 22000
foregoing,58934,https://www.koolearn.com/dict/wd_58934.html,3,Vocabulary 22000
forte,59296,https://www.koolearn.com/dict/wd_59296.html,3,Vocabulary 22000
fowl,59521,https://www.koolearn.com/dict/wd_59521.html,1,Vocabulary 5000
fresco,60021,https://www.koolearn.com/dict/wd_60021.html,3,Vocabulary 22000
frisk,60203,https://www.koolearn.com/dict/wd_60203.html,2,Vocabulary 10000
fumble,60800,https://www.koolearn.com/dict/wd_60800.html,2,Vocabulary 10000
garland,61832,https://www.koolearn.com/dict/wd_61832.html,1,Vocabulary 5000
genesis,62495,https://www.koolearn.com/dict/wd_62495.html,3,Vocabulary 22000
glisten,63892,https://www.koolearn.com/dict/wd_63892.html,1,Vocabulary 5000
gloom,63973,https://www.koolearn.com/dict/wd_63973.html,1,Vocabulary 5000
glorify,63992,https://www.koolearn.com/dict/wd_63992.html,1,Vocabulary 5000
haggard,67281,https://www.koolearn.com/dict/wd_67281.html,2,Vocabulary 10000
hearth,69215,https://www.koolearn.com/dict/wd_69215.html,1,Vocabulary 5000
heiress,69515,https://www.koolearn.com/dict/wd_69515.html,1,Vocabulary 5000
high-handed,70607,https://www.koolearn.com/dict/wd_70607.html,2,Vocabulary 10000
homely,71545,https://www.koolearn.com/dict/wd_71545.html,1,Vocabulary 5000
hung,72814,https://www.koolearn.com/dict/wd_72814.html,2,Vocabulary 10000
hypocritical,73518,https://www.koolearn.com/dict/wd_73518.html,2,Vocabulary 10000
impeach,74722,https://www.koolearn.com/dict/wd_74722.html,2,Vocabulary 10000
impend,74761,https://www.koolearn.com/dict/wd_74761.html,2,Vocabulary 10000
impending,74765,https://www.koolearn.com/dict/wd_74765.html,2,Vocabulary 10000
impolite,74932,https://www.koolearn.com/dict/wd_74932.html,1,Vocabulary 5000
impracticable,75008,https://www.koolearn.com/dict/wd_75008.html,2,Vocabulary 10000
inadvertent,76007,https://www.koolearn.com/dict/wd_76007.html,3,Vocabulary 22000
inaudible,76065,https://www.koolearn.com/dict/wd_76065.html,2,Vocabulary 10000
incense,76142,https://www.koolearn.com/dict/wd_76142.html,1,Vocabulary 5000
infinitesimal,77169,https://www.koolearn.com/dict/wd_77169.html,3,Vocabulary 22000
inflexible,77224,https://www.koolearn.com/dict/wd_77224.html,1,Vocabulary 5000
infuriate,77348,https://www.koolearn.com/dict/wd_77348.html,2,Vocabulary 10000
inordinate,77732,https://www.koolearn.com/dict/wd_77732.html,3,Vocabulary 22000
insurgent,78189,https://www.koolearn.com/dict/wd_78189.html,3,Vocabulary 22000
intercede,78365,https://www.koolearn.com/dict/wd_78365.html,3,Vocabulary 22000
intercourse,78416,https://www.koolearn.com/dict/wd_78416.html,2,Vocabulary 10000
intravenous,79049,https://www.koolearn.com/dict/wd_79049.html,3,Vocabulary 22000
lethargic,86170,https://www.koolearn.com/dict/wd_86170.html,3,Vocabulary 22000
litigation,87600,https://www.koolearn.com/dict/wd_87600.html,3,Vocabulary 22000
luminary,89258,https://www.koolearn.com/dict/wd_89258.html,3,Vocabulary 22000
malady,90720,https://www.koolearn.com/dict/wd_90720.html,2,Vocabulary 10000
malaise,90724,https://www.koolearn.com/dict/wd_90724.html,3,Vocabulary 22000
maniac,91202,https://www.koolearn.com/dict/wd_91202.html,3,Vocabulary 22000
mordant,96961,https://www.koolearn.com/dict/wd_96961.html,2,Vocabulary 10000
mortify,97147,https://www.koolearn.com/dict/wd_97147.html,2,Vocabulary 10000
movable,97532,https://www.koolearn.com/dict/wd_97532.html,1,Vocabulary 5000
mow,97593,https://www.koolearn.com/dict/wd_97593.html,2,Vocabulary 10000
numbness,102400,https://www.koolearn.com/dict/wd_102400.html,2,Vocabulary 10000
obtrude,102920,https://www.koolearn.com/dict/wd_102920.html,3,Vocabulary 22000
obviate,102954,https://www.koolearn.com/dict/wd_102954.html,3,Vocabulary 22000
odometer,103244,https://www.koolearn.com/dict/wd_103244.html,3,Vocabulary 22000
ordinance,105162,https://www.koolearn.com/dict/wd_105162.html,2,Vocabulary 10000
orthopedic,105507,https://www.koolearn.com/dict/wd_105507.html,3,Vocabulary 22000
oversupply,107109,https://www.koolearn.com/dict/wd_107109.html,3,Vocabulary 22000
pediatrician,110004,https://www.koolearn.com/dict/wd_110004.html,3,Vocabulary 22000
peek,110057,https://www.koolearn.com/dict/wd_110057.html,1,Vocabulary 5000
perforate,110725,https://www.koolearn.com/dict/wd_110725.html,3,Vocabulary 22000
pith,113231,https://www.koolearn.com/dict/wd_113231.html,2,Vocabulary 10000
potable,115799,https://www.koolearn.com/dict/wd_115799.html,2,Vocabulary 10000
preeminent,116553,https://www.koolearn.com/dict/wd_116553.html,2,Vocabulary 10000
prejudiced,116675,https://www.koolearn.com/dict/wd_116675.html,2,Vocabulary 10000
preponderance,116833,https://www.koolearn.com/dict/wd_116833.html,2,Vocabulary 10000
pretext,117181,https://www.koolearn.com/dict/wd_117181.html,1,Vocabulary 5000
proscribe,118517,https://www.koolearn.com/dict/wd_118517.html,2,Vocabulary 10000
protagonist,118633,https://www.koolearn.com/dict/wd_118633.html,3,Vocabulary 22000
rapport,121973,https://www.koolearn.com/dict/wd_121973.html,3,Vocabulary 22000
rascal,122017,https://www.koolearn.com/dict/wd_122017.html,1,Vocabulary 5000
rattle,122184,https://www.koolearn.com/dict/wd_122184.html,2,Vocabulary 10000
redound,123517,https://www.koolearn.com/dict/wd_123517.html,3,Vocabulary 22000
repulse,125340,https://www.koolearn.com/dict/wd_125340.html,1,Vocabulary 5000
resound,125698,https://www.koolearn.com/dict/wd_125698.html,2,Vocabulary 10000
retract,126109,https://www.koolearn.com/dict/wd_126109.html,1,Vocabulary 5000
rove,128429,https://www.koolearn.com/dict/wd_128429.html,2,Vocabulary 10000
rudiment,128660,https://www.koolearn.com/dict/wd_128660.html,2,Vocabulary 10000
rye,129125,https://www.koolearn.com/dict/wd_129125.html,2,Vocabulary 10000
saloon,129699,https://www.koolearn.com/dict/wd_129699.html,2,Vocabulary 10000
savory,130527,https://www.koolearn.com/dict/wd_130527.html,1,Vocabulary 5000
scribe,131595,https://www.koolearn.com/dict/wd_131595.html,3,Vocabulary 22000
secondhand,132177,https://www.koolearn.com/dict/wd_132177.html,1,Vocabulary 5000
seepage,132455,https://www.koolearn.com/dict/wd_132455.html,2,Vocabulary 10000
segregation,132500,https://www.koolearn.com/dict/wd_132500.html,3,Vocabulary 22000
semicircle,132932,https://www.koolearn.com/dict/wd_132932.html,3,Vocabulary 22000
semimonthly,132979,https://www.koolearn.com/dict/wd_132979.html,3,Vocabulary 22000
shack,133996,https://www.koolearn.com/dict/wd_133996.html,2,Vocabulary 10000
shaggy,134067,https://www.koolearn.com/dict/wd_134067.html,2,Vocabulary 10000
shrill,135272,https://www.koolearn.com/dict/wd_135272.html,1,Vocabulary 5000
simulative,136111,https://www.koolearn.com/dict/wd_136111.html,2,Vocabulary 10000
slovenly,137407,https://www.koolearn.com/dict/wd_137407.html,3,Vocabulary 22000
smolder,137769,https://www.koolearn.com/dict/wd_137769.html,2,Vocabulary 10000
smuggler,137839,https://www.koolearn.com/dict/wd_137839.html,2,Vocabulary 10000
sparing,139714,https://www.koolearn.com/dict/wd_139714.html,2,Vocabulary 10000
spatter,139785,https://www.koolearn.com/dict/wd_139785.html,1,Vocabulary 5000
stately,141905,https://www.koolearn.com/dict/wd_141905.html,1,Vocabulary 5000
stigmatize,142582,https://www.koolearn.com/dict/wd_142582.html,2,Vocabulary 10000
subsist,144385,https://www.koolearn.com/dict/wd_144385.html,2,Vocabulary 10000
supple,145452,https://www.koolearn.com/dict/wd_145452.html,2,Vocabulary 10000
tart,148062,https://www.koolearn.com/dict/wd_148062.html,2,Vocabulary 10000
tempera,148958,https://www.koolearn.com/dict/wd_148958.html,3,Vocabulary 22000
tenuous,149245,https://www.koolearn.com/dict/wd_149245.html,2,Vocabulary 10000
throb,150891,https://www.koolearn.com/dict/wd_150891.html,2,Vocabulary 10000
tincture,151590,https://www.koolearn.com/dict/wd_151590.html,2,Vocabulary 10000
tinge,151607,https://www.koolearn.com/dict/wd_151607.html,2,Vocabulary 10000
treacherous,154359,https://www.koolearn.com/dict/wd_154359.html,1,Vocabulary 5000
typify,156440,https://www.koolearn.com/dict/wd_156440.html,1,Vocabulary 5000
tyrant,156474,https://www.koolearn.com/dict/wd_156474.html,1,Vocabulary 5000
unanimity,156906,https://www.koolearn.com/dict/wd_156906.html,2,Vocabulary 10000
undersigned,157682,https://www.koolearn.com/dict/wd_157682.html,3,Vocabulary 22000
undistinguished,157798,https://www.koolearn.com/dict/wd_157798.html,1,Vocabulary 5000
uneducated,157880,https://www.koolearn.com/dict/wd_157880.html,1,Vocabulary 5000
uproot,159829,https://www.koolearn.com/dict/wd_159829.html,3,Vocabulary 22000
upstart,159879,https://www.koolearn.com/dict/wd_159879.html,3,Vocabulary 22000
used,160222,https://www.koolearn.com/dict/wd_160222.html,2,Vocabulary 10000
vignette,161969,https://www.koolearn.com/dict/wd_161969.html,3,Vocabulary 22000
villain,162011,https://www.koolearn.com/dict/wd_162011.html,1,Vocabulary 5000
vulture,162965,https://www.koolearn.com/dict/wd_162965.html,2,Vocabulary 10000
wail,163129,https://www.koolearn.com/dict/wd_163129.html,1,Vocabulary 5000
wasteful,163747,https://www.koolearn.com/dict/wd_163747.html,1,Vocabulary 5000
wig,165472,https://www.koolearn.com/dict/wd_165472.html,2,Vocabulary 10000
worn,166776,https://www.koolearn.com/dict/wd_166776.html,1,Vocabulary 5000
wrangle,166897,https://www.koolearn.com/dict/wd_166897.html,2,Vocabulary 10000
apprise,8185,https://www.koolearn.com/dict/wd_8185.html,2,Vocabulary 10000
autocracy,11403,https://www.koolearn.com/dict/wd_11403.html,2,Vocabulary 10000
biennial,16848,https://www.koolearn.com/dict/wd_16848.html,2,Vocabulary 10000
bliss,18187,https://www.koolearn.com/dict/wd_18187.html,1,Vocabulary 5000
commodious,32023,https://www.koolearn.com/dict/wd_32023.html,2,Vocabulary 10000
gallant,61416,https://www.koolearn.com/dict/wd_61416.html,1,Vocabulary 5000
gratuitous,65630,https://www.koolearn.com/dict/wd_65630.html,2,Vocabulary 10000
heedless,69439,https://www.koolearn.com/dict/wd_69439.html,1,Vocabulary 5000
malcontent,90754,https://www.koolearn.com/dict/wd_90754.html,2,Vocabulary 10000
solicitude,138827,https://www.koolearn.com/dict/wd_138827.html,2,Vocabulary 10000
unquenchable,158877,https://www.koolearn.com/dict/wd_158877.html,2,Vocabulary 10000
acme,1686,https://www.koolearn.com/dict/wd_1686.html,2,Vocabulary 10000
adjoining,2356,https://www.koolearn.com/dict/wd_2356.html,1,Vocabulary 5000
aghast,3453,https://www.koolearn.com/dict/wd_3453.html,2,Vocabulary 10000
altercation,5151,https://www.koolearn.com/dict/wd_5151.html,3,Vocabulary 22000
ambidextrous,5402,https://www.koolearn.com/dict/wd_5402.html,3,Vocabulary 22000
amputation,5869,https://www.koolearn.com/dict/wd_5869.html,2,Vocabulary 10000
anachronism,5971,https://www.koolearn.com/dict/wd_5971.html,3,Vocabulary 22000
annexation,6764,https://www.koolearn.com/dict/wd_6764.html,2,Vocabulary 10000
annihilation,6775,https://www.koolearn.com/dict/wd_6775.html,2,Vocabulary 10000
annul,6838,https://www.koolearn.com/dict/wd_6838.html,2,Vocabulary 10000
antipathy,7419,https://www.koolearn.com/dict/wd_7419.html,3,Vocabulary 22000
antitoxin,7520,https://www.koolearn.com/dict/wd_7520.html,3,Vocabulary 22000
armistice,8990,https://www.koolearn.com/dict/wd_8990.html,2,Vocabulary 10000
aslant,9794,https://www.koolearn.com/dict/wd_9794.html,2,Vocabulary 10000
assailant,9940,https://www.koolearn.com/dict/wd_9940.html,2,Vocabulary 10000
assiduity,10055,https://www.koolearn.com/dict/wd_10055.html,2,Vocabulary 10000
aster,10208,https://www.koolearn.com/dict/wd_10208.html,3,Vocabulary 22000
at variance,10611,https://www.koolearn.com/dict/wd_10611.html,3,Vocabulary 22000
audacity,11093,https://www.koolearn.com/dict/wd_11093.html,2,Vocabulary 10000
autocrat,11405,https://www.koolearn.com/dict/wd_11405.html,3,Vocabulary 22000
automaton,11532,https://www.koolearn.com/dict/wd_11532.html,3,Vocabulary 22000
autopsy,11566,https://www.koolearn.com/dict/wd_11566.html,3,Vocabulary 22000
avoidable,11779,https://www.koolearn.com/dict/wd_11779.html,1,Vocabulary 5000
avowal,11798,https://www.koolearn.com/dict/wd_11798.html,3,Vocabulary 22000
bacchanalian,12168,https://www.koolearn.com/dict/wd_12168.html,3,Vocabulary 22000
bagatelle,12568,https://www.koolearn.com/dict/wd_12568.html,3,Vocabulary 22000
ballad,12844,https://www.koolearn.com/dict/wd_12844.html,2,Vocabulary 10000
banality,12991,https://www.koolearn.com/dict/wd_12991.html,2,Vocabulary 10000
barbarian,13286,https://www.koolearn.com/dict/wd_13286.html,1,Vocabulary 5000
bas-relief,13657,https://www.koolearn.com/dict/wd_13657.html,3,Vocabulary 22000
basso,13847,https://www.koolearn.com/dict/wd_13847.html,3,Vocabulary 22000
bawdy,14108,https://www.koolearn.com/dict/wd_14108.html,2,Vocabulary 10000
bearable,15144,https://www.koolearn.com/dict/wd_15144.html,1,Vocabulary 5000
beckon,15329,https://www.koolearn.com/dict/wd_15329.html,2,Vocabulary 10000
belabor,15778,https://www.koolearn.com/dict/wd_15778.html,2,Vocabulary 10000
benediction,16072,https://www.koolearn.com/dict/wd_16072.html,3,Vocabulary 22000
besiegement,16353,https://www.koolearn.com/dict/wd_16353.html,1,Vocabulary 5000
betrayer,16519,https://www.koolearn.com/dict/wd_16519.html,1,Vocabulary 5000
bewilderment,16604,https://www.koolearn.com/dict/wd_16604.html,1,Vocabulary 5000
bicameral,16757,https://www.koolearn.com/dict/wd_16757.html,3,Vocabulary 22000
bicker,16774,https://www.koolearn.com/dict/wd_16774.html,2,Vocabulary 10000
bide,16827,https://www.koolearn.com/dict/wd_16827.html,2,Vocabulary 10000
bigoted,16963,https://www.koolearn.com/dict/wd_16963.html,2,Vocabulary 10000
billet-doux,17064,https://www.koolearn.com/dict/wd_17064.html,3,Vocabulary 22000
billow,17091,https://www.koolearn.com/dict/wd_17091.html,2,Vocabulary 10000
billowy,17095,https://www.koolearn.com/dict/wd_17095.html,2,Vocabulary 10000
bipartisan,17367,https://www.koolearn.com/dict/wd_17367.html,3,Vocabulary 22000
bisect,17510,https://www.koolearn.com/dict/wd_17510.html,3,Vocabulary 22000
bon mot,19135,https://www.koolearn.com/dict/wd_19135.html,3,Vocabulary 22000
bondage,19162,https://www.koolearn.com/dict/wd_19162.html,2,Vocabulary 10000
bouffant,19757,https://www.koolearn.com/dict/wd_19757.html,3,Vocabulary 22000
bourgeoisie,19851,https://www.koolearn.com/dict/wd_19851.html,3,Vocabulary 22000
bravura,20401,https://www.koolearn.com/dict/wd_20401.html,3,Vocabulary 22000
brawl,20404,https://www.koolearn.com/dict/wd_20404.html,2,Vocabulary 10000
brawn,20412,https://www.koolearn.com/dict/wd_20412.html,2,Vocabulary 10000
brawny,20417,https://www.koolearn.com/dict/wd_20417.html,2,Vocabulary 10000
brewage,20740,https://www.koolearn.com/dict/wd_20740.html,2,Vocabulary 10000
brigand,20899,https://www.koolearn.com/dict/wd_20899.html,2,Vocabulary 10000
broil,21199,https://www.koolearn.com/dict/wd_21199.html,1,Vocabulary 5000
broth,21353,https://www.koolearn.com/dict/wd_21353.html,2,Vocabulary 10000
bullets,21952,https://www.koolearn.com/dict/wd_21952.html,2,Vocabulary 10000
cajole,23276,https://www.koolearn.com/dict/wd_23276.html,1,Vocabulary 5000
candor,23990,https://www.koolearn.com/dict/wd_23990.html,2,Vocabulary 10000
carnal,24889,https://www.koolearn.com/dict/wd_24889.html,2,Vocabulary 10000
cautiously,25898,https://www.koolearn.com/dict/wd_25898.html,1,Vocabulary 5000
cellophane,26195,https://www.koolearn.com/dict/wd_26195.html,3,Vocabulary 22000
chastity,27312,https://www.koolearn.com/dict/wd_27312.html,1,Vocabulary 5000
chauffeur,27350,https://www.koolearn.com/dict/wd_27350.html,1,Vocabulary 5000
chivalrous,28218,https://www.koolearn.com/dict/wd_28218.html,2,Vocabulary 10000
circumlocution,29112,https://www.koolearn.com/dict/wd_29112.html,3,Vocabulary 22000
citadel,29198,https://www.koolearn.com/dict/wd_29198.html,3,Vocabulary 22000
clandestine,29423,https://www.koolearn.com/dict/wd_29423.html,3,Vocabulary 22000
cleanse,29675,https://www.koolearn.com/dict/wd_29675.html,2,Vocabulary 10000
cleavage,29733,https://www.koolearn.com/dict/wd_29733.html,3,Vocabulary 22000
clinch,29886,https://www.koolearn.com/dict/wd_29886.html,2,Vocabulary 10000
comity,31845,https://www.koolearn.com/dict/wd_31845.html,2,Vocabulary 10000
compilation,32336,https://www.koolearn.com/dict/wd_32336.html,2,Vocabulary 10000
condiment,32915,https://www.koolearn.com/dict/wd_32915.html,3,Vocabulary 22000
confidant,33059,https://www.koolearn.com/dict/wd_33059.html,2,Vocabulary 10000
congeniality,33212,https://www.koolearn.com/dict/wd_33212.html,2,Vocabulary 10000
congregation,33259,https://www.koolearn.com/dict/wd_33259.html,3,Vocabulary 22000
contiguous,33903,https://www.koolearn.com/dict/wd_33903.html,2,Vocabulary 10000
contraband,33987,https://www.koolearn.com/dict/wd_33987.html,3,Vocabulary 22000
coroner,34902,https://www.koolearn.com/dict/wd_34902.html,2,Vocabulary 10000
corroborative,35045,https://www.koolearn.com/dict/wd_35045.html,2,Vocabulary 10000
cower,35896,https://www.koolearn.com/dict/wd_35896.html,3,Vocabulary 22000
coxcomb,35947,https://www.koolearn.com/dict/wd_35947.html,2,Vocabulary 10000
crafty,36091,https://www.koolearn.com/dict/wd_36091.html,1,Vocabulary 5000
craven,36241,https://www.koolearn.com/dict/wd_36241.html,3,Vocabulary 22000
creak,36291,https://www.koolearn.com/dict/wd_36291.html,2,Vocabulary 10000
credulous,36409,https://www.koolearn.com/dict/wd_36409.html,2,Vocabulary 10000
cryptogram,37261,https://www.koolearn.com/dict/wd_37261.html,3,Vocabulary 22000
culmination,37488,https://www.koolearn.com/dict/wd_37488.html,2,Vocabulary 10000
cumber,37559,https://www.koolearn.com/dict/wd_37559.html,2,Vocabulary 10000
damaged,38661,https://www.koolearn.com/dict/wd_38661.html,2,Vocabulary 10000
dastardly,38982,https://www.koolearn.com/dict/wd_38982.html,3,Vocabulary 22000
dauntless,39072,https://www.koolearn.com/dict/wd_39072.html,3,Vocabulary 22000
decadent,39571,https://www.koolearn.com/dict/wd_39571.html,3,Vocabulary 22000
decease,39635,https://www.koolearn.com/dict/wd_39635.html,2,Vocabulary 10000
deciduous,39711,https://www.koolearn.com/dict/wd_39711.html,3,Vocabulary 22000
deformed,40298,https://www.koolearn.com/dict/wd_40298.html,2,Vocabulary 10000
defunct,40330,https://www.koolearn.com/dict/wd_40330.html,2,Vocabulary 10000
dejected,40471,https://www.koolearn.com/dict/wd_40471.html,2,Vocabulary 10000
demagogue,40718,https://www.koolearn.com/dict/wd_40718.html,3,Vocabulary 22000
demean,40750,https://www.koolearn.com/dict/wd_40750.html,2,Vocabulary 10000
demented,40759,https://www.koolearn.com/dict/wd_40759.html,3,Vocabulary 22000
demote,40894,https://www.koolearn.com/dict/wd_40894.html,3,Vocabulary 22000
derange,41385,https://www.koolearn.com/dict/wd_41385.html,2,Vocabulary 10000
derisive,41414,https://www.koolearn.com/dict/wd_41414.html,2,Vocabulary 10000
dermatologist,41445,https://www.koolearn.com/dict/wd_41445.html,3,Vocabulary 22000
dermis,41457,https://www.koolearn.com/dict/wd_41457.html,3,Vocabulary 22000
derogatory,41474,https://www.koolearn.com/dict/wd_41474.html,2,Vocabulary 10000
detonation,41921,https://www.koolearn.com/dict/wd_41921.html,2,Vocabulary 10000
diathermy,42445,https://www.koolearn.com/dict/wd_42445.html,3,Vocabulary 22000
dirk,43324,https://www.koolearn.com/dict/wd_43324.html,2,Vocabulary 10000
disassemble,43443,https://www.koolearn.com/dict/wd_43443.html,2,Vocabulary 10000
disconsolate,43602,https://www.koolearn.com/dict/wd_43602.html,2,Vocabulary 10000
dismember,44000,https://www.koolearn.com/dict/wd_44000.html,2,Vocabulary 10000
dissimulation,44310,https://www.koolearn.com/dict/wd_44310.html,2,Vocabulary 10000
dissuade,44343,https://www.koolearn.com/dict/wd_44343.html,2,Vocabulary 10000
divers,44593,https://www.koolearn.com/dict/wd_44593.html,2,Vocabulary 10000
doting,45571,https://www.koolearn.com/dict/wd_45571.html,2,Vocabulary 10000
dovetail,45761,https://www.koolearn.com/dict/wd_45761.html,3,Vocabulary 22000
dowry,45897,https://www.koolearn.com/dict/wd_45897.html,3,Vocabulary 22000
dozy,45935,https://www.koolearn.com/dict/wd_45935.html,2,Vocabulary 10000
drunken,46699,https://www.koolearn.com/dict/wd_46699.html,1,Vocabulary 5000
duel,46899,https://www.koolearn.com/dict/wd_46899.html,2,Vocabulary 10000
effusion,48344,https://www.koolearn.com/dict/wd_48344.html,2,Vocabulary 10000
effusive,48346,https://www.koolearn.com/dict/wd_48346.html,2,Vocabulary 10000
electrocardiogram,48735,https://www.koolearn.com/dict/wd_48735.html,3,Vocabulary 22000
elusion,49097,https://www.koolearn.com/dict/wd_49097.html,2,Vocabulary 10000
Elysian,49131,https://www.koolearn.com/dict/wd_49131.html,3,Vocabulary 22000
embezzle,49238,https://www.koolearn.com/dict/wd_49238.html,1,Vocabulary 5000
embroil,49329,https://www.koolearn.com/dict/wd_49329.html,3,Vocabulary 22000
enamored,49741,https://www.koolearn.com/dict/wd_49741.html,3,Vocabulary 22000
encamp,49760,https://www.koolearn.com/dict/wd_49760.html,2,Vocabulary 10000
enchantment,49802,https://www.koolearn.com/dict/wd_49802.html,2,Vocabulary 10000
encumber,49895,https://www.koolearn.com/dict/wd_49895.html,2,Vocabulary 10000
encumbrance,49899,https://www.koolearn.com/dict/wd_49899.html,2,Vocabulary 10000
enervate,50156,https://www.koolearn.com/dict/wd_50156.html,3,Vocabulary 22000
enhancive,50328,https://www.koolearn.com/dict/wd_50328.html,2,Vocabulary 10000
enmity,50404,https://www.koolearn.com/dict/wd_50404.html,2,Vocabulary 10000
ennui,50417,https://www.koolearn.com/dict/wd_50417.html,3,Vocabulary 22000
enshrine,50511,https://www.koolearn.com/dict/wd_50511.html,2,Vocabulary 10000
entente,50597,https://www.koolearn.com/dict/wd_50597.html,3,Vocabulary 22000
entre nous,50772,https://www.koolearn.com/dict/wd_50772.html,3,Vocabulary 22000
entreaty,50779,https://www.koolearn.com/dict/wd_50779.html,2,Vocabulary 10000
epidermis,51061,https://www.koolearn.com/dict/wd_51061.html,3,Vocabulary 22000
epigram,51091,https://www.koolearn.com/dict/wd_51091.html,3,Vocabulary 22000
equanimity,51287,https://www.koolearn.com/dict/wd_51287.html,3,Vocabulary 22000
equilateral,51317,https://www.koolearn.com/dict/wd_51317.html,3,Vocabulary 22000
esprit de corps,51810,https://www.koolearn.com/dict/wd_51810.html,3,Vocabulary 22000
excise,52849,https://www.koolearn.com/dict/wd_52849.html,3,Vocabulary 22000
exult,53908,https://www.koolearn.com/dict/wd_53908.html,2,Vocabulary 10000
eyeglasses,53981,https://www.koolearn.com/dict/wd_53981.html,1,Vocabulary 5000
fait accompli,54386,https://www.koolearn.com/dict/wd_54386.html,3,Vocabulary 22000
falsetto,54554,https://www.koolearn.com/dict/wd_54554.html,3,Vocabulary 22000
faux pas,55154,https://www.koolearn.com/dict/wd_55154.html,3,Vocabulary 22000
fawn,55193,https://www.koolearn.com/dict/wd_55193.html,2,Vocabulary 10000
feint,55470,https://www.koolearn.com/dict/wd_55470.html,2,Vocabulary 10000
filet,56301,https://www.koolearn.com/dict/wd_56301.html,3,Vocabulary 22000
finesse,56561,https://www.koolearn.com/dict/wd_56561.html,3,Vocabulary 22000
finis,56611,https://www.koolearn.com/dict/wd_56611.html,3,Vocabulary 22000
flit,57749,https://www.koolearn.com/dict/wd_57749.html,2,Vocabulary 10000
flog,57814,https://www.koolearn.com/dict/wd_57814.html,2,Vocabulary 10000
foreboding,58893,https://www.koolearn.com/dict/wd_58893.html,3,Vocabulary 22000
foreword,59099,https://www.koolearn.com/dict/wd_59099.html,3,Vocabulary 22000
fortissimo,59316,https://www.koolearn.com/dict/wd_59316.html,3,Vocabulary 22000
foxhole,59538,https://www.koolearn.com/dict/wd_59538.html,2,Vocabulary 10000
frolic,60293,https://www.koolearn.com/dict/wd_60293.html,2,Vocabulary 10000
fugitive,60637,https://www.koolearn.com/dict/wd_60637.html,2,Vocabulary 10000
fullness,60763,https://www.koolearn.com/dict/wd_60763.html,1,Vocabulary 5000
gallows,61489,https://www.koolearn.com/dict/wd_61489.html,2,Vocabulary 10000
gastronome,62020,https://www.koolearn.com/dict/wd_62020.html,3,Vocabulary 22000
gaucho,62090,https://www.koolearn.com/dict/wd_62090.html,3,Vocabulary 22000
gaudiness,62098,https://www.koolearn.com/dict/wd_62098.html,2,Vocabulary 10000
gawk,62158,https://www.koolearn.com/dict/wd_62158.html,2,Vocabulary 10000
gendarme,62377,https://www.koolearn.com/dict/wd_62377.html,3,Vocabulary 22000
genealogy,62393,https://www.koolearn.com/dict/wd_62393.html,3,Vocabulary 22000
ghostlike,63177,https://www.koolearn.com/dict/wd_63177.html,1,Vocabulary 5000
gibberish,63219,https://www.koolearn.com/dict/wd_63219.html,2,Vocabulary 10000
gingerly,63414,https://www.koolearn.com/dict/wd_63414.html,1,Vocabulary 5000
glee,63816,https://www.koolearn.com/dict/wd_63816.html,2,Vocabulary 10000
grandee,65433,https://www.koolearn.com/dict/wd_65433.html,3,Vocabulary 22000
graphite,65554,https://www.koolearn.com/dict/wd_65554.html,3,Vocabulary 22000
groggy,66173,https://www.koolearn.com/dict/wd_66173.html,2,Vocabulary 10000
grotto,66250,https://www.koolearn.com/dict/wd_66250.html,3,Vocabulary 22000
gruel,66415,https://www.koolearn.com/dict/wd_66415.html,2,Vocabulary 10000
hangar,67950,https://www.koolearn.com/dict/wd_67950.html,2,Vocabulary 10000
hanged,67955,https://www.koolearn.com/dict/wd_67955.html,2,Vocabulary 10000
hector,69394,https://www.koolearn.com/dict/wd_69394.html,3,Vocabulary 22000
Hegira,69483,https://www.koolearn.com/dict/wd_69483.html,2,Vocabulary 10000
hermetic,70117,https://www.koolearn.com/dict/wd_70117.html,3,Vocabulary 22000
hidalgo,70429,https://www.koolearn.com/dict/wd_70429.html,3,Vocabulary 22000
homogenize,71638,https://www.koolearn.com/dict/wd_71638.html,3,Vocabulary 22000
homonym,71680,https://www.koolearn.com/dict/wd_71680.html,3,Vocabulary 22000
honk,71784,https://www.koolearn.com/dict/wd_71784.html,2,Vocabulary 10000
hors d'oeuvres,72057,https://www.koolearn.com/dict/wd_72057.html,3,Vocabulary 22000
humbleness,72695,https://www.koolearn.com/dict/wd_72695.html,1,Vocabulary 5000
hypodermic,73523,https://www.koolearn.com/dict/wd_73523.html,3,Vocabulary 22000
immerge,74506,https://www.koolearn.com/dict/wd_74506.html,2,Vocabulary 10000
imminence,74528,https://www.koolearn.com/dict/wd_74528.html,2,Vocabulary 10000
impoliteness,74933,https://www.koolearn.com/dict/wd_74933.html,1,Vocabulary 5000
impregnable,75021,https://www.koolearn.com/dict/wd_75021.html,3,Vocabulary 22000
impugn,75115,https://www.koolearn.com/dict/wd_75115.html,3,Vocabulary 22000
impunity,75132,https://www.koolearn.com/dict/wd_75132.html,2,Vocabulary 10000
incarcerate,76122,https://www.koolearn.com/dict/wd_76122.html,3,Vocabulary 22000
incise,76210,https://www.koolearn.com/dict/wd_76210.html,3,Vocabulary 22000
inconsolable,76364,https://www.koolearn.com/dict/wd_76364.html,2,Vocabulary 10000
inconstant,76372,https://www.koolearn.com/dict/wd_76372.html,1,Vocabulary 5000
incontrovertible,76383,https://www.koolearn.com/dict/wd_76383.html,3,Vocabulary 22000
incumbency,76487,https://www.koolearn.com/dict/wd_76487.html,2,Vocabulary 10000
indomitable,76805,https://www.koolearn.com/dict/wd_76805.html,3,Vocabulary 22000
infraction,77314,https://www.koolearn.com/dict/wd_77314.html,3,Vocabulary 22000
ingratiate,77413,https://www.koolearn.com/dict/wd_77413.html,2,Vocabulary 10000
insolvency,77956,https://www.koolearn.com/dict/wd_77956.html,2,Vocabulary 10000
insubordinate,78119,https://www.koolearn.com/dict/wd_78119.html,3,Vocabulary 22000
insuperable,78156,https://www.koolearn.com/dict/wd_78156.html,2,Vocabulary 10000
insurrection,78192,https://www.koolearn.com/dict/wd_78192.html,3,Vocabulary 22000
intangibility,78205,https://www.koolearn.com/dict/wd_78205.html,2,Vocabulary 10000
interject,78511,https://www.koolearn.com/dict/wd_78511.html,2,Vocabulary 10000
intermission,78588,https://www.koolearn.com/dict/wd_78588.html,3,Vocabulary 22000
intersect,78825,https://www.koolearn.com/dict/wd_78825.html,3,Vocabulary 22000
intoxicate,78992,https://www.koolearn.com/dict/wd_78992.html,2,Vocabulary 10000
intoxication,78996,https://www.koolearn.com/dict/wd_78996.html,2,Vocabulary 10000
intramural,79018,https://www.koolearn.com/dict/wd_79018.html,3,Vocabulary 22000
intraparty,79033,https://www.koolearn.com/dict/wd_79033.html,3,Vocabulary 22000
intrastate,79042,https://www.koolearn.com/dict/wd_79042.html,3,Vocabulary 22000
invidious,79318,https://www.koolearn.com/dict/wd_79318.html,2,Vocabulary 10000
iota,79483,https://www.koolearn.com/dict/wd_79483.html,3,Vocabulary 22000
irreconcilable,79662,https://www.koolearn.com/dict/wd_79662.html,3,Vocabulary 22000
joggle,81104,https://www.koolearn.com/dict/wd_81104.html,2,Vocabulary 10000
jolly,81209,https://www.koolearn.com/dict/wd_81209.html,1,Vocabulary 5000
joyous,81337,https://www.koolearn.com/dict/wd_81337.html,2,Vocabulary 10000
jubilant,81372,https://www.koolearn.com/dict/wd_81372.html,2,Vocabulary 10000
judiciousness,81434,https://www.koolearn.com/dict/wd_81434.html,2,Vocabulary 10000
kindred,82897,https://www.koolearn.com/dict/wd_82897.html,1,Vocabulary 5000
labyrinthine,83861,https://www.koolearn.com/dict/wd_83861.html,3,Vocabulary 22000
laconic,83929,https://www.koolearn.com/dict/wd_83929.html,3,Vocabulary 22000
lair,84121,https://www.koolearn.com/dict/wd_84121.html,2,Vocabulary 10000
laissez-faire,84130,https://www.koolearn.com/dict/wd_84130.html,3,Vocabulary 22000
largo,84662,https://www.koolearn.com/dict/wd_84662.html,3,Vocabulary 22000
lass,84755,https://www.koolearn.com/dict/wd_84755.html,1,Vocabulary 5000
latch,84806,https://www.koolearn.com/dict/wd_84806.html,2,Vocabulary 10000
legato,85762,https://www.koolearn.com/dict/wd_85762.html,3,Vocabulary 22000
legerdemain,85772,https://www.koolearn.com/dict/wd_85772.html,3,Vocabulary 22000
lento,86007,https://www.koolearn.com/dict/wd_86007.html,3,Vocabulary 22000
lettre de cachet,86218,https://www.koolearn.com/dict/wd_86218.html,3,Vocabulary 22000
libretto,86525,https://www.koolearn.com/dict/wd_86525.html,3,Vocabulary 22000
limber,87000,https://www.koolearn.com/dict/wd_87000.html,2,Vocabulary 10000
locksmith,88049,https://www.koolearn.com/dict/wd_88049.html,2,Vocabulary 10000
lucullan,89172,https://www.koolearn.com/dict/wd_89172.html,3,Vocabulary 22000
luscious,89428,https://www.koolearn.com/dict/wd_89428.html,3,Vocabulary 22000
luster,89447,https://www.koolearn.com/dict/wd_89447.html,1,Vocabulary 5000
maestro,89996,https://www.koolearn.com/dict/wd_89996.html,3,Vocabulary 22000
majolica,90359,https://www.koolearn.com/dict/wd_90359.html,3,Vocabulary 22000
maladjusted,90714,https://www.koolearn.com/dict/wd_90714.html,3,Vocabulary 22000
maladroit,90718,https://www.koolearn.com/dict/wd_90718.html,3,Vocabulary 22000
malediction,90774,https://www.koolearn.com/dict/wd_90774.html,3,Vocabulary 22000
malefactor,90778,https://www.koolearn.com/dict/wd_90778.html,3,Vocabulary 22000
maniacal,91203,https://www.koolearn.com/dict/wd_91203.html,3,Vocabulary 22000
martinet,91907,https://www.koolearn.com/dict/wd_91907.html,3,Vocabulary 22000
materiel,92232,https://www.koolearn.com/dict/wd_92232.html,2,Vocabulary 10000
maudlin,92382,https://www.koolearn.com/dict/wd_92382.html,2,Vocabulary 10000
mezzo-soprano,94178,https://www.koolearn.com/dict/wd_94178.html,3,Vocabulary 22000
mezzotint,94181,https://www.koolearn.com/dict/wd_94181.html,3,Vocabulary 22000
milieu,94660,https://www.koolearn.com/dict/wd_94660.html,3,Vocabulary 22000
mirth,95256,https://www.koolearn.com/dict/wd_95256.html,2,Vocabulary 10000
misbelief,95314,https://www.koolearn.com/dict/wd_95314.html,3,Vocabulary 22000
mischievous,95354,https://www.koolearn.com/dict/wd_95354.html,2,Vocabulary 10000
misfire,95437,https://www.koolearn.com/dict/wd_95437.html,3,Vocabulary 22000
mislay,95507,https://www.koolearn.com/dict/wd_95507.html,3,Vocabulary 22000
misstep,95684,https://www.koolearn.com/dict/wd_95684.html,3,Vocabulary 22000
moderato,96045,https://www.koolearn.com/dict/wd_96045.html,3,Vocabulary 22000
modulation,96106,https://www.koolearn.com/dict/wd_96106.html,2,Vocabulary 10000
monogram,96590,https://www.koolearn.com/dict/wd_96590.html,3,Vocabulary 22000
mot juste,97237,https://www.koolearn.com/dict/wd_97237.html,3,Vocabulary 22000
munition,98167,https://www.koolearn.com/dict/wd_98167.html,2,Vocabulary 10000
musicale,98350,https://www.koolearn.com/dict/wd_98350.html,3,Vocabulary 22000
myrmidon,98730,https://www.koolearn.com/dict/wd_98730.html,3,Vocabulary 22000
mystification,98763,https://www.koolearn.com/dict/wd_98763.html,2,Vocabulary 10000
nauseate,99402,https://www.koolearn.com/dict/wd_99402.html,2,Vocabulary 10000
neglectful,99743,https://www.koolearn.com/dict/wd_99743.html,2,Vocabulary 10000
nemesis,99841,https://www.koolearn.com/dict/wd_99841.html,3,Vocabulary 22000
noblesse oblige,101073,https://www.koolearn.com/dict/wd_101073.html,3,Vocabulary 22000
nonchalant,101346,https://www.koolearn.com/dict/wd_101346.html,3,Vocabulary 22000
nouveaux riches,102118,https://www.koolearn.com/dict/wd_102118.html,3,Vocabulary 22000
onomatopoeia,104516,https://www.koolearn.com/dict/wd_104516.html,3,Vocabulary 22000
oratorio,105073,https://www.koolearn.com/dict/wd_105073.html,3,Vocabulary 22000
ordnance,105182,https://www.koolearn.com/dict/wd_105182.html,2,Vocabulary 10000
orthodontist,105476,https://www.koolearn.com/dict/wd_105476.html,3,Vocabulary 22000
orthopedist,105510,https://www.koolearn.com/dict/wd_105510.html,3,Vocabulary 22000
outlast,106164,https://www.koolearn.com/dict/wd_106164.html,3,Vocabulary 22000
outrun,106292,https://www.koolearn.com/dict/wd_106292.html,3,Vocabulary 22000
outwit,106433,https://www.koolearn.com/dict/wd_106433.html,3,Vocabulary 22000
overburden,106575,https://www.koolearn.com/dict/wd_106575.html,3,Vocabulary 22000
overconfident,106622,https://www.koolearn.com/dict/wd_106622.html,3,Vocabulary 22000
overdose,106660,https://www.koolearn.com/dict/wd_106660.html,3,Vocabulary 22000
overturn,107157,https://www.koolearn.com/dict/wd_107157.html,1,Vocabulary 5000
pan-american,108034,https://www.koolearn.com/dict/wd_108034.html,3,Vocabulary 22000
pandemonium,108084,https://www.koolearn.com/dict/wd_108084.html,3,Vocabulary 22000
panoply,108188,https://www.koolearn.com/dict/wd_108188.html,3,Vocabulary 22000
peal,109813,https://www.koolearn.com/dict/wd_109813.html,2,Vocabulary 10000
pedagogue,109950,https://www.koolearn.com/dict/wd_109950.html,3,Vocabulary 22000
pensive,110414,https://www.koolearn.com/dict/wd_110414.html,2,Vocabulary 10000
personalty,111175,https://www.koolearn.com/dict/wd_111175.html,2,Vocabulary 10000
petrify,111403,https://www.koolearn.com/dict/wd_111403.html,2,Vocabulary 10000
philanthropy,111722,https://www.koolearn.com/dict/wd_111722.html,2,Vocabulary 10000
photometer,112024,https://www.koolearn.com/dict/wd_112024.html,3,Vocabulary 22000
picayune,112349,https://www.koolearn.com/dict/wd_112349.html,3,Vocabulary 22000
pitiable,113246,https://www.koolearn.com/dict/wd_113246.html,1,Vocabulary 5000
pittance,113267,https://www.koolearn.com/dict/wd_113267.html,3,Vocabulary 22000
placate,113324,https://www.koolearn.com/dict/wd_113324.html,2,Vocabulary 10000
placidity,113369,https://www.koolearn.com/dict/wd_113369.html,2,Vocabulary 10000
plod,114071,https://www.koolearn.com/dict/wd_114071.html,2,Vocabulary 10000
plutocracy,114297,https://www.koolearn.com/dict/wd_114297.html,3,Vocabulary 22000
possessions,115561,https://www.koolearn.com/dict/wd_115561.html,1,Vocabulary 5000
postdate,115650,https://www.koolearn.com/dict/wd_115650.html,3,Vocabulary 22000
preconceive,116428,https://www.koolearn.com/dict/wd_116428.html,3,Vocabulary 22000
preeminence,116552,https://www.koolearn.com/dict/wd_116552.html,2,Vocabulary 10000
preordain,116787,https://www.koolearn.com/dict/wd_116787.html,2,Vocabulary 10000
preponderant,116834,https://www.koolearn.com/dict/wd_116834.html,2,Vocabulary 10000
protoplasm,118739,https://www.koolearn.com/dict/wd_118739.html,3,Vocabulary 22000
protozoan,118758,https://www.koolearn.com/dict/wd_118758.html,3,Vocabulary 22000
prowessful,118878,https://www.koolearn.com/dict/wd_118878.html,2,Vocabulary 10000
puny,119744,https://www.koolearn.com/dict/wd_119744.html,3,Vocabulary 22000
pyromania,120354,https://www.koolearn.com/dict/wd_120354.html,3,Vocabulary 22000
raconteur,121278,https://www.koolearn.com/dict/wd_121278.html,3,Vocabulary 22000
rapprochement,121975,https://www.koolearn.com/dict/wd_121975.html,3,Vocabulary 22000
realty,122583,https://www.koolearn.com/dict/wd_122583.html,2,Vocabulary 10000
reciprocation,122936,https://www.koolearn.com/dict/wd_122936.html,2,Vocabulary 10000
recklessness,122962,https://www.koolearn.com/dict/wd_122962.html,2,Vocabulary 10000
relations,124446,https://www.koolearn.com/dict/wd_124446.html,2,Vocabulary 10000
relent,124503,https://www.koolearn.com/dict/wd_124503.html,3,Vocabulary 22000
remiss,124722,https://www.koolearn.com/dict/wd_124722.html,3,Vocabulary 22000
remission,124723,https://www.koolearn.com/dict/wd_124723.html,2,Vocabulary 10000
renegade,124857,https://www.koolearn.com/dict/wd_124857.html,3,Vocabulary 22000
reparable,125006,https://www.koolearn.com/dict/wd_125006.html,2,Vocabulary 10000
repartee,125010,https://www.koolearn.com/dict/wd_125010.html,3,Vocabulary 22000
repose,125184,https://www.koolearn.com/dict/wd_125184.html,1,Vocabulary 5000
respectably,125716,https://www.koolearn.com/dict/wd_125716.html,2,Vocabulary 10000
retaliatory,125985,https://www.koolearn.com/dict/wd_125985.html,2,Vocabulary 10000
rife,126971,https://www.koolearn.com/dict/wd_126971.html,2,Vocabulary 10000
riposte,127279,https://www.koolearn.com/dict/wd_127279.html,3,Vocabulary 22000
rogue,127732,https://www.koolearn.com/dict/wd_127732.html,1,Vocabulary 5000
rotunda,128268,https://www.koolearn.com/dict/wd_128268.html,3,Vocabulary 22000
roundup,128390,https://www.koolearn.com/dict/wd_128390.html,2,Vocabulary 10000
rue,128669,https://www.koolearn.com/dict/wd_128669.html,2,Vocabulary 10000
rumple,128808,https://www.koolearn.com/dict/wd_128808.html,2,Vocabulary 10000
sagacity,129414,https://www.koolearn.com/dict/wd_129414.html,2,Vocabulary 10000
sailer,129469,https://www.koolearn.com/dict/wd_129469.html,2,Vocabulary 10000
scrupulosity,131689,https://www.koolearn.com/dict/wd_131689.html,2,Vocabulary 10000
scuttle,131808,https://www.koolearn.com/dict/wd_131808.html,2,Vocabulary 10000
secede,132082,https://www.koolearn.com/dict/wd_132082.html,3,Vocabulary 22000
secession,132090,https://www.koolearn.com/dict/wd_132090.html,3,Vocabulary 22000
sedition,132330,https://www.koolearn.com/dict/wd_132330.html,3,Vocabulary 22000
self-condemned,132671,https://www.koolearn.com/dict/wd_132671.html,2,Vocabulary 10000
semiannual,132924,https://www.koolearn.com/dict/wd_132924.html,3,Vocabulary 22000
semiconscious,132945,https://www.koolearn.com/dict/wd_132945.html,3,Vocabulary 22000
semidetached,132951,https://www.koolearn.com/dict/wd_132951.html,3,Vocabulary 22000
semiskilled,133017,https://www.koolearn.com/dict/wd_133017.html,3,Vocabulary 22000
shimmery,134643,https://www.koolearn.com/dict/wd_134643.html,2,Vocabulary 10000
simile,136023,https://www.koolearn.com/dict/wd_136023.html,3,Vocabulary 22000
slake,136913,https://www.koolearn.com/dict/wd_136913.html,3,Vocabulary 22000
smite,137705,https://www.koolearn.com/dict/wd_137705.html,2,Vocabulary 10000
sod,138523,https://www.koolearn.com/dict/wd_138523.html,2,Vocabulary 10000
soliloquy,138866,https://www.koolearn.com/dict/wd_138866.html,3,Vocabulary 22000
sop,139166,https://www.koolearn.com/dict/wd_139166.html,2,Vocabulary 10000
sordid,139234,https://www.koolearn.com/dict/wd_139234.html,2,Vocabulary 10000
spank,139669,https://www.koolearn.com/dict/wd_139669.html,2,Vocabulary 10000
specs,139942,https://www.koolearn.com/dict/wd_139942.html,1,Vocabulary 5000
speedometer,140038,https://www.koolearn.com/dict/wd_140038.html,3,Vocabulary 22000
spicery,140220,https://www.koolearn.com/dict/wd_140220.html,2,Vocabulary 10000
spiteful,140472,https://www.koolearn.com/dict/wd_140472.html,1,Vocabulary 5000
splinter,140551,https://www.koolearn.com/dict/wd_140551.html,2,Vocabulary 10000
steadfastness,142063,https://www.koolearn.com/dict/wd_142063.html,2,Vocabulary 10000
stealthily,142092,https://www.koolearn.com/dict/wd_142092.html,2,Vocabulary 10000
stenographer,142280,https://www.koolearn.com/dict/wd_142280.html,3,Vocabulary 22000
stifling,142570,https://www.koolearn.com/dict/wd_142570.html,2,Vocabulary 10000
straggle,143107,https://www.koolearn.com/dict/wd_143107.html,2,Vocabulary 10000
subscriber,144338,https://www.koolearn.com/dict/wd_144338.html,3,Vocabulary 22000
subversive,144542,https://www.koolearn.com/dict/wd_144542.html,2,Vocabulary 10000
succulent,144609,https://www.koolearn.com/dict/wd_144609.html,3,Vocabulary 22000
sundry,145100,https://www.koolearn.com/dict/wd_145100.html,2,Vocabulary 10000
superabundance,145186,https://www.koolearn.com/dict/wd_145186.html,3,Vocabulary 22000
superfluity,145257,https://www.koolearn.com/dict/wd_145257.html,2,Vocabulary 10000
superimpose,145280,https://www.koolearn.com/dict/wd_145280.html,3,Vocabulary 22000
taciturn,146981,https://www.koolearn.com/dict/wd_146981.html,2,Vocabulary 10000
tangibility,147779,https://www.koolearn.com/dict/wd_147779.html,2,Vocabulary 10000
taxidermist,148303,https://www.koolearn.com/dict/wd_148303.html,3,Vocabulary 22000
technicality,148541,https://www.koolearn.com/dict/wd_148541.html,2,Vocabulary 10000
technocracy,148556,https://www.koolearn.com/dict/wd_148556.html,3,Vocabulary 22000
tempest,148977,https://www.koolearn.com/dict/wd_148977.html,1,Vocabulary 5000
terpsichorean,149398,https://www.koolearn.com/dict/wd_149398.html,3,Vocabulary 22000
terra cotta,149401,https://www.koolearn.com/dict/wd_149401.html,3,Vocabulary 22000
thankfulness,149781,https://www.koolearn.com/dict/wd_149781.html,1,Vocabulary 5000
thermonuclear,150388,https://www.koolearn.com/dict/wd_150388.html,3,Vocabulary 22000
thespian,150426,https://www.koolearn.com/dict/wd_150426.html,3,Vocabulary 22000
thong,150687,https://www.koolearn.com/dict/wd_150687.html,1,Vocabulary 5000
tidings,151266,https://www.koolearn.com/dict/wd_151266.html,2,Vocabulary 10000
tingle,151612,https://www.koolearn.com/dict/wd_151612.html,2,Vocabulary 10000
tinkle,151632,https://www.koolearn.com/dict/wd_151632.html,2,Vocabulary 10000
titanic,151783,https://www.koolearn.com/dict/wd_151783.html,3,Vocabulary 22000
toreador,153055,https://www.koolearn.com/dict/wd_153055.html,3,Vocabulary 22000
torero,153057,https://www.koolearn.com/dict/wd_153057.html,3,Vocabulary 22000
torso,153147,https://www.koolearn.com/dict/wd_153147.html,3,Vocabulary 22000
totter,153273,https://www.koolearn.com/dict/wd_153273.html,2,Vocabulary 10000
toupee,153349,https://www.koolearn.com/dict/wd_153349.html,3,Vocabulary 22000
tour de force,153353,https://www.koolearn.com/dict/wd_153353.html,3,Vocabulary 22000
tractable,153637,https://www.koolearn.com/dict/wd_153637.html,3,Vocabulary 22000
transfix,154025,https://www.koolearn.com/dict/wd_154025.html,2,Vocabulary 10000
transpose,154199,https://www.koolearn.com/dict/wd_154199.html,3,Vocabulary 22000
tremolo,154488,https://www.koolearn.com/dict/wd_154488.html,3,Vocabulary 22000
tribulation,154645,https://www.koolearn.com/dict/wd_154645.html,2,Vocabulary 10000
trifling,154768,https://www.koolearn.com/dict/wd_154768.html,1,Vocabulary 5000
twitch,156283,https://www.koolearn.com/dict/wd_156283.html,2,Vocabulary 10000
typographical,156448,https://www.koolearn.com/dict/wd_156448.html,3,Vocabulary 22000
unconcern,157271,https://www.koolearn.com/dict/wd_157271.html,3,Vocabulary 22000
undeceive,157389,https://www.koolearn.com/dict/wd_157389.html,3,Vocabulary 22000
underpayment,157634,https://www.koolearn.com/dict/wd_157634.html,3,Vocabulary 22000
undersell,157669,https://www.koolearn.com/dict/wd_157669.html,3,Vocabulary 22000
understatement,157700,https://www.koolearn.com/dict/wd_157700.html,3,Vocabulary 22000
understudy,157709,https://www.koolearn.com/dict/wd_157709.html,3,Vocabulary 22000
underworld,157745,https://www.koolearn.com/dict/wd_157745.html,1,Vocabulary 5000
undrinkable,157840,https://www.koolearn.com/dict/wd_157840.html,2,Vocabulary 10000
unfavorable,157985,https://www.koolearn.com/dict/wd_157985.html,2,Vocabulary 10000
unmoral,158671,https://www.koolearn.com/dict/wd_158671.html,2,Vocabulary 10000
unmoved,158677,https://www.koolearn.com/dict/wd_158677.html,2,Vocabulary 10000
unnerve,158701,https://www.koolearn.com/dict/wd_158701.html,3,Vocabulary 22000
unorganized,158736,https://www.koolearn.com/dict/wd_158736.html,2,Vocabulary 10000
unsavory,159074,https://www.koolearn.com/dict/wd_159074.html,1,Vocabulary 5000
unscramble,159087,https://www.koolearn.com/dict/wd_159087.html,3,Vocabulary 22000
unshackle,159149,https://www.koolearn.com/dict/wd_159149.html,3,Vocabulary 22000
unwary,159537,https://www.koolearn.com/dict/wd_159537.html,3,Vocabulary 22000
upcoming,159702,https://www.koolearn.com/dict/wd_159702.html,3,Vocabulary 22000
upsurge,159888,https://www.koolearn.com/dict/wd_159888.html,2,Vocabulary 10000
upturn,159918,https://www.koolearn.com/dict/wd_159918.html,3,Vocabulary 22000
urbanize,160009,https://www.koolearn.com/dict/wd_160009.html,2,Vocabulary 10000
vaquero,160821,https://www.koolearn.com/dict/wd_160821.html,3,Vocabulary 22000
vendetta,161183,https://www.koolearn.com/dict/wd_161183.html,3,Vocabulary 22000
verbose,161385,https://www.koolearn.com/dict/wd_161385.html,2,Vocabulary 10000
veritable,161448,https://www.koolearn.com/dict/wd_161448.html,3,Vocabulary 22000
verity,161452,https://www.koolearn.com/dict/wd_161452.html,3,Vocabulary 22000
vibrato,161759,https://www.koolearn.com/dict/wd_161759.html,3,Vocabulary 22000
vindication,162069,https://www.koolearn.com/dict/wd_162069.html,2,Vocabulary 10000
vis-a-vis,162269,https://www.koolearn.com/dict/wd_162269.html,3,Vocabulary 22000
vivace,162474,https://www.koolearn.com/dict/wd_162474.html,3,Vocabulary 22000
warranted,163619,https://www.koolearn.com/dict/wd_163619.html,2,Vocabulary 10000
wheeze,164911,https://www.koolearn.com/dict/wd_164911.html,2,Vocabulary 10000
whirlpool,165087,https://www.koolearn.com/dict/wd_165087.html,2,Vocabulary 10000
withholding tax,166174,https://www.koolearn.com/dict/wd_166174.html,3,Vocabulary 22000
wrathful,166923,https://www.koolearn.com/dict/wd_166923.html,1,Vocabulary 5000
priority,117588,https://www.koolearn.com/dict/wd_117588.html,1,Vocabulary 5000
alternative,5183,https://www.koolearn.com/dict/wd_5183.html,1,Vocabulary 5000
artificial,9347,https://www.koolearn.com/dict/wd_9347.html,1,Vocabulary 5000
domestic,45217,https://www.koolearn.com/dict/wd_45217.html,1,Vocabulary 5000
flexible,57619,https://www.koolearn.com/dict/wd_57619.html,1,Vocabulary 5000
incentive,76150,https://www.koolearn.com/dict/wd_76150.html,2,Vocabulary 10000
fundamental,60858,https://www.koolearn.com/dict/wd_60858.html,1,Vocabulary 5000
eliminate,48949,https://www.koolearn.com/dict/wd_48949.html,1,Vocabulary 5000
habitat,67116,https://www.koolearn.com/dict/wd_67116.html,2,Vocabulary 10000
innovation,77688,https://www.koolearn.com/dict/wd_77688.html,2,Vocabulary 10000
discipline,43537,https://www.koolearn.com/dict/wd_43537.html,1,Vocabulary 5000
depression,41317,https://www.koolearn.com/dict/wd_41317.html,2,Vocabulary 10000
shelter,134493,https://www.koolearn.com/dict/wd_134493.html,1,Vocabulary 5000
unique,158373,https://www.koolearn.com/dict/wd_158373.html,1,Vocabulary 5000
conservative,33514,https://www.koolearn.com/dict/wd_33514.html,1,Vocabulary 5000
abstract,962,https://www.koolearn.com/dict/wd_962.html,1,Vocabulary 5000
available,11626,https://www.koolearn.com/dict/wd_11626.html,1,Vocabulary 5000
maintain,90317,https://www.koolearn.com/dict/wd_90317.html,1,Vocabulary 5000
negative,99718,https://www.koolearn.com/dict/wd_99718.html,1,Vocabulary 5000
nutrition,102525,https://www.koolearn.com/dict/wd_102525.html,2,Vocabulary 10000
personality,111161,https://www.koolearn.com/dict/wd_111161.html,2,Vocabulary 10000
physical,112185,https://www.koolearn.com/dict/wd_112185.html,1,Vocabulary 5000
promote,118227,https://www.koolearn.com/dict/wd_118227.html,1,Vocabulary 5000
reliable,124522,https://www.koolearn.com/dict/wd_124522.html,1,Vocabulary 5000
dominant,45260,https://www.koolearn.com/dict/wd_45260.html,1,Vocabulary 5000
barrier,13595,https://www.koolearn.com/dict/wd_13595.html,1,Vocabulary 5000
chronic,28666,https://www.koolearn.com/dict/wd_28666.html,3,Vocabulary 22000
compensate,32288,https://www.koolearn.com/dict/wd_32288.html,1,Vocabulary 5000
component,32439,https://www.koolearn.com/dict/wd_32439.html,1,Vocabulary 5000
demonstrate,40874,https://www.koolearn.com/dict/wd_40874.html,1,Vocabulary 5000
equipment,51339,https://www.koolearn.com/dict/wd_51339.html,1,Vocabulary 5000
mature,92360,https://www.koolearn.com/dict/wd_92360.html,1,Vocabulary 5000
original,105328,https://www.koolearn.com/dict/wd_105328.html,2,Vocabulary 10000
release,124485,https://www.koolearn.com/dict/wd_124485.html,1,Vocabulary 5000
accommodation,1262,https://www.koolearn.com/dict/wd_1262.html,1,Vocabulary 5000
decline,39817,https://www.koolearn.com/dict/wd_39817.html,1,Vocabulary 5000
foster,59400,https://www.koolearn.com/dict/wd_59400.html,2,Vocabulary 10000
irrigation,79741,https://www.koolearn.com/dict/wd_79741.html,2,Vocabulary 10000
toxic,153497,https://www.koolearn.com/dict/wd_153497.html,2,Vocabulary 10000
drought,46600,https://www.koolearn.com/dict/wd_46600.html,1,Vocabulary 5000
ancestor,6182,https://www.koolearn.com/dict/wd_6182.html,1,Vocabulary 5000
democratic,40823,https://www.koolearn.com/dict/wd_40823.html,3,Vocabulary 22000
heritage,70096,https://www.koolearn.com/dict/wd_70096.html,1,Vocabulary 5000
stable,141324,https://www.koolearn.com/dict/wd_141324.html,1,Vocabulary 5000
stimulate,142627,https://www.koolearn.com/dict/wd_142627.html,1,Vocabulary 5000
symptom,146550,https://www.koolearn.com/dict/wd_146550.html,1,Vocabulary 5000
adopt,2546,https://www.koolearn.com/dict/wd_2546.html,2,Vocabulary 10000
financial,56479,https://www.koolearn.com/dict/wd_56479.html,3,Vocabulary 22000
prospect,118575,https://www.koolearn.com/dict/wd_118575.html,2,Vocabulary 10000
sufficient,144714,https://www.koolearn.com/dict/wd_144714.html,1,Vocabulary 5000
visual,162358,https://www.koolearn.com/dict/wd_162358.html,3,Vocabulary 22000
architecture,8643,https://www.koolearn.com/dict/wd_8643.html,1,Vocabulary 5000
colleague,31234,https://www.koolearn.com/dict/wd_31234.html,1,Vocabulary 5000
content,33863,https://www.koolearn.com/dict/wd_33863.html,2,Vocabulary 10000
distinct,44399,https://www.koolearn.com/dict/wd_44399.html,1,Vocabulary 5000
initial,77518,https://www.koolearn.com/dict/wd_77518.html,1,Vocabulary 5000
insight,77898,https://www.koolearn.com/dict/wd_77898.html,1,Vocabulary 5000
retain,125963,https://www.koolearn.com/dict/wd_125963.html,1,Vocabulary 5000
associate,10117,https://www.koolearn.com/dict/wd_10117.html,1,Vocabulary 5000
assume,10166,https://www.koolearn.com/dict/wd_10166.html,1,Vocabulary 5000
characteristic,27108,https://www.koolearn.com/dict/wd_27108.html,1,Vocabulary 5000
draft,45977,https://www.koolearn.com/dict/wd_45977.html,2,Vocabulary 10000
exaggerate,52704,https://www.koolearn.com/dict/wd_52704.html,1,Vocabulary 5000
expand,53278,https://www.koolearn.com/dict/wd_53278.html,1,Vocabulary 5000
implement,74886,https://www.koolearn.com/dict/wd_74886.html,1,Vocabulary 5000
material,92213,https://www.koolearn.com/dict/wd_92213.html,2,Vocabulary 10000
overcome,106609,https://www.koolearn.com/dict/wd_106609.html,1,Vocabulary 5000
portable,115412,https://www.koolearn.com/dict/wd_115412.html,2,Vocabulary 10000
primary,117403,https://www.koolearn.com/dict/wd_117403.html,1,Vocabulary 5000
random,121829,https://www.koolearn.com/dict/wd_121829.html,1,Vocabulary 5000
strain,143160,https://www.koolearn.com/dict/wd_143160.html,1,Vocabulary 5000
trend,154511,https://www.koolearn.com/dict/wd_154511.html,1,Vocabulary 5000
encounter,49862,https://www.koolearn.com/dict/wd_49862.html,1,Vocabulary 5000
diminish,42955,https://www.koolearn.com/dict/wd_42955.html,1,Vocabulary 5000
distribute,44462,https://www.koolearn.com/dict/wd_44462.html,1,Vocabulary 5000
ingredient,77421,https://www.koolearn.com/dict/wd_77421.html,1,Vocabulary 5000
integrate,78224,https://www.koolearn.com/dict/wd_78224.html,1,Vocabulary 5000
steady,142071,https://www.koolearn.com/dict/wd_142071.html,2,Vocabulary 10000
boost,19394,https://www.koolearn.com/dict/wd_19394.html,2,Vocabulary 10000
concrete,32852,https://www.koolearn.com/dict/wd_32852.html,1,Vocabulary 5000
consistent,33565,https://www.koolearn.com/dict/wd_33565.html,3,Vocabulary 22000
contract,33994,https://www.koolearn.com/dict/wd_33994.html,1,Vocabulary 5000
ignore,74154,https://www.koolearn.com/dict/wd_74154.html,3,Vocabulary 22000
schedule,130956,https://www.koolearn.com/dict/wd_130956.html,1,Vocabulary 5000
urban,159986,https://www.koolearn.com/dict/wd_159986.html,1,Vocabulary 5000
adequate,2272,https://www.koolearn.com/dict/wd_2272.html,1,Vocabulary 5000
adjust,2391,https://www.koolearn.com/dict/wd_2391.html,1,Vocabulary 5000
architect,8607,https://www.koolearn.com/dict/wd_8607.html,1,Vocabulary 5000
candidate,23958,https://www.koolearn.com/dict/wd_23958.html,1,Vocabulary 5000
charity,27185,https://www.koolearn.com/dict/wd_27185.html,2,Vocabulary 10000
circulation,29084,https://www.koolearn.com/dict/wd_29084.html,1,Vocabulary 5000
employee,49578,https://www.koolearn.com/dict/wd_49578.html,1,Vocabulary 5000
exhibition,53126,https://www.koolearn.com/dict/wd_53126.html,2,Vocabulary 10000
extinct,53728,https://www.koolearn.com/dict/wd_53728.html,1,Vocabulary 5000
harsh,68382,https://www.koolearn.com/dict/wd_68382.html,1,Vocabulary 5000
impose,74970,https://www.koolearn.com/dict/wd_74970.html,1,Vocabulary 5000
internal,78609,https://www.koolearn.com/dict/wd_78609.html,1,Vocabulary 5000
outline,106185,https://www.koolearn.com/dict/wd_106185.html,1,Vocabulary 5000
permit,110991,https://www.koolearn.com/dict/wd_110991.html,2,Vocabulary 10000
phenomenon,111673,https://www.koolearn.com/dict/wd_111673.html,3,Vocabulary 22000
principal,117521,https://www.koolearn.com/dict/wd_117521.html,2,Vocabulary 10000
remote,124770,https://www.koolearn.com/dict/wd_124770.html,1,Vocabulary 5000
rural,128986,https://www.koolearn.com/dict/wd_128986.html,1,Vocabulary 5000
status,141979,https://www.koolearn.com/dict/wd_141979.html,2,Vocabulary 10000
tension,149197,https://www.koolearn.com/dict/wd_149197.html,1,Vocabulary 5000
voluntary,162750,https://www.koolearn.com/dict/wd_162750.html,1,Vocabulary 5000
hypothesis,73612,https://www.koolearn.com/dict/wd_73612.html,2,Vocabulary 10000
brochure,21180,https://www.koolearn.com/dict/wd_21180.html,3,Vocabulary 22000
climate,29856,https://www.koolearn.com/dict/wd_29856.html,2,Vocabulary 10000
erosion,51535,https://www.koolearn.com/dict/wd_51535.html,3,Vocabulary 22000
external,53694,https://www.koolearn.com/dict/wd_53694.html,1,Vocabulary 5000
prey,117288,https://www.koolearn.com/dict/wd_117288.html,2,Vocabulary 10000
psychology,119126,https://www.koolearn.com/dict/wd_119126.html,1,Vocabulary 5000
shortage,135042,https://www.koolearn.com/dict/wd_135042.html,1,Vocabulary 5000
permanent,110956,https://www.koolearn.com/dict/wd_110956.html,1,Vocabulary 5000
submit,144256,https://www.koolearn.com/dict/wd_144256.html,1,Vocabulary 5000
abandon,419,https://www.koolearn.com/dict/wd_419.html,1,Vocabulary 5000
allocate,4869,https://www.koolearn.com/dict/wd_4869.html,2,Vocabulary 10000
convention,34190,https://www.koolearn.com/dict/wd_34190.html,1,Vocabulary 5000
convey,34264,https://www.koolearn.com/dict/wd_34264.html,1,Vocabulary 5000
current,37796,https://www.koolearn.com/dict/wd_37796.html,1,Vocabulary 5000
dynamic,47367,https://www.koolearn.com/dict/wd_47367.html,3,Vocabulary 22000
economic,47914,https://www.koolearn.com/dict/wd_47914.html,3,Vocabulary 22000
fluctuate,58018,https://www.koolearn.com/dict/wd_58018.html,3,Vocabulary 22000
intellectual,78246,https://www.koolearn.com/dict/wd_78246.html,1,Vocabulary 5000
principle,117537,https://www.koolearn.com/dict/wd_117537.html,2,Vocabulary 10000
regulate,124172,https://www.koolearn.com/dict/wd_124172.html,1,Vocabulary 5000
accumulate,1413,https://www.koolearn.com/dict/wd_1413.html,1,Vocabulary 5000
compromise,32538,https://www.koolearn.com/dict/wd_32538.html,1,Vocabulary 5000
accelerate,1126,https://www.koolearn.com/dict/wd_1126.html,2,Vocabulary 10000
accurate,1427,https://www.koolearn.com/dict/wd_1427.html,1,Vocabulary 5000
congestion,33226,https://www.koolearn.com/dict/wd_33226.html,2,Vocabulary 10000
dominate,45264,https://www.koolearn.com/dict/wd_45264.html,1,Vocabulary 5000
elaborate,48551,https://www.koolearn.com/dict/wd_48551.html,1,Vocabulary 5000
establish,51854,https://www.koolearn.com/dict/wd_51854.html,1,Vocabulary 5000
expert,53409,https://www.koolearn.com/dict/wd_53409.html,1,Vocabulary 5000
extreme,53860,https://www.koolearn.com/dict/wd_53860.html,1,Vocabulary 5000
fatigue,55060,https://www.koolearn.com/dict/wd_55060.html,1,Vocabulary 5000
inevitable,76998,https://www.koolearn.com/dict/wd_76998.html,1,Vocabulary 5000
maximum,92461,https://www.koolearn.com/dict/wd_92461.html,1,Vocabulary 5000
moral,96908,https://www.koolearn.com/dict/wd_96908.html,2,Vocabulary 10000
pollution,114822,https://www.koolearn.com/dict/wd_114822.html,2,Vocabulary 10000
preliminary,116696,https://www.koolearn.com/dict/wd_116696.html,1,Vocabulary 5000
sustain,145856,https://www.koolearn.com/dict/wd_145856.html,1,Vocabulary 5000
violent,162146,https://www.koolearn.com/dict/wd_162146.html,1,Vocabulary 5000
disaster,43449,https://www.koolearn.com/dict/wd_43449.html,1,Vocabulary 5000
absorb,902,https://www.koolearn.com/dict/wd_902.html,1,Vocabulary 5000
redundant,123581,https://www.koolearn.com/dict/wd_123581.html,2,Vocabulary 10000
damage,38656,https://www.koolearn.com/dict/wd_38656.html,2,Vocabulary 10000
devastate,41996,https://www.koolearn.com/dict/wd_41996.html,2,Vocabulary 10000
evaluate,52386,https://www.koolearn.com/dict/wd_52386.html,2,Vocabulary 10000
extract,53779,https://www.koolearn.com/dict/wd_53779.html,1,Vocabulary 5000
feasible,55256,https://www.koolearn.com/dict/wd_55256.html,2,Vocabulary 10000
fragile,59601,https://www.koolearn.com/dict/wd_59601.html,1,Vocabulary 5000
hostile,72182,https://www.koolearn.com/dict/wd_72182.html,1,Vocabulary 5000
indulge,76855,https://www.koolearn.com/dict/wd_76855.html,1,Vocabulary 5000
initiative,77546,https://www.koolearn.com/dict/wd_77546.html,1,Vocabulary 5000
interior,78497,https://www.koolearn.com/dict/wd_78497.html,1,Vocabulary 5000
link,87259,https://www.koolearn.com/dict/wd_87259.html,1,Vocabulary 5000
literacy,87516,https://www.koolearn.com/dict/wd_87516.html,3,Vocabulary 22000
lounge,88838,https://www.koolearn.com/dict/wd_88838.html,1,Vocabulary 5000
personnel,111184,https://www.koolearn.com/dict/wd_111184.html,2,Vocabulary 10000
prohibit,118096,https://www.koolearn.com/dict/wd_118096.html,1,Vocabulary 5000
sample,129867,https://www.koolearn.com/dict/wd_129867.html,1,Vocabulary 5000
session,133648,https://www.koolearn.com/dict/wd_133648.html,2,Vocabulary 10000
compulsory,32555,https://www.koolearn.com/dict/wd_32555.html,1,Vocabulary 5000
deprive,41325,https://www.koolearn.com/dict/wd_41325.html,1,Vocabulary 5000
obstacle,102874,https://www.koolearn.com/dict/wd_102874.html,1,Vocabulary 5000
significant,135791,https://www.koolearn.com/dict/wd_135791.html,1,Vocabulary 5000
acquire,1775,https://www.koolearn.com/dict/wd_1775.html,1,Vocabulary 5000
context,33894,https://www.koolearn.com/dict/wd_33894.html,1,Vocabulary 5000
discharge,43521,https://www.koolearn.com/dict/wd_43521.html,1,Vocabulary 5000
endanger,49948,https://www.koolearn.com/dict/wd_49948.html,1,Vocabulary 5000
facilitate,54151,https://www.koolearn.com/dict/wd_54151.html,1,Vocabulary 5000
instinct,78065,https://www.koolearn.com/dict/wd_78065.html,2,Vocabulary 10000
massive,92077,https://www.koolearn.com/dict/wd_92077.html,1,Vocabulary 5000
minority,95141,https://www.koolearn.com/dict/wd_95141.html,1,Vocabulary 5000
reluctant,124597,https://www.koolearn.com/dict/wd_124597.html,1,Vocabulary 5000
remarkable,124648,https://www.koolearn.com/dict/wd_124648.html,1,Vocabulary 5000
reputation,125355,https://www.koolearn.com/dict/wd_125355.html,1,Vocabulary 5000
tropical,155167,https://www.koolearn.com/dict/wd_155167.html,1,Vocabulary 5000
temporary,149006,https://www.koolearn.com/dict/wd_149006.html,1,Vocabulary 5000
acknowledge,1674,https://www.koolearn.com/dict/wd_1674.html,1,Vocabulary 5000
adapt,2097,https://www.koolearn.com/dict/wd_2097.html,1,Vocabulary 5000
address,2193,https://www.koolearn.com/dict/wd_2193.html,2,Vocabulary 10000
advocate,2802,https://www.koolearn.com/dict/wd_2802.html,1,Vocabulary 5000
affect,3026,https://www.koolearn.com/dict/wd_3026.html,2,Vocabulary 10000
astronomy,10314,https://www.koolearn.com/dict/wd_10314.html,1,Vocabulary 5000
ban,12988,https://www.koolearn.com/dict/wd_12988.html,1,Vocabulary 5000
debate,39466,https://www.koolearn.com/dict/wd_39466.html,1,Vocabulary 5000
disease,43726,https://www.koolearn.com/dict/wd_43726.html,2,Vocabulary 10000
diverse,44594,https://www.koolearn.com/dict/wd_44594.html,2,Vocabulary 10000
elusive,49098,https://www.koolearn.com/dict/wd_49098.html,2,Vocabulary 10000
epidemic,51050,https://www.koolearn.com/dict/wd_51050.html,3,Vocabulary 22000
equivalent,51370,https://www.koolearn.com/dict/wd_51370.html,1,Vocabulary 5000
evaluation,52391,https://www.koolearn.com/dict/wd_52391.html,2,Vocabulary 10000
hazard,68920,https://www.koolearn.com/dict/wd_68920.html,1,Vocabulary 5000
intact,78198,https://www.koolearn.com/dict/wd_78198.html,2,Vocabulary 10000
migrate,94599,https://www.koolearn.com/dict/wd_94599.html,3,Vocabulary 22000
modify,96086,https://www.koolearn.com/dict/wd_96086.html,1,Vocabulary 5000
predict,116508,https://www.koolearn.com/dict/wd_116508.html,1,Vocabulary 5000
rational,122131,https://www.koolearn.com/dict/wd_122131.html,1,Vocabulary 5000
reverse,126360,https://www.koolearn.com/dict/wd_126360.html,1,Vocabulary 5000
superior,145297,https://www.koolearn.com/dict/wd_145297.html,1,Vocabulary 5000
symbol,146484,https://www.koolearn.com/dict/wd_146484.html,1,Vocabulary 5000
trait,153856,https://www.koolearn.com/dict/wd_153856.html,1,Vocabulary 5000
viable,161720,https://www.koolearn.com/dict/wd_161720.html,2,Vocabulary 10000
emerge,49382,https://www.koolearn.com/dict/wd_49382.html,1,Vocabulary 5000
antibiotic,7236,https://www.koolearn.com/dict/wd_7236.html,3,Vocabulary 22000
concert,32754,https://www.koolearn.com/dict/wd_32754.html,2,Vocabulary 10000
confident,33071,https://www.koolearn.com/dict/wd_33071.html,2,Vocabulary 10000
exclude,52886,https://www.koolearn.com/dict/wd_52886.html,1,Vocabulary 5000
independent,76593,https://www.koolearn.com/dict/wd_76593.html,1,Vocabulary 5000
inhabitant,77441,https://www.koolearn.com/dict/wd_77441.html,2,Vocabulary 10000
location,87997,https://www.koolearn.com/dict/wd_87997.html,1,Vocabulary 5000
persuade,111210,https://www.koolearn.com/dict/wd_111210.html,2,Vocabulary 10000
retail,125945,https://www.koolearn.com/dict/wd_125945.html,1,Vocabulary 5000
substantial,144415,https://www.koolearn.com/dict/wd_144415.html,2,Vocabulary 10000
versatile,161510,https://www.koolearn.com/dict/wd_161510.html,2,Vocabulary 10000
annual,6812,https://www.koolearn.com/dict/wd_6812.html,1,Vocabulary 5000
applicant,8066,https://www.koolearn.com/dict/wd_8066.html,1,Vocabulary 5000
council,35455,https://www.koolearn.com/dict/wd_35455.html,2,Vocabulary 10000
devote,42109,https://www.koolearn.com/dict/wd_42109.html,2,Vocabulary 10000
exterior,53682,https://www.koolearn.com/dict/wd_53682.html,1,Vocabulary 5000
fiction,56052,https://www.koolearn.com/dict/wd_56052.html,1,Vocabulary 5000
isolate,79918,https://www.koolearn.com/dict/wd_79918.html,1,Vocabulary 5000
prescribe,116926,https://www.koolearn.com/dict/wd_116926.html,2,Vocabulary 10000
radical,121331,https://www.koolearn.com/dict/wd_121331.html,1,Vocabulary 5000
revenue,126325,https://www.koolearn.com/dict/wd_126325.html,1,Vocabulary 5000
superficial,145249,https://www.koolearn.com/dict/wd_145249.html,1,Vocabulary 5000
tackle,146997,https://www.koolearn.com/dict/wd_146997.html,1,Vocabulary 5000
transmit,154138,https://www.koolearn.com/dict/wd_154138.html,1,Vocabulary 5000
valuable,160648,https://www.koolearn.com/dict/wd_160648.html,1,Vocabulary 5000
withdraw,166147,https://www.koolearn.com/dict/wd_166147.html,3,Vocabulary 22000
beneficial,16085,https://www.koolearn.com/dict/wd_16085.html,1,Vocabulary 5000
automatic,11478,https://www.koolearn.com/dict/wd_11478.html,1,Vocabulary 5000
controversy,34128,https://www.koolearn.com/dict/wd_34128.html,1,Vocabulary 5000
distract,44434,https://www.koolearn.com/dict/wd_44434.html,1,Vocabulary 5000
athlete,10691,https://www.koolearn.com/dict/wd_10691.html,1,Vocabulary 5000
combine,31590,https://www.koolearn.com/dict/wd_31590.html,2,Vocabulary 10000
compatible,32269,https://www.koolearn.com/dict/wd_32269.html,3,Vocabulary 22000
contrast,34063,https://www.koolearn.com/dict/wd_34063.html,2,Vocabulary 10000
corrupt,35064,https://www.koolearn.com/dict/wd_35064.html,1,Vocabulary 5000
eventually,52497,https://www.koolearn.com/dict/wd_52497.html,1,Vocabulary 5000
explicit,53467,https://www.koolearn.com/dict/wd_53467.html,2,Vocabulary 10000
illegal,74258,https://www.koolearn.com/dict/wd_74258.html,1,Vocabulary 5000
manual,91378,https://www.koolearn.com/dict/wd_91378.html,3,Vocabulary 22000
observe,102848,https://www.koolearn.com/dict/wd_102848.html,1,Vocabulary 5000
precise,116400,https://www.koolearn.com/dict/wd_116400.html,1,Vocabulary 5000
reflect,123778,https://www.koolearn.com/dict/wd_123778.html,1,Vocabulary 5000
suppress,145528,https://www.koolearn.com/dict/wd_145528.html,1,Vocabulary 5000
variable,160834,https://www.koolearn.com/dict/wd_160834.html,1,Vocabulary 5000
manipulate,91250,https://www.koolearn.com/dict/wd_91250.html,2,Vocabulary 10000
reasonable,122668,https://www.koolearn.com/dict/wd_122668.html,1,Vocabulary 5000
assign,10059,https://www.koolearn.com/dict/wd_10059.html,1,Vocabulary 5000
bias,16698,https://www.koolearn.com/dict/wd_16698.html,2,Vocabulary 10000
casual,25452,https://www.koolearn.com/dict/wd_25452.html,1,Vocabulary 5000
coordinate,34438,https://www.koolearn.com/dict/wd_34438.html,1,Vocabulary 5000
determine,41884,https://www.koolearn.com/dict/wd_41884.html,2,Vocabulary 10000
entrance,50753,https://www.koolearn.com/dict/wd_50753.html,1,Vocabulary 5000
focus,58304,https://www.koolearn.com/dict/wd_58304.html,2,Vocabulary 10000
genius,62549,https://www.koolearn.com/dict/wd_62549.html,1,Vocabulary 5000
intimate,78944,https://www.koolearn.com/dict/wd_78944.html,2,Vocabulary 10000
marine,91631,https://www.koolearn.com/dict/wd_91631.html,1,Vocabulary 5000
natural,99320,https://www.koolearn.com/dict/wd_99320.html,1,Vocabulary 5000
personal,111133,https://www.koolearn.com/dict/wd_111133.html,2,Vocabulary 10000
phase,111615,https://www.koolearn.com/dict/wd_111615.html,1,Vocabulary 5000
postgraduate,115693,https://www.koolearn.com/dict/wd_115693.html,3,Vocabulary 22000
profession,117944,https://www.koolearn.com/dict/wd_117944.html,1,Vocabulary 5000
profound,118024,https://www.koolearn.com/dict/wd_118024.html,1,Vocabulary 5000
restore,125840,https://www.koolearn.com/dict/wd_125840.html,1,Vocabulary 5000
scatter,130869,https://www.koolearn.com/dict/wd_130869.html,1,Vocabulary 5000
site,136430,https://www.koolearn.com/dict/wd_136430.html,1,Vocabulary 5000
stock,142743,https://www.koolearn.com/dict/wd_142743.html,1,Vocabulary 5000
thesis,150423,https://www.koolearn.com/dict/wd_150423.html,3,Vocabulary 22000
vertical,161552,https://www.koolearn.com/dict/wd_161552.html,1,Vocabulary 5000
vivid,162494,https://www.koolearn.com/dict/wd_162494.html,1,Vocabulary 5000
exclusive,52898,https://www.koolearn.com/dict/wd_52898.html,1,Vocabulary 5000
publicity,119313,https://www.koolearn.com/dict/wd_119313.html,1,Vocabulary 5000
secure,132263,https://www.koolearn.com/dict/wd_132263.html,1,Vocabulary 5000
bilingual,17027,https://www.koolearn.com/dict/wd_17027.html,3,Vocabulary 22000
capture,24461,https://www.koolearn.com/dict/wd_24461.html,1,Vocabulary 5000
classify,29553,https://www.koolearn.com/dict/wd_29553.html,1,Vocabulary 5000
combat,31562,https://www.koolearn.com/dict/wd_31562.html,2,Vocabulary 10000
commute,32163,https://www.koolearn.com/dict/wd_32163.html,3,Vocabulary 22000
confine,33092,https://www.koolearn.com/dict/wd_33092.html,3,Vocabulary 22000
consume,33754,https://www.koolearn.com/dict/wd_33754.html,1,Vocabulary 5000
crack,36029,https://www.koolearn.com/dict/wd_36029.html,2,Vocabulary 10000
dump,47019,https://www.koolearn.com/dict/wd_47019.html,1,Vocabulary 5000
effect,48253,https://www.koolearn.com/dict/wd_48253.html,2,Vocabulary 10000
fertile,55783,https://www.koolearn.com/dict/wd_55783.html,1,Vocabulary 5000
historical,70960,https://www.koolearn.com/dict/wd_70960.html,2,Vocabulary 10000
humidity,72727,https://www.koolearn.com/dict/wd_72727.html,2,Vocabulary 10000
loyal,89046,https://www.koolearn.com/dict/wd_89046.html,1,Vocabulary 5000
margin,91576,https://www.koolearn.com/dict/wd_91576.html,1,Vocabulary 5000
miserable,95422,https://www.koolearn.com/dict/wd_95422.html,1,Vocabulary 5000
precaution,116337,https://www.koolearn.com/dict/wd_116337.html,1,Vocabulary 5000
sensation,133151,https://www.koolearn.com/dict/wd_133151.html,1,Vocabulary 5000
stimulus,142636,https://www.koolearn.com/dict/wd_142636.html,2,Vocabulary 10000
donate,45314,https://www.koolearn.com/dict/wd_45314.html,1,Vocabulary 5000
accommodate,1258,https://www.koolearn.com/dict/wd_1258.html,1,Vocabulary 5000
acute,2035,https://www.koolearn.com/dict/wd_2035.html,1,Vocabulary 5000
advance,2670,https://www.koolearn.com/dict/wd_2670.html,1,Vocabulary 5000
code,30771,https://www.koolearn.com/dict/wd_30771.html,1,Vocabulary 5000
compare,32225,https://www.koolearn.com/dict/wd_32225.html,2,Vocabulary 10000
concept,32715,https://www.koolearn.com/dict/wd_32715.html,1,Vocabulary 5000
deficiency,40190,https://www.koolearn.com/dict/wd_40190.html,1,Vocabulary 5000
digital,42777,https://www.koolearn.com/dict/wd_42777.html,2,Vocabulary 10000
flow,57960,https://www.koolearn.com/dict/wd_57960.html,2,Vocabulary 10000
fluid,58047,https://www.koolearn.com/dict/wd_58047.html,3,Vocabulary 22000
identical,73943,https://www.koolearn.com/dict/wd_73943.html,1,Vocabulary 5000
legitimate,85813,https://www.koolearn.com/dict/wd_85813.html,1,Vocabulary 5000
prevent,117236,https://www.koolearn.com/dict/wd_117236.html,1,Vocabulary 5000
prolong,118180,https://www.koolearn.com/dict/wd_118180.html,1,Vocabulary 5000
register,124057,https://www.koolearn.com/dict/wd_124057.html,2,Vocabulary 10000
ritual,127384,https://www.koolearn.com/dict/wd_127384.html,2,Vocabulary 10000
survive,145789,https://www.koolearn.com/dict/wd_145789.html,1,Vocabulary 5000
tendency,149074,https://www.koolearn.com/dict/wd_149074.html,1,Vocabulary 5000
tourist,153366,https://www.koolearn.com/dict/wd_153366.html,1,Vocabulary 5000
violate,162135,https://www.koolearn.com/dict/wd_162135.html,1,Vocabulary 5000
cliff,29840,https://www.koolearn.com/dict/wd_29840.html,1,Vocabulary 5000
economical,47957,https://www.koolearn.com/dict/wd_47957.html,1,Vocabulary 5000
sensitive,133188,https://www.koolearn.com/dict/wd_133188.html,1,Vocabulary 5000
abundance,998,https://www.koolearn.com/dict/wd_998.html,1,Vocabulary 5000
adolescent,2535,https://www.koolearn.com/dict/wd_2535.html,2,Vocabulary 10000
antique,7453,https://www.koolearn.com/dict/wd_7453.html,2,Vocabulary 10000
decent,39670,https://www.koolearn.com/dict/wd_39670.html,2,Vocabulary 10000
embrace,49306,https://www.koolearn.com/dict/wd_49306.html,1,Vocabulary 5000
extravagant,53842,https://www.koolearn.com/dict/wd_53842.html,3,Vocabulary 22000
fantastic,54729,https://www.koolearn.com/dict/wd_54729.html,3,Vocabulary 22000
flood,57822,https://www.koolearn.com/dict/wd_57822.html,1,Vocabulary 5000
gym,66967,https://www.koolearn.com/dict/wd_66967.html,2,Vocabulary 10000
patent,109322,https://www.koolearn.com/dict/wd_109322.html,2,Vocabulary 10000
pursuit,119941,https://www.koolearn.com/dict/wd_119941.html,1,Vocabulary 5000
regular,124140,https://www.koolearn.com/dict/wd_124140.html,2,Vocabulary 10000
religious,124558,https://www.koolearn.com/dict/wd_124558.html,1,Vocabulary 5000
sharp,134264,https://www.koolearn.com/dict/wd_134264.html,1,Vocabulary 5000
sociable,138403,https://www.koolearn.com/dict/wd_138403.html,1,Vocabulary 5000
synthetic,146737,https://www.koolearn.com/dict/wd_146737.html,3,Vocabulary 22000
underestimate,157544,https://www.koolearn.com/dict/wd_157544.html,1,Vocabulary 5000
warehouse,163524,https://www.koolearn.com/dict/wd_163524.html,2,Vocabulary 10000
waste,163736,https://www.koolearn.com/dict/wd_163736.html,1,Vocabulary 5000
hinder,70781,https://www.koolearn.com/dict/wd_70781.html,1,Vocabulary 5000
obscure,102818,https://www.koolearn.com/dict/wd_102818.html,1,Vocabulary 5000
revise,126427,https://www.koolearn.com/dict/wd_126427.html,1,Vocabulary 5000
argument,8834,https://www.koolearn.com/dict/wd_8834.html,2,Vocabulary 10000
calculate,23380,https://www.koolearn.com/dict/wd_23380.html,1,Vocabulary 5000
correspond,35014,https://www.koolearn.com/dict/wd_35014.html,3,Vocabulary 22000
demolish,40845,https://www.koolearn.com/dict/wd_40845.html,3,Vocabulary 22000
descend,41505,https://www.koolearn.com/dict/wd_41505.html,1,Vocabulary 5000
devise,42081,https://www.koolearn.com/dict/wd_42081.html,1,Vocabulary 5000
eligible,48944,https://www.koolearn.com/dict/wd_48944.html,2,Vocabulary 10000
encyclopedia,49908,https://www.koolearn.com/dict/wd_49908.html,3,Vocabulary 22000
entrepreneur,50790,https://www.koolearn.com/dict/wd_50790.html,3,Vocabulary 22000
impede,74743,https://www.koolearn.com/dict/wd_74743.html,1,Vocabulary 5000
income,76284,https://www.koolearn.com/dict/wd_76284.html,1,Vocabulary 5000
information,77278,https://www.koolearn.com/dict/wd_77278.html,2,Vocabulary 10000
master,92094,https://www.koolearn.com/dict/wd_92094.html,1,Vocabulary 5000
monotonous,96690,https://www.koolearn.com/dict/wd_96690.html,2,Vocabulary 10000
mutual,98510,https://www.koolearn.com/dict/wd_98510.html,1,Vocabulary 5000
noble,101064,https://www.koolearn.com/dict/wd_101064.html,1,Vocabulary 5000
optimism,104965,https://www.koolearn.com/dict/wd_104965.html,1,Vocabulary 5000
oral,105025,https://www.koolearn.com/dict/wd_105025.html,2,Vocabulary 10000
pregnant,116646,https://www.koolearn.com/dict/wd_116646.html,1,Vocabulary 5000
reduce,123552,https://www.koolearn.com/dict/wd_123552.html,1,Vocabulary 5000
reward,126517,https://www.koolearn.com/dict/wd_126517.html,1,Vocabulary 5000
separate,133272,https://www.koolearn.com/dict/wd_133272.html,1,Vocabulary 5000
signal,135747,https://www.koolearn.com/dict/wd_135747.html,2,Vocabulary 10000
speculate,139981,https://www.koolearn.com/dict/wd_139981.html,2,Vocabulary 10000
tradition,153729,https://www.koolearn.com/dict/wd_153729.html,1,Vocabulary 5000
undergraduate,157572,https://www.koolearn.com/dict/wd_157572.html,3,Vocabulary 22000
vacuum,160470,https://www.koolearn.com/dict/wd_160470.html,1,Vocabulary 5000
valid,160598,https://www.koolearn.com/dict/wd_160598.html,1,Vocabulary 5000
upset,159842,https://www.koolearn.com/dict/wd_159842.html,1,Vocabulary 5000
adult,2640,https://www.koolearn.com/dict/wd_2640.html,1,Vocabulary 5000
adverse,2734,https://www.koolearn.com/dict/wd_2734.html,2,Vocabulary 10000
array,9129,https://www.koolearn.com/dict/wd_9129.html,1,Vocabulary 5000
assemble,9975,https://www.koolearn.com/dict/wd_9975.html,2,Vocabulary 10000
attach,10863,https://www.koolearn.com/dict/wd_10863.html,1,Vocabulary 5000
awful,11865,https://www.koolearn.com/dict/wd_11865.html,1,Vocabulary 5000
bargain,13396,https://www.koolearn.com/dict/wd_13396.html,1,Vocabulary 5000
basement,13725,https://www.koolearn.com/dict/wd_13725.html,1,Vocabulary 5000
conquer,33432,https://www.koolearn.com/dict/wd_33432.html,1,Vocabulary 5000
deny,41105,https://www.koolearn.com/dict/wd_41105.html,1,Vocabulary 5000
digest,42751,https://www.koolearn.com/dict/wd_42751.html,2,Vocabulary 10000
dismiss,44005,https://www.koolearn.com/dict/wd_44005.html,1,Vocabulary 5000
drastic,46115,https://www.koolearn.com/dict/wd_46115.html,1,Vocabulary 5000
endure,50115,https://www.koolearn.com/dict/wd_50115.html,1,Vocabulary 5000
fabric,54064,https://www.koolearn.com/dict/wd_54064.html,1,Vocabulary 5000
feather,55270,https://www.koolearn.com/dict/wd_55270.html,1,Vocabulary 5000
gorgeous,65043,https://www.koolearn.com/dict/wd_65043.html,1,Vocabulary 5000
improve,75085,https://www.koolearn.com/dict/wd_75085.html,1,Vocabulary 5000
incredible,76435,https://www.koolearn.com/dict/wd_76435.html,1,Vocabulary 5000
indispensable,76732,https://www.koolearn.com/dict/wd_76732.html,3,Vocabulary 22000
infant,77048,https://www.koolearn.com/dict/wd_77048.html,1,Vocabulary 5000
invade,79181,https://www.koolearn.com/dict/wd_79181.html,1,Vocabulary 5000
mushroom,98322,https://www.koolearn.com/dict/wd_98322.html,2,Vocabulary 10000
postpone,115744,https://www.koolearn.com/dict/wd_115744.html,1,Vocabulary 5000
resist,125621,https://www.koolearn.com/dict/wd_125621.html,1,Vocabulary 5000
rigid,127097,https://www.koolearn.com/dict/wd_127097.html,1,Vocabulary 5000
safety,129373,https://www.koolearn.com/dict/wd_129373.html,2,Vocabulary 10000
shallow,134120,https://www.koolearn.com/dict/wd_134120.html,1,Vocabulary 5000
systematic,146794,https://www.koolearn.com/dict/wd_146794.html,1,Vocabulary 5000
technique,148551,https://www.koolearn.com/dict/wd_148551.html,1,Vocabulary 5000
thrive,150874,https://www.koolearn.com/dict/wd_150874.html,1,Vocabulary 5000
upgrade,159726,https://www.koolearn.com/dict/wd_159726.html,3,Vocabulary 22000
essence,51830,https://www.koolearn.com/dict/wd_51830.html,1,Vocabulary 5000
prejudice,116673,https://www.koolearn.com/dict/wd_116673.html,1,Vocabulary 5000
recall,122809,https://www.koolearn.com/dict/wd_122809.html,1,Vocabulary 5000
remain,124616,https://www.koolearn.com/dict/wd_124616.html,1,Vocabulary 5000
abnormal,658,https://www.koolearn.com/dict/wd_658.html,1,Vocabulary 5000
admit,2493,https://www.koolearn.com/dict/wd_2493.html,1,Vocabulary 5000
aggression,3438,https://www.koolearn.com/dict/wd_3438.html,1,Vocabulary 5000
approximate,8236,https://www.koolearn.com/dict/wd_8236.html,1,Vocabulary 5000
assure,10181,https://www.koolearn.com/dict/wd_10181.html,2,Vocabulary 10000
blame,17860,https://www.koolearn.com/dict/wd_17860.html,2,Vocabulary 10000
compact,32178,https://www.koolearn.com/dict/wd_32178.html,3,Vocabulary 22000
comprehend,32501,https://www.koolearn.com/dict/wd_32501.html,1,Vocabulary 5000
deem,40011,https://www.koolearn.com/dict/wd_40011.html,1,Vocabulary 5000
desire,41637,https://www.koolearn.com/dict/wd_41637.html,1,Vocabulary 5000
fancy,54669,https://www.koolearn.com/dict/wd_54669.html,3,Vocabulary 22000
finite,56632,https://www.koolearn.com/dict/wd_56632.html,1,Vocabulary 5000
impair,74658,https://www.koolearn.com/dict/wd_74658.html,2,Vocabulary 10000
insufficient,78128,https://www.koolearn.com/dict/wd_78128.html,1,Vocabulary 5000
modest,96071,https://www.koolearn.com/dict/wd_96071.html,2,Vocabulary 10000
normal,101751,https://www.koolearn.com/dict/wd_101751.html,1,Vocabulary 5000
notable,101990,https://www.koolearn.com/dict/wd_101990.html,1,Vocabulary 5000
optional,104982,https://www.koolearn.com/dict/wd_104982.html,2,Vocabulary 10000
outstanding,106362,https://www.koolearn.com/dict/wd_106362.html,2,Vocabulary 10000
pasture,109274,https://www.koolearn.com/dict/wd_109274.html,1,Vocabulary 5000
primitive,117465,https://www.koolearn.com/dict/wd_117465.html,1,Vocabulary 5000
render,124842,https://www.koolearn.com/dict/wd_124842.html,1,Vocabulary 5000
respect,125712,https://www.koolearn.com/dict/wd_125712.html,1,Vocabulary 5000
version,161528,https://www.koolearn.com/dict/wd_161528.html,1,Vocabulary 5000
blend,18079,https://www.koolearn.com/dict/wd_18079.html,1,Vocabulary 5000
degrade,40369,https://www.koolearn.com/dict/wd_40369.html,1,Vocabulary 5000
praise,116167,https://www.koolearn.com/dict/wd_116167.html,1,Vocabulary 5000
abolish,673,https://www.koolearn.com/dict/wd_673.html,1,Vocabulary 5000
afflict,3098,https://www.koolearn.com/dict/wd_3098.html,2,Vocabulary 10000
assert,10012,https://www.koolearn.com/dict/wd_10012.html,1,Vocabulary 5000
attack,10881,https://www.koolearn.com/dict/wd_10881.html,1,Vocabulary 5000
authentic,11309,https://www.koolearn.com/dict/wd_11309.html,3,Vocabulary 22000
cartoon,25145,https://www.koolearn.com/dict/wd_25145.html,2,Vocabulary 10000
committee,32008,https://www.koolearn.com/dict/wd_32008.html,2,Vocabulary 10000
control,34103,https://www.koolearn.com/dict/wd_34103.html,1,Vocabulary 5000
culminate,37483,https://www.koolearn.com/dict/wd_37483.html,2,Vocabulary 10000
custom,37965,https://www.koolearn.com/dict/wd_37965.html,1,Vocabulary 5000
definite,40224,https://www.koolearn.com/dict/wd_40224.html,1,Vocabulary 5000
dense,41029,https://www.koolearn.com/dict/wd_41029.html,2,Vocabulary 10000
dizzy,44744,https://www.koolearn.com/dict/wd_44744.html,1,Vocabulary 5000
elastic,48579,https://www.koolearn.com/dict/wd_48579.html,1,Vocabulary 5000
endorse,50060,https://www.koolearn.com/dict/wd_50060.html,2,Vocabulary 10000
enforce,50196,https://www.koolearn.com/dict/wd_50196.html,2,Vocabulary 10000
fortune,59333,https://www.koolearn.com/dict/wd_59333.html,1,Vocabulary 5000
friction,60104,https://www.koolearn.com/dict/wd_60104.html,3,Vocabulary 22000
garbage,61756,https://www.koolearn.com/dict/wd_61756.html,1,Vocabulary 5000
harmful,68284,https://www.koolearn.com/dict/wd_68284.html,1,Vocabulary 5000
nourish,102109,https://www.koolearn.com/dict/wd_102109.html,1,Vocabulary 5000
order,105141,https://www.koolearn.com/dict/wd_105141.html,1,Vocabulary 5000
outlook,106195,https://www.koolearn.com/dict/wd_106195.html,3,Vocabulary 22000
prominent,118202,https://www.koolearn.com/dict/wd_118202.html,1,Vocabulary 5000
prone,118272,https://www.koolearn.com/dict/wd_118272.html,2,Vocabulary 10000
proof,118304,https://www.koolearn.com/dict/wd_118304.html,2,Vocabulary 10000
prototype,118751,https://www.koolearn.com/dict/wd_118751.html,3,Vocabulary 22000
punctual,119668,https://www.koolearn.com/dict/wd_119668.html,1,Vocabulary 5000
realm,122575,https://www.koolearn.com/dict/wd_122575.html,1,Vocabulary 5000
resolve,125665,https://www.koolearn.com/dict/wd_125665.html,3,Vocabulary 22000
roam,127505,https://www.koolearn.com/dict/wd_127505.html,1,Vocabulary 5000
rubbish,128580,https://www.koolearn.com/dict/wd_128580.html,2,Vocabulary 10000
scholar,131057,https://www.koolearn.com/dict/wd_131057.html,1,Vocabulary 5000
tenant,149059,https://www.koolearn.com/dict/wd_149059.html,1,Vocabulary 5000
urgent,160074,https://www.koolearn.com/dict/wd_160074.html,1,Vocabulary 5000
vacation,160431,https://www.koolearn.com/dict/wd_160431.html,2,Vocabulary 10000
coherent,30997,https://www.koolearn.com/dict/wd_30997.html,2,Vocabulary 10000
coincide,31042,https://www.koolearn.com/dict/wd_31042.html,1,Vocabulary 5000
counsel,35464,https://www.koolearn.com/dict/wd_35464.html,1,Vocabulary 5000
evoke,52626,https://www.koolearn.com/dict/wd_52626.html,2,Vocabulary 10000
menace,93345,https://www.koolearn.com/dict/wd_93345.html,1,Vocabulary 5000
trivial,155054,https://www.koolearn.com/dict/wd_155054.html,1,Vocabulary 5000
administer,2436,https://www.koolearn.com/dict/wd_2436.html,1,Vocabulary 5000
aggravate,3404,https://www.koolearn.com/dict/wd_3404.html,1,Vocabulary 5000
bond,19148,https://www.koolearn.com/dict/wd_19148.html,1,Vocabulary 5000
compete,32306,https://www.koolearn.com/dict/wd_32306.html,2,Vocabulary 10000
democracy,40821,https://www.koolearn.com/dict/wd_40821.html,3,Vocabulary 22000
divert,44611,https://www.koolearn.com/dict/wd_44611.html,2,Vocabulary 10000
era,51388,https://www.koolearn.com/dict/wd_51388.html,1,Vocabulary 5000
exhibit,53122,https://www.koolearn.com/dict/wd_53122.html,3,Vocabulary 22000
graphic,65542,https://www.koolearn.com/dict/wd_65542.html,3,Vocabulary 22000
grasp,65573,https://www.koolearn.com/dict/wd_65573.html,1,Vocabulary 5000
inclination,76241,https://www.koolearn.com/dict/wd_76241.html,1,Vocabulary 5000
luxurious,89530,https://www.koolearn.com/dict/wd_89530.html,2,Vocabulary 10000
perfume,110763,https://www.koolearn.com/dict/wd_110763.html,1,Vocabulary 5000
pressing,117076,https://www.koolearn.com/dict/wd_117076.html,3,Vocabulary 22000
resolution,125660,https://www.koolearn.com/dict/wd_125660.html,3,Vocabulary 22000
sight,135697,https://www.koolearn.com/dict/wd_135697.html,1,Vocabulary 5000
support,145495,https://www.koolearn.com/dict/wd_145495.html,1,Vocabulary 5000
unbiased,157019,https://www.koolearn.com/dict/wd_157019.html,3,Vocabulary 22000
verdict,161402,https://www.koolearn.com/dict/wd_161402.html,3,Vocabulary 22000
robust,127590,https://www.koolearn.com/dict/wd_127590.html,1,Vocabulary 5000
astronaut,10301,https://www.koolearn.com/dict/wd_10301.html,2,Vocabulary 10000
conform,33141,https://www.koolearn.com/dict/wd_33141.html,1,Vocabulary 5000
dependent,41188,https://www.koolearn.com/dict/wd_41188.html,1,Vocabulary 5000
simulate,136104,https://www.koolearn.com/dict/wd_136104.html,2,Vocabulary 10000
unanimous,156907,https://www.koolearn.com/dict/wd_156907.html,2,Vocabulary 10000
approval,8225,https://www.koolearn.com/dict/wd_8225.html,1,Vocabulary 5000
autonomy,11558,https://www.koolearn.com/dict/wd_11558.html,3,Vocabulary 22000
border,19477,https://www.koolearn.com/dict/wd_19477.html,1,Vocabulary 5000
cater,25676,https://www.koolearn.com/dict/wd_25676.html,2,Vocabulary 10000
chaos,27045,https://www.koolearn.com/dict/wd_27045.html,1,Vocabulary 5000
commence,31889,https://www.koolearn.com/dict/wd_31889.html,1,Vocabulary 5000
common,32036,https://www.koolearn.com/dict/wd_32036.html,1,Vocabulary 5000
dedicate,39973,https://www.koolearn.com/dict/wd_39973.html,1,Vocabulary 5000
depressed,41314,https://www.koolearn.com/dict/wd_41314.html,2,Vocabulary 10000
designate,41610,https://www.koolearn.com/dict/wd_41610.html,2,Vocabulary 10000
draw,46130,https://www.koolearn.com/dict/wd_46130.html,1,Vocabulary 5000
exert,53078,https://www.koolearn.com/dict/wd_53078.html,1,Vocabulary 5000
expenditure,53377,https://www.koolearn.com/dict/wd_53377.html,1,Vocabulary 5000
fascinate,54924,https://www.koolearn.com/dict/wd_54924.html,2,Vocabulary 10000
genuine,62621,https://www.koolearn.com/dict/wd_62621.html,1,Vocabulary 5000
hatch,68492,https://www.koolearn.com/dict/wd_68492.html,2,Vocabulary 10000
imperative,74774,https://www.koolearn.com/dict/wd_74774.html,3,Vocabulary 22000
inadequate,75999,https://www.koolearn.com/dict/wd_75999.html,1,Vocabulary 5000
intrigue,79066,https://www.koolearn.com/dict/wd_79066.html,1,Vocabulary 5000
laundry,85021,https://www.koolearn.com/dict/wd_85021.html,1,Vocabulary 5000
linguist,87243,https://www.koolearn.com/dict/wd_87243.html,2,Vocabulary 10000
mediocre,92916,https://www.koolearn.com/dict/wd_92916.html,2,Vocabulary 10000
notorious,102086,https://www.koolearn.com/dict/wd_102086.html,1,Vocabulary 5000
recover,123176,https://www.koolearn.com/dict/wd_123176.html,1,Vocabulary 5000
reservoir,125533,https://www.koolearn.com/dict/wd_125533.html,2,Vocabulary 10000
rudimentary,128662,https://www.koolearn.com/dict/wd_128662.html,2,Vocabulary 10000
spiritual,140429,https://www.koolearn.com/dict/wd_140429.html,2,Vocabulary 10000
training,153829,https://www.koolearn.com/dict/wd_153829.html,1,Vocabulary 5000
ultimately,156687,https://www.koolearn.com/dict/wd_156687.html,1,Vocabulary 5000
utility,160334,https://www.koolearn.com/dict/wd_160334.html,1,Vocabulary 5000
suspend,145822,https://www.koolearn.com/dict/wd_145822.html,1,Vocabulary 5000
horizontal,71975,https://www.koolearn.com/dict/wd_71975.html,1,Vocabulary 5000
illusion,74325,https://www.koolearn.com/dict/wd_74325.html,1,Vocabulary 5000
reality,122555,https://www.koolearn.com/dict/wd_122555.html,1,Vocabulary 5000
certify,26622,https://www.koolearn.com/dict/wd_26622.html,1,Vocabulary 5000
concession,32774,https://www.koolearn.com/dict/wd_32774.html,1,Vocabulary 5000
contradict,34024,https://www.koolearn.com/dict/wd_34024.html,2,Vocabulary 10000
coral,34641,https://www.koolearn.com/dict/wd_34641.html,2,Vocabulary 10000
delegate,40520,https://www.koolearn.com/dict/wd_40520.html,2,Vocabulary 10000
diameter,42353,https://www.koolearn.com/dict/wd_42353.html,3,Vocabulary 22000
harmony,68315,https://www.koolearn.com/dict/wd_68315.html,1,Vocabulary 5000
historic,70958,https://www.koolearn.com/dict/wd_70958.html,2,Vocabulary 10000
interpret,78770,https://www.koolearn.com/dict/wd_78770.html,1,Vocabulary 5000
latitude,84925,https://www.koolearn.com/dict/wd_84925.html,1,Vocabulary 5000
mansion,91334,https://www.koolearn.com/dict/wd_91334.html,1,Vocabulary 5000
martial,91895,https://www.koolearn.com/dict/wd_91895.html,3,Vocabulary 22000
naive,98913,https://www.koolearn.com/dict/wd_98913.html,3,Vocabulary 22000
noisy,101171,https://www.koolearn.com/dict/wd_101171.html,1,Vocabulary 5000
petroleum,111425,https://www.koolearn.com/dict/wd_111425.html,2,Vocabulary 10000
raise,121631,https://www.koolearn.com/dict/wd_121631.html,2,Vocabulary 10000
refine,123756,https://www.koolearn.com/dict/wd_123756.html,1,Vocabulary 5000
repel,125048,https://www.koolearn.com/dict/wd_125048.html,1,Vocabulary 5000
span,139652,https://www.koolearn.com/dict/wd_139652.html,2,Vocabulary 10000
specimen,139927,https://www.koolearn.com/dict/wd_139927.html,1,Vocabulary 5000
tiny,151677,https://www.koolearn.com/dict/wd_151677.html,1,Vocabulary 5000
tolerate,152596,https://www.koolearn.com/dict/wd_152596.html,1,Vocabulary 5000
tool,152820,https://www.koolearn.com/dict/wd_152820.html,1,Vocabulary 5000
trash,154273,https://www.koolearn.com/dict/wd_154273.html,2,Vocabulary 10000
via,161716,https://www.koolearn.com/dict/wd_161716.html,2,Vocabulary 10000
weather,164194,https://www.koolearn.com/dict/wd_164194.html,2,Vocabulary 10000
object,102714,https://www.koolearn.com/dict/wd_102714.html,1,Vocabulary 5000
simultaneous,136117,https://www.koolearn.com/dict/wd_136117.html,1,Vocabulary 5000
absurd,985,https://www.koolearn.com/dict/wd_985.html,1,Vocabulary 5000
adolescence,2533,https://www.koolearn.com/dict/wd_2533.html,2,Vocabulary 10000
affluent,3106,https://www.koolearn.com/dict/wd_3106.html,3,Vocabulary 22000
beat,15203,https://www.koolearn.com/dict/wd_15203.html,2,Vocabulary 10000
cab,22974,https://www.koolearn.com/dict/wd_22974.html,1,Vocabulary 5000
catastrophe,25556,https://www.koolearn.com/dict/wd_25556.html,2,Vocabulary 10000
censor,26256,https://www.koolearn.com/dict/wd_26256.html,2,Vocabulary 10000
compile,32338,https://www.koolearn.com/dict/wd_32338.html,2,Vocabulary 10000
continuous,33960,https://www.koolearn.com/dict/wd_33960.html,2,Vocabulary 10000
contrary,34061,https://www.koolearn.com/dict/wd_34061.html,1,Vocabulary 5000
departure,41160,https://www.koolearn.com/dict/wd_41160.html,2,Vocabulary 10000
fabulous,54081,https://www.koolearn.com/dict/wd_54081.html,2,Vocabulary 10000
formulate,59252,https://www.koolearn.com/dict/wd_59252.html,1,Vocabulary 5000
foyer,59553,https://www.koolearn.com/dict/wd_59553.html,3,Vocabulary 22000
fracture,59587,https://www.koolearn.com/dict/wd_59587.html,2,Vocabulary 10000
gather,62065,https://www.koolearn.com/dict/wd_62065.html,1,Vocabulary 5000
gross,66214,https://www.koolearn.com/dict/wd_66214.html,1,Vocabulary 5000
harvest,68409,https://www.koolearn.com/dict/wd_68409.html,1,Vocabulary 5000
incur,76494,https://www.koolearn.com/dict/wd_76494.html,2,Vocabulary 10000
invest,79276,https://www.koolearn.com/dict/wd_79276.html,1,Vocabulary 5000
kit,83066,https://www.koolearn.com/dict/wd_83066.html,2,Vocabulary 10000
legend,85766,https://www.koolearn.com/dict/wd_85766.html,1,Vocabulary 5000
manifest,91223,https://www.koolearn.com/dict/wd_91223.html,2,Vocabulary 10000
modern,96048,https://www.koolearn.com/dict/wd_96048.html,1,Vocabulary 5000
morale,96915,https://www.koolearn.com/dict/wd_96915.html,2,Vocabulary 10000
output,106248,https://www.koolearn.com/dict/wd_106248.html,3,Vocabulary 22000
receipt,122845,https://www.koolearn.com/dict/wd_122845.html,1,Vocabulary 5000
sanctuary,129923,https://www.koolearn.com/dict/wd_129923.html,2,Vocabulary 10000
sanitary,130047,https://www.koolearn.com/dict/wd_130047.html,2,Vocabulary 10000
slim,137221,https://www.koolearn.com/dict/wd_137221.html,1,Vocabulary 5000
splash,140491,https://www.koolearn.com/dict/wd_140491.html,1,Vocabulary 5000
statue,141971,https://www.koolearn.com/dict/wd_141971.html,2,Vocabulary 10000
video,161876,https://www.koolearn.com/dict/wd_161876.html,3,Vocabulary 22000
wander,163402,https://www.koolearn.com/dict/wd_163402.html,1,Vocabulary 5000
colossal,31466,https://www.koolearn.com/dict/wd_31466.html,2,Vocabulary 10000
feeble,55365,https://www.koolearn.com/dict/wd_55365.html,1,Vocabulary 5000
intensify,78298,https://www.koolearn.com/dict/wd_78298.html,1,Vocabulary 5000
liable,86416,https://www.koolearn.com/dict/wd_86416.html,1,Vocabulary 5000
literal,87518,https://www.koolearn.com/dict/wd_87518.html,1,Vocabulary 5000
sole,138768,https://www.koolearn.com/dict/wd_138768.html,1,Vocabulary 5000
withstand,166214,https://www.koolearn.com/dict/wd_166214.html,1,Vocabulary 5000
age,3323,https://www.koolearn.com/dict/wd_3323.html,2,Vocabulary 10000
ample,5831,https://www.koolearn.com/dict/wd_5831.html,1,Vocabulary 5000
awkward,11872,https://www.koolearn.com/dict/wd_11872.html,1,Vocabulary 5000
behalf,15697,https://www.koolearn.com/dict/wd_15697.html,1,Vocabulary 5000
beverage,16577,https://www.koolearn.com/dict/wd_16577.html,1,Vocabulary 5000
burglar,22217,https://www.koolearn.com/dict/wd_22217.html,1,Vocabulary 5000
calamity,23321,https://www.koolearn.com/dict/wd_23321.html,2,Vocabulary 10000
cast,25368,https://www.koolearn.com/dict/wd_25368.html,1,Vocabulary 5000
conspicuous,33614,https://www.koolearn.com/dict/wd_33614.html,1,Vocabulary 5000
dairy,38592,https://www.koolearn.com/dict/wd_38592.html,2,Vocabulary 10000
deliberate,40547,https://www.koolearn.com/dict/wd_40547.html,1,Vocabulary 5000
detach,41809,https://www.koolearn.com/dict/wd_41809.html,1,Vocabulary 5000
excavation,52768,https://www.koolearn.com/dict/wd_52768.html,2,Vocabulary 10000
exemplify,53046,https://www.koolearn.com/dict/wd_53046.html,2,Vocabulary 10000
feast,55260,https://www.koolearn.com/dict/wd_55260.html,1,Vocabulary 5000
forecast,58897,https://www.koolearn.com/dict/wd_58897.html,3,Vocabulary 22000
humid,72718,https://www.koolearn.com/dict/wd_72718.html,2,Vocabulary 10000
hygiene,73230,https://www.koolearn.com/dict/wd_73230.html,2,Vocabulary 10000
intervene,78888,https://www.koolearn.com/dict/wd_78888.html,3,Vocabulary 22000
mentor,93482,https://www.koolearn.com/dict/wd_93482.html,3,Vocabulary 22000
negotiate,99759,https://www.koolearn.com/dict/wd_99759.html,2,Vocabulary 10000
perpetual,111049,https://www.koolearn.com/dict/wd_111049.html,1,Vocabulary 5000
react,122396,https://www.koolearn.com/dict/wd_122396.html,1,Vocabulary 5000
rigorous,127113,https://www.koolearn.com/dict/wd_127113.html,1,Vocabulary 5000
sheer,134423,https://www.koolearn.com/dict/wd_134423.html,2,Vocabulary 10000
stationary,141946,https://www.koolearn.com/dict/wd_141946.html,2,Vocabulary 10000
swamp,145962,https://www.koolearn.com/dict/wd_145962.html,1,Vocabulary 5000
verbal,161355,https://www.koolearn.com/dict/wd_161355.html,2,Vocabulary 10000
wholesome,165323,https://www.koolearn.com/dict/wd_165323.html,1,Vocabulary 5000
mild,94629,https://www.koolearn.com/dict/wd_94629.html,1,Vocabulary 5000
affection,3037,https://www.koolearn.com/dict/wd_3037.html,2,Vocabulary 10000
ailment,3734,https://www.koolearn.com/dict/wd_3734.html,2,Vocabulary 10000
alert,4364,https://www.koolearn.com/dict/wd_4364.html,1,Vocabulary 5000
analogy,6058,https://www.koolearn.com/dict/wd_6058.html,2,Vocabulary 10000
appoint,8115,https://www.koolearn.com/dict/wd_8115.html,2,Vocabulary 10000
Arctic,8679,https://www.koolearn.com/dict/wd_8679.html,1,Vocabulary 5000
bend,16026,https://www.koolearn.com/dict/wd_16026.html,1,Vocabulary 5000
booth,19415,https://www.koolearn.com/dict/wd_19415.html,1,Vocabulary 5000
breeze,20679,https://www.koolearn.com/dict/wd_20679.html,1,Vocabulary 5000
concur,32871,https://www.koolearn.com/dict/wd_32871.html,2,Vocabulary 10000
contemplate,33834,https://www.koolearn.com/dict/wd_33834.html,1,Vocabulary 5000
diagnosis,42272,https://www.koolearn.com/dict/wd_42272.html,2,Vocabulary 10000
duplicate,47139,https://www.koolearn.com/dict/wd_47139.html,2,Vocabulary 10000
elite,48970,https://www.koolearn.com/dict/wd_48970.html,3,Vocabulary 22000
gap,61730,https://www.koolearn.com/dict/wd_61730.html,1,Vocabulary 5000
inhibit,77480,https://www.koolearn.com/dict/wd_77480.html,3,Vocabulary 22000
insert,77862,https://www.koolearn.com/dict/wd_77862.html,1,Vocabulary 5000
insist,77926,https://www.koolearn.com/dict/wd_77926.html,1,Vocabulary 5000
inspect,77966,https://www.koolearn.com/dict/wd_77966.html,1,Vocabulary 5000
invent,79231,https://www.koolearn.com/dict/wd_79231.html,1,Vocabulary 5000
jealous,80606,https://www.koolearn.com/dict/wd_80606.html,2,Vocabulary 10000
leap,85444,https://www.koolearn.com/dict/wd_85444.html,1,Vocabulary 5000
nasty,99193,https://www.koolearn.com/dict/wd_99193.html,1,Vocabulary 5000
nutritious,102532,https://www.koolearn.com/dict/wd_102532.html,2,Vocabulary 10000
orthodox,105477,https://www.koolearn.com/dict/wd_105477.html,3,Vocabulary 22000
paramount,108548,https://www.koolearn.com/dict/wd_108548.html,2,Vocabulary 10000
polar,114614,https://www.koolearn.com/dict/wd_114614.html,1,Vocabulary 5000
protect,118646,https://www.koolearn.com/dict/wd_118646.html,1,Vocabulary 5000
pulse,119571,https://www.koolearn.com/dict/wd_119571.html,2,Vocabulary 10000
shrewd,135251,https://www.koolearn.com/dict/wd_135251.html,1,Vocabulary 5000
situation,136460,https://www.koolearn.com/dict/wd_136460.html,2,Vocabulary 10000
slender,137140,https://www.koolearn.com/dict/wd_137140.html,1,Vocabulary 5000
stationery,141951,https://www.koolearn.com/dict/wd_141951.html,2,Vocabulary 10000
synthesis,146727,https://www.koolearn.com/dict/wd_146727.html,3,Vocabulary 22000
transcript,153976,https://www.koolearn.com/dict/wd_153976.html,2,Vocabulary 10000
width,165449,https://www.koolearn.com/dict/wd_165449.html,1,Vocabulary 5000
accuse,1442,https://www.koolearn.com/dict/wd_1442.html,1,Vocabulary 5000
fluent,58030,https://www.koolearn.com/dict/wd_58030.html,1,Vocabulary 5000
shatter,134304,https://www.koolearn.com/dict/wd_134304.html,1,Vocabulary 5000
vocation,162582,https://www.koolearn.com/dict/wd_162582.html,1,Vocabulary 5000
advice,2771,https://www.koolearn.com/dict/wd_2771.html,1,Vocabulary 5000
alien,4491,https://www.koolearn.com/dict/wd_4491.html,1,Vocabulary 5000
appetite,8022,https://www.koolearn.com/dict/wd_8022.html,1,Vocabulary 5000
bold,19014,https://www.koolearn.com/dict/wd_19014.html,1,Vocabulary 5000
botany,19641,https://www.koolearn.com/dict/wd_19641.html,1,Vocabulary 5000
bulk,21889,https://www.koolearn.com/dict/wd_21889.html,2,Vocabulary 10000
bulletin,21946,https://www.koolearn.com/dict/wd_21946.html,1,Vocabulary 5000
bunch,22065,https://www.koolearn.com/dict/wd_22065.html,1,Vocabulary 5000
chip,28108,https://www.koolearn.com/dict/wd_28108.html,1,Vocabulary 5000
clarify,29481,https://www.koolearn.com/dict/wd_29481.html,1,Vocabulary 5000
confer,33025,https://www.koolearn.com/dict/wd_33025.html,1,Vocabulary 5000
cope,34474,https://www.koolearn.com/dict/wd_34474.html,2,Vocabulary 10000
dazzle,39199,https://www.koolearn.com/dict/wd_39199.html,2,Vocabulary 10000
drill,46360,https://www.koolearn.com/dict/wd_46360.html,1,Vocabulary 5000
eruption,51607,https://www.koolearn.com/dict/wd_51607.html,2,Vocabulary 10000
evil,52596,https://www.koolearn.com/dict/wd_52596.html,1,Vocabulary 5000
faint,54318,https://www.koolearn.com/dict/wd_54318.html,2,Vocabulary 10000
genre,62566,https://www.koolearn.com/dict/wd_62566.html,3,Vocabulary 22000
illuminate,74307,https://www.koolearn.com/dict/wd_74307.html,1,Vocabulary 5000
immigrant,74521,https://www.koolearn.com/dict/wd_74521.html,2,Vocabulary 10000
invalid,79189,https://www.koolearn.com/dict/wd_79189.html,1,Vocabulary 5000
lawyer,85149,https://www.koolearn.com/dict/wd_85149.html,1,Vocabulary 5000
marsh,91855,https://www.koolearn.com/dict/wd_91855.html,1,Vocabulary 5000
maternal,92233,https://www.koolearn.com/dict/wd_92233.html,2,Vocabulary 10000
mobile,95938,https://www.koolearn.com/dict/wd_95938.html,1,Vocabulary 5000
oblige,102758,https://www.koolearn.com/dict/wd_102758.html,3,Vocabulary 22000
opera,104747,https://www.koolearn.com/dict/wd_104747.html,3,Vocabulary 22000
perfect,110695,https://www.koolearn.com/dict/wd_110695.html,1,Vocabulary 5000
perpetuate,111053,https://www.koolearn.com/dict/wd_111053.html,2,Vocabulary 10000
pledge,113943,https://www.koolearn.com/dict/wd_113943.html,1,Vocabulary 5000
pollute,114816,https://www.koolearn.com/dict/wd_114816.html,2,Vocabulary 10000
prestige,117114,https://www.koolearn.com/dict/wd_117114.html,1,Vocabulary 5000
profitable,118006,https://www.koolearn.com/dict/wd_118006.html,1,Vocabulary 5000
rely,124609,https://www.koolearn.com/dict/wd_124609.html,1,Vocabulary 5000
renowned,124921,https://www.koolearn.com/dict/wd_124921.html,1,Vocabulary 5000
respond,125757,https://www.koolearn.com/dict/wd_125757.html,1,Vocabulary 5000
rule,128731,https://www.koolearn.com/dict/wd_128731.html,1,Vocabulary 5000
sacred,129257,https://www.koolearn.com/dict/wd_129257.html,1,Vocabulary 5000
safeguard,129359,https://www.koolearn.com/dict/wd_129359.html,1,Vocabulary 5000
smash,137623,https://www.koolearn.com/dict/wd_137623.html,1,Vocabulary 5000
soluble,138906,https://www.koolearn.com/dict/wd_138906.html,3,Vocabulary 22000
strive,143581,https://www.koolearn.com/dict/wd_143581.html,1,Vocabulary 5000
summit,145012,https://www.koolearn.com/dict/wd_145012.html,1,Vocabulary 5000
temperate,148964,https://www.koolearn.com/dict/wd_148964.html,1,Vocabulary 5000
threshold,150849,https://www.koolearn.com/dict/wd_150849.html,1,Vocabulary 5000
timetable,151547,https://www.koolearn.com/dict/wd_151547.html,1,Vocabulary 5000
tolerant,152594,https://www.koolearn.com/dict/wd_152594.html,2,Vocabulary 10000
troublesome,155233,https://www.koolearn.com/dict/wd_155233.html,1,Vocabulary 5000
update,159707,https://www.koolearn.com/dict/wd_159707.html,3,Vocabulary 22000
vague,160523,https://www.koolearn.com/dict/wd_160523.html,1,Vocabulary 5000
eminent,49458,https://www.koolearn.com/dict/wd_49458.html,1,Vocabulary 5000
bottom,19703,https://www.koolearn.com/dict/wd_19703.html,1,Vocabulary 5000
lower,89004,https://www.koolearn.com/dict/wd_89004.html,1,Vocabulary 5000
tease,148493,https://www.koolearn.com/dict/wd_148493.html,1,Vocabulary 5000
abbreviation,480,https://www.koolearn.com/dict/wd_480.html,1,Vocabulary 5000
anatomy,6173,https://www.koolearn.com/dict/wd_6173.html,2,Vocabulary 10000
apt,8283,https://www.koolearn.com/dict/wd_8283.html,2,Vocabulary 10000
bandage,13021,https://www.koolearn.com/dict/wd_13021.html,2,Vocabulary 10000
brutal,21521,https://www.koolearn.com/dict/wd_21521.html,1,Vocabulary 5000
circulate,29079,https://www.koolearn.com/dict/wd_29079.html,1,Vocabulary 5000
coarse,30503,https://www.koolearn.com/dict/wd_30503.html,1,Vocabulary 5000
complicate,32413,https://www.koolearn.com/dict/wd_32413.html,1,Vocabulary 5000
considerate,33536,https://www.koolearn.com/dict/wd_33536.html,1,Vocabulary 5000
counter,35506,https://www.koolearn.com/dict/wd_35506.html,3,Vocabulary 22000
deception,39683,https://www.koolearn.com/dict/wd_39683.html,2,Vocabulary 10000
diary,42423,https://www.koolearn.com/dict/wd_42423.html,2,Vocabulary 10000
disagree,43383,https://www.koolearn.com/dict/wd_43383.html,2,Vocabulary 10000
discrepancy,43675,https://www.koolearn.com/dict/wd_43675.html,3,Vocabulary 22000
dispense,44086,https://www.koolearn.com/dict/wd_44086.html,1,Vocabulary 5000
diversify,44601,https://www.koolearn.com/dict/wd_44601.html,2,Vocabulary 10000
double,45594,https://www.koolearn.com/dict/wd_45594.html,2,Vocabulary 10000
fantasy,54733,https://www.koolearn.com/dict/wd_54733.html,3,Vocabulary 22000
feat,55267,https://www.koolearn.com/dict/wd_55267.html,1,Vocabulary 5000
forum,59350,https://www.koolearn.com/dict/wd_59350.html,2,Vocabulary 10000
fragrance,59615,https://www.koolearn.com/dict/wd_59615.html,1,Vocabulary 5000
gratitude,65628,https://www.koolearn.com/dict/wd_65628.html,1,Vocabulary 5000
harm,68280,https://www.koolearn.com/dict/wd_68280.html,1,Vocabulary 5000
hospitable,72144,https://www.koolearn.com/dict/wd_72144.html,1,Vocabulary 5000
maltreat,90910,https://www.koolearn.com/dict/wd_90910.html,3,Vocabulary 22000
minute,95178,https://www.koolearn.com/dict/wd_95178.html,2,Vocabulary 10000
nurse,102465,https://www.koolearn.com/dict/wd_102465.html,2,Vocabulary 10000
occasional,102973,https://www.koolearn.com/dict/wd_102973.html,2,Vocabulary 10000
precarious,116330,https://www.koolearn.com/dict/wd_116330.html,2,Vocabulary 10000
quarry,120665,https://www.koolearn.com/dict/wd_120665.html,2,Vocabulary 10000
refrain,123874,https://www.koolearn.com/dict/wd_123874.html,1,Vocabulary 5000
refuge,123921,https://www.koolearn.com/dict/wd_123921.html,1,Vocabulary 5000
repetition,125075,https://www.koolearn.com/dict/wd_125075.html,1,Vocabulary 5000
respiratory,125737,https://www.koolearn.com/dict/wd_125737.html,2,Vocabulary 10000
restrain,125849,https://www.koolearn.com/dict/wd_125849.html,1,Vocabulary 5000
slaughter,136999,https://www.koolearn.com/dict/wd_136999.html,2,Vocabulary 10000
spontaneous,140674,https://www.koolearn.com/dict/wd_140674.html,2,Vocabulary 10000
stall,141510,https://www.koolearn.com/dict/wd_141510.html,1,Vocabulary 5000
stir,142697,https://www.koolearn.com/dict/wd_142697.html,1,Vocabulary 5000
strap,143210,https://www.koolearn.com/dict/wd_143210.html,1,Vocabulary 5000
sway,146052,https://www.koolearn.com/dict/wd_146052.html,1,Vocabulary 5000
translate,154101,https://www.koolearn.com/dict/wd_154101.html,1,Vocabulary 5000
vicinity,161820,https://www.koolearn.com/dict/wd_161820.html,1,Vocabulary 5000
benevolent,16109,https://www.koolearn.com/dict/wd_16109.html,1,Vocabulary 5000
clumsy,30306,https://www.koolearn.com/dict/wd_30306.html,1,Vocabulary 5000
defend,40133,https://www.koolearn.com/dict/wd_40133.html,1,Vocabulary 5000
literate,87533,https://www.koolearn.com/dict/wd_87533.html,1,Vocabulary 5000
magnitude,90153,https://www.koolearn.com/dict/wd_90153.html,2,Vocabulary 10000
perplex,111061,https://www.koolearn.com/dict/wd_111061.html,1,Vocabulary 5000
persist,111113,https://www.koolearn.com/dict/wd_111113.html,1,Vocabulary 5000
script,131616,https://www.koolearn.com/dict/wd_131616.html,1,Vocabulary 5000
simplify,136089,https://www.koolearn.com/dict/wd_136089.html,1,Vocabulary 5000
verify,161438,https://www.koolearn.com/dict/wd_161438.html,1,Vocabulary 5000
agile,3455,https://www.koolearn.com/dict/wd_3455.html,2,Vocabulary 10000
aisle,4094,https://www.koolearn.com/dict/wd_4094.html,1,Vocabulary 5000
avalanche,11634,https://www.koolearn.com/dict/wd_11634.html,2,Vocabulary 10000
bald,12760,https://www.koolearn.com/dict/wd_12760.html,1,Vocabulary 5000
charcoal,27129,https://www.koolearn.com/dict/wd_27129.html,1,Vocabulary 5000
clash,29500,https://www.koolearn.com/dict/wd_29500.html,1,Vocabulary 5000
convict,34278,https://www.koolearn.com/dict/wd_34278.html,1,Vocabulary 5000
cricket,36578,https://www.koolearn.com/dict/wd_36578.html,2,Vocabulary 10000
defence,40126,https://www.koolearn.com/dict/wd_40126.html,2,Vocabulary 10000
depart,41141,https://www.koolearn.com/dict/wd_41141.html,1,Vocabulary 5000
dictate,42547,https://www.koolearn.com/dict/wd_42547.html,1,Vocabulary 5000
disappear,43406,https://www.koolearn.com/dict/wd_43406.html,1,Vocabulary 5000
endurance,50114,https://www.koolearn.com/dict/wd_50114.html,2,Vocabulary 10000
enlighten,50380,https://www.koolearn.com/dict/wd_50380.html,3,Vocabulary 22000
erect,51430,https://www.koolearn.com/dict/wd_51430.html,1,Vocabulary 5000
erroneous,51571,https://www.koolearn.com/dict/wd_51571.html,1,Vocabulary 5000
esteem,51872,https://www.koolearn.com/dict/wd_51872.html,1,Vocabulary 5000
excess,52813,https://www.koolearn.com/dict/wd_52813.html,1,Vocabulary 5000
extracurricular,53792,https://www.koolearn.com/dict/wd_53792.html,3,Vocabulary 22000
exuberant,53897,https://www.koolearn.com/dict/wd_53897.html,2,Vocabulary 10000
fruitful,60508,https://www.koolearn.com/dict/wd_60508.html,1,Vocabulary 5000
groan,66152,https://www.koolearn.com/dict/wd_66152.html,1,Vocabulary 5000
hamper,67710,https://www.koolearn.com/dict/wd_67710.html,2,Vocabulary 10000
imaginative,74380,https://www.koolearn.com/dict/wd_74380.html,2,Vocabulary 10000
important,74950,https://www.koolearn.com/dict/wd_74950.html,1,Vocabulary 5000
inclusive,76267,https://www.koolearn.com/dict/wd_76267.html,3,Vocabulary 22000
insignificant,77907,https://www.koolearn.com/dict/wd_77907.html,1,Vocabulary 5000
intuition,79142,https://www.koolearn.com/dict/wd_79142.html,2,Vocabulary 10000
irritate,79751,https://www.koolearn.com/dict/wd_79751.html,1,Vocabulary 5000
meadow,92608,https://www.koolearn.com/dict/wd_92608.html,1,Vocabulary 5000
pine,112859,https://www.koolearn.com/dict/wd_112859.html,2,Vocabulary 10000
portrait,115476,https://www.koolearn.com/dict/wd_115476.html,1,Vocabulary 5000
predominant,116536,https://www.koolearn.com/dict/wd_116536.html,2,Vocabulary 10000
prerequisite,116892,https://www.koolearn.com/dict/wd_116892.html,3,Vocabulary 22000
provisional,118848,https://www.koolearn.com/dict/wd_118848.html,1,Vocabulary 5000
provoke,118866,https://www.koolearn.com/dict/wd_118866.html,1,Vocabulary 5000
side,135537,https://www.koolearn.com/dict/wd_135537.html,1,Vocabulary 5000
silence,135837,https://www.koolearn.com/dict/wd_135837.html,2,Vocabulary 10000
spur,141010,https://www.koolearn.com/dict/wd_141010.html,1,Vocabulary 5000
tangible,147780,https://www.koolearn.com/dict/wd_147780.html,2,Vocabulary 10000
thrifty,150863,https://www.koolearn.com/dict/wd_150863.html,1,Vocabulary 5000
transcribe,153971,https://www.koolearn.com/dict/wd_153971.html,2,Vocabulary 10000
vacant,160424,https://www.koolearn.com/dict/wd_160424.html,1,Vocabulary 5000
vicious,161821,https://www.koolearn.com/dict/wd_161821.html,1,Vocabulary 5000
wave,163972,https://www.koolearn.com/dict/wd_163972.html,1,Vocabulary 5000
withdrawal,166150,https://www.koolearn.com/dict/wd_166150.html,3,Vocabulary 22000
bewilder,16599,https://www.koolearn.com/dict/wd_16599.html,1,Vocabulary 5000
descendant,41511,https://www.koolearn.com/dict/wd_41511.html,1,Vocabulary 5000
infinite,77165,https://www.koolearn.com/dict/wd_77165.html,1,Vocabulary 5000
obstruct,102893,https://www.koolearn.com/dict/wd_102893.html,1,Vocabulary 5000
timid,151551,https://www.koolearn.com/dict/wd_151551.html,1,Vocabulary 5000
abide,575,https://www.koolearn.com/dict/wd_575.html,1,Vocabulary 5000
aggregate,3411,https://www.koolearn.com/dict/wd_3411.html,2,Vocabulary 10000
amass,5345,https://www.koolearn.com/dict/wd_5345.html,2,Vocabulary 10000
analyze,6088,https://www.koolearn.com/dict/wd_6088.html,1,Vocabulary 5000
auction,11078,https://www.koolearn.com/dict/wd_11078.html,2,Vocabulary 10000
betray,16516,https://www.koolearn.com/dict/wd_16516.html,1,Vocabulary 5000
bump,22035,https://www.koolearn.com/dict/wd_22035.html,1,Vocabulary 5000
census,26272,https://www.koolearn.com/dict/wd_26272.html,2,Vocabulary 10000
chair,26805,https://www.koolearn.com/dict/wd_26805.html,1,Vocabulary 5000
circumscribe,29125,https://www.koolearn.com/dict/wd_29125.html,3,Vocabulary 22000
compliment,32426,https://www.koolearn.com/dict/wd_32426.html,1,Vocabulary 5000
decisive,39758,https://www.koolearn.com/dict/wd_39758.html,1,Vocabulary 5000
denounce,41022,https://www.koolearn.com/dict/wd_41022.html,2,Vocabulary 10000
edible,48114,https://www.koolearn.com/dict/wd_48114.html,3,Vocabulary 22000
entail,50576,https://www.koolearn.com/dict/wd_50576.html,3,Vocabulary 22000
entry,50805,https://www.koolearn.com/dict/wd_50805.html,1,Vocabulary 5000
erupt,51604,https://www.koolearn.com/dict/wd_51604.html,2,Vocabulary 10000
famous,54636,https://www.koolearn.com/dict/wd_54636.html,1,Vocabulary 5000
flag,57183,https://www.koolearn.com/dict/wd_57183.html,1,Vocabulary 5000
float,57767,https://www.koolearn.com/dict/wd_57767.html,1,Vocabulary 5000
frugal,60477,https://www.koolearn.com/dict/wd_60477.html,2,Vocabulary 10000
futile,61116,https://www.koolearn.com/dict/wd_61116.html,1,Vocabulary 5000
giant,63195,https://www.koolearn.com/dict/wd_63195.html,1,Vocabulary 5000
grab,65230,https://www.koolearn.com/dict/wd_65230.html,1,Vocabulary 5000
harassment,68090,https://www.koolearn.com/dict/wd_68090.html,2,Vocabulary 10000
horror,72049,https://www.koolearn.com/dict/wd_72049.html,2,Vocabulary 10000
hypothetical,73615,https://www.koolearn.com/dict/wd_73615.html,2,Vocabulary 10000
ignite,74130,https://www.koolearn.com/dict/wd_74130.html,2,Vocabulary 10000
implicit,74902,https://www.koolearn.com/dict/wd_74902.html,2,Vocabulary 10000
inaugurate,76068,https://www.koolearn.com/dict/wd_76068.html,1,Vocabulary 5000
include,76255,https://www.koolearn.com/dict/wd_76255.html,1,Vocabulary 5000
ingenuity,77384,https://www.koolearn.com/dict/wd_77384.html,2,Vocabulary 10000
intention,78312,https://www.koolearn.com/dict/wd_78312.html,2,Vocabulary 10000
jail,80357,https://www.koolearn.com/dict/wd_80357.html,1,Vocabulary 5000
luggage,89198,https://www.koolearn.com/dict/wd_89198.html,1,Vocabulary 5000
magnify,90147,https://www.koolearn.com/dict/wd_90147.html,1,Vocabulary 5000
net,100062,https://www.koolearn.com/dict/wd_100062.html,1,Vocabulary 5000
perennial,110687,https://www.koolearn.com/dict/wd_110687.html,3,Vocabulary 22000
phenomenal,111668,https://www.koolearn.com/dict/wd_111668.html,3,Vocabulary 22000
pliable,114030,https://www.koolearn.com/dict/wd_114030.html,3,Vocabulary 22000
protection,118655,https://www.koolearn.com/dict/wd_118655.html,1,Vocabulary 5000
protocol,118721,https://www.koolearn.com/dict/wd_118721.html,3,Vocabulary 22000
respectively,125724,https://www.koolearn.com/dict/wd_125724.html,2,Vocabulary 10000
similarity,136020,https://www.koolearn.com/dict/wd_136020.html,3,Vocabulary 22000
solo,138886,https://www.koolearn.com/dict/wd_138886.html,3,Vocabulary 22000
stubborn,143734,https://www.koolearn.com/dict/wd_143734.html,1,Vocabulary 5000
subordinate,144280,https://www.koolearn.com/dict/wd_144280.html,1,Vocabulary 5000
surround,145756,https://www.koolearn.com/dict/wd_145756.html,1,Vocabulary 5000
vanity,160768,https://www.koolearn.com/dict/wd_160768.html,1,Vocabulary 5000
versus,161535,https://www.koolearn.com/dict/wd_161535.html,2,Vocabulary 10000
admire,2471,https://www.koolearn.com/dict/wd_2471.html,1,Vocabulary 5000
altruistic,5225,https://www.koolearn.com/dict/wd_5225.html,1,Vocabulary 5000
vulgar,162940,https://www.koolearn.com/dict/wd_162940.html,1,Vocabulary 5000
allow,4926,https://www.koolearn.com/dict/wd_4926.html,1,Vocabulary 5000
annoy,6805,https://www.koolearn.com/dict/wd_6805.html,1,Vocabulary 5000
assurance,10179,https://www.koolearn.com/dict/wd_10179.html,2,Vocabulary 10000
bleak,18035,https://www.koolearn.com/dict/wd_18035.html,1,Vocabulary 5000
bounce,19793,https://www.koolearn.com/dict/wd_19793.html,1,Vocabulary 5000
canvas,24207,https://www.koolearn.com/dict/wd_24207.html,2,Vocabulary 10000
clean,29642,https://www.koolearn.com/dict/wd_29642.html,2,Vocabulary 10000
collaborate,31191,https://www.koolearn.com/dict/wd_31191.html,3,Vocabulary 22000
condense,32900,https://www.koolearn.com/dict/wd_32900.html,1,Vocabulary 5000
consent,33490,https://www.koolearn.com/dict/wd_33490.html,2,Vocabulary 10000
converse,34224,https://www.koolearn.com/dict/wd_34224.html,2,Vocabulary 10000
dawn,39110,https://www.koolearn.com/dict/wd_39110.html,1,Vocabulary 5000
defense,40148,https://www.koolearn.com/dict/wd_40148.html,1,Vocabulary 5000
different,42679,https://www.koolearn.com/dict/wd_42679.html,1,Vocabulary 5000
dull,46964,https://www.koolearn.com/dict/wd_46964.html,1,Vocabulary 5000
engross,50307,https://www.koolearn.com/dict/wd_50307.html,2,Vocabulary 10000
envy,50897,https://www.koolearn.com/dict/wd_50897.html,1,Vocabulary 5000
expire,53430,https://www.koolearn.com/dict/wd_53430.html,1,Vocabulary 5000
fat,55008,https://www.koolearn.com/dict/wd_55008.html,2,Vocabulary 10000
foe,58321,https://www.koolearn.com/dict/wd_58321.html,1,Vocabulary 5000
hesitate,70211,https://www.koolearn.com/dict/wd_70211.html,1,Vocabulary 5000
horrible,72037,https://www.koolearn.com/dict/wd_72037.html,1,Vocabulary 5000
humane,72664,https://www.koolearn.com/dict/wd_72664.html,2,Vocabulary 10000
judicious,81432,https://www.koolearn.com/dict/wd_81432.html,2,Vocabulary 10000
linger,87221,https://www.koolearn.com/dict/wd_87221.html,1,Vocabulary 5000
literary,87528,https://www.koolearn.com/dict/wd_87528.html,3,Vocabulary 22000
mandatory,91109,https://www.koolearn.com/dict/wd_91109.html,2,Vocabulary 10000
mislead,95511,https://www.koolearn.com/dict/wd_95511.html,3,Vocabulary 22000
naughty,99392,https://www.koolearn.com/dict/wd_99392.html,2,Vocabulary 10000
noticeable,102062,https://www.koolearn.com/dict/wd_102062.html,1,Vocabulary 5000
obedient,102668,https://www.koolearn.com/dict/wd_102668.html,1,Vocabulary 5000
outfit,106102,https://www.koolearn.com/dict/wd_106102.html,1,Vocabulary 5000
overwhelm,107181,https://www.koolearn.com/dict/wd_107181.html,3,Vocabulary 22000
prodigy,117880,https://www.koolearn.com/dict/wd_117880.html,1,Vocabulary 5000
prove,118798,https://www.koolearn.com/dict/wd_118798.html,1,Vocabulary 5000
purse,119920,https://www.koolearn.com/dict/wd_119920.html,2,Vocabulary 10000
rage,121486,https://www.koolearn.com/dict/wd_121486.html,1,Vocabulary 5000
relax,124466,https://www.koolearn.com/dict/wd_124466.html,1,Vocabulary 5000
relish,124575,https://www.koolearn.com/dict/wd_124575.html,2,Vocabulary 10000
repertoire,125070,https://www.koolearn.com/dict/wd_125070.html,3,Vocabulary 22000
skepticism,136577,https://www.koolearn.com/dict/wd_136577.html,2,Vocabulary 10000
solitary,138878,https://www.koolearn.com/dict/wd_138878.html,3,Vocabulary 22000
specify,139921,https://www.koolearn.com/dict/wd_139921.html,1,Vocabulary 5000
spice,140212,https://www.koolearn.com/dict/wd_140212.html,2,Vocabulary 10000
stiff,142549,https://www.koolearn.com/dict/wd_142549.html,1,Vocabulary 5000
storm,143018,https://www.koolearn.com/dict/wd_143018.html,1,Vocabulary 5000
sturdy,143878,https://www.koolearn.com/dict/wd_143878.html,1,Vocabulary 5000
suffice,144709,https://www.koolearn.com/dict/wd_144709.html,2,Vocabulary 10000
surname,145705,https://www.koolearn.com/dict/wd_145705.html,2,Vocabulary 10000
suspense,145832,https://www.koolearn.com/dict/wd_145832.html,3,Vocabulary 22000
taxi,148295,https://www.koolearn.com/dict/wd_148295.html,1,Vocabulary 5000
thermal,150337,https://www.koolearn.com/dict/wd_150337.html,3,Vocabulary 22000
tilt,151408,https://www.koolearn.com/dict/wd_151408.html,1,Vocabulary 5000
tranquil,153919,https://www.koolearn.com/dict/wd_153919.html,1,Vocabulary 5000
trespass,154547,https://www.koolearn.com/dict/wd_154547.html,3,Vocabulary 22000
twilight,156223,https://www.koolearn.com/dict/wd_156223.html,1,Vocabulary 5000
virtuous,162255,https://www.koolearn.com/dict/wd_162255.html,1,Vocabulary 5000
warrant,163615,https://www.koolearn.com/dict/wd_163615.html,2,Vocabulary 10000
wholesale,165315,https://www.koolearn.com/dict/wd_165315.html,1,Vocabulary 5000
formidable,59236,https://www.koolearn.com/dict/wd_59236.html,1,Vocabulary 5000
infect,77080,https://www.koolearn.com/dict/wd_77080.html,1,Vocabulary 5000
invoke,79366,https://www.koolearn.com/dict/wd_79366.html,2,Vocabulary 10000
scrupulous,131690,https://www.koolearn.com/dict/wd_131690.html,2,Vocabulary 10000
alliance,4834,https://www.koolearn.com/dict/wd_4834.html,1,Vocabulary 5000
analogous,6052,https://www.koolearn.com/dict/wd_6052.html,2,Vocabulary 10000
antiquated,7452,https://www.koolearn.com/dict/wd_7452.html,2,Vocabulary 10000
arrogance,9184,https://www.koolearn.com/dict/wd_9184.html,2,Vocabulary 10000
arrogant,9186,https://www.koolearn.com/dict/wd_9186.html,2,Vocabulary 10000
astronomical,10310,https://www.koolearn.com/dict/wd_10310.html,3,Vocabulary 22000
attentive,10948,https://www.koolearn.com/dict/wd_10948.html,1,Vocabulary 5000
banquet,13195,https://www.koolearn.com/dict/wd_13195.html,1,Vocabulary 5000
clutch,30327,https://www.koolearn.com/dict/wd_30327.html,1,Vocabulary 5000
comfort,31805,https://www.koolearn.com/dict/wd_31805.html,1,Vocabulary 5000
concede,32673,https://www.koolearn.com/dict/wd_32673.html,2,Vocabulary 10000
contend,33856,https://www.koolearn.com/dict/wd_33856.html,2,Vocabulary 10000
crowd,37009,https://www.koolearn.com/dict/wd_37009.html,1,Vocabulary 5000
discretion,43680,https://www.koolearn.com/dict/wd_43680.html,2,Vocabulary 10000
drink,46379,https://www.koolearn.com/dict/wd_46379.html,1,Vocabulary 5000
edit,48135,https://www.koolearn.com/dict/wd_48135.html,1,Vocabulary 5000
enclose,49834,https://www.koolearn.com/dict/wd_49834.html,1,Vocabulary 5000
enforcement,50199,https://www.koolearn.com/dict/wd_50199.html,2,Vocabulary 10000
excuse,52961,https://www.koolearn.com/dict/wd_52961.html,2,Vocabulary 10000
fall,54429,https://www.koolearn.com/dict/wd_54429.html,2,Vocabulary 10000
follow,58469,https://www.koolearn.com/dict/wd_58469.html,1,Vocabulary 5000
frontier,60394,https://www.koolearn.com/dict/wd_60394.html,1,Vocabulary 5000
gamble,61548,https://www.koolearn.com/dict/wd_61548.html,1,Vocabulary 5000
grim,66040,https://www.koolearn.com/dict/wd_66040.html,1,Vocabulary 5000
hilarious,70722,https://www.koolearn.com/dict/wd_70722.html,2,Vocabulary 10000
hindrance,70796,https://www.koolearn.com/dict/wd_70796.html,1,Vocabulary 5000
immature,74485,https://www.koolearn.com/dict/wd_74485.html,1,Vocabulary 5000
infer,77106,https://www.koolearn.com/dict/wd_77106.html,2,Vocabulary 10000
inviolable,79333,https://www.koolearn.com/dict/wd_79333.html,1,Vocabulary 5000
levy,86353,https://www.koolearn.com/dict/wd_86353.html,2,Vocabulary 10000
longitude,88406,https://www.koolearn.com/dict/wd_88406.html,1,Vocabulary 5000
mandate,91102,https://www.koolearn.com/dict/wd_91102.html,3,Vocabulary 22000
meticulous,94078,https://www.koolearn.com/dict/wd_94078.html,3,Vocabulary 22000
mix,95831,https://www.koolearn.com/dict/wd_95831.html,1,Vocabulary 5000
myriad,98712,https://www.koolearn.com/dict/wd_98712.html,2,Vocabulary 10000
necessary,99581,https://www.koolearn.com/dict/wd_99581.html,2,Vocabulary 10000
offence,103455,https://www.koolearn.com/dict/wd_103455.html,2,Vocabulary 10000
opaque,104642,https://www.koolearn.com/dict/wd_104642.html,2,Vocabulary 10000
precede,116344,https://www.koolearn.com/dict/wd_116344.html,3,Vocabulary 22000
quest,120831,https://www.koolearn.com/dict/wd_120831.html,1,Vocabulary 5000
ripple,127287,https://www.koolearn.com/dict/wd_127287.html,1,Vocabulary 5000
risky,127361,https://www.koolearn.com/dict/wd_127361.html,1,Vocabulary 5000
segregate,132496,https://www.koolearn.com/dict/wd_132496.html,3,Vocabulary 22000
skeptical,136575,https://www.koolearn.com/dict/wd_136575.html,2,Vocabulary 10000
straight,143116,https://www.koolearn.com/dict/wd_143116.html,2,Vocabulary 10000
testimony,149567,https://www.koolearn.com/dict/wd_149567.html,2,Vocabulary 10000
thief,150490,https://www.koolearn.com/dict/wd_150490.html,1,Vocabulary 5000
torment,153066,https://www.koolearn.com/dict/wd_153066.html,1,Vocabulary 5000
tranquility,153921,https://www.koolearn.com/dict/wd_153921.html,2,Vocabulary 10000
transient,154066,https://www.koolearn.com/dict/wd_154066.html,1,Vocabulary 5000
useful,160230,https://www.koolearn.com/dict/wd_160230.html,1,Vocabulary 5000
vain,160534,https://www.koolearn.com/dict/wd_160534.html,1,Vocabulary 5000
veteran,161668,https://www.koolearn.com/dict/wd_161668.html,1,Vocabulary 5000
zoology,168352,https://www.koolearn.com/dict/wd_168352.html,1,Vocabulary 5000
ingenious,77379,https://www.koolearn.com/dict/wd_77379.html,1,Vocabulary 5000
refuse,123951,https://www.koolearn.com/dict/wd_123951.html,1,Vocabulary 5000
acceptance,1173,https://www.koolearn.com/dict/wd_1173.html,1,Vocabulary 5000
annex,6763,https://www.koolearn.com/dict/wd_6763.html,2,Vocabulary 10000
apprentice,8177,https://www.koolearn.com/dict/wd_8177.html,1,Vocabulary 5000
arable,8380,https://www.koolearn.com/dict/wd_8380.html,2,Vocabulary 10000
aristocrat,8897,https://www.koolearn.com/dict/wd_8897.html,3,Vocabulary 22000
baffle,12544,https://www.koolearn.com/dict/wd_12544.html,2,Vocabulary 10000
blunt,18622,https://www.koolearn.com/dict/wd_18622.html,1,Vocabulary 5000
carnivorous,24915,https://www.koolearn.com/dict/wd_24915.html,2,Vocabulary 10000
comply,32435,https://www.koolearn.com/dict/wd_32435.html,2,Vocabulary 10000
continue,33943,https://www.koolearn.com/dict/wd_33943.html,1,Vocabulary 5000
cord,34674,https://www.koolearn.com/dict/wd_34674.html,2,Vocabulary 10000
crusade,37150,https://www.koolearn.com/dict/wd_37150.html,2,Vocabulary 10000
cucumber,37395,https://www.koolearn.com/dict/wd_37395.html,2,Vocabulary 10000
doom,45399,https://www.koolearn.com/dict/wd_45399.html,1,Vocabulary 5000
elucidate,49081,https://www.koolearn.com/dict/wd_49081.html,3,Vocabulary 22000
excavate,52764,https://www.koolearn.com/dict/wd_52764.html,2,Vocabulary 10000
favor,55165,https://www.koolearn.com/dict/wd_55165.html,1,Vocabulary 5000
fishery,56949,https://www.koolearn.com/dict/wd_56949.html,2,Vocabulary 10000
foremost,58997,https://www.koolearn.com/dict/wd_58997.html,3,Vocabulary 22000
grand,65400,https://www.koolearn.com/dict/wd_65400.html,2,Vocabulary 10000
gust,66886,https://www.koolearn.com/dict/wd_66886.html,2,Vocabulary 10000
heir,69511,https://www.koolearn.com/dict/wd_69511.html,1,Vocabulary 5000
homogeneous,71631,https://www.koolearn.com/dict/wd_71631.html,3,Vocabulary 22000
hurl,72880,https://www.koolearn.com/dict/wd_72880.html,1,Vocabulary 5000
improvise,75102,https://www.koolearn.com/dict/wd_75102.html,2,Vocabulary 10000
incline,76242,https://www.koolearn.com/dict/wd_76242.html,1,Vocabulary 5000
infirmity,77186,https://www.koolearn.com/dict/wd_77186.html,3,Vocabulary 22000
lateral,84854,https://www.koolearn.com/dict/wd_84854.html,3,Vocabulary 22000
likely,86936,https://www.koolearn.com/dict/wd_86936.html,2,Vocabulary 10000
malnutrition,90870,https://www.koolearn.com/dict/wd_90870.html,3,Vocabulary 22000
nightmare,100678,https://www.koolearn.com/dict/wd_100678.html,2,Vocabulary 10000
nominate,101221,https://www.koolearn.com/dict/wd_101221.html,1,Vocabulary 5000
obsolete,102870,https://www.koolearn.com/dict/wd_102870.html,2,Vocabulary 10000
perish,110896,https://www.koolearn.com/dict/wd_110896.html,2,Vocabulary 10000
progressive,118089,https://www.koolearn.com/dict/wd_118089.html,1,Vocabulary 5000
recede,122841,https://www.koolearn.com/dict/wd_122841.html,2,Vocabulary 10000
remnant,124743,https://www.koolearn.com/dict/wd_124743.html,2,Vocabulary 10000
spectacle,139943,https://www.koolearn.com/dict/wd_139943.html,1,Vocabulary 5000
submerge,144232,https://www.koolearn.com/dict/wd_144232.html,1,Vocabulary 5000
swear,146062,https://www.koolearn.com/dict/wd_146062.html,1,Vocabulary 5000
token,152566,https://www.koolearn.com/dict/wd_152566.html,1,Vocabulary 5000
upright,159815,https://www.koolearn.com/dict/wd_159815.html,3,Vocabulary 22000
work,166568,https://www.koolearn.com/dict/wd_166568.html,1,Vocabulary 5000
imminent,74530,https://www.koolearn.com/dict/wd_74530.html,1,Vocabulary 5000
applaud,8031,https://www.koolearn.com/dict/wd_8031.html,1,Vocabulary 5000
enigma,50333,https://www.koolearn.com/dict/wd_50333.html,2,Vocabulary 10000
expel,53363,https://www.koolearn.com/dict/wd_53363.html,1,Vocabulary 5000
grave,65643,https://www.koolearn.com/dict/wd_65643.html,1,Vocabulary 5000
just,81687,https://www.koolearn.com/dict/wd_81687.html,1,Vocabulary 5000
ponder,115116,https://www.koolearn.com/dict/wd_115116.html,1,Vocabulary 5000
amend,5515,https://www.koolearn.com/dict/wd_5515.html,1,Vocabulary 5000
autocratic,11406,https://www.koolearn.com/dict/wd_11406.html,2,Vocabulary 10000
automation,11528,https://www.koolearn.com/dict/wd_11528.html,3,Vocabulary 22000
autonomous,11551,https://www.koolearn.com/dict/wd_11551.html,3,Vocabulary 22000
baggage,12573,https://www.koolearn.com/dict/wd_12573.html,1,Vocabulary 5000
commemorate,31882,https://www.koolearn.com/dict/wd_31882.html,2,Vocabulary 10000
conscientious,33456,https://www.koolearn.com/dict/wd_33456.html,1,Vocabulary 5000
consider,33531,https://www.koolearn.com/dict/wd_33531.html,1,Vocabulary 5000
corpse,34949,https://www.koolearn.com/dict/wd_34949.html,1,Vocabulary 5000
cosy,35309,https://www.koolearn.com/dict/wd_35309.html,2,Vocabulary 10000
cynical,38311,https://www.koolearn.com/dict/wd_38311.html,2,Vocabulary 10000
dwell,47307,https://www.koolearn.com/dict/wd_47307.html,1,Vocabulary 5000
dye,47339,https://www.koolearn.com/dict/wd_47339.html,1,Vocabulary 5000
elicit,48929,https://www.koolearn.com/dict/wd_48929.html,3,Vocabulary 22000
endeavor,49964,https://www.koolearn.com/dict/wd_49964.html,1,Vocabulary 5000
eternal,51982,https://www.koolearn.com/dict/wd_51982.html,1,Vocabulary 5000
everlasting,52528,https://www.koolearn.com/dict/wd_52528.html,1,Vocabulary 5000
fight,56192,https://www.koolearn.com/dict/wd_56192.html,2,Vocabulary 10000
glitter,63901,https://www.koolearn.com/dict/wd_63901.html,1,Vocabulary 5000
hover,72430,https://www.koolearn.com/dict/wd_72430.html,2,Vocabulary 10000
human,72639,https://www.koolearn.com/dict/wd_72639.html,2,Vocabulary 10000
immoral,74566,https://www.koolearn.com/dict/wd_74566.html,2,Vocabulary 10000
impartial,74693,https://www.koolearn.com/dict/wd_74693.html,2,Vocabulary 10000
inscribe,77808,https://www.koolearn.com/dict/wd_77808.html,3,Vocabulary 22000
insure,78178,https://www.koolearn.com/dict/wd_78178.html,2,Vocabulary 10000
lag,84068,https://www.koolearn.com/dict/wd_84068.html,2,Vocabulary 10000
manuscript,91417,https://www.koolearn.com/dict/wd_91417.html,3,Vocabulary 22000
miracle,95212,https://www.koolearn.com/dict/wd_95212.html,1,Vocabulary 5000
notwithstanding,102096,https://www.koolearn.com/dict/wd_102096.html,3,Vocabulary 22000
overshadow,107020,https://www.koolearn.com/dict/wd_107020.html,3,Vocabulary 22000
pathetic,109358,https://www.koolearn.com/dict/wd_109358.html,1,Vocabulary 5000
perpetrate,111042,https://www.koolearn.com/dict/wd_111042.html,2,Vocabulary 10000
pessimism,111310,https://www.koolearn.com/dict/wd_111310.html,1,Vocabulary 5000
plight,114047,https://www.koolearn.com/dict/wd_114047.html,2,Vocabulary 10000
prowess,118877,https://www.koolearn.com/dict/wd_118877.html,2,Vocabulary 10000
ramble,121717,https://www.koolearn.com/dict/wd_121717.html,1,Vocabulary 5000
reciprocate,122931,https://www.koolearn.com/dict/wd_122931.html,2,Vocabulary 10000
retaliate,125980,https://www.koolearn.com/dict/wd_125980.html,2,Vocabulary 10000
safe,129347,https://www.koolearn.com/dict/wd_129347.html,2,Vocabulary 10000
seclude,132097,https://www.koolearn.com/dict/wd_132097.html,3,Vocabulary 22000
singular,136228,https://www.koolearn.com/dict/wd_136228.html,1,Vocabulary 5000
slum,137473,https://www.koolearn.com/dict/wd_137473.html,2,Vocabulary 10000
stale,141485,https://www.koolearn.com/dict/wd_141485.html,1,Vocabulary 5000
superstition,145392,https://www.koolearn.com/dict/wd_145392.html,1,Vocabulary 5000
terminate,149350,https://www.koolearn.com/dict/wd_149350.html,1,Vocabulary 5000
terrific,149443,https://www.koolearn.com/dict/wd_149443.html,1,Vocabulary 5000
thermometer,150384,https://www.koolearn.com/dict/wd_150384.html,3,Vocabulary 22000
undue,157841,https://www.koolearn.com/dict/wd_157841.html,2,Vocabulary 10000
unify,158282,https://www.koolearn.com/dict/wd_158282.html,1,Vocabulary 5000
utmost,160347,https://www.koolearn.com/dict/wd_160347.html,1,Vocabulary 5000
zeal,168012,https://www.koolearn.com/dict/wd_168012.html,1,Vocabulary 5000
audacious,11089,https://www.koolearn.com/dict/wd_11089.html,2,Vocabulary 10000
selfish,132827,https://www.koolearn.com/dict/wd_132827.html,1,Vocabulary 5000
allege,4772,https://www.koolearn.com/dict/wd_4772.html,1,Vocabulary 5000
Antarctic,7001,https://www.koolearn.com/dict/wd_7001.html,1,Vocabulary 5000
antidote,7312,https://www.koolearn.com/dict/wd_7312.html,3,Vocabulary 22000
antiseptic,7482,https://www.koolearn.com/dict/wd_7482.html,3,Vocabulary 22000
apportion,8126,https://www.koolearn.com/dict/wd_8126.html,2,Vocabulary 10000
aspire,9915,https://www.koolearn.com/dict/wd_9915.html,1,Vocabulary 5000
augment,11167,https://www.koolearn.com/dict/wd_11167.html,2,Vocabulary 10000
beneficiary,16089,https://www.koolearn.com/dict/wd_16089.html,3,Vocabulary 22000
breach,20446,https://www.koolearn.com/dict/wd_20446.html,2,Vocabulary 10000
burrow,22345,https://www.koolearn.com/dict/wd_22345.html,2,Vocabulary 10000
calligraphy,23572,https://www.koolearn.com/dict/wd_23572.html,2,Vocabulary 10000
celebrate,26139,https://www.koolearn.com/dict/wd_26139.html,2,Vocabulary 10000
chronology,28698,https://www.koolearn.com/dict/wd_28698.html,3,Vocabulary 22000
condone,32945,https://www.koolearn.com/dict/wd_32945.html,2,Vocabulary 10000
consequent,33501,https://www.koolearn.com/dict/wd_33501.html,1,Vocabulary 5000
contrive,34097,https://www.koolearn.com/dict/wd_34097.html,2,Vocabulary 10000
cram,36103,https://www.koolearn.com/dict/wd_36103.html,2,Vocabulary 10000
credible,36367,https://www.koolearn.com/dict/wd_36367.html,2,Vocabulary 10000
despise,41716,https://www.koolearn.com/dict/wd_41716.html,3,Vocabulary 22000
deviation,42045,https://www.koolearn.com/dict/wd_42045.html,2,Vocabulary 10000
discredit,43665,https://www.koolearn.com/dict/wd_43665.html,3,Vocabulary 22000
disgust,43815,https://www.koolearn.com/dict/wd_43815.html,1,Vocabulary 5000
dishonest,43852,https://www.koolearn.com/dict/wd_43852.html,1,Vocabulary 5000
dismay,43995,https://www.koolearn.com/dict/wd_43995.html,2,Vocabulary 10000
diversion,44603,https://www.koolearn.com/dict/wd_44603.html,2,Vocabulary 10000
enlarge,50371,https://www.koolearn.com/dict/wd_50371.html,1,Vocabulary 5000
exit,53187,https://www.koolearn.com/dict/wd_53187.html,1,Vocabulary 5000
facade,54084,https://www.koolearn.com/dict/wd_54084.html,3,Vocabulary 22000
fate,55028,https://www.koolearn.com/dict/wd_55028.html,1,Vocabulary 5000
imprison,75064,https://www.koolearn.com/dict/wd_75064.html,2,Vocabulary 10000
intolerable,78970,https://www.koolearn.com/dict/wd_78970.html,1,Vocabulary 5000
lever,86306,https://www.koolearn.com/dict/wd_86306.html,2,Vocabulary 10000
manipulation,91254,https://www.koolearn.com/dict/wd_91254.html,2,Vocabulary 10000
nausea,99399,https://www.koolearn.com/dict/wd_99399.html,2,Vocabulary 10000
necessitate,99585,https://www.koolearn.com/dict/wd_99585.html,3,Vocabulary 22000
nostalgia,101893,https://www.koolearn.com/dict/wd_101893.html,2,Vocabulary 10000
pavilion,109558,https://www.koolearn.com/dict/wd_109558.html,2,Vocabulary 10000
pride,117354,https://www.koolearn.com/dict/wd_117354.html,1,Vocabulary 5000
prison,117604,https://www.koolearn.com/dict/wd_117604.html,1,Vocabulary 5000
prosecute,118527,https://www.koolearn.com/dict/wd_118527.html,2,Vocabulary 10000
prudent,118908,https://www.koolearn.com/dict/wd_118908.html,1,Vocabulary 5000
rash,122026,https://www.koolearn.com/dict/wd_122026.html,2,Vocabulary 10000
reap,122596,https://www.koolearn.com/dict/wd_122596.html,1,Vocabulary 5000
reconcile,123079,https://www.koolearn.com/dict/wd_123079.html,1,Vocabulary 5000
smear,137642,https://www.koolearn.com/dict/wd_137642.html,2,Vocabulary 10000
solvent,138924,https://www.koolearn.com/dict/wd_138924.html,3,Vocabulary 22000
stare,141756,https://www.koolearn.com/dict/wd_141756.html,2,Vocabulary 10000
tenacious,149049,https://www.koolearn.com/dict/wd_149049.html,3,Vocabulary 22000
thick,150464,https://www.koolearn.com/dict/wd_150464.html,2,Vocabulary 10000
transcription,153978,https://www.koolearn.com/dict/wd_153978.html,2,Vocabulary 10000
unconscious,157290,https://www.koolearn.com/dict/wd_157290.html,2,Vocabulary 10000
vile,161989,https://www.koolearn.com/dict/wd_161989.html,1,Vocabulary 5000
ward,163506,https://www.koolearn.com/dict/wd_163506.html,2,Vocabulary 10000
wary,163658,https://www.koolearn.com/dict/wd_163658.html,2,Vocabulary 10000
zealous,168017,https://www.koolearn.com/dict/wd_168017.html,2,Vocabulary 10000
