word,wd_id,url,layers,layer_count,tier,ielts_books,listen_books,reading_books,writing_books,speaking_books,in_base,base_level,sources,xdf
priority,117588,https://www.koolearn.com/dict/wd_117588.html,L1-base-L1;L2-listening;L2-reading;L2-writing,4,S,70,16,15,7,3,1,1,koolearn;xdf,1
alternative,5183,https://www.koolearn.com/dict/wd_5183.html,L1-base-L1;L2-listening;L2-reading;L2-writing,4,S,62,13,16,7,1,1,1,koolearn;xdf,1
artificial,9347,https://www.koolearn.com/dict/wd_9347.html,L1-base-L1;L2-listening;L2-reading;L2-writing,4,S,60,11,15,6,1,1,1,koolearn;xdf,1
fundamental,60858,https://www.koolearn.com/dict/wd_60858.html,L1-base-L1;L2-listening;L2-reading;L2-writing,4,S,58,14,15,5,1,1,1,koolearn;xdf,1
innovation,77688,https://www.koolearn.com/dict/wd_77688.html,L1-base-L2;L2-listening;L2-reading;L2-writing,4,S,57,15,8,8,0,1,2,koolearn;xdf,1
discipline,43537,https://www.koolearn.com/dict/wd_43537.html,L1-base-L1;L2-listening;L2-reading;L2-writing,4,S,56,16,7,7,3,1,1,koolearn;xdf,1
depression,41317,https://www.koolearn.com/dict/wd_41317.html,L1-base-L2;L2-listening;L2-reading;L2-writing,4,S,54,11,12,6,0,1,2,koolearn;xdf,1
unique,158373,https://www.koolearn.com/dict/wd_158373.html,L1-base-L1;L2-listening;L2-reading;L2-writing,4,S,53,8,7,9,5,1,1,koolearn;xdf,1
maintain,90317,https://www.koolearn.com/dict/wd_90317.html,L1-base-L1;L2-listening;L2-reading;L2-writing,4,S,52,11,8,5,0,1,1,koolearn;xdf,1
physical,112185,https://www.koolearn.com/dict/wd_112185.html,L1-base-L1;L2-listening;L2-reading;L2-writing,4,S,52,13,13,8,0,1,1,koolearn;xdf,1
dominant,45260,https://www.koolearn.com/dict/wd_45260.html,L1-base-L1;L2-listening;L2-reading;L2-writing,4,S,51,10,11,5,1,1,1,koolearn;xdf,1
barrier,13595,https://www.koolearn.com/dict/wd_13595.html,L1-base-L1;L2-listening;L2-reading;L2-writing,4,S,50,9,11,6,2,1,1,koolearn;xdf,1
compensate,32288,https://www.koolearn.com/dict/wd_32288.html,L1-base-L1;L2-listening;L2-reading;L2-writing,4,S,50,6,13,5,0,1,1,koolearn;xdf,1
mature,92360,https://www.koolearn.com/dict/wd_92360.html,L1-base-L1;L2-listening;L2-reading;L2-writing,4,S,50,17,6,6,3,1,1,koolearn;xdf,1
decline,39817,https://www.koolearn.com/dict/wd_39817.html,L1-base-L1;L2-listening;L2-reading;L2-writing,4,S,49,12,6,5,0,1,1,koolearn;xdf,1
foster,59400,https://www.koolearn.com/dict/wd_59400.html,L1-base-L2;L2-listening;L2-reading;L2-writing,4,S,49,6,7,9,3,1,2,koolearn;xdf,1
release,124485,https://www.koolearn.com/dict/wd_124485.html,L1-base-L1;L2-listening;L2-reading;L2-writing,4,S,49,6,8,8,0,1,1,koolearn;xdf,1
toxic,153497,https://www.koolearn.com/dict/wd_153497.html,L1-base-L2;L2-listening;L2-reading;L2-writing,4,S,49,5,14,6,3,1,2,koolearn;xdf,1
ancestor,6182,https://www.koolearn.com/dict/wd_6182.html,L1-base-L1;L2-listening;L2-reading;L2-writing,4,S,48,6,9,6,4,1,1,koolearn,0
stable,141324,https://www.koolearn.com/dict/wd_141324.html,L1-base-L1;L2-listening;L2-reading;L2-writing,4,S,48,12,13,5,3,1,1,koolearn;xdf,1
prospect,118575,https://www.koolearn.com/dict/wd_118575.html,L1-base-L2;L2-listening;L2-reading;L2-writing,4,S,47,5,9,6,2,1,2,koolearn,0
architecture,8643,https://www.koolearn.com/dict/wd_8643.html,L1-base-L1;L2-listening;L2-reading;L2-writing,4,S,46,19,5,5,2,1,1,koolearn;xdf,1
colleague,31234,https://www.koolearn.com/dict/wd_31234.html,L1-base-L1;L2-listening;L2-reading;L2-writing,4,S,46,14,7,8,1,1,1,koolearn,0
exaggerate,52704,https://www.koolearn.com/dict/wd_52704.html,L1-base-L1;L2-listening;L2-reading;L2-writing,4,S,45,8,11,7,2,1,1,koolearn;xdf,1
trend,154511,https://www.koolearn.com/dict/wd_154511.html,L1-base-L1;L2-listening;L2-reading;L2-writing,4,S,45,10,7,7,2,1,1,koolearn;xdf,1
steady,142071,https://www.koolearn.com/dict/wd_142071.html,L1-base-L2;L2-listening;L2-reading;L2-writing,4,S,44,8,7,6,4,1,2,koolearn;xdf,1
ignore,74154,https://www.koolearn.com/dict/wd_74154.html,L1-base-L3;L2-listening;L2-reading;L2-writing,4,S,43,6,12,6,3,1,3,koolearn;xdf,1
employee,49578,https://www.koolearn.com/dict/wd_49578.html,L1-base-L1;L2-listening;L2-reading;L2-writing,4,S,42,16,5,5,1,1,1,koolearn,0
phenomenon,111673,https://www.koolearn.com/dict/wd_111673.html,L1-base-L3;L2-listening;L2-reading;L2-writing,4,S,42,8,8,5,2,1,3,koolearn;xdf,1
tension,149197,https://www.koolearn.com/dict/wd_149197.html,L1-base-L1;L2-listening;L2-reading;L2-writing,4,S,42,8,12,5,2,1,1,koolearn,0
urban,159986,https://www.koolearn.com/dict/wd_159986.html,L1-base-L1;L2-listening;L2-reading;L2-writing,4,S,42,10,8,7,1,1,1,koolearn;xdf,1
economic,47914,https://www.koolearn.com/dict/wd_47914.html,L1-base-L3;L2-listening;L2-reading;L2-writing,4,S,40,11,6,5,2,1,3,koolearn;xdf,1
prohibit,118096,https://www.koolearn.com/dict/wd_118096.html,L1-base-L1;L2-listening;L2-reading;L2-writing,4,S,38,6,8,6,1,1,1,koolearn;xdf,1
significant,135791,https://www.koolearn.com/dict/wd_135791.html,L1-base-L1;L2-listening;L2-reading;L2-writing,4,S,37,5,9,5,2,1,1,koolearn;xdf,1
confident,33071,https://www.koolearn.com/dict/wd_33071.html,L1-base-L2;L2-listening;L2-reading;L2-writing,4,S,35,10,7,6,3,1,2,koolearn,0
advance,2670,https://www.koolearn.com/dict/wd_2670.html,L1-base-L1;L2-listening;L2-reading;L2-writing,4,S,30,5,6,5,0,1,1,koolearn;xdf,1
approach,8195,https://www.koolearn.com/dict/wd_8195.html,L2-listening;L2-reading;L2-writing,3,S,62,13,15,9,2,0,0,koolearn;xdf,1
potential,115840,https://www.koolearn.com/dict/wd_115840.html,L2-listening;L2-reading;L2-writing,3,S,62,10,13,9,5,0,0,koolearn;xdf,1
domestic,45217,https://www.koolearn.com/dict/wd_45217.html,L1-base-L1;L2-listening;L2-reading,3,S,60,16,15,4,3,1,1,koolearn;xdf,1
feature,55292,https://www.koolearn.com/dict/wd_55292.html,L2-listening;L2-reading;L2-writing,3,S,60,17,13,6,5,0,0,koolearn;xdf,1
flexible,57619,https://www.koolearn.com/dict/wd_57619.html,L1-base-L1;L2-listening;L2-reading,3,S,60,18,8,3,2,1,1,koolearn;xdf,1
incentive,76150,https://www.koolearn.com/dict/wd_76150.html,L1-base-L2;L2-reading;L2-writing,3,S,60,4,13,8,4,1,2,koolearn;xdf,1
poverty,115987,https://www.koolearn.com/dict/wd_115987.html,L2-listening;L2-reading;L2-writing,3,S,59,12,12,6,2,0,0,koolearn;xdf,1
budget,21718,https://www.koolearn.com/dict/wd_21718.html,L2-listening;L2-reading;L2-writing,3,S,57,11,15,9,2,0,0,koolearn;xdf,1
eliminate,48949,https://www.koolearn.com/dict/wd_48949.html,L1-base-L1;L2-reading;L2-writing,3,S,57,0,15,8,3,1,1,koolearn;xdf,1
habitat,67116,https://www.koolearn.com/dict/wd_67116.html,L1-base-L2;L2-listening;L2-reading,3,S,57,16,14,4,0,1,2,koolearn;xdf,1
strategy,143247,https://www.koolearn.com/dict/wd_143247.html,L2-listening;L2-reading;L2-writing,3,S,56,15,9,7,2,0,0,koolearn;xdf,1
community,32146,https://www.koolearn.com/dict/wd_32146.html,L2-listening;L2-reading;L2-writing,3,S,55,14,9,7,4,0,0,koolearn;xdf,1
authority,11333,https://www.koolearn.com/dict/wd_11333.html,L2-listening;L2-reading;L2-writing,3,S,54,10,12,7,2,0,0,koolearn;xdf,1
objective,102730,https://www.koolearn.com/dict/wd_102730.html,L2-listening;L2-reading;L2-writing,3,S,54,12,15,8,0,0,0,koolearn;xdf,1
shelter,134493,https://www.koolearn.com/dict/wd_134493.html,L1-base-L1;L2-listening;L2-reading,3,S,54,18,8,0,4,1,1,koolearn;xdf,1
attitude,10986,https://www.koolearn.com/dict/wd_10986.html,L2-listening;L2-reading;L2-writing,3,S,53,13,14,6,3,0,0,koolearn;xdf,1
conservative,33514,https://www.koolearn.com/dict/wd_33514.html,L1-base-L1;L2-listening;L2-reading,3,S,53,9,12,4,4,1,1,koolearn;xdf,1
promotion,118234,https://www.koolearn.com/dict/wd_118234.html,L2-listening;L2-reading;L2-writing,3,S,53,16,9,8,3,0,0,koolearn;xdf,1
welfare,164485,https://www.koolearn.com/dict/wd_164485.html,L2-listening;L2-reading;L2-writing,3,S,53,15,6,7,1,0,0,koolearn;xdf,1
abstract,962,https://www.koolearn.com/dict/wd_962.html,L1-base-L1;L2-listening;L2-reading,3,S,52,12,11,4,3,1,1,koolearn;xdf,1
available,11626,https://www.koolearn.com/dict/wd_11626.html,L1-base-L1;L2-listening;L2-reading,3,S,52,16,8,4,2,1,1,koolearn;xdf,1
curriculum,37820,https://www.koolearn.com/dict/wd_37820.html,L2-listening;L2-reading;L2-writing,3,S,52,12,14,6,0,0,0,koolearn;xdf,1
deteriorate,41868,https://www.koolearn.com/dict/wd_41868.html,L2-listening;L2-reading;L2-writing,3,S,52,10,7,6,3,0,0,koolearn;xdf,1
feedback,55386,https://www.koolearn.com/dict/wd_55386.html,L2-listening;L2-reading;L2-writing,3,S,52,20,7,5,0,0,0,koolearn;xdf,1
negative,99718,https://www.koolearn.com/dict/wd_99718.html,L1-base-L1;L2-listening;L2-reading,3,S,52,16,7,4,1,1,1,koolearn;xdf,1
nutrition,102525,https://www.koolearn.com/dict/wd_102525.html,L1-base-L2;L2-listening;L2-reading,3,S,52,19,9,2,3,1,2,koolearn;xdf,1
personality,111161,https://www.koolearn.com/dict/wd_111161.html,L1-base-L2;L2-listening;L2-reading,3,S,52,15,8,3,4,1,2,koolearn;xdf,1
promote,118227,https://www.koolearn.com/dict/wd_118227.html,L1-base-L1;L2-reading;L2-writing,3,S,52,2,13,9,3,1,1,koolearn;xdf,1
reliable,124522,https://www.koolearn.com/dict/wd_124522.html,L1-base-L1;L2-listening;L2-reading,3,S,52,15,7,4,2,1,1,koolearn;xdf,1
stress,143388,https://www.koolearn.com/dict/wd_143388.html,L2-listening;L2-reading;L2-writing,3,S,52,12,8,8,0,0,0,koolearn;xdf,1
commercial,31927,https://www.koolearn.com/dict/wd_31927.html,L2-listening;L2-reading;L2-writing,3,S,51,12,8,7,4,0,0,koolearn;xdf,1
consequence,33499,https://www.koolearn.com/dict/wd_33499.html,L2-listening;L2-reading;L2-writing,3,S,51,10,11,8,2,0,0,koolearn;xdf,1
proportion,118432,https://www.koolearn.com/dict/wd_118432.html,L2-listening;L2-reading;L2-writing,3,S,51,9,11,5,1,0,0,koolearn;xdf,1
chronic,28666,https://www.koolearn.com/dict/wd_28666.html,L1-base-L3;L2-listening;L2-reading,3,S,50,7,12,3,2,1,3,koolearn;xdf,1
component,32439,https://www.koolearn.com/dict/wd_32439.html,L1-base-L1;L2-listening;L2-reading,3,S,50,8,15,2,1,1,1,koolearn;xdf,1
demonstrate,40874,https://www.koolearn.com/dict/wd_40874.html,L1-base-L1;L2-listening;L2-reading,3,S,50,9,7,4,1,1,1,koolearn;xdf,1
equipment,51339,https://www.koolearn.com/dict/wd_51339.html,L1-base-L1;L2-listening;L2-reading,3,S,50,19,6,4,3,1,1,koolearn;xdf,1
original,105328,https://www.koolearn.com/dict/wd_105328.html,L1-base-L2;L2-listening;L2-reading,3,S,50,11,13,2,4,1,2,koolearn;xdf,1
accommodation,1262,https://www.koolearn.com/dict/wd_1262.html,L1-base-L1;L2-listening;L2-reading,3,S,49,21,6,2,2,1,1,koolearn;xdf,1
irrigation,79741,https://www.koolearn.com/dict/wd_79741.html,L1-base-L2;L2-listening;L2-reading,3,S,49,18,8,2,1,1,2,koolearn;xdf,1
democratic,40823,https://www.koolearn.com/dict/wd_40823.html,L1-base-L3;L2-listening;L2-reading,3,S,48,5,13,4,4,1,3,koolearn;xdf,1
diversity,44608,https://www.koolearn.com/dict/wd_44608.html,L2-listening;L2-reading;L2-writing,3,S,48,7,15,7,0,0,0,koolearn;xdf,1
drought,46600,https://www.koolearn.com/dict/wd_46600.html,L1-base-L1;L2-listening;L2-reading,3,S,48,16,9,1,0,1,1,koolearn;xdf,1
enormous,50432,https://www.koolearn.com/dict/wd_50432.html,L2-listening;L2-reading;L2-writing,3,S,48,12,11,5,3,0,0,koolearn;xdf,1
guarantee,66520,https://www.koolearn.com/dict/wd_66520.html,L2-listening;L2-reading;L2-writing,3,S,48,5,10,7,2,0,0,koolearn;xdf,1
heritage,70096,https://www.koolearn.com/dict/wd_70096.html,L1-base-L1;L2-listening;L2-reading,3,S,48,8,10,4,2,1,1,koolearn;xdf,1
landmark,84413,https://www.koolearn.com/dict/wd_84413.html,L2-listening;L2-reading;L2-writing,3,S,48,14,5,5,3,0,0,koolearn;xdf,1
recycle,123312,https://www.koolearn.com/dict/wd_123312.html,L2-listening;L2-reading;L2-writing,3,S,48,15,5,6,4,0,0,koolearn;xdf,1
stimulate,142627,https://www.koolearn.com/dict/wd_142627.html,L1-base-L1;L2-reading;L2-writing,3,S,48,2,11,8,1,1,1,koolearn;xdf,1
symptom,146550,https://www.koolearn.com/dict/wd_146550.html,L1-base-L1;L2-listening;L2-reading,3,S,48,13,12,2,0,1,1,koolearn;xdf,1
vulnerable,162958,https://www.koolearn.com/dict/wd_162958.html,L2-listening;L2-reading;L2-writing,3,S,48,6,12,6,1,0,0,koolearn;xdf,1
adopt,2546,https://www.koolearn.com/dict/wd_2546.html,L1-base-L2;L2-listening;L2-reading,3,S,47,8,9,2,2,1,2,koolearn;xdf,1
enhance,50319,https://www.koolearn.com/dict/wd_50319.html,L2-listening;L2-reading;L2-writing,3,S,47,5,8,7,0,0,0,koolearn;xdf,1
financial,56479,https://www.koolearn.com/dict/wd_56479.html,L1-base-L3;L2-listening;L2-reading,3,S,47,13,11,3,3,1,3,koolearn,0
illustrate,74336,https://www.koolearn.com/dict/wd_74336.html,L2-listening;L2-reading;L2-writing,3,S,47,6,12,5,2,0,0,koolearn;xdf,1
sufficient,144714,https://www.koolearn.com/dict/wd_144714.html,L1-base-L1;L2-listening;L2-reading,3,S,47,14,10,3,1,1,1,koolearn;xdf,1
sustainable,145858,https://www.koolearn.com/dict/wd_145858.html,L2-listening;L2-reading;L2-writing,3,S,47,9,12,5,1,0,0,koolearn;xdf,1
visual,162358,https://www.koolearn.com/dict/wd_162358.html,L1-base-L3;L2-listening;L2-reading,3,S,47,12,13,4,1,1,3,koolearn;xdf,1
content,33863,https://www.koolearn.com/dict/wd_33863.html,L1-base-L2;L2-listening;L2-writing,3,S,46,15,4,5,0,1,2,koolearn;xdf,1
distinct,44399,https://www.koolearn.com/dict/wd_44399.html,L1-base-L1;L2-listening;L2-reading,3,S,46,10,8,1,1,1,1,koolearn;xdf,1
ecosystem,47980,https://www.koolearn.com/dict/wd_47980.html,L2-listening;L2-reading;L2-writing,3,S,46,12,11,7,0,0,0,koolearn;xdf,1
efficient,48310,https://www.koolearn.com/dict/wd_48310.html,L2-listening;L2-reading;L2-writing,3,S,46,12,9,5,3,0,0,koolearn;xdf,1
exploit,53480,https://www.koolearn.com/dict/wd_53480.html,L2-listening;L2-reading;L2-writing,3,S,46,7,15,6,1,0,0,koolearn;xdf,1
initial,77518,https://www.koolearn.com/dict/wd_77518.html,L1-base-L1;L2-listening;L2-reading,3,S,46,14,11,1,0,1,1,koolearn;xdf,1
insight,77898,https://www.koolearn.com/dict/wd_77898.html,L1-base-L1;L2-reading;L2-writing,3,S,46,2,9,5,1,1,1,koolearn;xdf,1
intelligence,78257,https://www.koolearn.com/dict/wd_78257.html,L2-listening;L2-reading;L2-writing,3,S,46,8,13,7,1,0,0,koolearn;xdf,1
professional,117945,https://www.koolearn.com/dict/wd_117945.html,L2-listening;L2-reading;L2-writing,3,S,46,13,5,7,1,0,0,koolearn;xdf,1
retain,125963,https://www.koolearn.com/dict/wd_125963.html,L1-base-L1;L2-listening;L2-reading,3,S,46,5,11,4,0,1,1,koolearn;xdf,1
associate,10117,https://www.koolearn.com/dict/wd_10117.html,L1-base-L1;L2-listening;L2-reading,3,S,45,12,10,0,0,1,1,koolearn;xdf,1
assume,10166,https://www.koolearn.com/dict/wd_10166.html,L1-base-L1;L2-listening;L2-reading,3,S,45,11,8,3,1,1,1,koolearn;xdf,1
atmosphere,10737,https://www.koolearn.com/dict/wd_10737.html,L2-listening;L2-reading;L2-writing,3,S,45,10,6,5,3,0,0,koolearn;xdf,1
expand,53278,https://www.koolearn.com/dict/wd_53278.html,L1-base-L1;L2-reading;L2-writing,3,S,45,4,7,6,2,1,1,koolearn;xdf,1
implement,74886,https://www.koolearn.com/dict/wd_74886.html,L1-base-L1;L2-reading;L2-writing,3,S,45,4,9,9,0,1,1,koolearn;xdf,1
overcome,106609,https://www.koolearn.com/dict/wd_106609.html,L1-base-L1;L2-listening;L2-reading,3,S,45,10,12,3,0,1,1,koolearn;xdf,1
portable,115412,https://www.koolearn.com/dict/wd_115412.html,L1-base-L2;L2-listening;L2-reading,3,S,45,8,9,2,4,1,2,koolearn;xdf,1
primary,117403,https://www.koolearn.com/dict/wd_117403.html,L1-base-L1;L2-listening;L2-reading,3,S,45,9,11,2,2,1,1,koolearn;xdf,1
random,121829,https://www.koolearn.com/dict/wd_121829.html,L1-base-L1;L2-listening;L2-reading,3,S,45,12,9,1,1,1,1,koolearn;xdf,1
shift,134587,https://www.koolearn.com/dict/wd_134587.html,L2-listening;L2-reading;L2-writing,3,S,45,8,13,6,0,0,0,koolearn;xdf,1
strain,143160,https://www.koolearn.com/dict/wd_143160.html,L1-base-L1;L2-listening;L2-writing,3,S,45,7,3,7,0,1,1,koolearn;xdf,1
virtual,162236,https://www.koolearn.com/dict/wd_162236.html,L2-listening;L2-reading;L2-writing,3,S,45,12,8,5,1,0,0,koolearn,0
benefit,16092,https://www.koolearn.com/dict/wd_16092.html,L2-listening;L2-reading;L2-writing,3,S,44,13,7,5,0,0,0,koolearn;xdf,1
distribute,44462,https://www.koolearn.com/dict/wd_44462.html,L1-base-L1;L2-listening;L2-reading,3,S,44,5,12,3,0,1,1,koolearn;xdf,1
integrate,78224,https://www.koolearn.com/dict/wd_78224.html,L1-base-L1;L2-listening;L2-reading,3,S,44,9,14,3,0,1,1,koolearn;xdf,1
psychological,119110,https://www.koolearn.com/dict/wd_119110.html,L2-listening;L2-reading;L2-writing,3,S,44,9,7,9,3,0,0,koolearn,0
traditional,153730,https://www.koolearn.com/dict/wd_153730.html,L2-listening;L2-reading;L2-writing,3,S,44,11,7,6,2,0,0,koolearn;xdf,1
ambition,5420,https://www.koolearn.com/dict/wd_5420.html,L2-listening;L2-reading;L2-writing,3,S,43,12,6,5,1,0,0,koolearn;xdf,1
boost,19394,https://www.koolearn.com/dict/wd_19394.html,L1-base-L2;L2-reading;L2-writing,3,S,43,1,6,6,3,1,2,koolearn;xdf,1
circumstance,29134,https://www.koolearn.com/dict/wd_29134.html,L2-listening;L2-reading;L2-writing,3,S,43,7,7,8,1,0,0,koolearn;xdf,1
concrete,32852,https://www.koolearn.com/dict/wd_32852.html,L1-base-L1;L2-listening;L2-reading,3,S,43,11,8,3,0,1,1,koolearn;xdf,1
consistent,33565,https://www.koolearn.com/dict/wd_33565.html,L1-base-L3;L2-listening;L2-reading,3,S,43,5,9,2,0,1,3,koolearn;xdf,1
contract,33994,https://www.koolearn.com/dict/wd_33994.html,L1-base-L1;L2-listening;L2-reading,3,S,43,15,8,2,1,1,1,koolearn;xdf,1
measure,92687,https://www.koolearn.com/dict/wd_92687.html,L2-listening;L2-reading;L2-writing,3,S,43,8,13,6,0,0,0,koolearn,0
motivation,97304,https://www.koolearn.com/dict/wd_97304.html,L2-listening;L2-reading;L2-writing,3,S,43,8,7,6,2,0,0,koolearn,0
vehicle,161090,https://www.koolearn.com/dict/wd_161090.html,L2-listening;L2-reading;L2-writing,3,S,43,8,7,6,2,0,0,koolearn,0
adequate,2272,https://www.koolearn.com/dict/wd_2272.html,L1-base-L1;L2-listening;L2-reading,3,S,42,9,8,2,3,1,1,koolearn;xdf,1
architect,8607,https://www.koolearn.com/dict/wd_8607.html,L1-base-L1;L2-listening;L2-reading,3,S,42,13,7,0,3,1,1,koolearn;xdf,1
candidate,23958,https://www.koolearn.com/dict/wd_23958.html,L1-base-L1;L2-listening;L2-reading,3,S,42,13,7,3,2,1,1,koolearn;xdf,1
circulation,29084,https://www.koolearn.com/dict/wd_29084.html,L1-base-L1;L2-listening;L2-reading,3,S,42,10,9,1,3,1,1,koolearn;xdf,1
impose,74970,https://www.koolearn.com/dict/wd_74970.html,L1-base-L1;L2-reading;L2-writing,3,S,42,1,5,7,0,1,1,koolearn;xdf,1
internal,78609,https://www.koolearn.com/dict/wd_78609.html,L1-base-L1;L2-listening;L2-reading,3,S,42,13,5,1,0,1,1,koolearn;xdf,1
outline,106185,https://www.koolearn.com/dict/wd_106185.html,L1-base-L1;L2-listening;L2-reading,3,S,42,14,8,0,0,1,1,koolearn;xdf,1
peak,109800,https://www.koolearn.com/dict/wd_109800.html,L2-listening;L2-reading;L2-writing,3,S,42,5,15,5,1,0,0,koolearn,0
permit,110991,https://www.koolearn.com/dict/wd_110991.html,L1-base-L2;L2-listening;L2-reading,3,S,42,14,13,1,0,1,2,koolearn,0
principal,117521,https://www.koolearn.com/dict/wd_117521.html,L1-base-L2;L2-listening;L2-reading,3,S,42,9,12,2,2,1,2,koolearn;xdf,1
remote,124770,https://www.koolearn.com/dict/wd_124770.html,L1-base-L1;L2-listening;L2-reading,3,S,42,13,6,4,1,1,1,koolearn;xdf,1
schedule,130956,https://www.koolearn.com/dict/wd_130956.html,L1-base-L1;L2-listening;L2-reading,3,S,42,16,6,1,3,1,1,koolearn;xdf,1
status,141979,https://www.koolearn.com/dict/wd_141979.html,L1-base-L2;L2-listening;L2-reading,3,S,42,9,6,3,2,1,2,koolearn;xdf,1
voluntary,162750,https://www.koolearn.com/dict/wd_162750.html,L1-base-L1;L2-listening;L2-reading,3,S,42,8,8,3,0,1,1,koolearn;xdf,1
brochure,21180,https://www.koolearn.com/dict/wd_21180.html,L1-base-L3;L2-listening;L2-reading,3,S,41,20,5,0,1,1,3,koolearn;xdf,1
climate,29856,https://www.koolearn.com/dict/wd_29856.html,L1-base-L2;L2-listening;L2-reading,3,S,41,15,7,1,1,1,2,koolearn;xdf,1
erosion,51535,https://www.koolearn.com/dict/wd_51535.html,L1-base-L3;L2-listening;L2-reading,3,S,41,10,9,1,1,1,3,koolearn;xdf,1
external,53694,https://www.koolearn.com/dict/wd_53694.html,L1-base-L1;L2-listening;L2-reading,3,S,41,8,8,1,1,1,1,koolearn;xdf,1
hypothesis,73612,https://www.koolearn.com/dict/wd_73612.html,L1-base-L2;L2-listening;L2-reading,3,S,41,7,13,1,0,1,2,koolearn;xdf,1
prey,117288,https://www.koolearn.com/dict/wd_117288.html,L1-base-L2;L2-listening;L2-reading,3,S,41,8,11,0,2,1,2,koolearn;xdf,1
psychology,119126,https://www.koolearn.com/dict/wd_119126.html,L1-base-L1;L2-listening;L2-reading,3,S,41,15,7,2,1,1,1,koolearn,0
resort,125690,https://www.koolearn.com/dict/wd_125690.html,L2-listening;L2-reading;L2-writing,3,S,41,9,5,6,0,0,0,koolearn;xdf,1
shortage,135042,https://www.koolearn.com/dict/wd_135042.html,L1-base-L1;L2-listening;L2-writing,3,S,41,14,1,6,3,1,1,koolearn;xdf,1
allocate,4869,https://www.koolearn.com/dict/wd_4869.html,L1-base-L2;L2-reading;L2-writing,3,S,40,3,9,5,0,1,2,koolearn;xdf,1
convention,34190,https://www.koolearn.com/dict/wd_34190.html,L1-base-L1;L2-listening;L2-reading,3,S,40,6,14,1,0,1,1,koolearn;xdf,1
current,37796,https://www.koolearn.com/dict/wd_37796.html,L1-base-L1;L2-listening;L2-reading,3,S,40,19,7,0,0,1,1,koolearn;xdf,1
dynamic,47367,https://www.koolearn.com/dict/wd_47367.html,L1-base-L3;L2-listening;L2-reading,3,S,40,8,6,1,3,1,3,koolearn;xdf,1
indicate,76641,https://www.koolearn.com/dict/wd_76641.html,L2-listening;L2-reading;L2-writing,3,S,40,6,9,6,1,0,0,koolearn;xdf,1
intellectual,78246,https://www.koolearn.com/dict/wd_78246.html,L1-base-L1;L2-reading;L2-writing,3,S,40,3,6,6,1,1,1,koolearn;xdf,1
permanent,110956,https://www.koolearn.com/dict/wd_110956.html,L1-base-L1;L2-listening;L2-reading,3,S,40,12,10,2,1,1,1,koolearn;xdf,1
principle,117537,https://www.koolearn.com/dict/wd_117537.html,L1-base-L2;L2-reading;L2-writing,3,S,40,2,13,6,0,1,2,koolearn;xdf,1
purchase,119793,https://www.koolearn.com/dict/wd_119793.html,L2-listening;L2-reading;L2-writing,3,S,40,8,8,5,1,0,0,koolearn;xdf,1
regulate,124172,https://www.koolearn.com/dict/wd_124172.html,L1-base-L1;L2-reading;L2-writing,3,S,40,2,10,5,0,1,1,koolearn;xdf,1
security,132280,https://www.koolearn.com/dict/wd_132280.html,L2-listening;L2-reading;L2-writing,3,S,40,14,6,5,2,0,0,koolearn;xdf,1
accurate,1427,https://www.koolearn.com/dict/wd_1427.html,L1-base-L1;L2-listening;L2-reading,3,S,39,7,6,1,4,1,1,koolearn;xdf,1
artistic,9394,https://www.koolearn.com/dict/wd_9394.html,L2-listening;L2-reading;L2-writing,3,S,39,10,7,6,1,0,0,koolearn,0
challenge,26861,https://www.koolearn.com/dict/wd_26861.html,L2-listening;L2-reading;L2-writing,3,S,39,6,5,6,1,0,0,koolearn;xdf,1
compromise,32538,https://www.koolearn.com/dict/wd_32538.html,L1-base-L1;L2-listening;L2-writing,3,S,39,6,3,6,1,1,1,koolearn;xdf,1
congestion,33226,https://www.koolearn.com/dict/wd_33226.html,L1-base-L2;L2-listening;L2-reading,3,S,39,6,7,1,3,1,2,koolearn;xdf,1
contaminate,33821,https://www.koolearn.com/dict/wd_33821.html,L2-listening;L2-reading;L2-writing,3,S,39,6,5,6,2,0,0,koolearn;xdf,1
establish,51854,https://www.koolearn.com/dict/wd_51854.html,L1-base-L1;L2-reading;L2-writing,3,S,39,3,7,5,3,1,1,koolearn;xdf,1
expert,53409,https://www.koolearn.com/dict/wd_53409.html,L1-base-L1;L2-listening;L2-reading,3,S,39,13,9,4,2,1,1,koolearn,0
fatigue,55060,https://www.koolearn.com/dict/wd_55060.html,L1-base-L1;L2-listening;L2-reading,3,S,39,5,8,3,0,1,1,koolearn;xdf,1
maximum,92461,https://www.koolearn.com/dict/wd_92461.html,L1-base-L1;L2-listening;L2-reading,3,S,39,13,7,2,0,1,1,koolearn;xdf,1
moral,96908,https://www.koolearn.com/dict/wd_96908.html,L1-base-L2;L2-reading;L2-writing,3,S,39,1,14,6,1,1,2,koolearn;xdf,1
pollution,114822,https://www.koolearn.com/dict/wd_114822.html,L1-base-L2;L2-listening;L2-reading,3,S,39,13,5,1,2,1,2,koolearn;xdf,1
positive,115530,https://www.koolearn.com/dict/wd_115530.html,L2-listening;L2-reading;L2-writing,3,S,39,10,6,5,1,0,0,koolearn;xdf,1
sustain,145856,https://www.koolearn.com/dict/wd_145856.html,L1-base-L1;L2-listening;L2-reading,3,S,39,5,7,1,0,1,1,koolearn;xdf,1
violent,162146,https://www.koolearn.com/dict/wd_162146.html,L1-base-L1;L2-listening;L2-reading,3,S,39,6,13,0,0,1,1,koolearn;xdf,1
aggressive,3439,https://www.koolearn.com/dict/wd_3439.html,L2-listening;L2-reading;L2-writing,3,S,38,5,5,5,3,0,0,koolearn;xdf,1
devastate,41996,https://www.koolearn.com/dict/wd_41996.html,L1-base-L2;L2-listening;L2-reading,3,S,38,5,13,1,1,1,2,koolearn;xdf,1
disaster,43449,https://www.koolearn.com/dict/wd_43449.html,L1-base-L1;L2-listening;L2-reading,3,S,38,7,12,2,0,1,1,koolearn,0
experience,53387,https://www.koolearn.com/dict/wd_53387.html,L2-listening;L2-reading;L2-writing,3,S,38,7,5,7,2,0,0,koolearn,0
hostile,72182,https://www.koolearn.com/dict/wd_72182.html,L1-base-L1;L2-listening;L2-reading,3,S,38,8,6,1,1,1,1,koolearn;xdf,1
initiative,77546,https://www.koolearn.com/dict/wd_77546.html,L1-base-L1;L2-listening;L2-reading,3,S,38,6,6,4,2,1,1,koolearn;xdf,1
lack,83908,https://www.koolearn.com/dict/wd_83908.html,L2-listening;L2-reading;L2-writing,3,S,38,5,12,5,0,0,0,koolearn;xdf,1
link,87259,https://www.koolearn.com/dict/wd_87259.html,L1-base-L1;L2-listening;L2-reading,3,S,38,5,8,2,2,1,1,koolearn;xdf,1
literacy,87516,https://www.koolearn.com/dict/wd_87516.html,L1-base-L3;L2-listening;L2-reading,3,S,38,6,10,4,1,1,3,koolearn;xdf,1
personnel,111184,https://www.koolearn.com/dict/wd_111184.html,L1-base-L2;L2-listening;L2-reading,3,S,38,13,7,0,0,1,2,koolearn;xdf,1
redundant,123581,https://www.koolearn.com/dict/wd_123581.html,L1-base-L2;L2-listening;L2-reading,3,S,38,7,5,0,2,1,2,koolearn;xdf,1
responsibility,125771,https://www.koolearn.com/dict/wd_125771.html,L2-listening;L2-reading;L2-writing,3,S,38,9,8,6,2,0,0,koolearn;xdf,1
sample,129867,https://www.koolearn.com/dict/wd_129867.html,L1-base-L1;L2-listening;L2-reading,3,S,38,18,7,0,0,1,1,koolearn;xdf,1
session,133648,https://www.koolearn.com/dict/wd_133648.html,L1-base-L2;L2-listening;L2-reading,3,S,38,17,6,0,0,1,2,koolearn;xdf,1
stability,141315,https://www.koolearn.com/dict/wd_141315.html,L2-listening;L2-reading;L2-writing,3,S,38,8,7,8,0,0,0,koolearn,0
value,160658,https://www.koolearn.com/dict/wd_160658.html,L2-listening;L2-reading;L2-writing,3,S,38,9,9,5,2,0,0,koolearn,0
acquire,1775,https://www.koolearn.com/dict/wd_1775.html,L1-base-L1;L2-reading;L2-writing,3,S,37,2,5,6,1,1,1,koolearn;xdf,1
context,33894,https://www.koolearn.com/dict/wd_33894.html,L1-base-L1;L2-listening;L2-reading,3,S,37,6,9,2,0,1,1,koolearn;xdf,1
discharge,43521,https://www.koolearn.com/dict/wd_43521.html,L1-base-L1;L2-reading;L2-writing,3,S,37,0,11,6,1,1,1,koolearn;xdf,1
export,53517,https://www.koolearn.com/dict/wd_53517.html,L2-listening;L2-reading;L2-writing,3,S,37,8,5,6,0,0,0,koolearn;xdf,1
facilitate,54151,https://www.koolearn.com/dict/wd_54151.html,L1-base-L1;L2-reading;L2-writing,3,S,37,0,6,5,1,1,1,koolearn;xdf,1
massive,92077,https://www.koolearn.com/dict/wd_92077.html,L1-base-L1;L2-listening;L2-reading,3,S,37,7,10,3,1,1,1,koolearn;xdf,1
minority,95141,https://www.koolearn.com/dict/wd_95141.html,L1-base-L1;L2-listening;L2-reading,3,S,37,5,7,3,2,1,1,koolearn;xdf,1
remarkable,124648,https://www.koolearn.com/dict/wd_124648.html,L1-base-L1;L2-listening;L2-reading,3,S,37,6,5,1,2,1,1,koolearn;xdf,1
reputation,125355,https://www.koolearn.com/dict/wd_125355.html,L1-base-L1;L2-listening;L2-reading,3,S,37,6,5,2,3,1,1,koolearn;xdf,1
tropical,155167,https://www.koolearn.com/dict/wd_155167.html,L1-base-L1;L2-listening;L2-reading,3,S,37,9,13,0,0,1,1,koolearn;xdf,1
address,2193,https://www.koolearn.com/dict/wd_2193.html,L1-base-L2;L2-listening;L2-reading,3,S,36,10,7,4,0,1,2,koolearn;xdf,1
advocate,2802,https://www.koolearn.com/dict/wd_2802.html,L1-base-L1;L2-reading;L2-writing,3,S,36,0,6,5,1,1,1,koolearn;xdf,1
affect,3026,https://www.koolearn.com/dict/wd_3026.html,L1-base-L2;L2-listening;L2-reading,3,S,36,5,5,2,0,1,2,koolearn;xdf,1
astronomy,10314,https://www.koolearn.com/dict/wd_10314.html,L1-base-L1;L2-listening;L2-reading,3,S,36,15,6,0,0,1,1,koolearn;xdf,1
ban,12988,https://www.koolearn.com/dict/wd_12988.html,L1-base-L1;L2-listening;L2-writing,3,S,36,6,3,6,0,1,1,koolearn,0
crime,36595,https://www.koolearn.com/dict/wd_36595.html,L2-listening;L2-reading;L2-writing,3,S,36,15,5,5,0,0,0,koolearn;xdf,1
debate,39466,https://www.koolearn.com/dict/wd_39466.html,L1-base-L1;L2-listening;L2-reading,3,S,36,8,6,2,2,1,1,koolearn;xdf,1
disease,43726,https://www.koolearn.com/dict/wd_43726.html,L1-base-L2;L2-listening;L2-reading,3,S,36,14,6,1,0,1,2,koolearn,0
evaluation,52391,https://www.koolearn.com/dict/wd_52391.html,L1-base-L2;L2-listening;L2-reading,3,S,36,13,5,3,0,1,2,koolearn;xdf,1
hazard,68920,https://www.koolearn.com/dict/wd_68920.html,L1-base-L1;L2-listening;L2-reading,3,S,36,5,10,1,1,1,1,koolearn;xdf,1
migrate,94599,https://www.koolearn.com/dict/wd_94599.html,L1-base-L3;L2-listening;L2-reading,3,S,36,6,12,0,0,1,3,koolearn;xdf,1
pollutant,114815,https://www.koolearn.com/dict/wd_114815.html,L2-listening;L2-reading;L2-writing,3,S,36,9,8,5,1,0,0,koolearn;xdf,1
predict,116508,https://www.koolearn.com/dict/wd_116508.html,L1-base-L1;L2-listening;L2-reading,3,S,36,5,13,1,1,1,1,koolearn;xdf,1
rational,122131,https://www.koolearn.com/dict/wd_122131.html,L1-base-L1;L2-listening;L2-reading,3,S,36,5,6,4,1,1,1,koolearn,0
reverse,126360,https://www.koolearn.com/dict/wd_126360.html,L1-base-L1;L2-listening;L2-writing,3,S,36,9,4,6,0,1,1,koolearn;xdf,1
supervise,145417,https://www.koolearn.com/dict/wd_145417.html,L2-listening;L2-reading;L2-writing,3,S,36,8,5,6,3,0,0,koolearn;xdf,1
trait,153856,https://www.koolearn.com/dict/wd_153856.html,L1-base-L1;L2-reading;L2-writing,3,S,36,0,10,6,0,1,1,koolearn,0
viable,161720,https://www.koolearn.com/dict/wd_161720.html,L1-base-L2;L2-listening;L2-reading,3,S,36,5,12,0,0,1,2,koolearn;xdf,1
data,38987,https://www.koolearn.com/dict/wd_38987.html,L2-listening;L2-reading;L2-writing,3,S,35,13,5,5,0,0,0,koolearn;xdf,1
enthusiasm,50676,https://www.koolearn.com/dict/wd_50676.html,L2-listening;L2-reading;L2-writing,3,S,35,7,5,5,1,0,0,koolearn;xdf,1
independent,76593,https://www.koolearn.com/dict/wd_76593.html,L1-base-L1;L2-listening;L2-reading,3,S,35,6,5,2,4,1,1,koolearn;xdf,1
inhabitant,77441,https://www.koolearn.com/dict/wd_77441.html,L1-base-L2;L2-listening;L2-reading,3,S,35,8,8,1,2,1,2,koolearn;xdf,1
machinery,89813,https://www.koolearn.com/dict/wd_89813.html,L2-listening;L2-reading;L2-writing,3,S,35,10,7,5,0,0,0,koolearn;xdf,1
persuade,111210,https://www.koolearn.com/dict/wd_111210.html,L1-base-L2;L2-listening;L2-reading,3,S,35,8,9,0,0,1,2,koolearn;xdf,1
annual,6812,https://www.koolearn.com/dict/wd_6812.html,L1-base-L1;L2-listening;L2-reading,3,S,34,10,7,1,1,1,1,koolearn;xdf,1
exterior,53682,https://www.koolearn.com/dict/wd_53682.html,L1-base-L1;L2-listening;L2-writing,3,S,34,6,4,5,4,1,1,koolearn;xdf,1
fiction,56052,https://www.koolearn.com/dict/wd_56052.html,L1-base-L1;L2-listening;L2-reading,3,S,34,12,6,0,0,1,1,koolearn;xdf,1
prescribe,116926,https://www.koolearn.com/dict/wd_116926.html,L1-base-L2;L2-listening;L2-reading,3,S,34,7,6,2,0,1,2,koolearn;xdf,1
valuable,160648,https://www.koolearn.com/dict/wd_160648.html,L1-base-L1;L2-listening;L2-reading,3,S,34,7,12,3,2,1,1,koolearn;xdf,1
withdraw,166147,https://www.koolearn.com/dict/wd_166147.html,L1-base-L3;L2-listening;L2-reading,3,S,34,9,7,0,0,1,3,koolearn;xdf,1
athlete,10691,https://www.koolearn.com/dict/wd_10691.html,L1-base-L1;L2-listening;L2-reading,3,S,33,8,6,2,2,1,1,koolearn;xdf,1
automatic,11478,https://www.koolearn.com/dict/wd_11478.html,L1-base-L1;L2-listening;L2-reading,3,S,33,9,7,0,2,1,1,koolearn,0
beneficial,16085,https://www.koolearn.com/dict/wd_16085.html,L1-base-L1;L2-reading;L2-writing,3,S,33,3,7,5,0,1,1,koolearn;xdf,1
combine,31590,https://www.koolearn.com/dict/wd_31590.html,L1-base-L2;L2-reading;L2-writing,3,S,33,2,8,5,2,1,2,koolearn;xdf,1
corrupt,35064,https://www.koolearn.com/dict/wd_35064.html,L1-base-L1;L2-listening;L2-writing,3,S,33,9,2,5,0,1,1,koolearn;xdf,1
criteria,36707,https://www.koolearn.com/dict/wd_36707.html,L2-listening;L2-reading;L2-writing,3,S,33,7,12,5,0,0,0,koolearn,0
reflect,123778,https://www.koolearn.com/dict/wd_123778.html,L1-base-L1;L2-reading;L2-writing,3,S,33,2,9,5,3,1,1,koolearn,0
variable,160834,https://www.koolearn.com/dict/wd_160834.html,L1-base-L1;L2-listening;L2-reading,3,S,33,8,8,1,0,1,1,koolearn,0
competitive,32326,https://www.koolearn.com/dict/wd_32326.html,L2-listening;L2-reading;L2-writing,3,S,32,5,7,5,0,0,0,koolearn,0
creativity,36345,https://www.koolearn.com/dict/wd_36345.html,L2-listening;L2-reading;L2-writing,3,S,32,5,6,5,1,0,0,koolearn,0
marine,91631,https://www.koolearn.com/dict/wd_91631.html,L1-base-L1;L2-listening;L2-reading,3,S,32,9,8,0,0,1,1,koolearn,0
natural,99320,https://www.koolearn.com/dict/wd_99320.html,L1-base-L1;L2-listening;L2-reading,3,S,32,9,8,4,1,1,1,koolearn;xdf,1
personal,111133,https://www.koolearn.com/dict/wd_111133.html,L1-base-L2;L2-listening;L2-reading,3,S,32,11,6,1,0,1,2,koolearn;xdf,1
reasonable,122668,https://www.koolearn.com/dict/wd_122668.html,L1-base-L1;L2-listening;L2-reading,3,S,32,7,5,3,2,1,1,koolearn;xdf,1
scatter,130869,https://www.koolearn.com/dict/wd_130869.html,L1-base-L1;L2-listening;L2-reading,3,S,32,6,8,0,0,1,1,koolearn;xdf,1
site,136430,https://www.koolearn.com/dict/wd_136430.html,L1-base-L1;L2-listening;L2-reading,3,S,32,9,6,1,0,1,1,koolearn,0
vertical,161552,https://www.koolearn.com/dict/wd_161552.html,L1-base-L1;L2-listening;L2-reading,3,S,32,5,8,1,0,1,1,koolearn;xdf,1
whereas,164947,https://www.koolearn.com/dict/wd_164947.html,L2-listening;L2-reading;L2-writing,3,S,32,6,6,5,1,0,0,koolearn;xdf,1
combat,31562,https://www.koolearn.com/dict/wd_31562.html,L1-base-L2;L2-reading;L2-writing,3,S,31,1,6,5,0,1,2,koolearn;xdf,1
consume,33754,https://www.koolearn.com/dict/wd_33754.html,L1-base-L1;L2-reading;L2-writing,3,S,31,0,6,6,2,1,1,koolearn,0
effect,48253,https://www.koolearn.com/dict/wd_48253.html,L1-base-L2;L2-listening;L2-reading,3,S,31,8,5,4,0,1,2,koolearn;xdf,1
exclusive,52898,https://www.koolearn.com/dict/wd_52898.html,L1-base-L1;L2-listening;L2-reading,3,S,31,5,12,0,1,1,1,koolearn;xdf,1
fertile,55783,https://www.koolearn.com/dict/wd_55783.html,L1-base-L1;L2-listening;L2-reading,3,S,31,5,7,1,0,1,1,koolearn;xdf,1
historical,70960,https://www.koolearn.com/dict/wd_70960.html,L1-base-L2;L2-listening;L2-reading,3,S,31,11,6,4,2,1,2,koolearn,0
loyal,89046,https://www.koolearn.com/dict/wd_89046.html,L1-base-L1;L2-listening;L2-writing,3,S,31,10,3,6,2,1,1,koolearn,0
precaution,116337,https://www.koolearn.com/dict/wd_116337.html,L1-base-L1;L2-listening;L2-reading,3,S,31,10,5,3,3,1,1,koolearn,0
sensation,133151,https://www.koolearn.com/dict/wd_133151.html,L1-base-L1;L2-listening;L2-reading,3,S,31,6,5,0,1,1,1,koolearn;xdf,1
concept,32715,https://www.koolearn.com/dict/wd_32715.html,L1-base-L1;L2-listening;L2-reading,3,S,30,5,7,2,0,1,1,koolearn;xdf,1
digital,42777,https://www.koolearn.com/dict/wd_42777.html,L1-base-L2;L2-listening;L2-writing,3,S,30,7,0,5,2,1,2,koolearn;xdf,1
donate,45314,https://www.koolearn.com/dict/wd_45314.html,L1-base-L1;L2-listening;L2-reading,3,S,30,5,8,3,0,1,1,koolearn;xdf,1
flow,57960,https://www.koolearn.com/dict/wd_57960.html,L1-base-L2;L2-listening;L2-reading,3,S,30,9,6,4,1,1,2,koolearn,0
fluid,58047,https://www.koolearn.com/dict/wd_58047.html,L1-base-L3;L2-listening;L2-reading,3,S,30,5,8,0,0,1,3,koolearn,0
import,74939,https://www.koolearn.com/dict/wd_74939.html,L2-listening;L2-reading;L2-writing,3,S,30,10,5,7,0,0,0,koolearn,0
investment,79295,https://www.koolearn.com/dict/wd_79295.html,L2-listening;L2-reading;L2-writing,3,S,30,11,6,5,0,0,0,koolearn,0
register,124057,https://www.koolearn.com/dict/wd_124057.html,L1-base-L2;L2-listening;L2-reading,3,S,30,7,7,0,1,1,2,koolearn;xdf,1
tourist,153366,https://www.koolearn.com/dict/wd_153366.html,L1-base-L1;L2-listening;L2-reading,3,S,30,13,5,1,2,1,1,koolearn,0
abundance,998,https://www.koolearn.com/dict/wd_998.html,L1-base-L1;L2-listening;L2-reading,3,S,29,7,6,1,1,1,1,koolearn;xdf,1
labour,83825,https://www.koolearn.com/dict/wd_83825.html,L2-listening;L2-reading;L2-writing,3,S,29,8,6,5,0,0,0,koolearn;xdf,1
pursuit,119941,https://www.koolearn.com/dict/wd_119941.html,L1-base-L1;L2-reading;L2-writing,3,S,29,0,7,7,0,1,1,koolearn;xdf,1
regular,124140,https://www.koolearn.com/dict/wd_124140.html,L1-base-L2;L2-listening;L2-reading,3,S,29,8,5,0,2,1,2,koolearn,0
underestimate,157544,https://www.koolearn.com/dict/wd_157544.html,L1-base-L1;L2-reading;L2-writing,3,S,29,3,9,5,0,1,1,koolearn;xdf,1
encyclopedia,49908,https://www.koolearn.com/dict/wd_49908.html,L1-base-L3;L2-listening;L2-reading,3,S,28,13,5,0,0,1,3,koolearn,0
hinder,70781,https://www.koolearn.com/dict/wd_70781.html,L1-base-L1;L2-reading;L2-writing,3,S,28,0,8,5,0,1,1,koolearn;xdf,1
impede,74743,https://www.koolearn.com/dict/wd_74743.html,L1-base-L1;L2-reading;L2-writing,3,S,28,1,6,5,2,1,1,koolearn;xdf,1
noble,101064,https://www.koolearn.com/dict/wd_101064.html,L1-base-L1;L2-listening;L2-reading,3,S,28,7,6,0,0,1,1,koolearn,0
oral,105025,https://www.koolearn.com/dict/wd_105025.html,L1-base-L2;L2-listening;L2-reading,3,S,28,12,5,1,0,1,2,koolearn,0
reward,126517,https://www.koolearn.com/dict/wd_126517.html,L1-base-L1;L2-listening;L2-reading,3,S,28,6,5,3,2,1,1,koolearn;xdf,1
vacuum,160470,https://www.koolearn.com/dict/wd_160470.html,L1-base-L1;L2-listening;L2-reading,3,S,28,5,6,1,0,1,1,koolearn;xdf,1
fabric,54064,https://www.koolearn.com/dict/wd_54064.html,L1-base-L1;L2-listening;L2-reading,3,S,27,5,5,0,3,1,1,koolearn,0
gorgeous,65043,https://www.koolearn.com/dict/wd_65043.html,L1-base-L1;L2-listening;L2-writing,3,S,27,5,0,5,3,1,1,koolearn;xdf,1
safety,129373,https://www.koolearn.com/dict/wd_129373.html,L1-base-L2;L2-listening;L2-writing,3,S,27,11,0,5,0,1,2,koolearn,0
shallow,134120,https://www.koolearn.com/dict/wd_134120.html,L1-base-L1;L2-listening;L2-reading,3,S,27,5,5,0,2,1,1,koolearn;xdf,1
technique,148551,https://www.koolearn.com/dict/wd_148551.html,L1-base-L1;L2-listening;L2-reading,3,S,27,7,5,1,0,1,1,koolearn;xdf,1
upset,159842,https://www.koolearn.com/dict/wd_159842.html,L1-base-L1;L2-listening;L2-reading,3,S,27,5,5,0,3,1,1,koolearn;xdf,1
abnormal,658,https://www.koolearn.com/dict/wd_658.html,L1-base-L1;L2-listening;L2-reading,3,S,26,5,5,0,0,1,1,koolearn,0
desire,41637,https://www.koolearn.com/dict/wd_41637.html,L1-base-L1;L2-listening;L2-reading,3,S,26,8,6,0,0,1,1,koolearn;xdf,1
insufficient,78128,https://www.koolearn.com/dict/wd_78128.html,L1-base-L1;L2-listening;L2-reading,3,S,26,7,5,1,0,1,1,koolearn;xdf,1
optional,104982,https://www.koolearn.com/dict/wd_104982.html,L1-base-L2;L2-listening;L2-reading,3,S,26,9,5,0,0,1,2,koolearn;xdf,1
pasture,109274,https://www.koolearn.com/dict/wd_109274.html,L1-base-L1;L2-listening;L2-reading,3,S,26,8,6,0,0,1,1,koolearn;xdf,1
version,161528,https://www.koolearn.com/dict/wd_161528.html,L1-base-L1;L2-listening;L2-reading,3,S,26,5,6,1,0,1,1,koolearn;xdf,1
committee,32008,https://www.koolearn.com/dict/wd_32008.html,L1-base-L2;L2-listening;L2-reading,3,S,25,6,6,0,0,1,2,koolearn;xdf,1
degrade,40369,https://www.koolearn.com/dict/wd_40369.html,L1-base-L1;L2-reading;L2-writing,3,S,25,0,7,5,0,1,1,koolearn;xdf,1
fortune,59333,https://www.koolearn.com/dict/wd_59333.html,L1-base-L1;L2-listening;L2-reading,3,S,25,8,5,0,2,1,1,koolearn,0
nourish,102109,https://www.koolearn.com/dict/wd_102109.html,L1-base-L1;L2-listening;L2-reading,3,S,25,6,6,1,1,1,1,koolearn;xdf,1
order,105141,https://www.koolearn.com/dict/wd_105141.html,L1-base-L1;L2-listening;L2-reading,3,S,25,9,6,0,0,1,1,koolearn,0
proof,118304,https://www.koolearn.com/dict/wd_118304.html,L1-base-L2;L2-listening;L2-reading,3,S,25,7,7,0,0,1,2,koolearn;xdf,1
scholar,131057,https://www.koolearn.com/dict/wd_131057.html,L1-base-L1;L2-listening;L2-reading,3,S,25,9,6,0,2,1,1,koolearn;xdf,1
counsel,35464,https://www.koolearn.com/dict/wd_35464.html,L1-base-L1;L2-listening;L2-reading,3,S,24,5,5,0,0,1,1,koolearn;xdf,1
pressing,117076,https://www.koolearn.com/dict/wd_117076.html,L1-base-L3;L2-reading;L2-writing,3,S,24,0,12,5,0,1,3,koolearn,0
common,32036,https://www.koolearn.com/dict/wd_32036.html,L1-base-L1;L2-listening;L2-reading,3,S,23,9,5,0,0,1,1,koolearn,0
hatch,68492,https://www.koolearn.com/dict/wd_68492.html,L1-base-L2;L2-listening;L2-reading,3,S,23,5,5,0,0,1,2,koolearn;xdf,1
inadequate,75999,https://www.koolearn.com/dict/wd_75999.html,L1-base-L1;L2-listening;L2-reading,3,S,23,7,7,0,0,1,1,koolearn;xdf,1
reservoir,125533,https://www.koolearn.com/dict/wd_125533.html,L1-base-L2;L2-listening;L2-reading,3,S,23,8,7,0,0,1,2,koolearn,0
reality,122555,https://www.koolearn.com/dict/wd_122555.html,L1-base-L1;L2-reading;L2-writing,3,S,22,0,5,6,2,1,1,koolearn,0
transcript,153976,https://www.koolearn.com/dict/wd_153976.html,L1-base-L2;L2-listening;L2-reading,3,S,19,5,6,0,1,1,2,koolearn;xdf,1
pollute,114816,https://www.koolearn.com/dict/wd_114816.html,L1-base-L2;L2-listening;L2-reading,3,S,18,5,5,2,1,1,2,koolearn,0
minute,95178,https://www.koolearn.com/dict/wd_95178.html,L1-base-L2;L2-listening;L2-reading,3,S,17,5,5,0,0,1,2,koolearn,0
disagreement,43391,https://www.koolearn.com/dict/wd_43391.html,L1-base-L1;L2-listening,2,A,9,6,1,0,0,1,1,koolearn,0
plump,114222,https://www.koolearn.com/dict/wd_114222.html,L1-base-L1;L2-listening,2,A,9,5,0,0,1,1,1,koolearn,0
respective,125723,https://www.koolearn.com/dict/wd_125723.html,L1-base-L1;L2-reading,2,A,9,0,5,0,0,1,1,koolearn,0
unavoidable,156972,https://www.koolearn.com/dict/wd_156972.html,L1-base-L1;L2-reading,2,A,9,0,6,0,0,1,1,koolearn,0
existent,53180,https://www.koolearn.com/dict/wd_53180.html,L1-base-L1;L2-listening,2,A,8,6,2,0,0,1,1,koolearn,0
sufficiency,144713,https://www.koolearn.com/dict/wd_144713.html,L1-base-L2;L2-reading,2,A,8,0,7,0,0,1,2,koolearn,0
cannibal,24057,https://www.koolearn.com/dict/wd_24057.html,L1-base-L2;L2-listening,2,A,6,5,0,0,0,1,2,koolearn,0
property,118382,https://www.koolearn.com/dict/wd_118382.html,L2-listening;L2-reading,2,S,58,18,15,1,1,0,0,koolearn;xdf,1
landscape,84425,https://www.koolearn.com/dict/wd_84425.html,L2-listening;L2-reading,2,S,57,18,12,0,4,0,0,koolearn;xdf,1
therapy,150295,https://www.koolearn.com/dict/wd_150295.html,L2-listening;L2-reading,2,S,56,18,12,2,1,0,0,koolearn;xdf,1
academic,1049,https://www.koolearn.com/dict/wd_1049.html,L2-listening;L2-reading,2,S,55,18,6,4,2,0,0,koolearn;xdf,1
essential,51836,https://www.koolearn.com/dict/wd_51836.html,L2-listening;L2-reading,2,S,54,16,7,4,3,0,0,koolearn;xdf,1
facility,54163,https://www.koolearn.com/dict/wd_54163.html,L2-listening;L2-reading,2,S,54,17,8,4,4,0,0,koolearn;xdf,1
manufacture,91391,https://www.koolearn.com/dict/wd_91391.html,L2-listening;L2-reading,2,S,54,18,15,3,0,0,0,koolearn;xdf,1
monitor,96491,https://www.koolearn.com/dict/wd_96491.html,L2-listening;L2-reading,2,S,54,12,13,4,2,0,0,koolearn;xdf,1
access,1191,https://www.koolearn.com/dict/wd_1191.html,L2-listening;L2-reading,2,S,53,14,12,4,0,0,0,koolearn;xdf,1
grant,65490,https://www.koolearn.com/dict/wd_65490.html,L2-listening;L2-reading,2,S,52,13,14,3,0,0,0,koolearn;xdf,1
preserve,116977,https://www.koolearn.com/dict/wd_116977.html,L2-reading;L2-writing,2,S,52,3,7,9,3,0,0,koolearn;xdf,1
statistics,141963,https://www.koolearn.com/dict/wd_141963.html,L2-listening;L2-reading,2,S,52,21,5,2,1,0,0,koolearn;xdf,1
survey,145773,https://www.koolearn.com/dict/wd_145773.html,L2-listening;L2-reading,2,S,52,22,10,1,0,0,0,koolearn;xdf,1
capacity,24248,https://www.koolearn.com/dict/wd_24248.html,L2-listening;L2-reading,2,S,51,9,11,4,1,0,0,koolearn;xdf,1
category,25661,https://www.koolearn.com/dict/wd_25661.html,L2-listening;L2-reading,2,S,51,19,8,4,0,0,0,koolearn;xdf,1
desert,41566,https://www.koolearn.com/dict/wd_41566.html,L2-listening;L2-reading,2,S,51,19,6,3,1,0,0,koolearn;xdf,1
impact,74642,https://www.koolearn.com/dict/wd_74642.html,L2-listening;L2-reading,2,S,51,15,12,4,1,0,0,koolearn;xdf,1
relevant,124514,https://www.koolearn.com/dict/wd_124514.html,L2-listening;L2-reading,2,S,51,18,14,1,0,0,0,koolearn;xdf,1
resource,125703,https://www.koolearn.com/dict/wd_125703.html,L2-listening;L2-writing,2,S,51,16,4,6,0,0,0,koolearn;xdf,1
alter,5140,https://www.koolearn.com/dict/wd_5140.html,L2-reading;L2-writing,2,S,50,4,13,6,0,0,0,koolearn;xdf,1
breed,20666,https://www.koolearn.com/dict/wd_20666.html,L2-listening;L2-reading,2,S,50,16,10,0,0,0,0,koolearn;xdf,1
deposit,41266,https://www.koolearn.com/dict/wd_41266.html,L2-listening;L2-reading,2,S,50,21,9,0,0,0,0,koolearn;xdf,1
entertainment,50654,https://www.koolearn.com/dict/wd_50654.html,L2-listening;L2-reading,2,S,50,15,7,4,1,0,0,koolearn;xdf,1
variety,160880,https://www.koolearn.com/dict/wd_160880.html,L2-listening;L2-reading,2,S,50,15,12,2,1,0,0,koolearn;xdf,1
assessment,10033,https://www.koolearn.com/dict/wd_10033.html,L2-listening;L2-reading,2,S,49,19,7,4,0,0,0,koolearn;xdf,1
complex,32393,https://www.koolearn.com/dict/wd_32393.html,L2-listening;L2-reading,2,S,49,12,7,3,3,0,0,koolearn;xdf,1
conflict,33128,https://www.koolearn.com/dict/wd_33128.html,L2-reading;L2-writing,2,S,49,4,11,9,0,0,0,koolearn;xdf,1
infrastructure,77329,https://www.koolearn.com/dict/wd_77329.html,L2-reading;L2-writing,2,S,49,4,9,9,3,0,0,koolearn;xdf,1
species,139901,https://www.koolearn.com/dict/wd_139901.html,L2-listening;L2-reading,2,S,49,16,7,1,4,0,0,koolearn;xdf,1
standard,141620,https://www.koolearn.com/dict/wd_141620.html,L2-listening;L2-reading,2,S,49,17,10,3,0,0,0,koolearn;xdf,1
treatment,154419,https://www.koolearn.com/dict/wd_154419.html,L2-listening;L2-reading,2,S,49,14,7,3,1,0,0,koolearn;xdf,1
ancient,6241,https://www.koolearn.com/dict/wd_6241.html,L2-listening;L2-reading,2,S,48,13,13,4,2,0,0,koolearn;xdf,1
block,18229,https://www.koolearn.com/dict/wd_18229.html,L2-listening;L2-reading,2,S,48,14,8,2,0,0,0,koolearn;xdf,1
charge,27144,https://www.koolearn.com/dict/wd_27144.html,L2-listening;L2-reading,2,S,48,18,6,3,0,0,0,koolearn;xdf,1
evolution,52632,https://www.koolearn.com/dict/wd_52632.html,L2-listening;L2-reading,2,S,48,11,7,2,2,0,0,koolearn;xdf,1
leisure,85862,https://www.koolearn.com/dict/wd_85862.html,L2-listening;L2-reading,2,S,48,19,5,3,2,0,0,koolearn;xdf,1
perspective,111192,https://www.koolearn.com/dict/wd_111192.html,L2-reading;L2-writing,2,S,48,4,10,5,2,0,0,koolearn;xdf,1
preference,116595,https://www.koolearn.com/dict/wd_116595.html,L2-listening;L2-reading,2,S,48,14,11,2,3,0,0,koolearn;xdf,1
project,118109,https://www.koolearn.com/dict/wd_118109.html,L2-listening;L2-reading,2,S,48,19,7,1,0,0,0,koolearn;xdf,1
crisis,36673,https://www.koolearn.com/dict/wd_36673.html,L2-listening;L2-reading,2,S,47,14,10,1,1,0,0,koolearn;xdf,1
insurance,78161,https://www.koolearn.com/dict/wd_78161.html,L2-listening;L2-reading,2,S,47,16,6,3,0,0,0,koolearn;xdf,1
mammal,90944,https://www.koolearn.com/dict/wd_90944.html,L2-listening;L2-reading,2,S,47,16,14,0,0,0,0,koolearn;xdf,1
monopoly,96663,https://www.koolearn.com/dict/wd_96663.html,L2-listening;L2-reading,2,S,47,12,5,3,2,0,0,koolearn;xdf,1
pension,110401,https://www.koolearn.com/dict/wd_110401.html,L2-listening;L2-writing,2,S,47,14,3,5,0,0,0,koolearn;xdf,1
presentation,116958,https://www.koolearn.com/dict/wd_116958.html,L2-listening;L2-reading,2,S,47,20,6,0,3,0,0,koolearn;xdf,1
spectacular,139946,https://www.koolearn.com/dict/wd_139946.html,L2-listening;L2-reading,2,S,47,6,9,1,3,0,0,koolearn;xdf,1
transfer,154001,https://www.koolearn.com/dict/wd_154001.html,L2-listening;L2-reading,2,S,47,11,8,2,2,0,0,koolearn;xdf,1
abuse,1002,https://www.koolearn.com/dict/wd_1002.html,L2-reading;L2-writing,2,S,46,4,9,7,3,0,0,koolearn;xdf,1
audience,11099,https://www.koolearn.com/dict/wd_11099.html,L2-listening;L2-reading,2,S,46,16,7,3,2,0,0,koolearn,0
certificate,26608,https://www.koolearn.com/dict/wd_26608.html,L2-listening;L2-reading,2,S,46,22,5,0,2,0,0,koolearn;xdf,1
literature,87539,https://www.koolearn.com/dict/wd_87539.html,L2-listening;L2-reading,2,S,46,16,8,2,1,0,0,koolearn;xdf,1
subject,144144,https://www.koolearn.com/dict/wd_144144.html,L2-listening;L2-reading,2,S,46,16,8,4,1,0,0,koolearn;xdf,1
trigger,154791,https://www.koolearn.com/dict/wd_154791.html,L2-reading;L2-writing,2,S,46,4,14,6,0,0,0,koolearn;xdf,1
characteristic,27108,https://www.koolearn.com/dict/wd_27108.html,L1-base-L1;L2-reading,2,S,45,4,13,4,4,1,1,koolearn;xdf,1
concentrate,32695,https://www.koolearn.com/dict/wd_32695.html,L2-listening;L2-reading,2,S,45,6,14,0,0,0,0,koolearn;xdf,1
cultivate,37509,https://www.koolearn.com/dict/wd_37509.html,L2-listening;L2-reading,2,S,45,5,8,4,0,0,0,koolearn;xdf,1
destination,41762,https://www.koolearn.com/dict/wd_41762.html,L2-listening;L2-reading,2,S,45,11,7,4,1,0,0,koolearn;xdf,1
draft,45977,https://www.koolearn.com/dict/wd_45977.html,L1-base-L2;L2-listening,2,S,45,17,3,2,1,1,2,koolearn;xdf,1
function,60831,https://www.koolearn.com/dict/wd_60831.html,L2-reading;L2-writing,2,S,45,4,8,8,2,0,0,koolearn;xdf,1
identity,73967,https://www.koolearn.com/dict/wd_73967.html,L2-listening;L2-reading,2,S,45,14,8,2,1,0,0,koolearn;xdf,1
intensive,78304,https://www.koolearn.com/dict/wd_78304.html,L2-listening;L2-reading,2,S,45,14,8,0,1,0,0,koolearn;xdf,1
journal,81286,https://www.koolearn.com/dict/wd_81286.html,L2-listening;L2-reading,2,S,45,21,8,1,0,0,0,koolearn;xdf,1
label,83744,https://www.koolearn.com/dict/wd_83744.html,L2-listening;L2-reading,2,S,45,13,12,1,0,0,0,koolearn;xdf,1
material,92213,https://www.koolearn.com/dict/wd_92213.html,L1-base-L2;L2-listening,2,S,45,17,3,1,3,1,2,koolearn;xdf,1
migration,94603,https://www.koolearn.com/dict/wd_94603.html,L2-listening;L2-reading,2,S,45,17,9,1,0,0,0,koolearn;xdf,1
mineral,94951,https://www.koolearn.com/dict/wd_94951.html,L2-listening;L2-reading,2,S,45,17,5,0,2,0,0,koolearn;xdf,1
obligation,102753,https://www.koolearn.com/dict/wd_102753.html,L2-reading;L2-writing,2,S,45,3,11,7,2,0,0,koolearn;xdf,1
predator,116463,https://www.koolearn.com/dict/wd_116463.html,L2-listening;L2-reading,2,S,45,10,8,0,0,0,0,koolearn;xdf,1
recreation,123193,https://www.koolearn.com/dict/wd_123193.html,L2-listening;L2-reading,2,S,45,17,10,0,3,0,0,koolearn;xdf,1
sophisticated,139181,https://www.koolearn.com/dict/wd_139181.html,L2-reading;L2-writing,2,S,45,3,10,5,3,0,0,koolearn;xdf,1
suburb,144530,https://www.koolearn.com/dict/wd_144530.html,L2-listening;L2-reading,2,S,45,18,5,3,3,0,0,koolearn;xdf,1
vegetation,161078,https://www.koolearn.com/dict/wd_161078.html,L2-listening;L2-reading,2,S,45,15,5,0,1,0,0,koolearn;xdf,1
competition,32323,https://www.koolearn.com/dict/wd_32323.html,L2-listening;L2-reading,2,S,44,13,5,3,3,0,0,koolearn;xdf,1
consumption,33783,https://www.koolearn.com/dict/wd_33783.html,L2-listening;L2-reading,2,S,44,8,8,4,1,0,0,koolearn;xdf,1
crucial,37049,https://www.koolearn.com/dict/wd_37049.html,L2-listening;L2-reading,2,S,44,8,10,4,0,0,0,koolearn;xdf,1
diminish,42955,https://www.koolearn.com/dict/wd_42955.html,L1-base-L1;L2-reading,2,S,44,1,13,2,0,1,1,koolearn;xdf,1
encounter,49862,https://www.koolearn.com/dict/wd_49862.html,L1-base-L1;L2-reading,2,S,44,4,8,1,3,1,1,koolearn;xdf,1
evidence,52586,https://www.koolearn.com/dict/wd_52586.html,L2-listening;L2-reading,2,S,44,12,13,2,0,0,0,koolearn;xdf,1
exchange,52825,https://www.koolearn.com/dict/wd_52825.html,L2-listening;L2-reading,2,S,44,12,12,1,2,0,0,koolearn;xdf,1
explore,53497,https://www.koolearn.com/dict/wd_53497.html,L2-reading;L2-writing,2,S,44,2,7,9,2,0,0,koolearn;xdf,1
faculty,54230,https://www.koolearn.com/dict/wd_54230.html,L2-listening;L2-reading,2,S,44,20,9,1,2,0,0,koolearn;xdf,1
format,59209,https://www.koolearn.com/dict/wd_59209.html,L2-listening;L2-reading,2,S,44,11,13,1,0,0,0,koolearn;xdf,1
immune,74586,https://www.koolearn.com/dict/wd_74586.html,L2-listening;L2-reading,2,S,44,10,9,0,0,0,0,koolearn;xdf,1
infection,77085,https://www.koolearn.com/dict/wd_77085.html,L2-listening;L2-reading,2,S,44,13,5,0,1,0,0,koolearn;xdf,1
ingredient,77421,https://www.koolearn.com/dict/wd_77421.html,L1-base-L1;L2-listening,2,S,44,6,3,3,5,1,1,koolearn;xdf,1
involve,79383,https://www.koolearn.com/dict/wd_79383.html,L2-listening;L2-reading,2,S,44,6,14,3,1,0,0,koolearn;xdf,1
military,94678,https://www.koolearn.com/dict/wd_94678.html,L2-listening;L2-reading,2,S,44,12,12,4,0,0,0,koolearn;xdf,1
opportunity,104876,https://www.koolearn.com/dict/wd_104876.html,L2-listening;L2-reading,2,S,44,10,12,4,3,0,0,koolearn;xdf,1
pattern,109485,https://www.koolearn.com/dict/wd_109485.html,L2-listening;L2-reading,2,S,44,14,13,0,2,0,0,koolearn;xdf,1
performance,110738,https://www.koolearn.com/dict/wd_110738.html,L2-listening;L2-reading,2,S,44,13,6,2,3,0,0,koolearn;xdf,1
reference,123710,https://www.koolearn.com/dict/wd_123710.html,L2-listening;L2-reading,2,S,44,20,8,0,0,0,0,koolearn;xdf,1
reserve,125514,https://www.koolearn.com/dict/wd_125514.html,L2-listening;L2-reading,2,S,44,19,7,1,0,0,0,koolearn;xdf,1
scheme,130972,https://www.koolearn.com/dict/wd_130972.html,L2-listening;L2-reading,2,S,44,15,9,1,0,0,0,koolearn;xdf,1
staff,141370,https://www.koolearn.com/dict/wd_141370.html,L2-listening;L2-reading,2,S,44,16,6,4,2,0,0,koolearn;xdf,1
substance,144405,https://www.koolearn.com/dict/wd_144405.html,L2-listening;L2-reading,2,S,44,5,14,2,0,0,0,koolearn;xdf,1
transform,154030,https://www.koolearn.com/dict/wd_154030.html,L2-reading;L2-writing,2,S,44,2,8,7,0,0,0,koolearn;xdf,1
uniform,158269,https://www.koolearn.com/dict/wd_158269.html,L2-listening;L2-reading,2,S,44,10,12,1,3,0,0,koolearn;xdf,1
analysis,6066,https://www.koolearn.com/dict/wd_6066.html,L2-listening;L2-reading,2,S,43,17,8,4,0,0,0,koolearn;xdf,1
coach,30415,https://www.koolearn.com/dict/wd_30415.html,L2-listening;L2-reading,2,S,43,20,7,2,0,0,0,koolearn;xdf,1
concentration,32702,https://www.koolearn.com/dict/wd_32702.html,L2-listening;L2-reading,2,S,43,12,9,2,0,0,0,koolearn;xdf,1
emission,49467,https://www.koolearn.com/dict/wd_49467.html,L2-listening;L2-reading,2,S,43,11,7,1,1,0,0,koolearn;xdf,1
intelligent,78263,https://www.koolearn.com/dict/wd_78263.html,L2-listening;L2-reading,2,S,43,14,8,0,5,0,0,koolearn;xdf,1
loan,87859,https://www.koolearn.com/dict/wd_87859.html,L2-listening;L2-reading,2,S,43,21,7,0,0,0,0,koolearn;xdf,1
mechanism,92762,https://www.koolearn.com/dict/wd_92762.html,L2-listening;L2-reading,2,S,43,10,13,2,0,0,0,koolearn;xdf,1
nurture,102483,https://www.koolearn.com/dict/wd_102483.html,L2-reading;L2-writing,2,S,43,3,5,9,2,0,0,koolearn;xdf,1
privacy,117631,https://www.koolearn.com/dict/wd_117631.html,L2-listening;L2-writing,2,S,43,10,4,6,1,0,0,koolearn;xdf,1
regulation,124177,https://www.koolearn.com/dict/wd_124177.html,L2-listening;L2-reading,2,S,43,16,11,2,1,0,0,koolearn,0
reservation,125511,https://www.koolearn.com/dict/wd_125511.html,L2-listening;L2-reading,2,S,43,16,5,2,0,0,0,koolearn;xdf,1
rival,127401,https://www.koolearn.com/dict/wd_127401.html,L2-listening;L2-reading,2,S,43,11,7,3,0,0,0,koolearn;xdf,1
similar,136015,https://www.koolearn.com/dict/wd_136015.html,L2-listening;L2-reading,2,S,43,8,12,3,2,0,0,koolearn,0
substitute,144434,https://www.koolearn.com/dict/wd_144434.html,L2-reading;L2-writing,2,S,43,0,13,7,1,0,0,koolearn;xdf,1
theoretical,150263,https://www.koolearn.com/dict/wd_150263.html,L2-listening;L2-reading,2,S,43,13,6,3,0,0,0,koolearn;xdf,1
undermine,157617,https://www.koolearn.com/dict/wd_157617.html,L2-reading;L2-writing,2,S,43,3,8,8,2,0,0,koolearn;xdf,1
vision,162323,https://www.koolearn.com/dict/wd_162323.html,L2-listening;L2-reading,2,S,43,13,6,2,1,0,0,koolearn;xdf,1
accessible,1207,https://www.koolearn.com/dict/wd_1207.html,L2-listening;L2-reading,2,S,42,9,7,2,1,0,0,koolearn;xdf,1
adjust,2391,https://www.koolearn.com/dict/wd_2391.html,L1-base-L1;L2-reading,2,S,42,4,13,4,0,1,1,koolearn;xdf,1
charity,27185,https://www.koolearn.com/dict/wd_27185.html,L1-base-L2;L2-listening,2,S,42,15,2,2,3,1,2,koolearn;xdf,1
effective,48262,https://www.koolearn.com/dict/wd_48262.html,L2-listening;L2-reading,2,S,42,14,7,2,2,0,0,koolearn;xdf,1
exhibition,53126,https://www.koolearn.com/dict/wd_53126.html,L1-base-L2;L2-listening,2,S,42,16,4,2,2,1,2,koolearn;xdf,1
extinct,53728,https://www.koolearn.com/dict/wd_53728.html,L1-base-L1;L2-reading,2,S,42,4,14,4,0,1,1,koolearn;xdf,1
finance,56471,https://www.koolearn.com/dict/wd_56471.html,L2-listening;L2-reading,2,S,42,16,6,3,0,0,0,koolearn;xdf,1
flat,57364,https://www.koolearn.com/dict/wd_57364.html,L2-listening;L2-reading,2,S,42,18,7,0,1,0,0,koolearn;xdf,1
gender,62379,https://www.koolearn.com/dict/wd_62379.html,L2-listening;L2-writing,2,S,42,16,0,6,0,0,0,koolearn;xdf,1
generate,62464,https://www.koolearn.com/dict/wd_62464.html,L2-reading;L2-writing,2,S,42,2,9,5,0,0,0,koolearn;xdf,1
harsh,68382,https://www.koolearn.com/dict/wd_68382.html,L1-base-L1;L2-reading,2,S,42,2,13,1,2,1,1,koolearn;xdf,1
influence,77239,https://www.koolearn.com/dict/wd_77239.html,L2-listening;L2-reading,2,S,42,9,10,4,1,0,0,koolearn;xdf,1
issue,80031,https://www.koolearn.com/dict/wd_80031.html,L2-listening;L2-reading,2,S,42,12,8,2,0,0,0,koolearn;xdf,1
legal,85719,https://www.koolearn.com/dict/wd_85719.html,L2-listening;L2-reading,2,S,42,12,9,1,1,0,0,koolearn;xdf,1
mould,97403,https://www.koolearn.com/dict/wd_97403.html,L2-listening;L2-reading,2,S,42,9,13,3,2,0,0,koolearn;xdf,1
peer,110092,https://www.koolearn.com/dict/wd_110092.html,L2-reading;L2-writing,2,S,42,4,9,7,0,0,0,koolearn,0
profit,117993,https://www.koolearn.com/dict/wd_117993.html,L2-listening;L2-reading,2,S,42,17,9,0,1,0,0,koolearn;xdf,1
protein,118674,https://www.koolearn.com/dict/wd_118674.html,L2-listening;L2-reading,2,S,42,16,5,1,0,0,0,koolearn,0
questionnaire,120847,https://www.koolearn.com/dict/wd_120847.html,L2-listening;L2-reading,2,S,42,17,7,0,0,0,0,koolearn;xdf,1
resemble,125496,https://www.koolearn.com/dict/wd_125496.html,L2-listening;L2-reading,2,S,42,6,14,0,0,0,0,koolearn;xdf,1
rural,128986,https://www.koolearn.com/dict/wd_128986.html,L1-base-L1;L2-listening,2,S,42,17,3,4,1,1,1,koolearn;xdf,1
altitude,5209,https://www.koolearn.com/dict/wd_5209.html,L2-listening;L2-reading,2,S,41,10,12,0,0,0,0,koolearn;xdf,1
anticipate,7260,https://www.koolearn.com/dict/wd_7260.html,L2-listening;L2-reading,2,S,41,6,8,0,1,0,0,koolearn;xdf,1
application,8069,https://www.koolearn.com/dict/wd_8069.html,L2-listening;L2-reading,2,S,41,11,12,2,0,0,0,koolearn;xdf,1
comedy,31788,https://www.koolearn.com/dict/wd_31788.html,L2-listening;L2-reading,2,S,41,14,5,0,5,0,0,koolearn;xdf,1
conservation,33507,https://www.koolearn.com/dict/wd_33507.html,L2-listening;L2-reading,2,S,41,11,5,1,1,0,0,koolearn;xdf,1
credit,36370,https://www.koolearn.com/dict/wd_36370.html,L2-listening;L2-reading,2,S,41,17,6,1,3,0,0,koolearn;xdf,1
expertise,53414,https://www.koolearn.com/dict/wd_53414.html,L2-reading;L2-writing,2,S,41,2,13,6,0,0,0,koolearn,0
option,104979,https://www.koolearn.com/dict/wd_104979.html,L2-listening;L2-reading,2,S,41,8,12,3,2,0,0,koolearn;xdf,1
range,121848,https://www.koolearn.com/dict/wd_121848.html,L2-listening;L2-reading,2,S,41,9,12,3,0,0,0,koolearn;xdf,1
senior,133112,https://www.koolearn.com/dict/wd_133112.html,L2-listening;L2-reading,2,S,41,15,5,3,3,0,0,koolearn;xdf,1
trace,153566,https://www.koolearn.com/dict/wd_153566.html,L2-listening;L2-reading,2,S,41,5,12,2,0,0,0,koolearn;xdf,1
abandon,419,https://www.koolearn.com/dict/wd_419.html,L1-base-L1;L2-reading,2,S,40,1,11,1,0,1,1,koolearn;xdf,1
appropriate,8214,https://www.koolearn.com/dict/wd_8214.html,L2-reading;L2-writing,2,S,40,4,8,5,3,0,0,koolearn;xdf,1
convey,34264,https://www.koolearn.com/dict/wd_34264.html,L1-base-L1;L2-reading,2,S,40,2,9,4,0,1,1,koolearn;xdf,1
damp,38704,https://www.koolearn.com/dict/wd_38704.html,L2-listening;L2-reading,2,S,40,9,11,0,1,0,0,koolearn;xdf,1
deadline,39323,https://www.koolearn.com/dict/wd_39323.html,L2-listening;L2-reading,2,S,40,19,9,1,0,0,0,koolearn;xdf,1
delivery,40640,https://www.koolearn.com/dict/wd_40640.html,L2-listening;L2-reading,2,S,40,15,10,0,0,0,0,koolearn;xdf,1
emotion,49510,https://www.koolearn.com/dict/wd_49510.html,L2-listening;L2-reading,2,S,40,8,6,2,1,0,0,koolearn;xdf,1
erode,51520,https://www.koolearn.com/dict/wd_51520.html,L2-listening;L2-reading,2,S,40,6,13,4,0,0,0,koolearn;xdf,1
expansion,53293,https://www.koolearn.com/dict/wd_53293.html,L2-listening;L2-reading,2,S,40,14,6,1,0,0,0,koolearn;xdf,1
experiment,53395,https://www.koolearn.com/dict/wd_53395.html,L2-listening;L2-reading,2,S,40,17,12,0,0,0,0,koolearn,0
fluctuate,58018,https://www.koolearn.com/dict/wd_58018.html,L1-base-L3;L2-reading,2,S,40,2,8,4,1,1,3,koolearn;xdf,1
fuel,60607,https://www.koolearn.com/dict/wd_60607.html,L2-listening;L2-reading,2,S,40,10,7,2,0,0,0,koolearn;xdf,1
genetic,62497,https://www.koolearn.com/dict/wd_62497.html,L2-listening;L2-reading,2,S,40,8,7,0,3,0,0,koolearn;xdf,1
identify,73959,https://www.koolearn.com/dict/wd_73959.html,L2-listening;L2-reading,2,S,40,6,12,2,2,0,0,koolearn;xdf,1
insect,77825,https://www.koolearn.com/dict/wd_77825.html,L2-listening;L2-reading,2,S,40,18,6,0,1,0,0,koolearn,0
isolated,79919,https://www.koolearn.com/dict/wd_79919.html,L2-listening;L2-writing,2,S,40,9,4,9,1,0,0,koolearn;xdf,1
item,80106,https://www.koolearn.com/dict/wd_80106.html,L2-listening;L2-reading,2,S,40,15,6,2,0,0,0,koolearn;xdf,1
medium,92930,https://www.koolearn.com/dict/wd_92930.html,L2-listening;L2-reading,2,S,40,10,5,4,1,0,0,koolearn;xdf,1
mental,93449,https://www.koolearn.com/dict/wd_93449.html,L2-listening;L2-reading,2,S,40,10,14,3,1,0,0,koolearn;xdf,1
occupation,103016,https://www.koolearn.com/dict/wd_103016.html,L2-listening;L2-reading,2,S,40,14,6,3,3,0,0,koolearn;xdf,1
population,115309,https://www.koolearn.com/dict/wd_115309.html,L2-listening;L2-reading,2,S,40,14,7,2,0,0,0,koolearn;xdf,1
process,117795,https://www.koolearn.com/dict/wd_117795.html,L2-listening;L2-reading,2,S,40,9,7,2,2,0,0,koolearn;xdf,1
qualification,120560,https://www.koolearn.com/dict/wd_120560.html,L2-listening;L2-reading,2,S,40,16,5,1,2,0,0,koolearn;xdf,1
scale,130662,https://www.koolearn.com/dict/wd_130662.html,L2-listening;L2-reading,2,S,40,16,7,0,0,0,0,koolearn;xdf,1
scholarship,131061,https://www.koolearn.com/dict/wd_131061.html,L2-listening;L2-reading,2,S,40,16,5,2,3,0,0,koolearn;xdf,1
sponsor,140665,https://www.koolearn.com/dict/wd_140665.html,L2-listening;L2-writing,2,S,40,14,2,5,2,0,0,koolearn;xdf,1
submit,144256,https://www.koolearn.com/dict/wd_144256.html,L1-base-L1;L2-listening,2,S,40,15,2,2,0,1,1,koolearn;xdf,1
switch,146319,https://www.koolearn.com/dict/wd_146319.html,L2-listening;L2-reading,2,S,40,16,6,1,0,0,0,koolearn;xdf,1
track,153604,https://www.koolearn.com/dict/wd_153604.html,L2-listening;L2-reading,2,S,40,15,12,1,0,0,0,koolearn;xdf,1
tuition,155656,https://www.koolearn.com/dict/wd_155656.html,L2-listening;L2-reading,2,S,40,15,7,4,2,0,0,koolearn,0
victim,161838,https://www.koolearn.com/dict/wd_161838.html,L2-reading;L2-writing,2,S,40,1,7,8,2,0,0,koolearn;xdf,1
volume,162736,https://www.koolearn.com/dict/wd_162736.html,L2-listening;L2-reading,2,S,40,12,11,2,0,0,0,koolearn;xdf,1
accelerate,1126,https://www.koolearn.com/dict/wd_1126.html,L1-base-L2;L2-reading,2,S,39,0,12,0,3,1,2,koolearn;xdf,1
accumulate,1413,https://www.koolearn.com/dict/wd_1413.html,L1-base-L1;L2-reading,2,S,39,0,11,3,1,1,1,koolearn;xdf,1
communication,32119,https://www.koolearn.com/dict/wd_32119.html,L2-listening;L2-writing,2,S,39,10,4,5,1,0,0,koolearn,0
critical,36714,https://www.koolearn.com/dict/wd_36714.html,L2-listening;L2-reading,2,S,39,9,7,3,1,0,0,koolearn;xdf,1
currency,37788,https://www.koolearn.com/dict/wd_37788.html,L2-listening;L2-reading,2,S,39,15,5,2,0,0,0,koolearn;xdf,1
documentary,44973,https://www.koolearn.com/dict/wd_44973.html,L2-listening;L2-reading,2,S,39,13,6,0,4,0,0,koolearn,0
dominate,45264,https://www.koolearn.com/dict/wd_45264.html,L1-base-L1;L2-reading,2,S,39,2,10,4,1,1,1,koolearn;xdf,1
elaborate,48551,https://www.koolearn.com/dict/wd_48551.html,L1-base-L1;L2-reading,2,S,39,0,13,0,2,1,1,koolearn;xdf,1
environment,50869,https://www.koolearn.com/dict/wd_50869.html,L2-listening;L2-writing,2,S,39,13,4,6,1,0,0,koolearn;xdf,1
extensive,53668,https://www.koolearn.com/dict/wd_53668.html,L2-listening;L2-reading,2,S,39,10,9,1,0,0,0,koolearn;xdf,1
extreme,53860,https://www.koolearn.com/dict/wd_53860.html,L1-base-L1;L2-reading,2,S,39,3,12,3,1,1,1,koolearn;xdf,1
figure,56230,https://www.koolearn.com/dict/wd_56230.html,L2-listening;L2-reading,2,S,39,12,7,3,2,0,0,koolearn;xdf,1
flourish,57949,https://www.koolearn.com/dict/wd_57949.html,L2-listening;L2-reading,2,S,39,10,6,1,0,0,0,koolearn;xdf,1
handle,67846,https://www.koolearn.com/dict/wd_67846.html,L2-listening;L2-reading,2,S,39,8,6,4,0,0,0,koolearn;xdf,1
inevitable,76998,https://www.koolearn.com/dict/wd_76998.html,L1-base-L1;L2-reading,2,S,39,1,10,3,1,1,1,koolearn;xdf,1
layer,85206,https://www.koolearn.com/dict/wd_85206.html,L2-listening;L2-reading,2,S,39,13,7,1,0,0,0,koolearn;xdf,1
pose,115498,https://www.koolearn.com/dict/wd_115498.html,L2-reading;L2-writing,2,S,39,1,12,6,0,0,0,koolearn,0
preliminary,116696,https://www.koolearn.com/dict/wd_116696.html,L1-base-L1;L2-reading,2,S,39,1,10,1,1,1,1,koolearn;xdf,1
prescription,116931,https://www.koolearn.com/dict/wd_116931.html,L2-listening;L2-reading,2,S,39,12,5,3,1,0,0,koolearn;xdf,1
rare,121990,https://www.koolearn.com/dict/wd_121990.html,L2-listening;L2-reading,2,S,39,16,10,0,2,0,0,koolearn,0
solar,138711,https://www.koolearn.com/dict/wd_138711.html,L2-listening;L2-reading,2,S,39,12,6,3,0,0,0,koolearn;xdf,1
structure,143678,https://www.koolearn.com/dict/wd_143678.html,L2-listening;L2-reading,2,S,39,8,9,1,2,0,0,koolearn;xdf,1
theory,150278,https://www.koolearn.com/dict/wd_150278.html,L2-listening;L2-reading,2,S,39,13,7,3,1,0,0,koolearn;xdf,1
absorb,902,https://www.koolearn.com/dict/wd_902.html,L1-base-L1;L2-reading,2,S,38,1,8,4,0,1,1,koolearn;xdf,1
accompany,1276,https://www.koolearn.com/dict/wd_1276.html,L2-listening;L2-reading,2,S,38,6,8,2,1,0,0,koolearn;xdf,1
agriculture,3611,https://www.koolearn.com/dict/wd_3611.html,L2-listening;L2-reading,2,S,38,17,6,2,0,0,0,koolearn;xdf,1
allergy,4815,https://www.koolearn.com/dict/wd_4815.html,L2-listening;L2-reading,2,S,38,16,7,0,0,0,0,koolearn,0
association,10132,https://www.koolearn.com/dict/wd_10132.html,L2-listening;L2-reading,2,S,38,7,13,2,0,0,0,koolearn;xdf,1
bacteria,12455,https://www.koolearn.com/dict/wd_12455.html,L2-listening;L2-reading,2,S,38,12,11,0,0,0,0,koolearn,0
campaign,23809,https://www.koolearn.com/dict/wd_23809.html,L2-listening;L2-reading,2,S,38,6,7,3,0,0,0,koolearn;xdf,1
comment,31914,https://www.koolearn.com/dict/wd_31914.html,L2-listening;L2-reading,2,S,38,6,12,1,2,0,0,koolearn;xdf,1
conference,33030,https://www.koolearn.com/dict/wd_33030.html,L2-listening;L2-reading,2,S,38,14,8,1,0,0,0,koolearn;xdf,1
confidence,33065,https://www.koolearn.com/dict/wd_33065.html,L2-listening;L2-reading,2,S,38,13,5,3,3,0,0,koolearn;xdf,1
damage,38656,https://www.koolearn.com/dict/wd_38656.html,L1-base-L2;L2-listening,2,S,38,13,2,3,0,1,2,koolearn;xdf,1
decade,39568,https://www.koolearn.com/dict/wd_39568.html,L2-listening;L2-reading,2,S,38,11,7,1,1,0,0,koolearn;xdf,1
demanding,40735,https://www.koolearn.com/dict/wd_40735.html,L2-reading;L2-writing,2,S,38,1,14,5,1,0,0,koolearn,0
distribution,44468,https://www.koolearn.com/dict/wd_44468.html,L2-listening;L2-reading,2,S,38,7,8,3,0,0,0,koolearn;xdf,1
drawback,46162,https://www.koolearn.com/dict/wd_46162.html,L2-listening;L2-reading,2,S,38,11,8,3,1,0,0,koolearn;xdf,1
element,48869,https://www.koolearn.com/dict/wd_48869.html,L2-listening;L2-reading,2,S,38,8,8,1,2,0,0,koolearn;xdf,1
estate,51865,https://www.koolearn.com/dict/wd_51865.html,L2-listening;L2-reading,2,S,38,6,10,1,0,0,0,koolearn;xdf,1
evaluate,52386,https://www.koolearn.com/dict/wd_52386.html,L1-base-L2;L2-reading,2,S,38,0,10,4,0,1,2,koolearn;xdf,1
extension,53659,https://www.koolearn.com/dict/wd_53659.html,L2-listening;L2-reading,2,S,38,19,6,0,0,0,0,koolearn;xdf,1
extract,53779,https://www.koolearn.com/dict/wd_53779.html,L1-base-L1;L2-reading,2,S,38,2,11,4,0,1,1,koolearn;xdf,1
feasible,55256,https://www.koolearn.com/dict/wd_55256.html,L1-base-L2;L2-reading,2,S,38,2,10,4,0,1,2,koolearn;xdf,1
fossil,59387,https://www.koolearn.com/dict/wd_59387.html,L2-listening;L2-reading,2,S,38,14,10,0,0,0,0,koolearn;xdf,1
fragile,59601,https://www.koolearn.com/dict/wd_59601.html,L1-base-L1;L2-reading,2,S,38,3,11,4,1,1,1,koolearn;xdf,1
image,74363,https://www.koolearn.com/dict/wd_74363.html,L2-listening;L2-reading,2,S,38,12,8,1,0,0,0,koolearn;xdf,1
indulge,76855,https://www.koolearn.com/dict/wd_76855.html,L1-base-L1;L2-reading,2,S,38,2,9,3,3,1,1,koolearn;xdf,1
interior,78497,https://www.koolearn.com/dict/wd_78497.html,L1-base-L1;L2-reading,2,S,38,2,12,1,3,1,1,koolearn;xdf,1
lounge,88838,https://www.koolearn.com/dict/wd_88838.html,L1-base-L1;L2-listening,2,S,38,18,1,0,1,1,1,koolearn;xdf,1
organic,105215,https://www.koolearn.com/dict/wd_105215.html,L2-listening;L2-reading,2,S,38,13,7,0,0,0,0,koolearn;xdf,1
plastic,113601,https://www.koolearn.com/dict/wd_113601.html,L2-listening;L2-reading,2,S,38,20,5,0,0,0,0,koolearn;xdf,1
present,116945,https://www.koolearn.com/dict/wd_116945.html,L2-listening;L2-reading,2,S,38,8,6,4,3,0,0,koolearn,0
pressure,117084,https://www.koolearn.com/dict/wd_117084.html,L2-listening;L2-reading,2,S,38,8,6,1,1,0,0,koolearn;xdf,1
previous,117261,https://www.koolearn.com/dict/wd_117261.html,L2-listening;L2-reading,2,S,38,12,8,1,0,0,0,koolearn;xdf,1
private,117635,https://www.koolearn.com/dict/wd_117635.html,L2-listening;L2-reading,2,S,38,12,11,4,0,0,0,koolearn;xdf,1
radiation,121321,https://www.koolearn.com/dict/wd_121321.html,L2-listening;L2-reading,2,S,38,5,8,4,3,0,0,koolearn,0
restrict,125864,https://www.koolearn.com/dict/wd_125864.html,L2-reading;L2-writing,2,S,38,4,11,5,3,0,0,koolearn;xdf,1
restriction,125870,https://www.koolearn.com/dict/wd_125870.html,L2-listening;L2-reading,2,S,38,8,11,2,0,0,0,koolearn;xdf,1
scent,130930,https://www.koolearn.com/dict/wd_130930.html,L2-listening;L2-reading,2,S,38,13,6,0,0,0,0,koolearn;xdf,1
shade,134011,https://www.koolearn.com/dict/wd_134011.html,L2-listening;L2-reading,2,S,38,12,11,0,0,0,0,koolearn;xdf,1
vary,160917,https://www.koolearn.com/dict/wd_160917.html,L2-listening;L2-reading,2,S,38,9,8,4,0,0,0,koolearn;xdf,1
virtually,162247,https://www.koolearn.com/dict/wd_162247.html,L2-listening;L2-reading,2,S,38,6,8,4,0,0,0,koolearn;xdf,1
volunteer,162754,https://www.koolearn.com/dict/wd_162754.html,L2-listening;L2-reading,2,S,38,11,6,3,2,0,0,koolearn;xdf,1
advanced,2682,https://www.koolearn.com/dict/wd_2682.html,L2-listening;L2-reading,2,S,37,16,6,2,0,0,0,koolearn;xdf,1
classical,29529,https://www.koolearn.com/dict/wd_29529.html,L2-listening;L2-reading,2,S,37,15,7,1,0,0,0,koolearn;xdf,1
commission,31979,https://www.koolearn.com/dict/wd_31979.html,L2-listening;L2-reading,2,S,37,13,5,1,0,0,0,koolearn;xdf,1
comprehensive,32510,https://www.koolearn.com/dict/wd_32510.html,L2-listening;L2-reading,2,S,37,7,6,2,2,0,0,koolearn;xdf,1
compulsory,32555,https://www.koolearn.com/dict/wd_32555.html,L1-base-L1;L2-listening,2,S,37,9,4,0,0,1,1,koolearn;xdf,1
consult,33732,https://www.koolearn.com/dict/wd_33732.html,L2-listening;L2-reading,2,S,37,5,11,2,1,0,0,koolearn;xdf,1
container,33806,https://www.koolearn.com/dict/wd_33806.html,L2-listening;L2-reading,2,S,37,16,6,1,1,0,0,koolearn,0
deforestation,40289,https://www.koolearn.com/dict/wd_40289.html,L2-listening;L2-writing,2,S,37,6,4,6,3,0,0,koolearn,0
deprive,41325,https://www.koolearn.com/dict/wd_41325.html,L1-base-L1;L2-reading,2,S,37,2,8,3,1,1,1,koolearn;xdf,1
ecology,47909,https://www.koolearn.com/dict/wd_47909.html,L2-listening;L2-reading,2,S,37,8,7,1,1,0,0,koolearn;xdf,1
endanger,49948,https://www.koolearn.com/dict/wd_49948.html,L1-base-L1;L2-reading,2,S,37,2,12,3,0,1,1,koolearn;xdf,1
factor,54188,https://www.koolearn.com/dict/wd_54188.html,L2-listening;L2-reading,2,S,37,11,6,2,3,0,0,koolearn,0
fund,60851,https://www.koolearn.com/dict/wd_60851.html,L2-listening;L2-reading,2,S,37,10,10,3,0,0,0,koolearn;xdf,1
gene,62386,https://www.koolearn.com/dict/wd_62386.html,L2-listening;L2-reading,2,S,37,5,13,0,1,0,0,koolearn;xdf,1
instinct,78065,https://www.koolearn.com/dict/wd_78065.html,L1-base-L2;L2-reading,2,S,37,4,7,2,1,1,2,koolearn;xdf,1
journalist,81294,https://www.koolearn.com/dict/wd_81294.html,L2-listening;L2-writing,2,S,37,9,3,6,3,0,0,koolearn;xdf,1
obstacle,102874,https://www.koolearn.com/dict/wd_102874.html,L1-base-L1;L2-reading,2,S,37,3,10,1,1,1,1,koolearn;xdf,1
overall,106528,https://www.koolearn.com/dict/wd_106528.html,L2-listening;L2-reading,2,S,37,8,5,2,0,0,0,koolearn;xdf,1
pesticide,111323,https://www.koolearn.com/dict/wd_111323.html,L2-listening;L2-reading,2,S,37,8,7,0,1,0,0,koolearn;xdf,1
relationship,124447,https://www.koolearn.com/dict/wd_124447.html,L2-listening;L2-reading,2,S,37,14,5,3,1,0,0,koolearn,0
reluctant,124597,https://www.koolearn.com/dict/wd_124597.html,L1-base-L1;L2-reading,2,S,37,4,10,3,0,1,1,koolearn;xdf,1
tribe,154630,https://www.koolearn.com/dict/wd_154630.html,L2-listening;L2-reading,2,S,37,19,7,0,0,0,0,koolearn,0
visible,162314,https://www.koolearn.com/dict/wd_162314.html,L2-listening;L2-reading,2,S,37,7,11,1,0,0,0,koolearn;xdf,1
acknowledge,1674,https://www.koolearn.com/dict/wd_1674.html,L1-base-L1;L2-reading,2,S,36,1,11,3,0,1,1,koolearn;xdf,1
adapt,2097,https://www.koolearn.com/dict/wd_2097.html,L1-base-L1;L2-reading,2,S,36,1,11,1,2,1,1,koolearn;xdf,1
battery,14029,https://www.koolearn.com/dict/wd_14029.html,L2-listening;L2-reading,2,S,36,13,5,0,1,0,0,koolearn;xdf,1
character,27097,https://www.koolearn.com/dict/wd_27097.html,L2-listening;L2-writing,2,S,36,10,3,7,2,0,0,koolearn;xdf,1
contact,33787,https://www.koolearn.com/dict/wd_33787.html,L2-listening;L2-reading,2,S,36,13,5,2,0,0,0,koolearn;xdf,1
display,44119,https://www.koolearn.com/dict/wd_44119.html,L2-listening;L2-reading,2,S,36,8,9,1,2,0,0,koolearn;xdf,1
distinctive,44403,https://www.koolearn.com/dict/wd_44403.html,L2-listening;L2-reading,2,S,36,5,10,0,2,0,0,koolearn;xdf,1
diverse,44594,https://www.koolearn.com/dict/wd_44594.html,L1-base-L2;L2-reading,2,S,36,0,8,3,2,1,2,koolearn;xdf,1
elusive,49098,https://www.koolearn.com/dict/wd_49098.html,L1-base-L2;L2-reading,2,S,36,2,13,2,0,1,2,koolearn;xdf,1
epidemic,51050,https://www.koolearn.com/dict/wd_51050.html,L1-base-L3;L2-listening,2,S,36,13,3,0,0,1,3,koolearn;xdf,1
equivalent,51370,https://www.koolearn.com/dict/wd_51370.html,L1-base-L1;L2-reading,2,S,36,0,9,2,0,1,1,koolearn;xdf,1
exceed,52771,https://www.koolearn.com/dict/wd_52771.html,L2-listening;L2-reading,2,S,36,5,9,2,0,0,0,koolearn;xdf,1
extinction,53731,https://www.koolearn.com/dict/wd_53731.html,L2-listening;L2-reading,2,S,36,7,10,2,2,0,0,koolearn;xdf,1
gravity,65691,https://www.koolearn.com/dict/wd_65691.html,L2-listening;L2-reading,2,S,36,7,6,0,0,0,0,koolearn;xdf,1
insomnia,77958,https://www.koolearn.com/dict/wd_77958.html,L2-listening;L2-writing,2,S,36,13,1,5,3,0,0,koolearn,0
install,78005,https://www.koolearn.com/dict/wd_78005.html,L2-listening;L2-reading,2,S,36,7,6,4,0,0,0,koolearn;xdf,1
intact,78198,https://www.koolearn.com/dict/wd_78198.html,L1-base-L2;L2-listening,2,S,36,13,3,0,1,1,2,koolearn;xdf,1
interaction,78335,https://www.koolearn.com/dict/wd_78335.html,L2-reading;L2-writing,2,S,36,1,10,8,2,0,0,koolearn,0
luxury,89533,https://www.koolearn.com/dict/wd_89533.html,L2-listening;L2-reading,2,S,36,8,7,1,2,0,0,koolearn;xdf,1
modify,96086,https://www.koolearn.com/dict/wd_96086.html,L1-base-L1;L2-reading,2,S,36,0,13,0,0,1,1,koolearn;xdf,1
motivate,97300,https://www.koolearn.com/dict/wd_97300.html,L2-reading;L2-writing,2,S,36,1,11,5,1,0,0,koolearn;xdf,1
nutrient,102518,https://www.koolearn.com/dict/wd_102518.html,L2-listening;L2-reading,2,S,36,5,13,1,1,0,0,koolearn;xdf,1
oxygen,107361,https://www.koolearn.com/dict/wd_107361.html,L2-listening;L2-reading,2,S,36,14,7,0,1,0,0,koolearn;xdf,1
participation,108973,https://www.koolearn.com/dict/wd_108973.html,L2-listening;L2-reading,2,S,36,9,7,4,0,0,0,koolearn;xdf,1
particular,108985,https://www.koolearn.com/dict/wd_108985.html,L2-listening;L2-reading,2,S,36,6,11,1,0,0,0,koolearn;xdf,1
residence,125560,https://www.koolearn.com/dict/wd_125560.html,L2-listening;L2-reading,2,S,36,12,7,1,2,0,0,koolearn;xdf,1
specific,139903,https://www.koolearn.com/dict/wd_139903.html,L2-listening;L2-reading,2,S,36,8,12,1,0,0,0,koolearn;xdf,1
superior,145297,https://www.koolearn.com/dict/wd_145297.html,L1-base-L1;L2-reading,2,S,36,1,12,3,1,1,1,koolearn;xdf,1
surface,145622,https://www.koolearn.com/dict/wd_145622.html,L2-listening;L2-reading,2,S,36,17,5,0,0,0,0,koolearn;xdf,1
symbol,146484,https://www.koolearn.com/dict/wd_146484.html,L1-base-L1;L2-reading,2,S,36,3,11,4,2,1,1,koolearn;xdf,1
technical,148528,https://www.koolearn.com/dict/wd_148528.html,L2-listening;L2-reading,2,S,36,11,5,1,0,0,0,koolearn;xdf,1
temporary,149006,https://www.koolearn.com/dict/wd_149006.html,L1-base-L1;L2-listening,2,S,36,8,4,1,0,1,1,koolearn;xdf,1
term,149333,https://www.koolearn.com/dict/wd_149333.html,L2-listening;L2-reading,2,S,36,14,13,0,0,0,0,koolearn,0
ultimate,156681,https://www.koolearn.com/dict/wd_156681.html,L2-listening;L2-reading,2,S,36,7,8,3,0,0,0,koolearn;xdf,1
wealthy,164136,https://www.koolearn.com/dict/wd_164136.html,L2-listening;L2-reading,2,S,36,10,6,3,3,0,0,koolearn;xdf,1
antibiotic,7236,https://www.koolearn.com/dict/wd_7236.html,L1-base-L3;L2-listening,2,S,35,11,4,0,0,1,3,koolearn;xdf,1
concern,32739,https://www.koolearn.com/dict/wd_32739.html,L2-listening;L2-reading,2,S,35,7,7,2,1,0,0,koolearn;xdf,1
concert,32754,https://www.koolearn.com/dict/wd_32754.html,L1-base-L2;L2-listening,2,S,35,20,1,0,3,1,2,koolearn;xdf,1
conclusion,32823,https://www.koolearn.com/dict/wd_32823.html,L2-listening;L2-reading,2,S,35,12,5,3,0,0,0,koolearn;xdf,1
consultant,33737,https://www.koolearn.com/dict/wd_33737.html,L2-listening;L2-reading,2,S,35,12,6,1,0,0,0,koolearn;xdf,1
creature,36349,https://www.koolearn.com/dict/wd_36349.html,L2-listening;L2-reading,2,S,35,8,8,1,3,0,0,koolearn,0
demand,40722,https://www.koolearn.com/dict/wd_40722.html,L2-listening;L2-reading,2,S,35,7,7,2,0,0,0,koolearn;xdf,1
density,41045,https://www.koolearn.com/dict/wd_41045.html,L2-listening;L2-reading,2,S,35,8,7,4,0,0,0,koolearn;xdf,1
device,42050,https://www.koolearn.com/dict/wd_42050.html,L2-listening;L2-reading,2,S,35,5,7,4,1,0,0,koolearn;xdf,1
drama,46081,https://www.koolearn.com/dict/wd_46081.html,L2-listening;L2-reading,2,S,35,15,5,0,1,0,0,koolearn,0
economy,47973,https://www.koolearn.com/dict/wd_47973.html,L2-listening;L2-reading,2,S,35,10,5,3,2,0,0,koolearn,0
emerge,49382,https://www.koolearn.com/dict/wd_49382.html,L1-base-L1;L2-reading,2,S,35,1,10,4,0,1,1,koolearn;xdf,1
ensure,50564,https://www.koolearn.com/dict/wd_50564.html,L2-reading;L2-writing,2,S,35,0,7,6,0,0,0,koolearn;xdf,1
exclude,52886,https://www.koolearn.com/dict/wd_52886.html,L1-base-L1;L2-reading,2,S,35,2,11,3,0,1,1,koolearn;xdf,1
highlight,70673,https://www.koolearn.com/dict/wd_70673.html,L2-listening;L2-writing,2,S,35,5,4,5,3,0,0,koolearn;xdf,1
horizon,71972,https://www.koolearn.com/dict/wd_71972.html,L2-reading;L2-writing,2,S,35,3,5,7,1,0,0,koolearn;xdf,1
identification,73951,https://www.koolearn.com/dict/wd_73951.html,L2-listening;L2-reading,2,S,35,11,6,0,0,0,0,koolearn;xdf,1
institute,78072,https://www.koolearn.com/dict/wd_78072.html,L2-listening;L2-reading,2,S,35,10,6,1,1,0,0,koolearn;xdf,1
location,87997,https://www.koolearn.com/dict/wd_87997.html,L1-base-L1;L2-listening,2,S,35,13,4,1,0,1,1,koolearn;xdf,1
maintenance,90328,https://www.koolearn.com/dict/wd_90328.html,L2-listening;L2-reading,2,S,35,6,9,2,3,0,0,koolearn;xdf,1
observation,102842,https://www.koolearn.com/dict/wd_102842.html,L2-listening;L2-reading,2,S,35,15,6,1,1,0,0,koolearn;xdf,1
obtain,102905,https://www.koolearn.com/dict/wd_102905.html,L2-reading;L2-writing,2,S,35,1,12,5,2,0,0,koolearn;xdf,1
ordinary,105169,https://www.koolearn.com/dict/wd_105169.html,L2-listening;L2-reading,2,S,35,10,12,1,1,0,0,koolearn,0
procedure,117780,https://www.koolearn.com/dict/wd_117780.html,L2-listening;L2-reading,2,S,35,8,7,2,0,0,0,koolearn;xdf,1
purpose,119896,https://www.koolearn.com/dict/wd_119896.html,L2-listening;L2-reading,2,S,35,14,5,3,0,0,0,koolearn;xdf,1
recommendation,123048,https://www.koolearn.com/dict/wd_123048.html,L2-listening;L2-reading,2,S,35,14,6,0,0,0,0,koolearn;xdf,1
region,124045,https://www.koolearn.com/dict/wd_124045.html,L2-listening;L2-reading,2,S,35,15,6,1,0,0,0,koolearn;xdf,1
retail,125945,https://www.koolearn.com/dict/wd_125945.html,L1-base-L1;L2-listening,2,S,35,12,4,0,0,1,1,koolearn;xdf,1
settle,133779,https://www.koolearn.com/dict/wd_133779.html,L2-listening;L2-reading,2,S,35,5,12,3,2,0,0,koolearn;xdf,1
solution,138912,https://www.koolearn.com/dict/wd_138912.html,L2-listening;L2-reading,2,S,35,12,8,1,0,0,0,koolearn;xdf,1
substantial,144415,https://www.koolearn.com/dict/wd_144415.html,L1-base-L2;L2-reading,2,S,35,2,12,3,0,1,2,koolearn;xdf,1
survival,145783,https://www.koolearn.com/dict/wd_145783.html,L2-listening;L2-reading,2,S,35,11,8,2,0,0,0,koolearn,0
technology,148568,https://www.koolearn.com/dict/wd_148568.html,L2-listening;L2-writing,2,S,35,13,4,5,0,0,0,koolearn,0
temperature,148971,https://www.koolearn.com/dict/wd_148971.html,L2-listening;L2-reading,2,S,35,17,6,0,0,0,0,koolearn,0
threat,150789,https://www.koolearn.com/dict/wd_150789.html,L2-listening;L2-reading,2,S,35,7,10,4,0,0,0,koolearn,0
versatile,161510,https://www.koolearn.com/dict/wd_161510.html,L1-base-L2;L2-reading,2,S,35,0,9,1,5,1,2,koolearn;xdf,1
applicant,8066,https://www.koolearn.com/dict/wd_8066.html,L1-base-L1;L2-listening,2,S,34,13,4,1,0,1,1,koolearn;xdf,1
carbon,24565,https://www.koolearn.com/dict/wd_24565.html,L2-listening;L2-reading,2,S,34,11,7,2,0,0,0,koolearn,0
convenience,34176,https://www.koolearn.com/dict/wd_34176.html,L2-listening;L2-reading,2,S,34,6,7,2,2,0,0,koolearn;xdf,1
council,35455,https://www.koolearn.com/dict/wd_35455.html,L1-base-L2;L2-listening,2,S,34,16,4,0,0,1,2,koolearn;xdf,1
delay,40503,https://www.koolearn.com/dict/wd_40503.html,L2-listening;L2-reading,2,S,34,13,11,1,0,0,0,koolearn;xdf,1
devote,42109,https://www.koolearn.com/dict/wd_42109.html,L1-base-L2;L2-reading,2,S,34,3,9,0,0,1,2,koolearn;xdf,1
elementary,48871,https://www.koolearn.com/dict/wd_48871.html,L2-listening;L2-reading,2,S,34,17,6,0,0,0,0,koolearn,0
form,59178,https://www.koolearn.com/dict/wd_59178.html,L2-listening;L2-reading,2,S,34,11,8,3,0,0,0,koolearn;xdf,1
instrument,78104,https://www.koolearn.com/dict/wd_78104.html,L2-listening;L2-reading,2,S,34,11,6,1,1,0,0,koolearn;xdf,1
isolate,79918,https://www.koolearn.com/dict/wd_79918.html,L1-base-L1;L2-reading,2,S,34,3,15,2,0,1,1,koolearn;xdf,1
lobby,87900,https://www.koolearn.com/dict/wd_87900.html,L2-listening;L2-reading,2,S,34,9,6,0,3,0,0,koolearn;xdf,1
participant,108965,https://www.koolearn.com/dict/wd_108965.html,L2-listening;L2-reading,2,S,34,10,8,0,1,0,0,koolearn;xdf,1
pottery,115906,https://www.koolearn.com/dict/wd_115906.html,L2-listening;L2-reading,2,S,34,17,5,0,1,0,0,koolearn,0
promising,118215,https://www.koolearn.com/dict/wd_118215.html,L2-listening;L2-reading,2,S,34,9,7,1,1,0,0,koolearn;xdf,1
radical,121331,https://www.koolearn.com/dict/wd_121331.html,L1-base-L1;L2-reading,2,S,34,2,12,1,0,1,1,koolearn,0
realistic,122549,https://www.koolearn.com/dict/wd_122549.html,L2-listening;L2-reading,2,S,34,6,10,1,1,0,0,koolearn;xdf,1
reproduce,125281,https://www.koolearn.com/dict/wd_125281.html,L2-listening;L2-reading,2,S,34,8,11,0,0,0,0,koolearn;xdf,1
revenue,126325,https://www.koolearn.com/dict/wd_126325.html,L1-base-L1;L2-writing,2,S,34,3,3,5,0,1,1,koolearn;xdf,1
revolution,126485,https://www.koolearn.com/dict/wd_126485.html,L2-listening;L2-reading,2,S,34,5,10,1,1,0,0,koolearn;xdf,1
scarce,130792,https://www.koolearn.com/dict/wd_130792.html,L2-listening;L2-reading,2,S,34,11,7,0,0,0,0,koolearn;xdf,1
stage,141388,https://www.koolearn.com/dict/wd_141388.html,L2-listening;L2-reading,2,S,34,12,5,0,2,0,0,koolearn;xdf,1
strengthen,143362,https://www.koolearn.com/dict/wd_143362.html,L2-listening;L2-writing,2,S,34,5,2,5,1,0,0,koolearn;xdf,1
superficial,145249,https://www.koolearn.com/dict/wd_145249.html,L1-base-L1;L2-writing,2,S,34,1,4,6,0,1,1,koolearn;xdf,1
supervisor,145423,https://www.koolearn.com/dict/wd_145423.html,L2-listening;L2-reading,2,S,34,13,5,3,2,0,0,koolearn;xdf,1
surveillance,145770,https://www.koolearn.com/dict/wd_145770.html,L2-listening;L2-reading,2,S,34,6,9,2,0,0,0,koolearn;xdf,1
tackle,146997,https://www.koolearn.com/dict/wd_146997.html,L1-base-L1;L2-writing,2,S,34,3,4,5,3,1,1,koolearn;xdf,1
transmit,154138,https://www.koolearn.com/dict/wd_154138.html,L1-base-L1;L2-reading,2,S,34,3,12,1,1,1,1,koolearn;xdf,1
tunnel,155783,https://www.koolearn.com/dict/wd_155783.html,L2-listening;L2-reading,2,S,34,14,7,0,1,0,0,koolearn;xdf,1
variation,160850,https://www.koolearn.com/dict/wd_160850.html,L2-listening;L2-reading,2,S,34,6,7,3,0,0,0,koolearn;xdf,1
account,1316,https://www.koolearn.com/dict/wd_1316.html,L2-listening;L2-reading,2,S,33,8,7,0,0,0,0,koolearn;xdf,1
atlas,10725,https://www.koolearn.com/dict/wd_10725.html,L2-listening;L2-reading,2,S,33,18,5,0,0,0,0,koolearn,0
attempt,10917,https://www.koolearn.com/dict/wd_10917.html,L2-listening;L2-reading,2,S,33,6,9,0,2,0,0,koolearn;xdf,1
average,11684,https://www.koolearn.com/dict/wd_11684.html,L2-listening;L2-reading,2,S,33,13,5,2,2,0,0,koolearn;xdf,1
awareness,11845,https://www.koolearn.com/dict/wd_11845.html,L2-listening;L2-writing,2,S,33,9,4,5,2,0,0,koolearn,0
cattle,25787,https://www.koolearn.com/dict/wd_25787.html,L2-listening;L2-reading,2,S,33,15,5,0,0,0,0,koolearn,0
compatible,32269,https://www.koolearn.com/dict/wd_32269.html,L1-base-L3;L2-reading,2,S,33,0,7,3,2,1,3,koolearn;xdf,1
contrast,34063,https://www.koolearn.com/dict/wd_34063.html,L1-base-L2;L2-reading,2,S,33,4,10,1,0,1,2,koolearn;xdf,1
controversy,34128,https://www.koolearn.com/dict/wd_34128.html,L1-base-L1;L2-listening,2,S,33,8,3,1,0,1,1,koolearn;xdf,1
cooperative,34426,https://www.koolearn.com/dict/wd_34426.html,L2-listening;L2-reading,2,S,33,10,6,2,1,0,0,koolearn;xdf,1
deplete,41219,https://www.koolearn.com/dict/wd_41219.html,L2-reading;L2-writing,2,S,33,1,6,8,2,0,0,koolearn;xdf,1
director,43288,https://www.koolearn.com/dict/wd_43288.html,L2-listening;L2-reading,2,S,33,13,6,1,2,0,0,koolearn,0
distract,44434,https://www.koolearn.com/dict/wd_44434.html,L1-base-L1;L2-reading,2,S,33,1,12,1,0,1,1,koolearn;xdf,1
duration,47173,https://www.koolearn.com/dict/wd_47173.html,L2-listening;L2-reading,2,S,33,7,9,3,0,0,0,koolearn;xdf,1
emotional,49511,https://www.koolearn.com/dict/wd_49511.html,L2-reading;L2-writing,2,S,33,2,5,6,3,0,0,koolearn;xdf,1
eventually,52497,https://www.koolearn.com/dict/wd_52497.html,L1-base-L1;L2-reading,2,S,33,3,10,3,2,1,1,koolearn,0
explicit,53467,https://www.koolearn.com/dict/wd_53467.html,L1-base-L2;L2-reading,2,S,33,0,11,1,0,1,2,koolearn,0
fair,54333,https://www.koolearn.com/dict/wd_54333.html,L2-listening;L2-reading,2,S,33,8,7,3,0,0,0,koolearn;xdf,1
illegal,74258,https://www.koolearn.com/dict/wd_74258.html,L1-base-L1;L2-listening,2,S,33,12,3,3,0,1,1,koolearn;xdf,1
institution,78077,https://www.koolearn.com/dict/wd_78077.html,L2-listening;L2-reading,2,S,33,9,8,0,0,0,0,koolearn;xdf,1
interpretation,78773,https://www.koolearn.com/dict/wd_78773.html,L2-listening;L2-reading,2,S,33,9,7,3,0,0,0,koolearn;xdf,1
majority,90376,https://www.koolearn.com/dict/wd_90376.html,L2-listening;L2-reading,2,S,33,11,6,2,0,0,0,koolearn;xdf,1
manual,91378,https://www.koolearn.com/dict/wd_91378.html,L1-base-L3;L2-listening,2,S,33,10,4,2,0,1,3,koolearn;xdf,1
method,94032,https://www.koolearn.com/dict/wd_94032.html,L2-listening;L2-reading,2,S,33,12,7,3,0,0,0,koolearn,0
native,99285,https://www.koolearn.com/dict/wd_99285.html,L2-listening;L2-reading,2,S,33,5,10,1,1,0,0,koolearn;xdf,1
observe,102848,https://www.koolearn.com/dict/wd_102848.html,L1-base-L1;L2-reading,2,S,33,3,7,3,0,1,1,koolearn;xdf,1
precise,116400,https://www.koolearn.com/dict/wd_116400.html,L1-base-L1;L2-reading,2,S,33,4,7,1,1,1,1,koolearn;xdf,1
publication,119309,https://www.koolearn.com/dict/wd_119309.html,L2-listening;L2-reading,2,S,33,11,5,1,0,0,0,koolearn,0
rate,122080,https://www.koolearn.com/dict/wd_122080.html,L2-listening;L2-reading,2,S,33,9,12,1,2,0,0,koolearn,0
relative,124449,https://www.koolearn.com/dict/wd_124449.html,L2-listening;L2-reading,2,S,33,6,10,0,0,0,0,koolearn;xdf,1
represent,125217,https://www.koolearn.com/dict/wd_125217.html,L2-reading;L2-writing,2,S,33,2,7,5,4,0,0,koolearn;xdf,1
risk,127338,https://www.koolearn.com/dict/wd_127338.html,L2-listening;L2-reading,2,S,33,11,6,1,0,0,0,koolearn,0
seal,131932,https://www.koolearn.com/dict/wd_131932.html,L2-listening;L2-reading,2,S,33,7,7,0,1,0,0,koolearn;xdf,1
sense,133159,https://www.koolearn.com/dict/wd_133159.html,L2-listening;L2-reading,2,S,33,10,5,3,0,0,0,koolearn,0
shell,134464,https://www.koolearn.com/dict/wd_134464.html,L2-listening;L2-reading,2,S,33,10,6,0,1,0,0,koolearn;xdf,1
string,143523,https://www.koolearn.com/dict/wd_143523.html,L2-listening;L2-reading,2,S,33,7,5,0,2,0,0,koolearn;xdf,1
suppress,145528,https://www.koolearn.com/dict/wd_145528.html,L1-base-L1;L2-reading,2,S,33,0,13,1,0,1,1,koolearn;xdf,1
whale,164784,https://www.koolearn.com/dict/wd_164784.html,L2-listening;L2-reading,2,S,33,19,5,0,0,0,0,koolearn,0
anthropology,7141,https://www.koolearn.com/dict/wd_7141.html,L2-listening;L2-reading,2,S,32,17,5,0,1,0,0,koolearn,0
aspiration,9908,https://www.koolearn.com/dict/wd_9908.html,L2-listening;L2-reading,2,S,32,6,5,3,2,0,0,koolearn;xdf,1
assign,10059,https://www.koolearn.com/dict/wd_10059.html,L1-base-L1;L2-reading,2,S,32,1,13,1,0,1,1,koolearn;xdf,1
bias,16698,https://www.koolearn.com/dict/wd_16698.html,L1-base-L2;L2-reading,2,S,32,0,7,2,0,1,2,koolearn,0
casual,25452,https://www.koolearn.com/dict/wd_25452.html,L1-base-L1;L2-listening,2,S,32,9,4,0,4,1,1,koolearn;xdf,1
complete,32381,https://www.koolearn.com/dict/wd_32381.html,L2-listening;L2-reading,2,S,32,11,6,1,0,0,0,koolearn;xdf,1
constant,33636,https://www.koolearn.com/dict/wd_33636.html,L2-reading;L2-writing,2,S,32,3,6,5,1,0,0,koolearn;xdf,1
construction,33702,https://www.koolearn.com/dict/wd_33702.html,L2-listening;L2-reading,2,S,32,10,7,2,1,0,0,koolearn;xdf,1
coordinate,34438,https://www.koolearn.com/dict/wd_34438.html,L1-base-L1;L2-reading,2,S,32,2,9,0,0,1,1,koolearn;xdf,1
depict,41201,https://www.koolearn.com/dict/wd_41201.html,L2-listening;L2-reading,2,S,32,5,6,1,1,0,0,koolearn;xdf,1
description,41538,https://www.koolearn.com/dict/wd_41538.html,L2-listening;L2-reading,2,S,32,12,7,0,0,0,0,koolearn,0
determine,41884,https://www.koolearn.com/dict/wd_41884.html,L1-base-L2;L2-reading,2,S,32,1,11,2,2,1,2,koolearn;xdf,1
electronic,48792,https://www.koolearn.com/dict/wd_48792.html,L2-listening;L2-reading,2,S,32,5,6,4,3,0,0,koolearn;xdf,1
engineer,50240,https://www.koolearn.com/dict/wd_50240.html,L2-listening;L2-reading,2,S,32,16,6,0,2,0,0,koolearn,0
entrance,50753,https://www.koolearn.com/dict/wd_50753.html,L1-base-L1;L2-listening,2,S,32,16,1,0,3,1,1,koolearn,0
focus,58304,https://www.koolearn.com/dict/wd_58304.html,L1-base-L2;L2-listening,2,S,32,8,3,1,1,1,2,koolearn;xdf,1
genius,62549,https://www.koolearn.com/dict/wd_62549.html,L1-base-L1;L2-reading,2,S,32,1,8,1,3,1,1,koolearn,0
germ,62771,https://www.koolearn.com/dict/wd_62771.html,L2-listening;L2-reading,2,S,32,11,5,0,0,0,0,koolearn;xdf,1
harbour,68100,https://www.koolearn.com/dict/wd_68100.html,L2-listening;L2-reading,2,S,32,8,8,2,0,0,0,koolearn;xdf,1
informative,77295,https://www.koolearn.com/dict/wd_77295.html,L2-listening;L2-reading,2,S,32,8,6,4,3,0,0,koolearn,0
instructor,78098,https://www.koolearn.com/dict/wd_78098.html,L2-listening;L2-reading,2,S,32,15,5,3,2,0,0,koolearn,0
intimate,78944,https://www.koolearn.com/dict/wd_78944.html,L1-base-L2;L2-reading,2,S,32,0,6,2,2,1,2,koolearn;xdf,1
isolation,79924,https://www.koolearn.com/dict/wd_79924.html,L2-listening;L2-reading,2,S,32,7,8,0,0,0,0,koolearn,0
manipulate,91250,https://www.koolearn.com/dict/wd_91250.html,L1-base-L2;L2-reading,2,S,32,0,6,3,1,1,2,koolearn;xdf,1
mood,96790,https://www.koolearn.com/dict/wd_96790.html,L2-listening;L2-reading,2,S,32,11,6,0,2,0,0,koolearn;xdf,1
occasion,102972,https://www.koolearn.com/dict/wd_102972.html,L2-listening;L2-reading,2,S,32,8,7,0,2,0,0,koolearn;xdf,1
outcome,106042,https://www.koolearn.com/dict/wd_106042.html,L2-listening;L2-writing,2,S,32,6,2,6,0,0,0,koolearn;xdf,1
phase,111615,https://www.koolearn.com/dict/wd_111615.html,L1-base-L1;L2-reading,2,S,32,1,13,1,0,1,1,koolearn,0
postgraduate,115693,https://www.koolearn.com/dict/wd_115693.html,L1-base-L3;L2-listening,2,S,32,16,1,0,0,1,3,koolearn;xdf,1
practice,116115,https://www.koolearn.com/dict/wd_116115.html,L2-listening;L2-reading,2,S,32,11,6,2,0,0,0,koolearn,0
productivity,117921,https://www.koolearn.com/dict/wd_117921.html,L2-listening;L2-reading,2,S,32,5,7,3,1,0,0,koolearn;xdf,1
profession,117944,https://www.koolearn.com/dict/wd_117944.html,L1-base-L1;L2-listening,2,S,32,11,2,3,0,1,1,koolearn;xdf,1
profound,118024,https://www.koolearn.com/dict/wd_118024.html,L1-base-L1;L2-reading,2,S,32,2,6,1,2,1,1,koolearn;xdf,1
quality,120576,https://www.koolearn.com/dict/wd_120576.html,L2-listening;L2-reading,2,S,32,11,6,4,0,0,0,koolearn,0
sediment,132325,https://www.koolearn.com/dict/wd_132325.html,L2-listening;L2-reading,2,S,32,7,9,0,0,0,0,koolearn;xdf,1
sequence,133363,https://www.koolearn.com/dict/wd_133363.html,L2-listening;L2-reading,2,S,32,5,8,1,0,0,0,koolearn;xdf,1
stock,142743,https://www.koolearn.com/dict/wd_142743.html,L1-base-L1;L2-listening,2,S,32,14,3,0,0,1,1,koolearn;xdf,1
store,142994,https://www.koolearn.com/dict/wd_142994.html,L2-listening;L2-reading,2,S,32,12,5,0,1,0,0,koolearn,0
thesis,150423,https://www.koolearn.com/dict/wd_150423.html,L1-base-L3;L2-listening,2,S,32,14,1,1,1,1,3,koolearn;xdf,1
threaten,150791,https://www.koolearn.com/dict/wd_150791.html,L2-listening;L2-reading,2,S,32,5,10,4,0,0,0,koolearn;xdf,1
vivid,162494,https://www.koolearn.com/dict/wd_162494.html,L1-base-L1;L2-reading,2,S,32,1,5,3,5,1,1,koolearn;xdf,1
acquisition,1784,https://www.koolearn.com/dict/wd_1784.html,L2-reading;L2-writing,2,S,31,4,6,5,0,0,0,koolearn;xdf,1
administration,2445,https://www.koolearn.com/dict/wd_2445.html,L2-listening;L2-reading,2,S,31,8,5,1,0,0,0,koolearn;xdf,1
adventure,2713,https://www.koolearn.com/dict/wd_2713.html,L2-listening;L2-reading,2,S,31,8,6,0,1,0,0,koolearn;xdf,1
aid,3690,https://www.koolearn.com/dict/wd_3690.html,L2-listening;L2-reading,2,S,31,7,8,1,0,0,0,koolearn,0
allergic,4808,https://www.koolearn.com/dict/wd_4808.html,L2-listening;L2-reading,2,S,31,12,10,1,0,0,0,koolearn;xdf,1
ambiguous,5414,https://www.koolearn.com/dict/wd_5414.html,L2-listening;L2-reading,2,S,31,7,7,1,0,0,0,koolearn;xdf,1
attendance,10930,https://www.koolearn.com/dict/wd_10930.html,L2-listening;L2-reading,2,S,31,13,5,0,0,0,0,koolearn;xdf,1
bilingual,17027,https://www.koolearn.com/dict/wd_17027.html,L1-base-L3;L2-reading,2,S,31,0,5,4,3,1,3,koolearn;xdf,1
capture,24461,https://www.koolearn.com/dict/wd_24461.html,L1-base-L1;L2-reading,2,S,31,4,7,1,3,1,1,koolearn;xdf,1
classify,29553,https://www.koolearn.com/dict/wd_29553.html,L1-base-L1;L2-reading,2,S,31,2,6,2,1,1,1,koolearn;xdf,1
commute,32163,https://www.koolearn.com/dict/wd_32163.html,L1-base-L3;L2-reading,2,S,31,0,8,2,0,1,3,koolearn;xdf,1
confine,33092,https://www.koolearn.com/dict/wd_33092.html,L1-base-L3;L2-reading,2,S,31,2,6,3,0,1,3,koolearn;xdf,1
convenient,34182,https://www.koolearn.com/dict/wd_34182.html,L2-listening;L2-reading,2,S,31,10,5,3,1,0,0,koolearn;xdf,1
cooperation,34425,https://www.koolearn.com/dict/wd_34425.html,L2-listening;L2-reading,2,S,31,13,8,0,2,0,0,koolearn;xdf,1
crack,36029,https://www.koolearn.com/dict/wd_36029.html,L1-base-L2;L2-listening,2,S,31,7,3,1,1,1,2,koolearn;xdf,1
cultivation,37513,https://www.koolearn.com/dict/wd_37513.html,L2-listening;L2-reading,2,S,31,14,5,1,0,0,0,koolearn;xdf,1
cultural,37518,https://www.koolearn.com/dict/wd_37518.html,L2-listening;L2-reading,2,S,31,8,5,4,0,0,0,koolearn;xdf,1
demonstration,40878,https://www.koolearn.com/dict/wd_40878.html,L2-listening;L2-reading,2,S,31,13,5,0,0,0,0,koolearn;xdf,1
electricity,48723,https://www.koolearn.com/dict/wd_48723.html,L2-listening;L2-reading,2,S,31,12,7,0,0,0,0,koolearn,0
equator,51298,https://www.koolearn.com/dict/wd_51298.html,L2-listening;L2-reading,2,S,31,7,11,0,0,0,0,koolearn;xdf,1
existence,53179,https://www.koolearn.com/dict/wd_53179.html,L2-listening;L2-reading,2,S,31,7,7,0,0,0,0,koolearn;xdf,1
express,53562,https://www.koolearn.com/dict/wd_53562.html,L2-listening;L2-reading,2,S,31,9,5,2,0,0,0,koolearn;xdf,1
humidity,72727,https://www.koolearn.com/dict/wd_72727.html,L1-base-L2;L2-listening,2,S,31,12,2,1,2,1,2,koolearn;xdf,1
imitate,74465,https://www.koolearn.com/dict/wd_74465.html,L2-reading;L2-writing,2,S,31,0,7,5,3,0,0,koolearn;xdf,1
industry,76915,https://www.koolearn.com/dict/wd_76915.html,L2-listening;L2-reading,2,S,31,13,5,2,0,0,0,koolearn,0
margin,91576,https://www.koolearn.com/dict/wd_91576.html,L1-base-L1;L2-listening,2,S,31,12,3,0,0,1,1,koolearn;xdf,1
miserable,95422,https://www.koolearn.com/dict/wd_95422.html,L1-base-L1;L2-listening,2,S,31,13,1,0,1,1,1,koolearn;xdf,1
press,117036,https://www.koolearn.com/dict/wd_117036.html,L2-listening;L2-reading,2,S,31,8,6,3,2,0,0,koolearn,0
publicity,119313,https://www.koolearn.com/dict/wd_119313.html,L1-base-L1;L2-listening,2,S,31,7,4,2,0,1,1,koolearn;xdf,1
quantity,120621,https://www.koolearn.com/dict/wd_120621.html,L2-listening;L2-reading,2,S,31,8,12,0,0,0,0,koolearn;xdf,1
requirement,125378,https://www.koolearn.com/dict/wd_125378.html,L2-listening;L2-reading,2,S,31,11,7,0,1,0,0,koolearn;xdf,1
resistant,125627,https://www.koolearn.com/dict/wd_125627.html,L2-listening;L2-reading,2,S,31,12,5,0,0,0,0,koolearn;xdf,1
response,125766,https://www.koolearn.com/dict/wd_125766.html,L2-listening;L2-reading,2,S,31,11,6,1,0,0,0,koolearn;xdf,1
scandal,130723,https://www.koolearn.com/dict/wd_130723.html,L2-listening;L2-writing,2,S,31,7,1,5,4,0,0,koolearn;xdf,1
secure,132263,https://www.koolearn.com/dict/wd_132263.html,L1-base-L1;L2-reading,2,S,31,3,8,4,0,1,1,koolearn;xdf,1
stimulus,142636,https://www.koolearn.com/dict/wd_142636.html,L1-base-L2;L2-reading,2,S,31,0,10,0,0,1,2,koolearn;xdf,1
target,147988,https://www.koolearn.com/dict/wd_147988.html,L2-listening;L2-reading,2,S,31,5,5,1,2,0,0,koolearn;xdf,1
theme,150207,https://www.koolearn.com/dict/wd_150207.html,L2-listening;L2-reading,2,S,31,5,6,1,2,0,0,koolearn,0
view,161935,https://www.koolearn.com/dict/wd_161935.html,L2-listening;L2-reading,2,S,31,12,6,1,0,0,0,koolearn,0
virus,162265,https://www.koolearn.com/dict/wd_162265.html,L2-listening;L2-reading,2,S,31,11,6,0,1,0,0,koolearn;xdf,1
accommodate,1258,https://www.koolearn.com/dict/wd_1258.html,L1-base-L1;L2-reading,2,S,30,0,7,3,3,1,1,koolearn,0
accuracy,1424,https://www.koolearn.com/dict/wd_1424.html,L2-listening;L2-reading,2,S,30,5,7,0,0,0,0,koolearn;xdf,1
acute,2035,https://www.koolearn.com/dict/wd_2035.html,L1-base-L1;L2-listening,2,S,30,5,3,0,0,1,1,koolearn;xdf,1
bear,15117,https://www.koolearn.com/dict/wd_15117.html,L2-listening;L2-reading,2,S,30,6,9,0,0,0,0,koolearn,0
capital,24291,https://www.koolearn.com/dict/wd_24291.html,L2-listening;L2-reading,2,S,30,11,6,0,1,0,0,koolearn,0
code,30771,https://www.koolearn.com/dict/wd_30771.html,L1-base-L1;L2-listening,2,S,30,10,3,1,0,1,1,koolearn;xdf,1
collection,31246,https://www.koolearn.com/dict/wd_31246.html,L2-listening;L2-reading,2,S,30,11,7,0,0,0,0,koolearn;xdf,1
compare,32225,https://www.koolearn.com/dict/wd_32225.html,L1-base-L2;L2-reading,2,S,30,3,12,1,0,1,2,koolearn;xdf,1
convince,34286,https://www.koolearn.com/dict/wd_34286.html,L2-listening;L2-reading,2,S,30,5,8,0,1,0,0,koolearn;xdf,1
criminal,36604,https://www.koolearn.com/dict/wd_36604.html,L2-reading;L2-writing,2,S,30,0,8,6,0,0,0,koolearn;xdf,1
deficiency,40190,https://www.koolearn.com/dict/wd_40190.html,L1-base-L1;L2-reading,2,S,30,1,9,4,0,1,1,koolearn;xdf,1
detail,41820,https://www.koolearn.com/dict/wd_41820.html,L2-listening;L2-reading,2,S,30,12,5,0,0,0,0,koolearn;xdf,1
dimension,42934,https://www.koolearn.com/dict/wd_42934.html,L2-listening;L2-reading,2,S,30,5,6,1,0,0,0,koolearn;xdf,1
distortion,44429,https://www.koolearn.com/dict/wd_44429.html,L2-listening;L2-reading,2,S,30,7,7,2,0,0,0,koolearn;xdf,1
embark,49194,https://www.koolearn.com/dict/wd_49194.html,L2-listening;L2-reading,2,S,30,5,7,0,0,0,0,koolearn;xdf,1
firm,56798,https://www.koolearn.com/dict/wd_56798.html,L2-listening;L2-reading,2,S,30,9,6,3,0,0,0,koolearn;xdf,1
formal,59184,https://www.koolearn.com/dict/wd_59184.html,L2-listening;L2-reading,2,S,30,11,5,0,2,0,0,koolearn;xdf,1
frame,59635,https://www.koolearn.com/dict/wd_59635.html,L2-listening;L2-reading,2,S,30,6,6,0,2,0,0,koolearn;xdf,1
frequency,60011,https://www.koolearn.com/dict/wd_60011.html,L2-listening;L2-reading,2,S,30,7,9,0,0,0,0,koolearn;xdf,1
geography,62661,https://www.koolearn.com/dict/wd_62661.html,L2-listening;L2-reading,2,S,30,16,7,1,1,0,0,koolearn,0
gesture,62862,https://www.koolearn.com/dict/wd_62862.html,L2-listening;L2-reading,2,S,30,7,5,0,0,0,0,koolearn;xdf,1
harness,68320,https://www.koolearn.com/dict/wd_68320.html,L2-listening;L2-reading,2,S,30,6,5,4,0,0,0,koolearn;xdf,1
identical,73943,https://www.koolearn.com/dict/wd_73943.html,L1-base-L1;L2-reading,2,S,30,2,5,1,0,1,1,koolearn;xdf,1
injury,77577,https://www.koolearn.com/dict/wd_77577.html,L2-listening;L2-reading,2,S,30,10,6,1,2,0,0,koolearn,0
instruction,78092,https://www.koolearn.com/dict/wd_78092.html,L2-listening;L2-reading,2,S,30,11,5,3,0,0,0,koolearn,0
legitimate,85813,https://www.koolearn.com/dict/wd_85813.html,L1-base-L1;L2-reading,2,S,30,0,7,2,0,1,1,koolearn;xdf,1
mark,91660,https://www.koolearn.com/dict/wd_91660.html,L2-listening;L2-reading,2,S,30,13,6,0,2,0,0,koolearn,0
measurement,92695,https://www.koolearn.com/dict/wd_92695.html,L2-listening;L2-reading,2,S,30,11,7,0,0,0,0,koolearn,0
patient,109392,https://www.koolearn.com/dict/wd_109392.html,L2-listening;L2-reading,2,S,30,7,9,3,0,0,0,koolearn,0
plain,113409,https://www.koolearn.com/dict/wd_113409.html,L2-listening;L2-reading,2,S,30,6,6,1,1,0,0,koolearn,0
platform,113663,https://www.koolearn.com/dict/wd_113663.html,L2-listening;L2-reading,2,S,30,7,6,0,2,0,0,koolearn;xdf,1
prevent,117236,https://www.koolearn.com/dict/wd_117236.html,L1-base-L1;L2-reading,2,S,30,0,10,1,2,1,1,koolearn,0
prolong,118180,https://www.koolearn.com/dict/wd_118180.html,L1-base-L1;L2-reading,2,S,30,0,12,1,0,1,1,koolearn,0
proposal,118446,https://www.koolearn.com/dict/wd_118446.html,L2-listening;L2-reading,2,S,30,8,7,0,1,0,0,koolearn;xdf,1
ritual,127384,https://www.koolearn.com/dict/wd_127384.html,L1-base-L2;L2-reading,2,S,30,0,10,0,0,1,2,koolearn;xdf,1
sociology,138494,https://www.koolearn.com/dict/wd_138494.html,L2-listening;L2-reading,2,S,30,17,5,0,1,0,0,koolearn;xdf,1
spouse,140821,https://www.koolearn.com/dict/wd_140821.html,L2-listening;L2-reading,2,S,30,6,7,0,0,0,0,koolearn;xdf,1
subsidy,144384,https://www.koolearn.com/dict/wd_144384.html,L2-listening;L2-reading,2,S,30,7,7,1,0,0,0,koolearn;xdf,1
survive,145789,https://www.koolearn.com/dict/wd_145789.html,L1-base-L1;L2-reading,2,S,30,1,11,3,0,1,1,koolearn;xdf,1
various,160892,https://www.koolearn.com/dict/wd_160892.html,L2-listening;L2-reading,2,S,30,9,5,3,0,0,0,koolearn;xdf,1
adolescent,2535,https://www.koolearn.com/dict/wd_2535.html,L1-base-L2;L2-writing,2,S,29,1,3,6,0,1,2,koolearn;xdf,1
antique,7453,https://www.koolearn.com/dict/wd_7453.html,L1-base-L2;L2-listening,2,S,29,5,3,0,5,1,2,koolearn;xdf,1
approximately,8240,https://www.koolearn.com/dict/wd_8240.html,L2-listening;L2-reading,2,S,29,5,7,3,2,0,0,koolearn;xdf,1
chart,27246,https://www.koolearn.com/dict/wd_27246.html,L2-listening;L2-reading,2,S,29,9,7,1,1,0,0,koolearn;xdf,1
cliff,29840,https://www.koolearn.com/dict/wd_29840.html,L1-base-L1;L2-listening,2,S,29,16,0,0,0,1,1,koolearn,0
complaint,32359,https://www.koolearn.com/dict/wd_32359.html,L2-listening;L2-reading,2,S,29,9,7,1,1,0,0,koolearn;xdf,1
core,34717,https://www.koolearn.com/dict/wd_34717.html,L2-listening;L2-reading,2,S,29,6,8,1,0,0,0,koolearn;xdf,1
curiosity,37746,https://www.koolearn.com/dict/wd_37746.html,L2-reading;L2-writing,2,S,29,0,6,7,0,0,0,koolearn;xdf,1
economical,47957,https://www.koolearn.com/dict/wd_47957.html,L1-base-L1;L2-reading,2,S,29,0,5,3,4,1,1,koolearn;xdf,1
embrace,49306,https://www.koolearn.com/dict/wd_49306.html,L1-base-L1;L2-reading,2,S,29,0,6,1,1,1,1,koolearn;xdf,1
exception,52799,https://www.koolearn.com/dict/wd_52799.html,L2-listening;L2-reading,2,S,29,8,8,0,3,0,0,koolearn,0
exploration,53492,https://www.koolearn.com/dict/wd_53492.html,L2-listening;L2-reading,2,S,29,6,7,3,1,0,0,koolearn,0
extravagant,53842,https://www.koolearn.com/dict/wd_53842.html,L1-base-L3;L2-writing,2,S,29,0,1,7,3,1,3,koolearn;xdf,1
flood,57822,https://www.koolearn.com/dict/wd_57822.html,L1-base-L1;L2-listening,2,S,29,13,3,2,0,1,1,koolearn,0
gym,66967,https://www.koolearn.com/dict/wd_66967.html,L1-base-L2;L2-listening,2,S,29,16,0,0,4,1,2,koolearn,0
ignorance,74148,https://www.koolearn.com/dict/wd_74148.html,L2-listening;L2-reading,2,S,29,6,7,1,0,0,0,koolearn;xdf,1
innovative,77691,https://www.koolearn.com/dict/wd_77691.html,L2-listening;L2-reading,2,S,29,5,9,0,0,0,0,koolearn;xdf,1
linguistics,87248,https://www.koolearn.com/dict/wd_87248.html,L2-listening;L2-reading,2,S,29,12,7,0,1,0,0,koolearn,0
mechanical,92746,https://www.koolearn.com/dict/wd_92746.html,L2-listening;L2-reading,2,S,29,5,8,0,1,0,0,koolearn;xdf,1
minor,95126,https://www.koolearn.com/dict/wd_95126.html,L2-listening;L2-reading,2,S,29,7,8,4,0,0,0,koolearn,0
patent,109322,https://www.koolearn.com/dict/wd_109322.html,L1-base-L2;L2-reading,2,S,29,0,9,0,0,1,2,koolearn;xdf,1
policy,114707,https://www.koolearn.com/dict/wd_114707.html,L2-listening;L2-writing,2,S,29,8,4,5,2,0,0,koolearn,0
rear,122621,https://www.koolearn.com/dict/wd_122621.html,L2-listening;L2-reading,2,S,29,9,5,1,0,0,0,koolearn;xdf,1
religious,124558,https://www.koolearn.com/dict/wd_124558.html,L1-base-L1;L2-reading,2,S,29,1,11,3,2,1,1,koolearn,0
replacement,125101,https://www.koolearn.com/dict/wd_125101.html,L2-listening;L2-writing,2,S,29,10,0,7,0,0,0,koolearn,0
sensitive,133188,https://www.koolearn.com/dict/wd_133188.html,L1-base-L1;L2-reading,2,S,29,3,6,1,1,1,1,koolearn;xdf,1
sharp,134264,https://www.koolearn.com/dict/wd_134264.html,L1-base-L1;L2-listening,2,S,29,12,4,3,0,1,1,koolearn,0
sign,135731,https://www.koolearn.com/dict/wd_135731.html,L2-listening;L2-reading,2,S,29,8,8,0,3,0,0,koolearn,0
simulation,136108,https://www.koolearn.com/dict/wd_136108.html,L2-listening;L2-reading,2,S,29,10,7,1,0,0,0,koolearn;xdf,1
specialist,139881,https://www.koolearn.com/dict/wd_139881.html,L2-listening;L2-reading,2,S,29,5,7,4,1,0,0,koolearn;xdf,1
spoil,140605,https://www.koolearn.com/dict/wd_140605.html,L2-reading;L2-writing,2,S,29,3,6,5,2,0,0,koolearn;xdf,1
statement,141906,https://www.koolearn.com/dict/wd_141906.html,L2-listening;L2-reading,2,S,29,12,7,0,0,0,0,koolearn;xdf,1
synthetic,146737,https://www.koolearn.com/dict/wd_146737.html,L1-base-L3;L2-reading,2,S,29,1,15,0,0,1,3,koolearn;xdf,1
violence,162145,https://www.koolearn.com/dict/wd_162145.html,L2-reading;L2-writing,2,S,29,2,5,5,2,0,0,koolearn;xdf,1
warehouse,163524,https://www.koolearn.com/dict/wd_163524.html,L1-base-L2;L2-listening,2,S,29,12,3,0,0,1,2,koolearn,0
waste,163736,https://www.koolearn.com/dict/wd_163736.html,L1-base-L1;L2-listening,2,S,29,8,4,2,0,1,1,koolearn,0
activate,1934,https://www.koolearn.com/dict/wd_1934.html,L2-listening;L2-reading,2,S,28,6,8,1,0,0,0,koolearn;xdf,1
additional,2172,https://www.koolearn.com/dict/wd_2172.html,L2-listening;L2-reading,2,S,28,11,6,0,0,0,0,koolearn;xdf,1
angle,6487,https://www.koolearn.com/dict/wd_6487.html,L2-listening;L2-reading,2,S,28,7,5,2,0,0,0,koolearn;xdf,1
argument,8834,https://www.koolearn.com/dict/wd_8834.html,L1-base-L2;L2-listening,2,S,28,12,4,1,0,1,2,koolearn;xdf,1
assistant,10087,https://www.koolearn.com/dict/wd_10087.html,L2-listening;L2-reading,2,S,28,13,5,0,0,0,0,koolearn;xdf,1
attractive,11019,https://www.koolearn.com/dict/wd_11019.html,L2-listening;L2-reading,2,S,28,7,5,1,3,0,0,koolearn;xdf,1
aware,11843,https://www.koolearn.com/dict/wd_11843.html,L2-listening;L2-reading,2,S,28,6,5,4,0,0,0,koolearn;xdf,1
calculate,23380,https://www.koolearn.com/dict/wd_23380.html,L1-base-L1;L2-reading,2,S,28,1,13,0,0,1,1,koolearn;xdf,1
cave,25918,https://www.koolearn.com/dict/wd_25918.html,L2-listening;L2-reading,2,S,28,14,6,0,0,0,0,koolearn,0
confidential,33072,https://www.koolearn.com/dict/wd_33072.html,L2-listening;L2-reading,2,S,28,5,9,0,1,0,0,koolearn,0
contribution,34085,https://www.koolearn.com/dict/wd_34085.html,L2-listening;L2-reading,2,S,28,5,7,4,0,0,0,koolearn,0
correspond,35014,https://www.koolearn.com/dict/wd_35014.html,L1-base-L3;L2-reading,2,S,28,1,9,0,0,1,3,koolearn;xdf,1
curb,37695,https://www.koolearn.com/dict/wd_37695.html,L2-reading;L2-writing,2,S,28,0,6,5,1,0,0,koolearn;xdf,1
descend,41505,https://www.koolearn.com/dict/wd_41505.html,L1-base-L1;L2-listening,2,S,28,7,4,0,0,1,1,koolearn;xdf,1
devise,42081,https://www.koolearn.com/dict/wd_42081.html,L1-base-L1;L2-reading,2,S,28,3,9,0,0,1,1,koolearn;xdf,1
eligible,48944,https://www.koolearn.com/dict/wd_48944.html,L1-base-L2;L2-reading,2,S,28,4,5,0,1,1,2,koolearn;xdf,1
entrepreneur,50790,https://www.koolearn.com/dict/wd_50790.html,L1-base-L3;L2-reading,2,S,28,1,10,1,1,1,3,koolearn;xdf,1
explosion,53504,https://www.koolearn.com/dict/wd_53504.html,L2-listening;L2-reading,2,S,28,10,7,0,0,0,0,koolearn,0
guidance,66621,https://www.koolearn.com/dict/wd_66621.html,L2-listening;L2-reading,2,S,28,6,6,2,0,0,0,koolearn;xdf,1
guide,66623,https://www.koolearn.com/dict/wd_66623.html,L2-listening;L2-reading,2,S,28,11,6,0,0,0,0,koolearn,0
hardship,68227,https://www.koolearn.com/dict/wd_68227.html,L2-reading;L2-writing,2,S,28,2,8,6,1,0,0,koolearn,0
humanity,72677,https://www.koolearn.com/dict/wd_72677.html,L2-reading;L2-writing,2,S,28,0,6,9,0,0,0,koolearn;xdf,1
income,76284,https://www.koolearn.com/dict/wd_76284.html,L1-base-L1;L2-listening,2,S,28,6,4,3,1,1,1,koolearn,0
information,77278,https://www.koolearn.com/dict/wd_77278.html,L1-base-L2;L2-listening,2,S,28,12,4,3,0,1,2,koolearn,0
master,92094,https://www.koolearn.com/dict/wd_92094.html,L1-base-L1;L2-listening,2,S,28,14,4,2,1,1,1,koolearn,0
mixture,95867,https://www.koolearn.com/dict/wd_95867.html,L2-listening;L2-reading,2,S,28,13,5,0,0,0,0,koolearn;xdf,1
moisture,96182,https://www.koolearn.com/dict/wd_96182.html,L2-listening;L2-reading,2,S,28,6,9,0,0,0,0,koolearn,0
obscure,102818,https://www.koolearn.com/dict/wd_102818.html,L1-base-L1;L2-reading,2,S,28,0,8,2,0,1,1,koolearn,0
optimism,104965,https://www.koolearn.com/dict/wd_104965.html,L1-base-L1;L2-reading,2,S,28,1,8,2,0,1,1,koolearn;xdf,1
permission,110985,https://www.koolearn.com/dict/wd_110985.html,L2-listening;L2-reading,2,S,28,7,8,0,0,0,0,koolearn;xdf,1
pregnant,116646,https://www.koolearn.com/dict/wd_116646.html,L1-base-L1;L2-listening,2,S,28,5,0,4,0,1,1,koolearn;xdf,1
prevention,117249,https://www.koolearn.com/dict/wd_117249.html,L2-listening;L2-reading,2,S,28,10,5,1,0,0,0,koolearn,0
psychologist,119122,https://www.koolearn.com/dict/wd_119122.html,L2-listening;L2-reading,2,S,28,9,7,3,0,0,0,koolearn,0
revise,126427,https://www.koolearn.com/dict/wd_126427.html,L1-base-L1;L2-listening,2,S,28,8,4,0,1,1,1,koolearn;xdf,1
separate,133272,https://www.koolearn.com/dict/wd_133272.html,L1-base-L1;L2-reading,2,S,28,2,9,4,2,1,1,koolearn;xdf,1
setting,133772,https://www.koolearn.com/dict/wd_133772.html,L2-listening;L2-reading,2,S,28,6,10,1,0,0,0,koolearn;xdf,1
signal,135747,https://www.koolearn.com/dict/wd_135747.html,L1-base-L2;L2-reading,2,S,28,2,12,2,0,1,2,koolearn;xdf,1
speculate,139981,https://www.koolearn.com/dict/wd_139981.html,L1-base-L2;L2-reading,2,S,28,0,6,0,1,1,2,koolearn;xdf,1
steer,142204,https://www.koolearn.com/dict/wd_142204.html,L2-listening;L2-reading,2,S,28,5,8,2,0,0,0,koolearn;xdf,1
supply,145483,https://www.koolearn.com/dict/wd_145483.html,L2-listening;L2-reading,2,S,28,10,7,1,0,0,0,koolearn;xdf,1
surpass,145710,https://www.koolearn.com/dict/wd_145710.html,L2-reading;L2-writing,2,S,28,1,9,5,1,0,0,koolearn;xdf,1
tradition,153729,https://www.koolearn.com/dict/wd_153729.html,L1-base-L1;L2-reading,2,S,28,2,6,1,3,1,1,koolearn;xdf,1
undergraduate,157572,https://www.koolearn.com/dict/wd_157572.html,L1-base-L3;L2-listening,2,S,28,12,2,0,1,1,3,koolearn;xdf,1
valid,160598,https://www.koolearn.com/dict/wd_160598.html,L1-base-L1;L2-reading,2,S,28,3,7,0,0,1,1,koolearn;xdf,1
adult,2640,https://www.koolearn.com/dict/wd_2640.html,L1-base-L1;L2-listening,2,S,27,14,2,1,0,1,1,koolearn,0
archaeology,8535,https://www.koolearn.com/dict/wd_8535.html,L2-listening;L2-reading,2,S,27,12,5,0,0,0,0,koolearn,0
array,9129,https://www.koolearn.com/dict/wd_9129.html,L1-base-L1;L2-reading,2,S,27,1,9,0,0,1,1,koolearn;xdf,1
assemble,9975,https://www.koolearn.com/dict/wd_9975.html,L1-base-L2;L2-reading,2,S,27,1,5,0,1,1,2,koolearn;xdf,1
attach,10863,https://www.koolearn.com/dict/wd_10863.html,L1-base-L1;L2-reading,2,S,27,1,7,4,0,1,1,koolearn;xdf,1
attachment,10877,https://www.koolearn.com/dict/wd_10877.html,L2-listening;L2-reading,2,S,27,9,7,0,0,0,0,koolearn,0
attend,10924,https://www.koolearn.com/dict/wd_10924.html,L2-listening;L2-reading,2,S,27,5,5,3,0,0,0,koolearn;xdf,1
awful,11865,https://www.koolearn.com/dict/wd_11865.html,L1-base-L1;L2-listening,2,S,27,12,0,0,1,1,1,koolearn;xdf,1
bargain,13396,https://www.koolearn.com/dict/wd_13396.html,L1-base-L1;L2-listening,2,S,27,8,3,0,2,1,1,koolearn;xdf,1
basement,13725,https://www.koolearn.com/dict/wd_13725.html,L1-base-L1;L2-listening,2,S,27,14,1,0,0,1,1,koolearn,0
basic,13749,https://www.koolearn.com/dict/wd_13749.html,L2-listening;L2-reading,2,S,27,10,5,2,0,0,0,koolearn,0
cause,25853,https://www.koolearn.com/dict/wd_25853.html,L2-listening;L2-reading,2,S,27,11,6,2,0,0,0,koolearn,0
circle,29044,https://www.koolearn.com/dict/wd_29044.html,L2-listening;L2-reading,2,S,27,11,5,0,0,0,0,koolearn;xdf,1
combination,31583,https://www.koolearn.com/dict/wd_31583.html,L2-listening;L2-reading,2,S,27,7,5,1,0,0,0,koolearn;xdf,1
consultation,33739,https://www.koolearn.com/dict/wd_33739.html,L2-listening;L2-reading,2,S,27,6,5,3,0,0,0,koolearn,0
crystal,37278,https://www.koolearn.com/dict/wd_37278.html,L2-listening;L2-reading,2,S,27,7,7,0,1,0,0,koolearn,0
deny,41105,https://www.koolearn.com/dict/wd_41105.html,L1-base-L1;L2-reading,2,S,27,1,5,2,0,1,1,koolearn;xdf,1
digest,42751,https://www.koolearn.com/dict/wd_42751.html,L1-base-L2;L2-reading,2,S,27,4,6,0,1,1,2,koolearn;xdf,1
endure,50115,https://www.koolearn.com/dict/wd_50115.html,L1-base-L1;L2-reading,2,S,27,3,7,0,0,1,1,koolearn;xdf,1
feather,55270,https://www.koolearn.com/dict/wd_55270.html,L1-base-L1;L2-listening,2,S,27,15,0,0,3,1,1,koolearn;xdf,1
fertilizer,55797,https://www.koolearn.com/dict/wd_55797.html,L2-listening;L2-reading,2,S,27,10,6,0,1,0,0,koolearn,0
improve,75085,https://www.koolearn.com/dict/wd_75085.html,L1-base-L1;L2-listening,2,S,27,5,4,4,2,1,1,koolearn;xdf,1
increase,76420,https://www.koolearn.com/dict/wd_76420.html,L2-reading;L2-writing,2,S,27,1,6,7,1,0,0,koolearn,0
incredible,76435,https://www.koolearn.com/dict/wd_76435.html,L1-base-L1;L2-reading,2,S,27,2,6,0,3,1,1,koolearn;xdf,1
indicator,76651,https://www.koolearn.com/dict/wd_76651.html,L2-listening;L2-reading,2,S,27,8,6,3,0,0,0,koolearn,0
indispensable,76732,https://www.koolearn.com/dict/wd_76732.html,L1-base-L3;L2-reading,2,S,27,0,5,3,1,1,3,koolearn;xdf,1
infant,77048,https://www.koolearn.com/dict/wd_77048.html,L1-base-L1;L2-reading,2,S,27,1,8,1,1,1,1,koolearn,0
investigation,79286,https://www.koolearn.com/dict/wd_79286.html,L2-listening;L2-reading,2,S,27,11,5,1,0,0,0,koolearn,0
lava,85053,https://www.koolearn.com/dict/wd_85053.html,L2-listening;L2-reading,2,S,27,11,5,0,0,0,0,koolearn;xdf,1
mushroom,98322,https://www.koolearn.com/dict/wd_98322.html,L1-base-L2;L2-listening,2,S,27,6,3,0,1,1,2,koolearn;xdf,1
postpone,115744,https://www.koolearn.com/dict/wd_115744.html,L1-base-L1;L2-reading,2,S,27,2,8,1,0,1,1,koolearn;xdf,1
predictable,116510,https://www.koolearn.com/dict/wd_116510.html,L2-listening;L2-reading,2,S,27,6,8,1,2,0,0,koolearn;xdf,1
prosperous,118593,https://www.koolearn.com/dict/wd_118593.html,L2-listening;L2-writing,2,S,27,6,3,6,1,0,0,koolearn;xdf,1
public,119240,https://www.koolearn.com/dict/wd_119240.html,L2-listening;L2-reading,2,S,27,9,7,3,0,0,0,koolearn,0
raw,122265,https://www.koolearn.com/dict/wd_122265.html,L2-listening;L2-reading,2,S,27,8,5,1,1,0,0,koolearn,0
rehearsal,124213,https://www.koolearn.com/dict/wd_124213.html,L2-listening;L2-reading,2,S,27,7,8,0,1,0,0,koolearn,0
selection,132590,https://www.koolearn.com/dict/wd_132590.html,L2-listening;L2-reading,2,S,27,12,6,1,0,0,0,koolearn,0
storage,142981,https://www.koolearn.com/dict/wd_142981.html,L2-listening;L2-reading,2,S,27,5,7,0,2,0,0,koolearn,0
suit,144801,https://www.koolearn.com/dict/wd_144801.html,L2-listening;L2-reading,2,S,27,12,7,0,2,0,0,koolearn,0
suitable,144808,https://www.koolearn.com/dict/wd_144808.html,L2-listening;L2-reading,2,S,27,8,7,1,0,0,0,koolearn;xdf,1
systematic,146794,https://www.koolearn.com/dict/wd_146794.html,L1-base-L1;L2-listening,2,S,27,8,4,0,1,1,1,koolearn;xdf,1
thrive,150874,https://www.koolearn.com/dict/wd_150874.html,L1-base-L1;L2-reading,2,S,27,1,7,3,0,1,1,koolearn;xdf,1
traffic,153752,https://www.koolearn.com/dict/wd_153752.html,L2-listening;L2-writing,2,S,27,8,0,5,2,0,0,koolearn,0
transit,154078,https://www.koolearn.com/dict/wd_154078.html,L2-listening;L2-reading,2,S,27,5,9,1,0,0,0,koolearn;xdf,1
trap,154239,https://www.koolearn.com/dict/wd_154239.html,L2-listening;L2-reading,2,S,27,7,6,2,0,0,0,koolearn;xdf,1
triangle,154596,https://www.koolearn.com/dict/wd_154596.html,L2-listening;L2-reading,2,S,27,7,5,0,0,0,0,koolearn;xdf,1
weight,164415,https://www.koolearn.com/dict/wd_164415.html,L2-listening;L2-reading,2,S,27,10,5,0,0,0,0,koolearn,0
admit,2493,https://www.koolearn.com/dict/wd_2493.html,L1-base-L1;L2-reading,2,S,26,1,11,0,0,1,1,koolearn;xdf,1
advantage,2695,https://www.koolearn.com/dict/wd_2695.html,L2-listening;L2-reading,2,S,26,8,5,1,0,0,0,koolearn;xdf,1
aggression,3438,https://www.koolearn.com/dict/wd_3438.html,L1-base-L1;L2-reading,2,S,26,0,12,2,0,1,1,koolearn,0
analyse,6061,https://www.koolearn.com/dict/wd_6061.html,L2-listening;L2-reading,2,S,26,5,9,1,0,0,0,koolearn;xdf,1
approximate,8236,https://www.koolearn.com/dict/wd_8236.html,L1-base-L1;L2-reading,2,S,26,2,5,2,0,1,1,koolearn;xdf,1
arrangement,9117,https://www.koolearn.com/dict/wd_9117.html,L2-listening;L2-reading,2,S,26,10,6,0,0,0,0,koolearn;xdf,1
assure,10181,https://www.koolearn.com/dict/wd_10181.html,L1-base-L2;L2-reading,2,S,26,1,8,0,0,1,2,koolearn;xdf,1
blame,17860,https://www.koolearn.com/dict/wd_17860.html,L1-base-L2;L2-reading,2,S,26,2,7,0,1,1,2,koolearn;xdf,1
coal,30453,https://www.koolearn.com/dict/wd_30453.html,L2-listening;L2-reading,2,S,26,11,5,1,0,0,0,koolearn,0
coin,31036,https://www.koolearn.com/dict/wd_31036.html,L2-listening;L2-reading,2,S,26,7,11,0,0,0,0,koolearn,0
compact,32178,https://www.koolearn.com/dict/wd_32178.html,L1-base-L3;L2-listening,2,S,26,5,3,0,2,1,3,koolearn;xdf,1
comprehend,32501,https://www.koolearn.com/dict/wd_32501.html,L1-base-L1;L2-reading,2,S,26,0,13,0,0,1,1,koolearn,0
contamination,33825,https://www.koolearn.com/dict/wd_33825.html,L2-listening;L2-reading,2,S,26,9,5,2,1,0,0,koolearn,0
deem,40011,https://www.koolearn.com/dict/wd_40011.html,L1-base-L1;L2-reading,2,S,26,0,7,1,0,1,1,koolearn;xdf,1
deter,41858,https://www.koolearn.com/dict/wd_41858.html,L2-reading;L2-writing,2,S,26,1,7,5,1,0,0,koolearn;xdf,1
direct,43237,https://www.koolearn.com/dict/wd_43237.html,L2-listening;L2-reading,2,S,26,8,6,1,0,0,0,koolearn,0
discourage,43640,https://www.koolearn.com/dict/wd_43640.html,L2-reading;L2-writing,2,S,26,0,7,6,0,0,0,koolearn;xdf,1
enquiry,50458,https://www.koolearn.com/dict/wd_50458.html,L2-listening;L2-reading,2,S,26,8,7,0,0,0,0,koolearn;xdf,1
essence,51830,https://www.koolearn.com/dict/wd_51830.html,L1-base-L1;L2-reading,2,S,26,0,7,1,0,1,1,koolearn;xdf,1
fancy,54669,https://www.koolearn.com/dict/wd_54669.html,L1-base-L3;L2-listening,2,S,26,7,4,0,3,1,3,koolearn;xdf,1
finite,56632,https://www.koolearn.com/dict/wd_56632.html,L1-base-L1;L2-reading,2,S,26,0,10,1,0,1,1,koolearn;xdf,1
impair,74658,https://www.koolearn.com/dict/wd_74658.html,L1-base-L2;L2-reading,2,S,26,0,6,2,0,1,2,koolearn;xdf,1
indication,76646,https://www.koolearn.com/dict/wd_76646.html,L2-listening;L2-reading,2,S,26,5,6,2,0,0,0,koolearn;xdf,1
invasion,79212,https://www.koolearn.com/dict/wd_79212.html,L2-listening;L2-reading,2,S,26,9,5,1,0,0,0,koolearn;xdf,1
modest,96071,https://www.koolearn.com/dict/wd_96071.html,L1-base-L2;L2-reading,2,S,26,0,7,3,4,1,2,koolearn,0
normal,101751,https://www.koolearn.com/dict/wd_101751.html,L1-base-L1;L2-listening,2,S,26,8,2,2,0,1,1,koolearn;xdf,1
notable,101990,https://www.koolearn.com/dict/wd_101990.html,L1-base-L1;L2-reading,2,S,26,1,8,0,0,1,1,koolearn;xdf,1
operation,104781,https://www.koolearn.com/dict/wd_104781.html,L2-listening;L2-reading,2,S,26,9,6,1,0,0,0,koolearn,0
primitive,117465,https://www.koolearn.com/dict/wd_117465.html,L1-base-L1;L2-reading,2,S,26,3,6,0,1,1,1,koolearn;xdf,1
recall,122809,https://www.koolearn.com/dict/wd_122809.html,L1-base-L1;L2-listening,2,S,26,8,4,0,0,1,1,koolearn,0
reclaim,122973,https://www.koolearn.com/dict/wd_122973.html,L2-listening;L2-reading,2,S,26,5,5,0,1,0,0,koolearn;xdf,1
remain,124616,https://www.koolearn.com/dict/wd_124616.html,L1-base-L1;L2-reading,2,S,26,2,7,3,0,1,1,koolearn;xdf,1
remark,124646,https://www.koolearn.com/dict/wd_124646.html,L2-listening;L2-reading,2,S,26,7,8,0,1,0,0,koolearn;xdf,1
terminal,149342,https://www.koolearn.com/dict/wd_149342.html,L2-listening;L2-reading,2,S,26,6,6,0,0,0,0,koolearn;xdf,1
youth,167836,https://www.koolearn.com/dict/wd_167836.html,L2-listening;L2-writing,2,S,26,10,1,5,0,0,0,koolearn,0
afflict,3098,https://www.koolearn.com/dict/wd_3098.html,L1-base-L2;L2-reading,2,S,25,1,7,0,0,1,2,koolearn;xdf,1
attack,10881,https://www.koolearn.com/dict/wd_10881.html,L1-base-L1;L2-listening,2,S,25,7,4,0,2,1,1,koolearn;xdf,1
burden,22178,https://www.koolearn.com/dict/wd_22178.html,L2-reading;L2-writing,2,S,25,0,8,7,2,0,0,koolearn,0
clerk,29795,https://www.koolearn.com/dict/wd_29795.html,L2-reading;L2-writing,2,S,25,3,6,5,2,0,0,koolearn;xdf,1
control,34103,https://www.koolearn.com/dict/wd_34103.html,L1-base-L1;L2-listening,2,S,25,7,3,1,0,1,1,koolearn,0
custom,37965,https://www.koolearn.com/dict/wd_37965.html,L1-base-L1;L2-reading,2,S,25,2,9,3,1,1,1,koolearn,0
dense,41029,https://www.koolearn.com/dict/wd_41029.html,L1-base-L2;L2-reading,2,S,25,0,7,0,2,1,2,koolearn;xdf,1
dizzy,44744,https://www.koolearn.com/dict/wd_44744.html,L1-base-L1;L2-listening,2,S,25,10,1,0,1,1,1,koolearn;xdf,1
elastic,48579,https://www.koolearn.com/dict/wd_48579.html,L1-base-L1;L2-listening,2,S,25,6,2,0,1,1,1,koolearn;xdf,1
employ,49572,https://www.koolearn.com/dict/wd_49572.html,L2-listening;L2-reading,2,S,25,6,7,3,0,0,0,koolearn;xdf,1
fashionable,54949,https://www.koolearn.com/dict/wd_54949.html,L2-listening;L2-writing,2,S,25,8,3,5,4,0,0,koolearn,0
field,56109,https://www.koolearn.com/dict/wd_56109.html,L2-listening;L2-reading,2,S,25,8,5,0,0,0,0,koolearn,0
friction,60104,https://www.koolearn.com/dict/wd_60104.html,L1-base-L3;L2-reading,2,S,25,3,5,0,0,1,3,koolearn;xdf,1
garbage,61756,https://www.koolearn.com/dict/wd_61756.html,L1-base-L1;L2-listening,2,S,25,13,0,3,0,1,1,koolearn,0
global warming,63924,https://www.koolearn.com/dict/wd_63924.html,L2-listening;L2-writing,2,S,25,5,2,7,3,0,0,koolearn,0
harmful,68284,https://www.koolearn.com/dict/wd_68284.html,L1-base-L1;L2-listening,2,S,25,7,4,4,1,1,1,koolearn,0
industrial,76881,https://www.koolearn.com/dict/wd_76881.html,L2-listening;L2-reading,2,S,25,8,6,0,1,0,0,koolearn,0
lead,85294,https://www.koolearn.com/dict/wd_85294.html,L2-listening;L2-reading,2,S,25,6,7,0,0,0,0,koolearn;xdf,1
liberty,86499,https://www.koolearn.com/dict/wd_86499.html,L2-listening;L2-reading,2,S,25,5,5,0,0,0,0,koolearn;xdf,1
local,87941,https://www.koolearn.com/dict/wd_87941.html,L2-listening;L2-reading,2,S,25,9,6,1,1,0,0,koolearn,0
loss,88747,https://www.koolearn.com/dict/wd_88747.html,L2-listening;L2-reading,2,S,25,8,7,0,0,0,0,koolearn,0
manufacturer,91395,https://www.koolearn.com/dict/wd_91395.html,L2-reading;L2-writing,2,S,25,2,5,5,0,0,0,koolearn;xdf,1
outlook,106195,https://www.koolearn.com/dict/wd_106195.html,L1-base-L3;L2-writing,2,S,25,0,4,7,1,1,3,koolearn;xdf,1
praise,116167,https://www.koolearn.com/dict/wd_116167.html,L1-base-L1;L2-reading,2,S,25,0,8,1,3,1,1,koolearn,0
prone,118272,https://www.koolearn.com/dict/wd_118272.html,L1-base-L2;L2-listening,2,S,25,7,4,1,0,1,2,koolearn,0
prototype,118751,https://www.koolearn.com/dict/wd_118751.html,L1-base-L3;L2-reading,2,S,25,0,7,1,0,1,3,koolearn;xdf,1
punctual,119668,https://www.koolearn.com/dict/wd_119668.html,L1-base-L1;L2-listening,2,S,25,6,2,0,4,1,1,koolearn;xdf,1
realm,122575,https://www.koolearn.com/dict/wd_122575.html,L1-base-L1;L2-reading,2,S,25,0,5,1,0,1,1,koolearn;xdf,1
roam,127505,https://www.koolearn.com/dict/wd_127505.html,L1-base-L1;L2-listening,2,S,25,7,2,2,0,1,1,koolearn;xdf,1
rubbish,128580,https://www.koolearn.com/dict/wd_128580.html,L1-base-L2;L2-listening,2,S,25,11,3,1,2,1,2,koolearn,0
stylish,143913,https://www.koolearn.com/dict/wd_143913.html,L2-listening;L2-writing,2,S,25,5,1,5,4,0,0,koolearn;xdf,1
tenant,149059,https://www.koolearn.com/dict/wd_149059.html,L1-base-L1;L2-listening,2,S,25,10,0,1,0,1,1,koolearn;xdf,1
urgent,160074,https://www.koolearn.com/dict/wd_160074.html,L1-base-L1;L2-reading,2,S,25,3,9,2,0,1,1,koolearn;xdf,1
vacation,160431,https://www.koolearn.com/dict/wd_160431.html,L1-base-L2;L2-listening,2,S,25,11,2,0,0,1,2,koolearn;xdf,1
wage,163062,https://www.koolearn.com/dict/wd_163062.html,L2-listening;L2-reading,2,S,25,6,5,0,1,0,0,koolearn;xdf,1
administer,2436,https://www.koolearn.com/dict/wd_2436.html,L1-base-L1;L2-reading,2,S,24,1,9,0,0,1,1,koolearn;xdf,1
allocation,4875,https://www.koolearn.com/dict/wd_4875.html,L2-listening;L2-reading,2,S,24,6,5,1,0,0,0,koolearn;xdf,1
coherent,30997,https://www.koolearn.com/dict/wd_30997.html,L1-base-L2;L2-reading,2,S,24,0,6,0,0,1,2,koolearn;xdf,1
corporation,34931,https://www.koolearn.com/dict/wd_34931.html,L2-listening;L2-reading,2,S,24,7,5,1,0,0,0,koolearn,0
divert,44611,https://www.koolearn.com/dict/wd_44611.html,L1-base-L2;L2-reading,2,S,24,2,7,1,0,1,2,koolearn;xdf,1
era,51388,https://www.koolearn.com/dict/wd_51388.html,L1-base-L1;L2-reading,2,S,24,1,7,3,0,1,1,koolearn;xdf,1
evoke,52626,https://www.koolearn.com/dict/wd_52626.html,L1-base-L2;L2-reading,2,S,24,0,6,1,0,1,2,koolearn;xdf,1
exhibit,53122,https://www.koolearn.com/dict/wd_53122.html,L1-base-L3;L2-reading,2,S,24,1,6,2,0,1,3,koolearn;xdf,1
familiar,54589,https://www.koolearn.com/dict/wd_54589.html,L2-listening;L2-reading,2,S,24,7,6,0,0,0,0,koolearn,0
frequent,60013,https://www.koolearn.com/dict/wd_60013.html,L2-listening;L2-reading,2,S,24,8,5,0,0,0,0,koolearn;xdf,1
graphic,65542,https://www.koolearn.com/dict/wd_65542.html,L1-base-L3;L2-reading,2,S,24,3,9,0,1,1,3,koolearn;xdf,1
grasp,65573,https://www.koolearn.com/dict/wd_65573.html,L1-base-L1;L2-reading,2,S,24,1,5,2,0,1,1,koolearn;xdf,1
hint,70818,https://www.koolearn.com/dict/wd_70818.html,L2-listening;L2-reading,2,S,24,6,6,0,0,0,0,koolearn,0
inclination,76241,https://www.koolearn.com/dict/wd_76241.html,L1-base-L1;L2-reading,2,S,24,0,6,1,0,1,1,koolearn;xdf,1
irregular,79676,https://www.koolearn.com/dict/wd_79676.html,L2-listening;L2-reading,2,S,24,7,7,0,0,0,0,koolearn,0
judge,81399,https://www.koolearn.com/dict/wd_81399.html,L2-listening;L2-reading,2,S,24,7,5,0,2,0,0,koolearn,0
metal,93869,https://www.koolearn.com/dict/wd_93869.html,L2-listening;L2-reading,2,S,24,8,5,1,0,0,0,koolearn,0
perfume,110763,https://www.koolearn.com/dict/wd_110763.html,L1-base-L1;L2-listening,2,S,24,12,4,0,1,1,1,koolearn,0
popularity,115297,https://www.koolearn.com/dict/wd_115297.html,L2-reading;L2-writing,2,S,24,0,7,6,0,0,0,koolearn;xdf,1
product,117899,https://www.koolearn.com/dict/wd_117899.html,L2-listening;L2-reading,2,S,24,10,5,0,1,0,0,koolearn,0
radius,121437,https://www.koolearn.com/dict/wd_121437.html,L2-listening;L2-reading,2,S,24,8,5,0,0,0,0,koolearn;xdf,1
resolution,125660,https://www.koolearn.com/dict/wd_125660.html,L1-base-L3;L2-reading,2,S,24,0,5,1,0,1,3,koolearn,0
retirement,126078,https://www.koolearn.com/dict/wd_126078.html,L2-listening;L2-writing,2,S,24,8,3,6,0,0,0,koolearn,0
revision,126434,https://www.koolearn.com/dict/wd_126434.html,L2-listening;L2-reading,2,S,24,9,7,1,0,0,0,koolearn,0
sight,135697,https://www.koolearn.com/dict/wd_135697.html,L1-base-L1;L2-listening,2,S,24,9,4,3,1,1,1,koolearn,0
sort,139286,https://www.koolearn.com/dict/wd_139286.html,L2-listening;L2-reading,2,S,24,5,5,3,0,0,0,koolearn,0
support,145495,https://www.koolearn.com/dict/wd_145495.html,L1-base-L1;L2-listening,2,S,24,9,2,4,0,1,1,koolearn,0
trivial,155054,https://www.koolearn.com/dict/wd_155054.html,L1-base-L1;L2-reading,2,S,24,2,6,0,0,1,1,koolearn;xdf,1
unbiased,157019,https://www.koolearn.com/dict/wd_157019.html,L1-base-L3;L2-reading,2,S,24,1,12,0,1,1,3,koolearn;xdf,1
verdict,161402,https://www.koolearn.com/dict/wd_161402.html,L1-base-L3;L2-listening,2,S,24,7,1,2,0,1,3,koolearn;xdf,1
wheel,164882,https://www.koolearn.com/dict/wd_164882.html,L2-listening;L2-reading,2,S,24,11,6,0,0,0,0,koolearn,0
approval,8225,https://www.koolearn.com/dict/wd_8225.html,L1-base-L1;L2-listening,2,S,23,8,4,0,0,1,1,koolearn;xdf,1
assistance,10086,https://www.koolearn.com/dict/wd_10086.html,L2-listening;L2-reading,2,S,23,5,6,3,0,0,0,koolearn;xdf,1
atmospheric,10740,https://www.koolearn.com/dict/wd_10740.html,L2-listening;L2-reading,2,S,23,12,5,0,0,0,0,koolearn;xdf,1
border,19477,https://www.koolearn.com/dict/wd_19477.html,L1-base-L1;L2-reading,2,S,23,1,8,0,0,1,1,koolearn;xdf,1
cater,25676,https://www.koolearn.com/dict/wd_25676.html,L1-base-L2;L2-reading,2,S,23,4,7,0,0,1,2,koolearn;xdf,1
chaos,27045,https://www.koolearn.com/dict/wd_27045.html,L1-base-L1;L2-reading,2,S,23,1,7,0,0,1,1,koolearn;xdf,1
classification,29543,https://www.koolearn.com/dict/wd_29543.html,L2-listening;L2-reading,2,S,23,8,5,0,0,0,0,koolearn;xdf,1
compass,32253,https://www.koolearn.com/dict/wd_32253.html,L2-listening;L2-reading,2,S,23,6,5,0,0,0,0,koolearn;xdf,1
dependent,41188,https://www.koolearn.com/dict/wd_41188.html,L1-base-L1;L2-listening,2,S,23,6,4,1,0,1,1,koolearn,0
designate,41610,https://www.koolearn.com/dict/wd_41610.html,L1-base-L2;L2-reading,2,S,23,0,13,0,0,1,2,koolearn,0
documentation,44977,https://www.koolearn.com/dict/wd_44977.html,L2-listening;L2-reading,2,S,23,6,10,0,0,0,0,koolearn;xdf,1
draw,46130,https://www.koolearn.com/dict/wd_46130.html,L1-base-L1;L2-listening,2,S,23,10,4,2,1,1,1,koolearn,0
fan,54644,https://www.koolearn.com/dict/wd_54644.html,L2-listening;L2-reading,2,S,23,8,6,1,0,0,0,koolearn,0
fascinate,54924,https://www.koolearn.com/dict/wd_54924.html,L1-base-L2;L2-reading,2,S,23,0,5,0,4,1,2,koolearn;xdf,1
imperative,74774,https://www.koolearn.com/dict/wd_74774.html,L1-base-L3;L2-reading,2,S,23,0,5,2,0,1,3,koolearn,0
intrigue,79066,https://www.koolearn.com/dict/wd_79066.html,L1-base-L1;L2-reading,2,S,23,2,5,0,2,1,1,koolearn;xdf,1
laser,84731,https://www.koolearn.com/dict/wd_84731.html,L2-listening;L2-reading,2,S,23,9,5,0,0,0,0,koolearn;xdf,1
laundry,85021,https://www.koolearn.com/dict/wd_85021.html,L1-base-L1;L2-listening,2,S,23,8,0,0,0,1,1,koolearn;xdf,1
linguist,87243,https://www.koolearn.com/dict/wd_87243.html,L1-base-L2;L2-reading,2,S,23,0,9,0,1,1,2,koolearn,0
mediocre,92916,https://www.koolearn.com/dict/wd_92916.html,L1-base-L2;L2-reading,2,S,23,1,7,0,1,1,2,koolearn;xdf,1
pure,119813,https://www.koolearn.com/dict/wd_119813.html,L2-listening;L2-reading,2,S,23,8,5,0,0,0,0,koolearn,0
recover,123176,https://www.koolearn.com/dict/wd_123176.html,L1-base-L1;L2-listening,2,S,23,5,0,1,0,1,1,koolearn;xdf,1
retire,126074,https://www.koolearn.com/dict/wd_126074.html,L2-listening;L2-writing,2,S,23,6,1,5,0,0,0,koolearn;xdf,1
robust,127590,https://www.koolearn.com/dict/wd_127590.html,L1-base-L1;L2-reading,2,S,23,3,5,0,1,1,1,koolearn;xdf,1
rudimentary,128662,https://www.koolearn.com/dict/wd_128662.html,L1-base-L2;L2-reading,2,S,23,0,10,0,0,1,2,koolearn;xdf,1
simulate,136104,https://www.koolearn.com/dict/wd_136104.html,L1-base-L2;L2-reading,2,S,23,0,5,0,0,1,2,koolearn;xdf,1
solve,138921,https://www.koolearn.com/dict/wd_138921.html,L2-listening;L2-writing,2,S,23,5,4,5,0,0,0,koolearn;xdf,1
spiritual,140429,https://www.koolearn.com/dict/wd_140429.html,L1-base-L2;L2-writing,2,S,23,2,0,5,0,1,2,koolearn;xdf,1
station,141935,https://www.koolearn.com/dict/wd_141935.html,L2-listening;L2-reading,2,S,23,7,7,0,0,0,0,koolearn,0
surrounding,145758,https://www.koolearn.com/dict/wd_145758.html,L2-listening;L2-reading,2,S,23,7,7,0,1,0,0,koolearn,0
syllabus,146451,https://www.koolearn.com/dict/wd_146451.html,L2-listening;L2-reading,2,S,23,7,5,0,1,0,0,koolearn,0
training,153829,https://www.koolearn.com/dict/wd_153829.html,L1-base-L1;L2-listening,2,S,23,12,1,2,0,1,1,koolearn,0
ultimately,156687,https://www.koolearn.com/dict/wd_156687.html,L1-base-L1;L2-reading,2,S,23,1,5,3,0,1,1,koolearn;xdf,1
unanimous,156907,https://www.koolearn.com/dict/wd_156907.html,L1-base-L2;L2-listening,2,S,23,8,1,0,0,1,2,koolearn;xdf,1
unusual,159498,https://www.koolearn.com/dict/wd_159498.html,L2-listening;L2-reading,2,S,23,6,6,0,3,0,0,koolearn,0
utility,160334,https://www.koolearn.com/dict/wd_160334.html,L1-base-L1;L2-listening,2,S,23,5,3,1,0,1,1,koolearn;xdf,1
adapt to,2101,https://www.koolearn.com/dict/wd_2101.html,L2-reading;L2-writing,2,S,22,1,7,8,0,0,0,koolearn,0
adversity,2746,https://www.koolearn.com/dict/wd_2746.html,L2-reading;L2-writing,2,S,22,0,7,5,0,0,0,koolearn,0
certify,26622,https://www.koolearn.com/dict/wd_26622.html,L1-base-L1;L2-reading,2,S,22,0,10,1,0,1,1,koolearn;xdf,1
change,26977,https://www.koolearn.com/dict/wd_26977.html,L2-listening;L2-reading,2,S,22,5,6,3,0,0,0,koolearn,0
concession,32774,https://www.koolearn.com/dict/wd_32774.html,L1-base-L1;L2-listening,2,S,22,8,1,0,0,1,1,koolearn;xdf,1
contradict,34024,https://www.koolearn.com/dict/wd_34024.html,L1-base-L2;L2-reading,2,S,22,0,7,0,0,1,2,koolearn;xdf,1
coral,34641,https://www.koolearn.com/dict/wd_34641.html,L1-base-L2;L2-listening,2,S,22,8,3,0,0,1,2,koolearn;xdf,1
creative,36339,https://www.koolearn.com/dict/wd_36339.html,L2-reading;L2-writing,2,S,22,3,5,7,1,0,0,koolearn;xdf,1
dam,38653,https://www.koolearn.com/dict/wd_38653.html,L2-listening;L2-reading,2,S,22,11,5,0,0,0,0,koolearn,0
delegate,40520,https://www.koolearn.com/dict/wd_40520.html,L1-base-L2;L2-listening,2,S,22,12,0,0,0,1,2,koolearn;xdf,1
diameter,42353,https://www.koolearn.com/dict/wd_42353.html,L1-base-L3;L2-reading,2,S,22,0,6,0,0,1,3,koolearn;xdf,1
experimental,53398,https://www.koolearn.com/dict/wd_53398.html,L2-listening;L2-reading,2,S,22,7,6,0,0,0,0,koolearn,0
feed,55374,https://www.koolearn.com/dict/wd_55374.html,L2-listening;L2-reading,2,S,22,8,6,0,0,0,0,koolearn;xdf,1
horizontal,71975,https://www.koolearn.com/dict/wd_71975.html,L1-base-L1;L2-reading,2,S,22,0,6,0,0,1,1,koolearn;xdf,1
interpret,78770,https://www.koolearn.com/dict/wd_78770.html,L1-base-L1;L2-reading,2,S,22,0,7,0,0,1,1,koolearn;xdf,1
latitude,84925,https://www.koolearn.com/dict/wd_84925.html,L1-base-L1;L2-reading,2,S,22,3,6,0,0,1,1,koolearn;xdf,1
mansion,91334,https://www.koolearn.com/dict/wd_91334.html,L1-base-L1;L2-listening,2,S,22,5,1,0,1,1,1,koolearn;xdf,1
martial,91895,https://www.koolearn.com/dict/wd_91895.html,L1-base-L3;L2-listening,2,S,22,8,3,0,1,1,3,koolearn,0
noisy,101171,https://www.koolearn.com/dict/wd_101171.html,L1-base-L1;L2-listening,2,S,22,9,2,0,0,1,1,koolearn,0
note,102021,https://www.koolearn.com/dict/wd_102021.html,L2-listening;L2-reading,2,S,22,7,6,0,0,0,0,koolearn,0
opposite,104886,https://www.koolearn.com/dict/wd_104886.html,L2-listening;L2-reading,2,S,22,5,5,1,0,0,0,koolearn;xdf,1
petroleum,111425,https://www.koolearn.com/dict/wd_111425.html,L1-base-L2;L2-listening,2,S,22,8,2,1,0,1,2,koolearn;xdf,1
physiology,112252,https://www.koolearn.com/dict/wd_112252.html,L2-listening;L2-reading,2,S,22,10,7,0,0,0,0,koolearn,0
plate,113636,https://www.koolearn.com/dict/wd_113636.html,L2-listening;L2-reading,2,S,22,11,5,0,0,0,0,koolearn,0
rapid,121942,https://www.koolearn.com/dict/wd_121942.html,L2-listening;L2-reading,2,S,22,6,5,3,0,0,0,koolearn,0
settlement,133794,https://www.koolearn.com/dict/wd_133794.html,L2-listening;L2-reading,2,S,22,7,7,0,0,0,0,koolearn,0
span,139652,https://www.koolearn.com/dict/wd_139652.html,L1-base-L2;L2-reading,2,S,22,2,7,0,0,1,2,koolearn;xdf,1
state,141866,https://www.koolearn.com/dict/wd_141866.html,L2-listening;L2-reading,2,S,22,8,5,2,0,0,0,koolearn,0
suspend,145822,https://www.koolearn.com/dict/wd_145822.html,L1-base-L1;L2-reading,2,S,22,1,7,0,0,1,1,koolearn;xdf,1
tiny,151677,https://www.koolearn.com/dict/wd_151677.html,L1-base-L1;L2-reading,2,S,22,1,7,3,1,1,1,koolearn,0
tolerate,152596,https://www.koolearn.com/dict/wd_152596.html,L1-base-L1;L2-reading,2,S,22,0,7,2,0,1,1,koolearn;xdf,1
tool,152820,https://www.koolearn.com/dict/wd_152820.html,L1-base-L1;L2-listening,2,S,22,12,2,2,0,1,1,koolearn,0
union,158352,https://www.koolearn.com/dict/wd_158352.html,L2-listening;L2-reading,2,S,22,9,5,0,0,0,0,koolearn;xdf,1
weather,164194,https://www.koolearn.com/dict/wd_164194.html,L1-base-L2;L2-listening,2,S,22,11,1,0,0,1,2,koolearn,0
analytical,6081,https://www.koolearn.com/dict/wd_6081.html,L2-listening;L2-reading,2,S,21,7,6,0,1,0,0,koolearn,0
beat,15203,https://www.koolearn.com/dict/wd_15203.html,L1-base-L2;L2-listening,2,S,21,8,4,0,2,1,2,koolearn,0
cab,22974,https://www.koolearn.com/dict/wd_22974.html,L1-base-L1;L2-listening,2,S,21,16,0,0,0,1,1,koolearn,0
censor,26256,https://www.koolearn.com/dict/wd_26256.html,L1-base-L2;L2-writing,2,S,21,1,0,6,0,1,2,koolearn;xdf,1
compile,32338,https://www.koolearn.com/dict/wd_32338.html,L1-base-L2;L2-reading,2,S,21,0,5,0,0,1,2,koolearn;xdf,1
continuous,33960,https://www.koolearn.com/dict/wd_33960.html,L1-base-L2;L2-reading,2,S,21,1,7,1,0,1,2,koolearn;xdf,1
existing,53185,https://www.koolearn.com/dict/wd_53185.html,L2-listening;L2-reading,2,S,21,7,5,0,0,0,0,koolearn,0
focus on,58306,https://www.koolearn.com/dict/wd_58306.html,L2-reading;L2-writing,2,S,21,2,6,8,0,0,0,koolearn,0
formulate,59252,https://www.koolearn.com/dict/wd_59252.html,L1-base-L1;L2-reading,2,S,21,0,8,1,0,1,1,koolearn;xdf,1
foyer,59553,https://www.koolearn.com/dict/wd_59553.html,L1-base-L3;L2-listening,2,S,21,15,1,0,0,1,3,koolearn,0
fracture,59587,https://www.koolearn.com/dict/wd_59587.html,L1-base-L2;L2-listening,2,S,21,6,2,0,0,1,2,koolearn;xdf,1
gather,62065,https://www.koolearn.com/dict/wd_62065.html,L1-base-L1;L2-reading,2,S,21,2,5,0,0,1,1,koolearn;xdf,1
genetics,62511,https://www.koolearn.com/dict/wd_62511.html,L2-listening;L2-reading,2,S,21,8,5,0,1,0,0,koolearn,0
habit,67109,https://www.koolearn.com/dict/wd_67109.html,L2-listening;L2-reading,2,S,21,8,5,2,0,0,0,koolearn,0
harvest,68409,https://www.koolearn.com/dict/wd_68409.html,L1-base-L1;L2-listening,2,S,21,8,3,0,0,1,1,koolearn,0
invest,79276,https://www.koolearn.com/dict/wd_79276.html,L1-base-L1;L2-reading,2,S,21,2,5,0,1,1,1,koolearn;xdf,1
kit,83066,https://www.koolearn.com/dict/wd_83066.html,L1-base-L2;L2-listening,2,S,21,7,2,0,0,1,2,koolearn;xdf,1
life expectancy,86662,https://www.koolearn.com/dict/wd_86662.html,L2-listening;L2-writing,2,S,21,7,3,6,0,0,0,koolearn,0
manifest,91223,https://www.koolearn.com/dict/wd_91223.html,L1-base-L2;L2-reading,2,S,21,1,7,0,0,1,2,koolearn;xdf,1
modern,96048,https://www.koolearn.com/dict/wd_96048.html,L1-base-L1;L2-listening,2,S,21,9,1,4,0,1,1,koolearn,0
morale,96915,https://www.koolearn.com/dict/wd_96915.html,L1-base-L2;L2-listening,2,S,21,6,4,3,0,1,2,koolearn,0
object,102714,https://www.koolearn.com/dict/wd_102714.html,L1-base-L1;L2-reading,2,S,21,1,7,0,0,1,1,koolearn;xdf,1
output,106248,https://www.koolearn.com/dict/wd_106248.html,L1-base-L3;L2-reading,2,S,21,1,5,1,0,1,3,koolearn;xdf,1
political,114738,https://www.koolearn.com/dict/wd_114738.html,L2-listening;L2-reading,2,S,21,7,5,1,2,0,0,koolearn,0
precision,116405,https://www.koolearn.com/dict/wd_116405.html,L2-listening;L2-reading,2,S,21,9,5,0,0,0,0,koolearn;xdf,1
reason,122664,https://www.koolearn.com/dict/wd_122664.html,L2-listening;L2-reading,2,S,21,6,6,1,0,0,0,koolearn,0
receipt,122845,https://www.koolearn.com/dict/wd_122845.html,L1-base-L1;L2-listening,2,S,21,6,2,0,3,1,1,koolearn;xdf,1
sanctuary,129923,https://www.koolearn.com/dict/wd_129923.html,L1-base-L2;L2-listening,2,S,21,10,1,0,0,1,2,koolearn;xdf,1
sanitary,130047,https://www.koolearn.com/dict/wd_130047.html,L1-base-L2;L2-listening,2,S,21,7,0,0,0,1,2,koolearn;xdf,1
simultaneous,136117,https://www.koolearn.com/dict/wd_136117.html,L1-base-L1;L2-reading,2,S,21,0,6,1,0,1,1,koolearn;xdf,1
slim,137221,https://www.koolearn.com/dict/wd_137221.html,L1-base-L1;L2-listening,2,S,21,11,0,0,2,1,1,koolearn;xdf,1
splash,140491,https://www.koolearn.com/dict/wd_140491.html,L1-base-L1;L2-listening,2,S,21,5,1,1,3,1,1,koolearn;xdf,1
video,161876,https://www.koolearn.com/dict/wd_161876.html,L1-base-L3;L2-listening,2,S,21,10,1,1,1,1,3,koolearn,0
wealth,164131,https://www.koolearn.com/dict/wd_164131.html,L2-listening;L2-reading,2,S,21,6,5,0,2,0,0,koolearn,0
weapon,164143,https://www.koolearn.com/dict/wd_164143.html,L2-listening;L2-reading,2,S,21,7,5,2,0,0,0,koolearn;xdf,1
age,3323,https://www.koolearn.com/dict/wd_3323.html,L1-base-L2;L2-listening,2,S,20,8,0,3,0,1,2,koolearn,0
ample,5831,https://www.koolearn.com/dict/wd_5831.html,L1-base-L1;L2-listening,2,S,20,5,1,0,1,1,1,koolearn,0
beverage,16577,https://www.koolearn.com/dict/wd_16577.html,L1-base-L1;L2-listening,2,S,20,7,2,0,0,1,1,koolearn;xdf,1
burglar,22217,https://www.koolearn.com/dict/wd_22217.html,L1-base-L1;L2-listening,2,S,20,10,0,0,0,1,1,koolearn;xdf,1
calamity,23321,https://www.koolearn.com/dict/wd_23321.html,L1-base-L2;L2-reading,2,S,20,2,8,1,0,1,2,koolearn,0
colossal,31466,https://www.koolearn.com/dict/wd_31466.html,L1-base-L2;L2-reading,2,S,20,4,5,0,0,1,2,koolearn;xdf,1
conspicuous,33614,https://www.koolearn.com/dict/wd_33614.html,L1-base-L1;L2-reading,2,S,20,0,5,0,0,1,1,koolearn,0
dairy,38592,https://www.koolearn.com/dict/wd_38592.html,L1-base-L2;L2-listening,2,S,20,10,1,0,0,1,2,koolearn;xdf,1
detach,41809,https://www.koolearn.com/dict/wd_41809.html,L1-base-L1;L2-listening,2,S,20,5,3,1,0,1,1,koolearn;xdf,1
detailed,41822,https://www.koolearn.com/dict/wd_41822.html,L2-listening;L2-reading,2,S,20,5,5,1,2,0,0,koolearn,0
excavation,52768,https://www.koolearn.com/dict/wd_52768.html,L1-base-L2;L2-listening,2,S,20,6,4,0,1,1,2,koolearn;xdf,1
exemplify,53046,https://www.koolearn.com/dict/wd_53046.html,L1-base-L2;L2-reading,2,S,20,0,5,0,0,1,2,koolearn;xdf,1
feast,55260,https://www.koolearn.com/dict/wd_55260.html,L1-base-L1;L2-listening,2,S,20,8,1,0,3,1,1,koolearn,0
flooding,57832,https://www.koolearn.com/dict/wd_57832.html,L2-listening;L2-reading,2,S,20,8,6,0,1,0,0,koolearn,0
humid,72718,https://www.koolearn.com/dict/wd_72718.html,L1-base-L2;L2-listening,2,S,20,9,0,0,1,1,2,koolearn;xdf,1
intensify,78298,https://www.koolearn.com/dict/wd_78298.html,L1-base-L1;L2-listening,2,S,20,5,1,2,0,1,1,koolearn;xdf,1
literal,87518,https://www.koolearn.com/dict/wd_87518.html,L1-base-L1;L2-reading,2,S,20,2,5,0,0,1,1,koolearn;xdf,1
mentor,93482,https://www.koolearn.com/dict/wd_93482.html,L1-base-L3;L2-listening,2,S,20,7,3,0,0,1,3,koolearn;xdf,1
meteorology,93999,https://www.koolearn.com/dict/wd_93999.html,L2-listening;L2-reading,2,S,20,6,5,0,0,0,0,koolearn;xdf,1
navigation,99448,https://www.koolearn.com/dict/wd_99448.html,L2-listening;L2-reading,2,S,20,6,5,0,0,0,0,koolearn;xdf,1
ozone layer,107415,https://www.koolearn.com/dict/wd_107415.html,L2-listening;L2-writing,2,S,20,8,0,5,0,0,0,koolearn;xdf,1
perpetual,111049,https://www.koolearn.com/dict/wd_111049.html,L1-base-L1;L2-reading,2,S,20,0,6,0,0,1,1,koolearn;xdf,1
react,122396,https://www.koolearn.com/dict/wd_122396.html,L1-base-L1;L2-reading,2,S,20,1,8,0,1,1,1,koolearn,0
record,123140,https://www.koolearn.com/dict/wd_123140.html,L2-listening;L2-reading,2,S,20,7,5,0,0,0,0,koolearn,0
sheer,134423,https://www.koolearn.com/dict/wd_134423.html,L1-base-L2;L2-listening,2,S,20,6,1,0,0,1,2,koolearn;xdf,1
stationary,141946,https://www.koolearn.com/dict/wd_141946.html,L1-base-L2;L2-reading,2,S,20,1,6,0,0,1,2,koolearn;xdf,1
swamp,145962,https://www.koolearn.com/dict/wd_145962.html,L1-base-L1;L2-listening,2,S,20,5,3,0,0,1,1,koolearn;xdf,1
verbal,161355,https://www.koolearn.com/dict/wd_161355.html,L1-base-L2;L2-reading,2,S,20,0,5,0,0,1,2,koolearn;xdf,1
accident,1219,https://www.koolearn.com/dict/wd_1219.html,L2-listening;L2-reading,2,S,19,8,5,0,0,0,0,koolearn,0
analogy,6058,https://www.koolearn.com/dict/wd_6058.html,L1-base-L2;L2-reading,2,S,19,0,5,0,0,1,2,koolearn;xdf,1
appoint,8115,https://www.koolearn.com/dict/wd_8115.html,L1-base-L2;L2-reading,2,S,19,0,8,0,0,1,2,koolearn;xdf,1
concur,32871,https://www.koolearn.com/dict/wd_32871.html,L1-base-L2;L2-reading,2,S,19,0,10,0,0,1,2,koolearn;xdf,1
diagnosis,42272,https://www.koolearn.com/dict/wd_42272.html,L1-base-L2;L2-listening,2,S,19,5,3,0,0,1,2,koolearn,0
gap,61730,https://www.koolearn.com/dict/wd_61730.html,L1-base-L1;L2-listening,2,S,19,8,1,2,0,1,1,koolearn,0
insist,77926,https://www.koolearn.com/dict/wd_77926.html,L1-base-L1;L2-reading,2,S,19,1,7,1,0,1,1,koolearn;xdf,1
inspect,77966,https://www.koolearn.com/dict/wd_77966.html,L1-base-L1;L2-reading,2,S,19,0,5,0,0,1,1,koolearn;xdf,1
invent,79231,https://www.koolearn.com/dict/wd_79231.html,L1-base-L1;L2-reading,2,S,19,0,7,2,0,1,1,koolearn,0
mild,94629,https://www.koolearn.com/dict/wd_94629.html,L1-base-L1;L2-listening,2,S,19,6,3,0,0,1,1,koolearn;xdf,1
nutritious,102532,https://www.koolearn.com/dict/wd_102532.html,L1-base-L2;L2-writing,2,S,19,1,2,6,3,1,2,koolearn;xdf,1
paramount,108548,https://www.koolearn.com/dict/wd_108548.html,L1-base-L2;L2-reading,2,S,19,0,8,0,0,1,2,koolearn;xdf,1
partner,109024,https://www.koolearn.com/dict/wd_109024.html,L2-listening;L2-reading,2,S,19,7,5,0,0,0,0,koolearn,0
pulse,119571,https://www.koolearn.com/dict/wd_119571.html,L1-base-L2;L2-reading,2,S,19,4,5,0,0,1,2,koolearn,0
situation,136460,https://www.koolearn.com/dict/wd_136460.html,L1-base-L2;L2-reading,2,S,19,1,5,3,0,1,2,koolearn,0
slender,137140,https://www.koolearn.com/dict/wd_137140.html,L1-base-L1;L2-listening,2,S,19,6,4,0,0,1,1,koolearn;xdf,1
stationery,141951,https://www.koolearn.com/dict/wd_141951.html,L1-base-L2;L2-listening,2,S,19,6,2,0,1,1,2,koolearn;xdf,1
synthesis,146727,https://www.koolearn.com/dict/wd_146727.html,L1-base-L3;L2-reading,2,S,19,0,6,0,1,1,3,koolearn;xdf,1
width,165449,https://www.koolearn.com/dict/wd_165449.html,L1-base-L1;L2-listening,2,S,19,8,3,1,0,1,1,koolearn,0
administrator,2458,https://www.koolearn.com/dict/wd_2458.html,L2-listening;L2-reading,2,S,18,9,5,0,0,0,0,koolearn;xdf,1
advice,2771,https://www.koolearn.com/dict/wd_2771.html,L1-base-L1;L2-listening,2,S,18,8,3,0,0,1,1,koolearn;xdf,1
alien,4491,https://www.koolearn.com/dict/wd_4491.html,L1-base-L1;L2-reading,2,S,18,0,5,0,1,1,1,koolearn,0
archaeological,8532,https://www.koolearn.com/dict/wd_8532.html,L2-listening;L2-reading,2,S,18,8,6,0,0,0,0,koolearn,0
botany,19641,https://www.koolearn.com/dict/wd_19641.html,L1-base-L1;L2-listening,2,S,18,11,0,0,0,1,1,koolearn,0
chip,28108,https://www.koolearn.com/dict/wd_28108.html,L1-base-L1;L2-listening,2,S,18,6,0,0,0,1,1,koolearn;xdf,1
confer,33025,https://www.koolearn.com/dict/wd_33025.html,L1-base-L1;L2-reading,2,S,18,0,8,0,0,1,1,koolearn,0
cope,34474,https://www.koolearn.com/dict/wd_34474.html,L1-base-L2;L2-reading,2,S,18,2,6,0,1,1,2,koolearn;xdf,1
dazzle,39199,https://www.koolearn.com/dict/wd_39199.html,L1-base-L2;L2-reading,2,S,18,0,8,0,1,1,2,koolearn;xdf,1
faint,54318,https://www.koolearn.com/dict/wd_54318.html,L1-base-L2;L2-listening,2,S,18,5,2,0,0,1,2,koolearn,0
fluent,58030,https://www.koolearn.com/dict/wd_58030.html,L1-base-L1;L2-reading,2,S,18,1,5,0,1,1,1,koolearn,0
greenhouse effect,65880,https://www.koolearn.com/dict/wd_65880.html,L2-listening;L2-writing,2,S,18,5,0,8,0,0,0,koolearn,0
illuminate,74307,https://www.koolearn.com/dict/wd_74307.html,L1-base-L1;L2-reading,2,S,18,0,7,0,0,1,1,koolearn;xdf,1
invalid,79189,https://www.koolearn.com/dict/wd_79189.html,L1-base-L1;L2-listening,2,S,18,5,1,0,0,1,1,koolearn;xdf,1
lawyer,85149,https://www.koolearn.com/dict/wd_85149.html,L1-base-L1;L2-listening,2,S,18,9,1,0,0,1,1,koolearn,0
marsh,91855,https://www.koolearn.com/dict/wd_91855.html,L1-base-L1;L2-listening,2,S,18,9,0,1,1,1,1,koolearn;xdf,1
mobile,95938,https://www.koolearn.com/dict/wd_95938.html,L1-base-L1;L2-listening,2,S,18,7,2,0,0,1,1,koolearn,0
oblige,102758,https://www.koolearn.com/dict/wd_102758.html,L1-base-L3;L2-reading,2,S,18,0,5,3,1,1,3,koolearn,0
perfect,110695,https://www.koolearn.com/dict/wd_110695.html,L1-base-L1;L2-listening,2,S,18,7,4,1,0,1,1,koolearn,0
perpetuate,111053,https://www.koolearn.com/dict/wd_111053.html,L1-base-L2;L2-reading,2,S,18,0,5,1,0,1,2,koolearn;xdf,1
profitable,118006,https://www.koolearn.com/dict/wd_118006.html,L1-base-L1;L2-reading,2,S,18,1,6,0,1,1,1,koolearn;xdf,1
rely,124609,https://www.koolearn.com/dict/wd_124609.html,L1-base-L1;L2-reading,2,S,18,0,6,0,0,1,1,koolearn;xdf,1
respond,125757,https://www.koolearn.com/dict/wd_125757.html,L1-base-L1;L2-reading,2,S,18,1,8,0,1,1,1,koolearn;xdf,1
rule,128731,https://www.koolearn.com/dict/wd_128731.html,L1-base-L1;L2-listening,2,S,18,10,3,0,0,1,1,koolearn,0
soluble,138906,https://www.koolearn.com/dict/wd_138906.html,L1-base-L3;L2-reading,2,S,18,0,7,0,0,1,3,koolearn;xdf,1
temperate,148964,https://www.koolearn.com/dict/wd_148964.html,L1-base-L1;L2-reading,2,S,18,3,5,0,2,1,1,koolearn,0
timetable,151547,https://www.koolearn.com/dict/wd_151547.html,L1-base-L1;L2-listening,2,S,18,8,1,0,0,1,1,koolearn,0
tolerant,152594,https://www.koolearn.com/dict/wd_152594.html,L1-base-L2;L2-reading,2,S,18,0,7,0,1,1,2,koolearn,0
troublesome,155233,https://www.koolearn.com/dict/wd_155233.html,L1-base-L1;L2-listening,2,S,18,5,4,0,0,1,1,koolearn,0
vocation,162582,https://www.koolearn.com/dict/wd_162582.html,L1-base-L1;L2-listening,2,S,18,10,3,1,0,1,1,koolearn,0
abbreviation,480,https://www.koolearn.com/dict/wd_480.html,L1-base-L1;L2-listening,2,S,17,9,0,0,0,1,1,koolearn,0
addictive,2160,https://www.koolearn.com/dict/wd_2160.html,L2-reading;L2-writing,2,S,17,0,7,6,2,0,0,koolearn,0
bandage,13021,https://www.koolearn.com/dict/wd_13021.html,L1-base-L2;L2-listening,2,S,17,11,0,0,0,1,2,koolearn,0
circulate,29079,https://www.koolearn.com/dict/wd_29079.html,L1-base-L1;L2-reading,2,S,17,2,6,3,0,1,1,koolearn,0
complicate,32413,https://www.koolearn.com/dict/wd_32413.html,L1-base-L1;L2-reading,2,S,17,3,8,0,0,1,1,koolearn;xdf,1
diary,42423,https://www.koolearn.com/dict/wd_42423.html,L1-base-L2;L2-listening,2,S,17,10,0,0,0,1,2,koolearn,0
discrepancy,43675,https://www.koolearn.com/dict/wd_43675.html,L1-base-L3;L2-reading,2,S,17,0,5,0,0,1,3,koolearn;xdf,1
dispense,44086,https://www.koolearn.com/dict/wd_44086.html,L1-base-L1;L2-reading,2,S,17,4,7,0,0,1,1,koolearn;xdf,1
eco-friendly,47893,https://www.koolearn.com/dict/wd_47893.html,L2-reading;L2-writing,2,S,17,0,5,5,0,0,0,koolearn;xdf,1
fantasy,54733,https://www.koolearn.com/dict/wd_54733.html,L1-base-L3;L2-reading,2,S,17,1,5,0,1,1,3,koolearn;xdf,1
feat,55267,https://www.koolearn.com/dict/wd_55267.html,L1-base-L1;L2-reading,2,S,17,0,6,0,0,1,1,koolearn,0
inaccurate,75982,https://www.koolearn.com/dict/wd_75982.html,L2-listening;L2-reading,2,S,17,6,7,0,0,0,0,koolearn,0
investigator,79289,https://www.koolearn.com/dict/wd_79289.html,L2-listening;L2-reading,2,S,17,7,6,0,0,0,0,koolearn,0
merchant,93537,https://www.koolearn.com/dict/wd_93537.html,L2-listening;L2-reading,2,S,17,7,6,0,0,0,0,koolearn,0
nurse,102465,https://www.koolearn.com/dict/wd_102465.html,L1-base-L2;L2-listening,2,S,17,10,0,0,1,1,2,koolearn,0
occasional,102973,https://www.koolearn.com/dict/wd_102973.html,L1-base-L2;L2-reading,2,S,17,2,5,0,0,1,2,koolearn;xdf,1
quarry,120665,https://www.koolearn.com/dict/wd_120665.html,L1-base-L2;L2-listening,2,S,17,8,1,0,0,1,2,koolearn,0
refuge,123921,https://www.koolearn.com/dict/wd_123921.html,L1-base-L1;L2-listening,2,S,17,11,1,0,0,1,1,koolearn,0
repetition,125075,https://www.koolearn.com/dict/wd_125075.html,L1-base-L1;L2-listening,2,S,17,7,3,0,0,1,1,koolearn,0
stall,141510,https://www.koolearn.com/dict/wd_141510.html,L1-base-L1;L2-listening,2,S,17,5,1,0,1,1,1,koolearn;xdf,1
sway,146052,https://www.koolearn.com/dict/wd_146052.html,L1-base-L1;L2-reading,2,S,17,0,5,2,2,1,1,koolearn,0
vertebrate,161545,https://www.koolearn.com/dict/wd_161545.html,L2-listening;L2-reading,2,S,17,5,5,0,0,0,0,koolearn;xdf,1
vicinity,161820,https://www.koolearn.com/dict/wd_161820.html,L1-base-L1;L2-reading,2,S,17,0,7,0,0,1,1,koolearn,0
bald,12760,https://www.koolearn.com/dict/wd_12760.html,L1-base-L1;L2-listening,2,S,16,8,0,0,1,1,1,koolearn,0
benevolent,16109,https://www.koolearn.com/dict/wd_16109.html,L1-base-L1;L2-reading,2,S,16,0,5,0,0,1,1,koolearn;xdf,1
charcoal,27129,https://www.koolearn.com/dict/wd_27129.html,L1-base-L1;L2-listening,2,S,16,7,1,0,0,1,1,koolearn;xdf,1
cricket,36578,https://www.koolearn.com/dict/wd_36578.html,L1-base-L2;L2-listening,2,S,16,7,0,0,2,1,2,koolearn;xdf,1
depart,41141,https://www.koolearn.com/dict/wd_41141.html,L1-base-L1;L2-reading,2,S,16,1,5,0,0,1,1,koolearn;xdf,1
endurance,50114,https://www.koolearn.com/dict/wd_50114.html,L1-base-L2;L2-reading,2,S,16,0,6,2,1,1,2,koolearn,0
erroneous,51571,https://www.koolearn.com/dict/wd_51571.html,L1-base-L1;L2-reading,2,S,16,0,5,1,0,1,1,koolearn;xdf,1
excess,52813,https://www.koolearn.com/dict/wd_52813.html,L1-base-L1;L2-reading,2,S,16,1,5,0,0,1,1,koolearn;xdf,1
imaginative,74380,https://www.koolearn.com/dict/wd_74380.html,L1-base-L2;L2-reading,2,S,16,0,5,0,1,1,2,koolearn;xdf,1
important,74950,https://www.koolearn.com/dict/wd_74950.html,L1-base-L1;L2-listening,2,S,16,6,1,3,0,1,1,koolearn,0
infest,77137,https://www.koolearn.com/dict/wd_77137.html,L2-listening;L2-reading,2,S,16,5,6,0,0,0,0,koolearn,0
literate,87533,https://www.koolearn.com/dict/wd_87533.html,L1-base-L1;L2-reading,2,S,16,1,7,0,0,1,1,koolearn;xdf,1
persist,111113,https://www.koolearn.com/dict/wd_111113.html,L1-base-L1;L2-reading,2,S,16,0,5,0,0,1,1,koolearn;xdf,1
script,131616,https://www.koolearn.com/dict/wd_131616.html,L1-base-L1;L2-listening,2,S,16,7,0,0,0,1,1,koolearn,0
side,135537,https://www.koolearn.com/dict/wd_135537.html,L1-base-L1;L2-listening,2,S,16,8,0,1,0,1,1,koolearn,0
silence,135837,https://www.koolearn.com/dict/wd_135837.html,L1-base-L2;L2-listening,2,S,16,6,3,0,0,1,2,koolearn,0
therapist,150292,https://www.koolearn.com/dict/wd_150292.html,L2-listening;L2-reading,2,S,16,5,5,0,0,0,0,koolearn,0
transcribe,153971,https://www.koolearn.com/dict/wd_153971.html,L1-base-L2;L2-reading,2,S,16,1,6,0,0,1,2,koolearn;xdf,1
wave,163972,https://www.koolearn.com/dict/wd_163972.html,L1-base-L1;L2-listening,2,S,16,7,2,0,0,1,1,koolearn,0
analyst,6074,https://www.koolearn.com/dict/wd_6074.html,L2-listening;L2-reading,2,S,15,5,6,0,0,0,0,koolearn,0
analyze,6088,https://www.koolearn.com/dict/wd_6088.html,L1-base-L1;L2-reading,2,S,15,3,6,1,0,1,1,koolearn,0
census,26272,https://www.koolearn.com/dict/wd_26272.html,L1-base-L2;L2-listening,2,S,15,5,1,0,0,1,2,koolearn,0
chair,26805,https://www.koolearn.com/dict/wd_26805.html,L1-base-L1;L2-listening,2,S,15,8,1,0,0,1,1,koolearn,0
circumscribe,29125,https://www.koolearn.com/dict/wd_29125.html,L1-base-L3;L2-reading,2,S,15,0,6,0,0,1,3,koolearn;xdf,1
famous,54636,https://www.koolearn.com/dict/wd_54636.html,L1-base-L1;L2-listening,2,S,15,6,2,1,0,1,1,koolearn,0
flag,57183,https://www.koolearn.com/dict/wd_57183.html,L1-base-L1;L2-listening,2,S,15,6,3,0,0,1,1,koolearn,0
hypothetical,73615,https://www.koolearn.com/dict/wd_73615.html,L1-base-L2;L2-reading,2,S,15,0,5,0,0,1,2,koolearn;xdf,1
include,76255,https://www.koolearn.com/dict/wd_76255.html,L1-base-L1;L2-reading,2,S,15,2,5,1,0,1,1,koolearn;xdf,1
infinite,77165,https://www.koolearn.com/dict/wd_77165.html,L1-base-L1;L2-reading,2,S,15,0,5,0,1,1,1,koolearn,0
magnify,90147,https://www.koolearn.com/dict/wd_90147.html,L1-base-L1;L2-reading,2,S,15,0,5,0,0,1,1,koolearn;xdf,1
net,100062,https://www.koolearn.com/dict/wd_100062.html,L1-base-L1;L2-listening,2,S,15,6,0,1,0,1,1,koolearn,0
obstruct,102893,https://www.koolearn.com/dict/wd_102893.html,L1-base-L1;L2-reading,2,S,15,0,5,0,0,1,1,koolearn;xdf,1
originally,105343,https://www.koolearn.com/dict/wd_105343.html,L2-listening;L2-reading,2,S,15,5,5,0,0,0,0,koolearn,0
phenomenal,111668,https://www.koolearn.com/dict/wd_111668.html,L1-base-L3;L2-reading,2,S,15,1,6,0,0,1,3,koolearn,0
similarity,136020,https://www.koolearn.com/dict/wd_136020.html,L1-base-L3;L2-reading,2,S,15,0,6,0,1,1,3,koolearn,0
solo,138886,https://www.koolearn.com/dict/wd_138886.html,L1-base-L3;L2-listening,2,S,15,5,1,0,1,1,3,koolearn,0
sound,139364,https://www.koolearn.com/dict/wd_139364.html,L2-listening;L2-reading,2,S,15,5,5,0,0,0,0,koolearn,0
stem from,142253,https://www.koolearn.com/dict/wd_142253.html,L2-reading;L2-writing,2,S,15,0,6,6,0,0,0,koolearn,0
clean,29642,https://www.koolearn.com/dict/wd_29642.html,L1-base-L2;L2-listening,2,S,14,7,1,0,0,1,2,koolearn,0
collaborate,31191,https://www.koolearn.com/dict/wd_31191.html,L1-base-L3;L2-reading,2,S,14,0,5,4,0,1,3,koolearn,0
dawn,39110,https://www.koolearn.com/dict/wd_39110.html,L1-base-L1;L2-reading,2,S,14,0,5,0,0,1,1,koolearn,0
different,42679,https://www.koolearn.com/dict/wd_42679.html,L1-base-L1;L2-listening,2,S,14,6,2,0,0,1,1,koolearn,0
fat,55008,https://www.koolearn.com/dict/wd_55008.html,L1-base-L2;L2-listening,2,S,14,6,1,1,0,1,2,koolearn,0
foe,58321,https://www.koolearn.com/dict/wd_58321.html,L1-base-L1;L2-reading,2,S,14,0,9,0,0,1,1,koolearn,0
mislead,95511,https://www.koolearn.com/dict/wd_95511.html,L1-base-L3;L2-writing,2,S,14,0,3,5,1,1,3,koolearn,0
obedient,102668,https://www.koolearn.com/dict/wd_102668.html,L1-base-L1;L2-reading,2,S,14,0,5,0,1,1,1,koolearn,0
purse,119920,https://www.koolearn.com/dict/wd_119920.html,L1-base-L2;L2-listening,2,S,14,9,0,0,0,1,2,koolearn,0
relax,124466,https://www.koolearn.com/dict/wd_124466.html,L1-base-L1;L2-listening,2,S,14,6,0,1,0,1,1,koolearn;xdf,1
skepticism,136577,https://www.koolearn.com/dict/wd_136577.html,L1-base-L2;L2-reading,2,S,14,1,10,0,0,1,2,koolearn,0
surname,145705,https://www.koolearn.com/dict/wd_145705.html,L1-base-L2;L2-listening,2,S,14,9,0,0,0,1,2,koolearn,0
taxi,148295,https://www.koolearn.com/dict/wd_148295.html,L1-base-L1;L2-listening,2,S,14,10,0,0,0,1,1,koolearn,0
unhealthy,158186,https://www.koolearn.com/dict/wd_158186.html,L2-listening;L2-writing,2,S,14,6,0,5,0,0,0,koolearn,0
warrant,163615,https://www.koolearn.com/dict/wd_163615.html,L1-base-L2;L2-reading,2,S,14,1,7,0,0,1,2,koolearn;xdf,1
wholesale,165315,https://www.koolearn.com/dict/wd_165315.html,L1-base-L1;L2-listening,2,S,14,6,1,0,0,1,1,koolearn,0
attentive,10948,https://www.koolearn.com/dict/wd_10948.html,L1-base-L1;L2-listening,2,S,13,7,1,0,0,1,1,koolearn;xdf,1
banquet,13195,https://www.koolearn.com/dict/wd_13195.html,L1-base-L1;L2-listening,2,S,13,6,1,0,1,1,1,koolearn,0
drink,46379,https://www.koolearn.com/dict/wd_46379.html,L1-base-L1;L2-listening,2,S,13,7,0,0,0,1,1,koolearn,0
excuse,52961,https://www.koolearn.com/dict/wd_52961.html,L1-base-L2;L2-listening,2,S,13,8,1,0,0,1,2,koolearn,0
hindrance,70796,https://www.koolearn.com/dict/wd_70796.html,L1-base-L1;L2-reading,2,S,13,0,5,1,0,1,1,koolearn,0
necessary,99581,https://www.koolearn.com/dict/wd_99581.html,L1-base-L2;L2-reading,2,S,13,0,6,1,0,1,2,koolearn,0
thief,150490,https://www.koolearn.com/dict/wd_150490.html,L1-base-L1;L2-listening,2,S,13,6,3,0,0,1,1,koolearn,0
useful,160230,https://www.koolearn.com/dict/wd_160230.html,L1-base-L1;L2-listening,2,S,13,6,2,0,0,1,1,koolearn,0
zoology,168352,https://www.koolearn.com/dict/wd_168352.html,L1-base-L1;L2-listening,2,S,13,7,1,0,0,1,1,koolearn,0
annex,6763,https://www.koolearn.com/dict/wd_6763.html,L1-base-L2;L2-listening,2,S,12,8,1,0,0,1,2,koolearn,0
aristocrat,8897,https://www.koolearn.com/dict/wd_8897.html,L1-base-L3;L2-listening,2,S,12,7,2,0,0,1,3,koolearn,0
carnivorous,24915,https://www.koolearn.com/dict/wd_24915.html,L1-base-L2;L2-listening,2,S,12,6,0,0,0,1,2,koolearn,0
collaborative,31199,https://www.koolearn.com/dict/wd_31199.html,L2-listening;L2-reading,2,S,12,5,6,0,0,0,0,koolearn,0
continue,33943,https://www.koolearn.com/dict/wd_33943.html,L1-base-L1;L2-reading,2,S,12,0,5,1,0,1,1,koolearn,0
cucumber,37395,https://www.koolearn.com/dict/wd_37395.html,L1-base-L2;L2-listening,2,S,12,5,0,0,1,1,2,koolearn;xdf,1
fishery,56949,https://www.koolearn.com/dict/wd_56949.html,L1-base-L2;L2-reading,2,S,12,4,5,0,0,1,2,koolearn,0
improvise,75102,https://www.koolearn.com/dict/wd_75102.html,L1-base-L2;L2-reading,2,S,12,0,5,0,0,1,2,koolearn,0
toughen,153332,https://www.koolearn.com/dict/wd_153332.html,L2-listening;L2-reading,2,S,12,5,5,0,0,0,0,koolearn,0
corpse,34949,https://www.koolearn.com/dict/wd_34949.html,L1-base-L1;L2-listening,2,S,11,8,0,0,0,1,1,koolearn,0
impartial,74693,https://www.koolearn.com/dict/wd_74693.html,L1-base-L2;L2-reading,2,S,11,0,5,0,0,1,2,koolearn,0
safe,129347,https://www.koolearn.com/dict/wd_129347.html,L1-base-L2;L2-listening,2,S,11,7,0,0,0,1,2,koolearn,0
chronology,28698,https://www.koolearn.com/dict/wd_28698.html,L1-base-L3;L2-listening,2,S,10,6,2,0,0,1,3,koolearn,0
selfish,132827,https://www.koolearn.com/dict/wd_132827.html,L1-base-L1;L2-writing,2,S,10,0,0,5,1,1,1,koolearn,0
abate,443,https://www.koolearn.com/dict/wd_443.html,L3-xdf,1,A,9,0,0,1,0,0,0,koolearn;xdf,1
abhorrent,566,https://www.koolearn.com/dict/wd_566.html,L3-xdf,1,A,9,0,0,0,0,0,0,koolearn;xdf,1
abroad,802,https://www.koolearn.com/dict/wd_802.html,L1-base-L3,1,A,9,0,0,0,0,1,3,koolearn,0
accustom,1454,https://www.koolearn.com/dict/wd_1454.html,L3-xdf,1,A,9,0,0,1,0,0,0,koolearn;xdf,1
acrobat,1821,https://www.koolearn.com/dict/wd_1821.html,L3-xdf,1,A,9,4,0,0,1,0,0,koolearn;xdf,1
adaptive,2114,https://www.koolearn.com/dict/wd_2114.html,L2-reading,1,A,9,0,6,0,0,0,0,koolearn,0
adobe,2527,https://www.koolearn.com/dict/wd_2527.html,L3-xdf,1,A,9,0,2,0,0,0,0,koolearn;xdf,1
aeronautics,2943,https://www.koolearn.com/dict/wd_2943.html,L3-xdf,1,A,9,1,3,0,0,0,0,koolearn;xdf,1
agony,3547,https://www.koolearn.com/dict/wd_3547.html,L1-base-L1,1,A,9,0,0,0,0,1,1,koolearn,0
algebra,4427,https://www.koolearn.com/dict/wd_4427.html,L3-xdf,1,A,9,0,1,0,0,0,0,koolearn;xdf,1
almond,5018,https://www.koolearn.com/dict/wd_5018.html,L3-xdf,1,A,9,2,0,0,2,0,0,koolearn;xdf,1
anonymous,6903,https://www.koolearn.com/dict/wd_6903.html,L1-base-L3,1,A,9,1,2,0,0,1,3,koolearn,0
antiquity,7462,https://www.koolearn.com/dict/wd_7462.html,L1-base-L2,1,A,9,1,2,0,0,1,2,koolearn;xdf,1
ascend,9596,https://www.koolearn.com/dict/wd_9596.html,L1-base-L1,1,A,9,1,1,0,1,1,1,koolearn;xdf,1
ascending,9606,https://www.koolearn.com/dict/wd_9606.html,L2-listening,1,A,9,6,0,0,0,0,0,koolearn,0
Asia,9745,https://www.koolearn.com/dict/wd_9745.html,L2-listening,1,A,9,5,0,0,0,0,0,koolearn,0
astound,10256,https://www.koolearn.com/dict/wd_10256.html,L3-xdf,1,A,9,0,1,0,0,0,0,koolearn;xdf,1
audition,11137,https://www.koolearn.com/dict/wd_11137.html,L3-xdf,1,A,9,0,0,0,0,0,0,koolearn;xdf,1
ballroom,12913,https://www.koolearn.com/dict/wd_12913.html,L2-listening,1,A,9,5,0,0,2,0,0,koolearn,0
barley,13461,https://www.koolearn.com/dict/wd_13461.html,L2-listening,1,A,9,7,0,0,1,0,0,koolearn,0
bereave,16233,https://www.koolearn.com/dict/wd_16233.html,L1-base-L2,1,A,9,0,0,0,0,1,2,koolearn;xdf,1
bilateral,16996,https://www.koolearn.com/dict/wd_16996.html,L1-base-L3,1,A,9,1,0,0,0,1,3,koolearn;xdf,1
boredom,19505,https://www.koolearn.com/dict/wd_19505.html,L2-reading,1,A,9,0,5,0,0,0,0,koolearn,0
brew,20739,https://www.koolearn.com/dict/wd_20739.html,L1-base-L2,1,A,9,1,2,0,0,1,2,koolearn;xdf,1
Cambridge,23726,https://www.koolearn.com/dict/wd_23726.html,L2-listening,1,A,9,9,0,0,0,0,0,koolearn,0
casual clothes,25453,https://www.koolearn.com/dict/wd_25453.html,L2-listening,1,A,9,5,0,0,2,0,0,koolearn,0
caustic,25873,https://www.koolearn.com/dict/wd_25873.html,L3-xdf,1,A,9,0,0,0,0,0,0,koolearn;xdf,1
cavort,25970,https://www.koolearn.com/dict/wd_25970.html,L3-xdf,1,A,9,0,1,0,0,0,0,koolearn;xdf,1
celestial,26159,https://www.koolearn.com/dict/wd_26159.html,L3-xdf,1,A,9,1,1,0,0,0,0,koolearn;xdf,1
chapel,27059,https://www.koolearn.com/dict/wd_27059.html,L3-xdf,1,A,9,0,0,0,0,0,0,koolearn;xdf,1
charm,27217,https://www.koolearn.com/dict/wd_27217.html,L1-base-L1,1,A,9,0,1,2,0,1,1,koolearn,0
check-up,27433,https://www.koolearn.com/dict/wd_27433.html,L2-listening,1,A,9,5,0,0,0,0,0,koolearn;xdf,1
chemical fertiliser,27575,https://www.koolearn.com/dict/wd_27575.html,L2-writing,1,A,9,0,2,5,0,0,0,koolearn,0
children,27929,https://www.koolearn.com/dict/wd_27929.html,L2-listening,1,A,9,5,0,0,0,0,0,koolearn,0
chilled,27955,https://www.koolearn.com/dict/wd_27955.html,L2-listening,1,A,9,5,0,0,1,0,0,koolearn,0
chronological,28692,https://www.koolearn.com/dict/wd_28692.html,L1-base-L2,1,A,9,0,1,1,0,1,2,koolearn,0
chubby,28736,https://www.koolearn.com/dict/wd_28736.html,L2-listening,1,A,9,5,0,0,2,0,0,koolearn,0
classical music,29533,https://www.koolearn.com/dict/wd_29533.html,L2-listening,1,A,9,5,0,0,0,0,0,koolearn,0
cleaning,29662,https://www.koolearn.com/dict/wd_29662.html,L2-listening,1,A,9,6,0,0,0,0,0,koolearn,0
clientele,29838,https://www.koolearn.com/dict/wd_29838.html,L3-xdf,1,A,9,0,1,0,1,0,0,koolearn;xdf,1
coherence,30995,https://www.koolearn.com/dict/wd_30995.html,L1-base-L2,1,A,9,0,3,2,1,1,2,koolearn,0
cold,31098,https://www.koolearn.com/dict/wd_31098.html,L2-listening,1,A,9,5,0,0,0,0,0,koolearn,0
common room,32069,https://www.koolearn.com/dict/wd_32069.html,L2-listening,1,A,9,6,0,0,0,0,0,koolearn,0
commonwealth,32092,https://www.koolearn.com/dict/wd_32092.html,L3-xdf,1,A,9,0,3,0,0,0,0,koolearn;xdf,1
compulsive,32550,https://www.koolearn.com/dict/wd_32550.html,L1-base-L2,1,A,9,0,1,0,0,1,2,koolearn,0
conqueror,33436,https://www.koolearn.com/dict/wd_33436.html,L2-listening,1,A,9,6,1,0,0,0,0,koolearn,0
conspiracy,33619,https://www.koolearn.com/dict/wd_33619.html,L1-base-L1,1,A,9,0,1,0,0,1,1,koolearn,0
contingency,33923,https://www.koolearn.com/dict/wd_33923.html,L3-xdf,1,A,9,1,1,0,0,0,0,koolearn;xdf,1
corrode,35047,https://www.koolearn.com/dict/wd_35047.html,L3-xdf,1,A,9,1,0,0,0,0,0,koolearn;xdf,1
courtesy,35759,https://www.koolearn.com/dict/wd_35759.html,L1-base-L1,1,A,9,1,0,1,1,1,1,koolearn,0
credential,36361,https://www.koolearn.com/dict/wd_36361.html,L3-xdf,1,A,9,1,1,0,0,0,0,koolearn;xdf,1
crowded,37012,https://www.koolearn.com/dict/wd_37012.html,L3-xdf,1,A,9,2,0,0,0,0,0,koolearn;xdf,1
decrepit,39929,https://www.koolearn.com/dict/wd_39929.html,L1-base-L3,1,A,9,1,0,2,0,1,3,koolearn;xdf,1
departmental,41157,https://www.koolearn.com/dict/wd_41157.html,L2-listening,1,A,9,8,0,0,0,0,0,koolearn;xdf,1
deposit account,41267,https://www.koolearn.com/dict/wd_41267.html,L2-listening,1,A,9,7,0,0,0,0,0,koolearn,0
desolate,41683,https://www.koolearn.com/dict/wd_41683.html,L1-base-L1,1,A,9,0,3,0,0,1,1,koolearn,0
deviance,42034,https://www.koolearn.com/dict/wd_42034.html,L3-xdf,1,A,9,1,0,1,0,0,0,koolearn;xdf,1
deviate,42037,https://www.koolearn.com/dict/wd_42037.html,L1-base-L3,1,A,9,0,1,1,0,1,3,koolearn,0
devour,42124,https://www.koolearn.com/dict/wd_42124.html,L1-base-L1,1,A,9,0,2,0,0,1,1,koolearn,0
dictionary,42559,https://www.koolearn.com/dict/wd_42559.html,L2-listening,1,A,9,5,0,0,0,0,0,koolearn,0
discourteous,43650,https://www.koolearn.com/dict/wd_43650.html,L3-xdf,1,A,9,0,0,0,0,0,0,koolearn;xdf,1
dishwasher,43869,https://www.koolearn.com/dict/wd_43869.html,L2-listening,1,A,9,5,0,0,1,0,0,koolearn,0
disillusion,43875,https://www.koolearn.com/dict/wd_43875.html,L3-xdf,1,A,9,0,2,0,0,0,0,koolearn;xdf,1
disintegrate,43915,https://www.koolearn.com/dict/wd_43915.html,L1-base-L1,1,A,9,0,0,0,0,1,1,koolearn;xdf,1
disobey,44024,https://www.koolearn.com/dict/wd_44024.html,L3-xdf,1,A,9,0,0,0,0,0,0,koolearn;xdf,1
disperse,44095,https://www.koolearn.com/dict/wd_44095.html,L1-base-L1,1,A,9,0,3,0,0,1,1,koolearn,0
distill,44387,https://www.koolearn.com/dict/wd_44387.html,L3-xdf,1,A,9,0,1,2,0,0,0,koolearn;xdf,1
divine,44661,https://www.koolearn.com/dict/wd_44661.html,L3-xdf,1,A,9,1,1,0,0,0,0,koolearn;xdf,1
downpour,45860,https://www.koolearn.com/dict/wd_45860.html,L3-xdf,1,A,9,1,0,0,2,0,0,koolearn;xdf,1
doze,45921,https://www.koolearn.com/dict/wd_45921.html,L1-base-L2,1,A,9,4,0,0,0,1,2,koolearn,0
dread,46205,https://www.koolearn.com/dict/wd_46205.html,L1-base-L1,1,A,9,0,0,0,1,1,1,koolearn,0
dreary,46248,https://www.koolearn.com/dict/wd_46248.html,L1-base-L1,1,A,9,0,1,0,0,1,1,koolearn,0
dress,46272,https://www.koolearn.com/dict/wd_46272.html,L2-listening,1,A,9,5,0,0,0,0,0,koolearn,0
drinking,46389,https://www.koolearn.com/dict/wd_46389.html,L2-listening,1,A,9,6,0,0,0,0,0,koolearn,0
dupe,47122,https://www.koolearn.com/dict/wd_47122.html,L3-xdf,1,A,9,0,0,0,0,0,0,koolearn;xdf,1
ear,47512,https://www.koolearn.com/dict/wd_47512.html,L2-listening,1,A,9,6,0,0,0,0,0,koolearn,0
emeritus,49416,https://www.koolearn.com/dict/wd_49416.html,L3-xdf,1,A,9,0,1,0,0,0,0,koolearn;xdf,1
encapsulate,49764,https://www.koolearn.com/dict/wd_49764.html,L3-xdf,1,A,9,0,3,0,0,0,0,koolearn;xdf,1
encase,49768,https://www.koolearn.com/dict/wd_49768.html,L3-xdf,1,A,9,0,2,0,0,0,0,koolearn;xdf,1
ending,49989,https://www.koolearn.com/dict/wd_49989.html,L2-listening,1,A,9,6,1,0,0,0,0,koolearn,0
ensue,50559,https://www.koolearn.com/dict/wd_50559.html,L1-base-L1,1,A,9,0,2,0,0,1,1,koolearn;xdf,1
entrant,50765,https://www.koolearn.com/dict/wd_50765.html,L2-listening,1,A,9,6,1,0,0,0,0,koolearn,0
entrust,50801,https://www.koolearn.com/dict/wd_50801.html,L3-xdf,1,A,9,3,0,0,0,0,0,koolearn;xdf,1
erratic,51562,https://www.koolearn.com/dict/wd_51562.html,L1-base-L2,1,A,9,0,4,0,1,1,2,koolearn,0
euro,52293,https://www.koolearn.com/dict/wd_52293.html,L2-listening,1,A,9,8,0,0,0,0,0,koolearn,0
evacuate,52369,https://www.koolearn.com/dict/wd_52369.html,L3-xdf,1,A,9,0,1,0,0,0,0,koolearn;xdf,1
extinguish,53733,https://www.koolearn.com/dict/wd_53733.html,L3-xdf,1,A,9,1,0,0,0,0,0,koolearn;xdf,1
extol,53746,https://www.koolearn.com/dict/wd_53746.html,L3-xdf,1,A,9,1,0,0,0,0,0,koolearn;xdf,1
facsimile,54168,https://www.koolearn.com/dict/wd_54168.html,L3-xdf,1,A,9,0,2,0,0,0,0,koolearn;xdf,1
fact,54171,https://www.koolearn.com/dict/wd_54171.html,L1-base-L1,1,A,9,0,3,0,0,1,1,koolearn,0
false,54529,https://www.koolearn.com/dict/wd_54529.html,L1-base-L1,1,A,9,0,0,3,0,1,1,koolearn,0
fertilize,55793,https://www.koolearn.com/dict/wd_55793.html,L1-base-L2,1,A,9,2,2,1,0,1,2,koolearn,0
flap,57302,https://www.koolearn.com/dict/wd_57302.html,L3-xdf,1,A,9,0,1,0,0,0,0,koolearn;xdf,1
flatten,57417,https://www.koolearn.com/dict/wd_57417.html,L2-reading,1,A,9,0,5,1,0,0,0,koolearn,0
flint,57708,https://www.koolearn.com/dict/wd_57708.html,L3-xdf,1,A,9,2,0,0,0,0,0,koolearn;xdf,1
foot,58594,https://www.koolearn.com/dict/wd_58594.html,L2-listening,1,A,9,5,0,0,1,0,0,koolearn,0
formulation,59256,https://www.koolearn.com/dict/wd_59256.html,L3-xdf,1,A,9,0,3,0,0,0,0,koolearn;xdf,1
France,59655,https://www.koolearn.com/dict/wd_59655.html,L2-listening,1,A,9,6,0,0,0,0,0,koolearn,0
frank,59693,https://www.koolearn.com/dict/wd_59693.html,L3-xdf,1,A,9,1,1,0,3,0,0,koolearn;xdf,1
fraught,59760,https://www.koolearn.com/dict/wd_59760.html,L3-xdf,1,A,9,0,0,0,0,0,0,koolearn;xdf,1
front desk,60359,https://www.koolearn.com/dict/wd_60359.html,L2-listening,1,A,9,6,0,0,0,0,0,koolearn,0
glacial,63641,https://www.koolearn.com/dict/wd_63641.html,L3-xdf,1,A,9,1,2,0,0,0,0,koolearn;xdf,1
glare,63725,https://www.koolearn.com/dict/wd_63725.html,L1-base-L2,1,A,9,0,3,0,0,1,2,koolearn,0
glaze,63789,https://www.koolearn.com/dict/wd_63789.html,L2-listening,1,A,9,6,1,0,0,0,0,koolearn,0
Greek,65818,https://www.koolearn.com/dict/wd_65818.html,L2-listening,1,A,9,6,0,0,1,0,0,koolearn,0
gregarious,65924,https://www.koolearn.com/dict/wd_65924.html,L1-base-L2,1,A,9,0,0,0,0,1,2,koolearn;xdf,1
grief,66001,https://www.koolearn.com/dict/wd_66001.html,L1-base-L2,1,A,9,0,2,0,0,1,2,koolearn,0
grieve,66006,https://www.koolearn.com/dict/wd_66006.html,L3-xdf,1,A,9,0,0,0,0,0,0,koolearn;xdf,1
grimy,66062,https://www.koolearn.com/dict/wd_66062.html,L3-xdf,1,A,9,0,0,0,0,0,0,koolearn;xdf,1
grove,66346,https://www.koolearn.com/dict/wd_66346.html,L3-xdf,1,A,9,1,2,0,0,0,0,koolearn;xdf,1
grudge,66408,https://www.koolearn.com/dict/wd_66408.html,L1-base-L1,1,A,9,0,0,0,0,1,1,koolearn;xdf,1
halve,67635,https://www.koolearn.com/dict/wd_67635.html,L3-xdf,1,A,9,1,3,0,0,0,0,koolearn;xdf,1
hand in,67750,https://www.koolearn.com/dict/wd_67750.html,L2-listening,1,A,9,5,0,0,0,0,0,koolearn,0
hang on,67935,https://www.koolearn.com/dict/wd_67935.html,L3-xdf,1,A,9,3,0,0,0,0,0,koolearn;xdf,1
hare,68241,https://www.koolearn.com/dict/wd_68241.html,L2-listening,1,A,9,6,0,0,0,0,0,koolearn,0
hawk,68859,https://www.koolearn.com/dict/wd_68859.html,L3-xdf,1,A,9,1,0,0,1,0,0,koolearn;xdf,1
host family,72165,https://www.koolearn.com/dict/wd_72165.html,L2-listening,1,A,9,7,0,0,0,0,0,koolearn,0
hug,72592,https://www.koolearn.com/dict/wd_72592.html,L1-base-L1,1,A,9,0,0,0,0,1,1,koolearn;xdf,1
in comparison with,75304,https://www.koolearn.com/dict/wd_75304.html,L3-xdf,1,A,9,2,0,0,1,0,0,koolearn;xdf,1
inculcate,76475,https://www.koolearn.com/dict/wd_76475.html,L3-xdf,1,A,9,0,0,0,0,0,0,koolearn;xdf,1
India,76625,https://www.koolearn.com/dict/wd_76625.html,L2-listening,1,A,9,5,0,0,0,0,0,koolearn,0
indignant,76693,https://www.koolearn.com/dict/wd_76693.html,L1-base-L1,1,A,9,0,1,0,0,1,1,koolearn,0
inference,77109,https://www.koolearn.com/dict/wd_77109.html,L1-base-L2,1,A,9,0,0,0,1,1,2,koolearn;xdf,1
infiltrate,77156,https://www.koolearn.com/dict/wd_77156.html,L3-xdf,1,A,9,0,0,0,0,0,0,koolearn;xdf,1
inn,77634,https://www.koolearn.com/dict/wd_77634.html,L2-listening,1,A,9,5,1,0,0,0,0,koolearn,0
innovate,77683,https://www.koolearn.com/dict/wd_77683.html,L1-base-L2,1,A,9,0,3,3,0,1,2,koolearn,0
instinctual,78070,https://www.koolearn.com/dict/wd_78070.html,L3-xdf,1,A,9,0,4,0,0,0,0,koolearn;xdf,1
intelligible,78268,https://www.koolearn.com/dict/wd_78268.html,L3-xdf,1,A,9,0,0,0,0,0,0,koolearn;xdf,1
interesting,78455,https://www.koolearn.com/dict/wd_78455.html,L2-listening,1,A,9,5,0,0,0,0,0,koolearn,0
intimidate,78951,https://www.koolearn.com/dict/wd_78951.html,L1-base-L3,1,A,9,0,2,0,1,1,3,koolearn,0
inventive,79238,https://www.koolearn.com/dict/wd_79238.html,L3-xdf,1,A,9,0,3,0,0,0,0,koolearn;xdf,1
irrational,79652,https://www.koolearn.com/dict/wd_79652.html,L1-base-L1,1,A,9,0,0,0,0,1,1,koolearn;xdf,1
juvenile delinquency,81754,https://www.koolearn.com/dict/wd_81754.html,L2-writing,1,A,9,0,0,5,0,0,0,koolearn,0
kelp,82351,https://www.koolearn.com/dict/wd_82351.html,L2-listening,1,A,9,9,0,0,0,0,0,koolearn,0
kid,82722,https://www.koolearn.com/dict/wd_82722.html,L2-listening,1,A,9,6,0,0,0,0,0,koolearn,0
latent,84845,https://www.koolearn.com/dict/wd_84845.html,L1-base-L3,1,A,9,1,1,0,0,1,3,koolearn;xdf,1
leading,85337,https://www.koolearn.com/dict/wd_85337.html,L2-reading,1,A,9,0,6,0,0,0,0,koolearn,0
legislative,85804,https://www.koolearn.com/dict/wd_85804.html,L3-xdf,1,A,9,0,0,0,0,0,0,koolearn;xdf,1
lettuce,86220,https://www.koolearn.com/dict/wd_86220.html,L2-listening,1,A,9,5,0,0,1,0,0,koolearn,0
livelihood,87707,https://www.koolearn.com/dict/wd_87707.html,L3-xdf,1,A,9,1,0,0,1,0,0,koolearn;xdf,1
longitudinal,88407,https://www.koolearn.com/dict/wd_88407.html,L3-xdf,1,A,9,1,3,0,0,0,0,koolearn;xdf,1
lopsided,88609,https://www.koolearn.com/dict/wd_88609.html,L2-reading,1,A,9,0,8,0,0,0,0,koolearn,0
lose,88685,https://www.koolearn.com/dict/wd_88685.html,L1-base-L1,1,A,9,1,0,0,0,1,1,koolearn,0
luck,89141,https://www.koolearn.com/dict/wd_89141.html,L2-listening,1,A,9,6,0,0,0,0,0,koolearn,0
luxuriant,89526,https://www.koolearn.com/dict/wd_89526.html,L1-base-L2,1,A,9,0,3,0,0,1,2,koolearn;xdf,1
malevolent,90791,https://www.koolearn.com/dict/wd_90791.html,L1-base-L1,1,A,9,0,3,0,0,1,1,koolearn;xdf,1
man-made,91007,https://www.koolearn.com/dict/wd_91007.html,L2-listening,1,A,9,5,1,0,0,0,0,koolearn,0
managerial,91050,https://www.koolearn.com/dict/wd_91050.html,L3-xdf,1,A,9,0,1,0,0,0,0,koolearn;xdf,1
marginally,91589,https://www.koolearn.com/dict/wd_91589.html,L3-xdf,1,A,9,1,2,0,1,0,0,koolearn;xdf,1
marked,91674,https://www.koolearn.com/dict/wd_91674.html,L2-reading,1,A,9,0,5,0,0,0,0,koolearn,0
massage,92051,https://www.koolearn.com/dict/wd_92051.html,L2-listening,1,A,9,6,0,0,0,0,0,koolearn,0
mayor,92503,https://www.koolearn.com/dict/wd_92503.html,L2-listening,1,A,9,5,0,0,0,0,0,koolearn,0
maze,92525,https://www.koolearn.com/dict/wd_92525.html,L1-base-L2,1,A,9,1,3,0,1,1,2,koolearn,0
mist,95687,https://www.koolearn.com/dict/wd_95687.html,L1-base-L1,1,A,9,0,2,0,1,1,1,koolearn,0
moribund,97010,https://www.koolearn.com/dict/wd_97010.html,L3-xdf,1,A,9,0,0,0,0,0,0,koolearn;xdf,1
mouth,97511,https://www.koolearn.com/dict/wd_97511.html,L2-listening,1,A,9,5,0,0,0,0,0,koolearn,0
multitude,98079,https://www.koolearn.com/dict/wd_98079.html,L1-base-L1,1,A,9,0,4,0,0,1,1,koolearn,0
natural resources,99348,https://www.koolearn.com/dict/wd_99348.html,L2-writing,1,A,9,0,0,6,2,0,0,koolearn,0
navigable,99442,https://www.koolearn.com/dict/wd_99442.html,L3-xdf,1,A,9,2,1,0,0,0,0,koolearn;xdf,1
negligence,99749,https://www.koolearn.com/dict/wd_99749.html,L1-base-L1,1,A,9,0,1,0,0,1,1,koolearn,0
nomadic,101191,https://www.koolearn.com/dict/wd_101191.html,L1-base-L3,1,A,9,1,3,0,0,1,3,koolearn,0
nourishment,102114,https://www.koolearn.com/dict/wd_102114.html,L2-reading,1,A,9,0,5,0,0,0,0,koolearn,0
Oceania,103067,https://www.koolearn.com/dict/wd_103067.html,L2-listening,1,A,9,7,0,0,0,0,0,koolearn,0
ounce,105857,https://www.koolearn.com/dict/wd_105857.html,L3-xdf,1,A,9,3,0,0,0,0,0,koolearn;xdf,1
outcrop,106046,https://www.koolearn.com/dict/wd_106046.html,L2-listening,1,A,9,6,0,0,0,0,0,koolearn,0
overrate,106946,https://www.koolearn.com/dict/wd_106946.html,L2-listening,1,A,9,5,0,1,0,0,0,koolearn;xdf,1
owner,107275,https://www.koolearn.com/dict/wd_107275.html,L2-listening,1,A,9,6,0,0,0,0,0,koolearn,0
oxford,107303,https://www.koolearn.com/dict/wd_107303.html,L2-listening,1,A,9,9,0,0,0,0,0,koolearn,0
penalize,110253,https://www.koolearn.com/dict/wd_110253.html,L3-xdf,1,A,9,0,1,0,0,0,0,koolearn;xdf,1
pray,116235,https://www.koolearn.com/dict/wd_116235.html,L1-base-L2,1,A,9,0,0,0,2,1,2,koolearn,0
preface,116581,https://www.koolearn.com/dict/wd_116581.html,L1-base-L3,1,A,9,2,0,0,0,1,3,koolearn;xdf,1
prefer to,116592,https://www.koolearn.com/dict/wd_116592.html,L2-reading,1,A,9,0,7,0,0,0,0,koolearn,0
premature,116715,https://www.koolearn.com/dict/wd_116715.html,L2-reading,1,A,9,0,5,0,0,0,0,koolearn,0
proliferation,118162,https://www.koolearn.com/dict/wd_118162.html,L2-writing,1,A,9,0,1,6,1,0,0,koolearn,0
prolonged,118184,https://www.koolearn.com/dict/wd_118184.html,L3-xdf,1,A,9,0,4,0,0,0,0,koolearn;xdf,1
psychic,119074,https://www.koolearn.com/dict/wd_119074.html,L2-reading,1,A,9,0,6,0,0,0,0,koolearn,0
puma,119596,https://www.koolearn.com/dict/wd_119596.html,L2-listening,1,A,9,7,0,0,0,0,0,koolearn,0
quartz,120707,https://www.koolearn.com/dict/wd_120707.html,L3-xdf,1,A,9,1,1,0,0,0,0,koolearn;xdf,1
radiate,121316,https://www.koolearn.com/dict/wd_121316.html,L3-xdf,1,A,9,0,0,2,0,0,0,koolearn;xdf,1
receiver,122861,https://www.koolearn.com/dict/wd_122861.html,L3-xdf,1,A,9,0,2,0,0,0,0,koolearn;xdf,1
recourse,123174,https://www.koolearn.com/dict/wd_123174.html,L3-xdf,1,A,9,0,2,0,0,0,0,koolearn;xdf,1
redevelopment,123452,https://www.koolearn.com/dict/wd_123452.html,L3-xdf,1,A,9,3,1,0,0,0,0,koolearn;xdf,1
reference book,123712,https://www.koolearn.com/dict/wd_123712.html,L2-listening,1,A,9,8,0,0,0,0,0,koolearn,0
refresher course,123890,https://www.koolearn.com/dict/wd_123890.html,L2-listening,1,A,9,6,0,0,0,0,0,koolearn,0
rendezvous,124847,https://www.koolearn.com/dict/wd_124847.html,L1-base-L3,1,A,9,3,0,0,0,1,3,koolearn,0
reside,125557,https://www.koolearn.com/dict/wd_125557.html,L1-base-L1,1,A,9,0,4,0,0,1,1,koolearn,0
residue,125582,https://www.koolearn.com/dict/wd_125582.html,L1-base-L2,1,A,9,0,1,0,0,1,2,koolearn,0
revolutionise,126489,https://www.koolearn.com/dict/wd_126489.html,L2-reading,1,A,9,0,5,0,0,0,0,koolearn,0
roller,127809,https://www.koolearn.com/dict/wd_127809.html,L3-xdf,1,A,9,1,2,0,0,0,0,koolearn;xdf,1
rural area,128987,https://www.koolearn.com/dict/wd_128987.html,L2-listening,1,A,9,5,0,2,0,0,0,koolearn,0
savour,130529,https://www.koolearn.com/dict/wd_130529.html,L3-xdf,1,A,9,1,0,0,0,0,0,koolearn;xdf,1
scenic spot,130925,https://www.koolearn.com/dict/wd_130925.html,L2-listening,1,A,9,5,0,0,2,0,0,koolearn,0
scholarly,131058,https://www.koolearn.com/dict/wd_131058.html,L2-reading,1,A,9,0,7,0,0,0,0,koolearn,0
scoop,131288,https://www.koolearn.com/dict/wd_131288.html,L1-base-L2,1,A,9,0,3,0,2,1,2,koolearn,0
seaweed,132051,https://www.koolearn.com/dict/wd_132051.html,L2-listening,1,A,9,6,3,0,0,0,0,koolearn,0
second,132106,https://www.koolearn.com/dict/wd_132106.html,L2-listening,1,A,9,5,0,0,0,0,0,koolearn,0
secrecy,132189,https://www.koolearn.com/dict/wd_132189.html,L2-reading,1,A,9,0,6,0,0,0,0,koolearn,0
seize,132554,https://www.koolearn.com/dict/wd_132554.html,L1-base-L1,1,A,9,0,2,0,0,1,1,koolearn,0
sentient,133241,https://www.koolearn.com/dict/wd_133241.html,L3-xdf,1,A,9,0,0,0,0,0,0,koolearn;xdf,1
shampoo,134163,https://www.koolearn.com/dict/wd_134163.html,L2-listening,1,A,9,7,0,0,0,0,0,koolearn,0
shun,135371,https://www.koolearn.com/dict/wd_135371.html,L1-base-L1,1,A,9,0,4,2,0,1,1,koolearn,0
slacken,136891,https://www.koolearn.com/dict/wd_136891.html,L3-xdf,1,A,9,0,0,0,1,0,0,koolearn;xdf,1
snap up,137919,https://www.koolearn.com/dict/wd_137919.html,L3-xdf,1,A,9,1,0,0,0,0,0,koolearn;xdf,1
soundproof,139410,https://www.koolearn.com/dict/wd_139410.html,L2-listening,1,A,9,7,0,0,0,0,0,koolearn,0
Spain,139638,https://www.koolearn.com/dict/wd_139638.html,L2-listening,1,A,9,6,0,0,0,0,0,koolearn,0
speaker,139833,https://www.koolearn.com/dict/wd_139833.html,L2-listening,1,A,9,5,0,0,0,0,0,koolearn,0
spending,140095,https://www.koolearn.com/dict/wd_140095.html,L2-listening,1,A,9,6,0,0,0,0,0,koolearn,0
spite,140470,https://www.koolearn.com/dict/wd_140470.html,L3-xdf,1,A,9,0,1,0,0,0,0,koolearn;xdf,1
sprain,140834,https://www.koolearn.com/dict/wd_140834.html,L2-listening,1,A,9,7,0,0,0,0,0,koolearn,0
sprout,140958,https://www.koolearn.com/dict/wd_140958.html,L1-base-L2,1,A,9,0,2,0,0,1,2,koolearn,0
standardise,141641,https://www.koolearn.com/dict/wd_141641.html,L2-reading,1,A,9,1,6,2,0,0,0,koolearn,0
standpoint,141677,https://www.koolearn.com/dict/wd_141677.html,L3-xdf,1,A,9,1,0,0,0,0,0,koolearn;xdf,1
stereoscopic,142385,https://www.koolearn.com/dict/wd_142385.html,L3-xdf,1,A,9,0,2,0,0,0,0,koolearn;xdf,1
strained,143164,https://www.koolearn.com/dict/wd_143164.html,L2-listening,1,A,9,7,1,0,0,0,0,koolearn,0
stroll,143612,https://www.koolearn.com/dict/wd_143612.html,L1-base-L1,1,A,9,1,0,0,3,1,1,koolearn,0
studio apartment,143773,https://www.koolearn.com/dict/wd_143773.html,L2-listening,1,A,9,8,0,0,0,0,0,koolearn,0
subdivide,144073,https://www.koolearn.com/dict/wd_144073.html,L2-reading,1,A,9,0,8,0,0,0,0,koolearn,0
syndicate,146649,https://www.koolearn.com/dict/wd_146649.html,L2-listening,1,A,9,7,0,0,0,0,0,koolearn,0
tear,148462,https://www.koolearn.com/dict/wd_148462.html,L1-base-L1,1,A,9,0,0,0,0,1,1,koolearn,0
tenable,149046,https://www.koolearn.com/dict/wd_149046.html,L3-xdf,1,A,9,1,0,0,0,0,0,koolearn;xdf,1
thoroughly,150731,https://www.koolearn.com/dict/wd_150731.html,L2-reading,1,A,9,0,5,0,0,0,0,koolearn,0
thunder,151068,https://www.koolearn.com/dict/wd_151068.html,L3-xdf,1,A,9,0,0,0,0,0,0,koolearn;xdf,1
tickle,151216,https://www.koolearn.com/dict/wd_151216.html,L3-xdf,1,A,9,1,2,0,0,0,0,koolearn;xdf,1
torn,153075,https://www.koolearn.com/dict/wd_153075.html,L2-listening,1,A,9,5,1,0,0,0,0,koolearn,0
track and field,153605,https://www.koolearn.com/dict/wd_153605.html,L3-xdf,1,A,9,4,0,0,0,0,0,koolearn;xdf,1
translation,154107,https://www.koolearn.com/dict/wd_154107.html,L1-base-L1,1,A,9,0,2,0,0,1,1,koolearn,0
trimester,154859,https://www.koolearn.com/dict/wd_154859.html,L3-xdf,1,A,9,3,0,0,1,0,0,koolearn;xdf,1
truant,155278,https://www.koolearn.com/dict/wd_155278.html,L3-xdf,1,A,9,1,0,0,0,0,0,koolearn;xdf,1
turbid,155821,https://www.koolearn.com/dict/wd_155821.html,L3-xdf,1,A,9,0,1,0,0,0,0,koolearn;xdf,1
twin room,156235,https://www.koolearn.com/dict/wd_156235.html,L2-listening,1,A,9,8,0,0,0,0,0,koolearn,0
ulterior,156675,https://www.koolearn.com/dict/wd_156675.html,L1-base-L2,1,A,9,0,0,0,0,1,2,koolearn;xdf,1
unblemished,157032,https://www.koolearn.com/dict/wd_157032.html,L3-xdf,1,A,9,0,2,0,0,0,0,koolearn;xdf,1
underside,157680,https://www.koolearn.com/dict/wd_157680.html,L2-listening,1,A,9,5,1,0,0,0,0,koolearn,0
unfamiliar,157972,https://www.koolearn.com/dict/wd_157972.html,L2-reading,1,A,9,1,5,0,0,0,0,koolearn,0
unprejudiced,158829,https://www.koolearn.com/dict/wd_158829.html,L3-xdf,1,A,9,1,0,0,0,0,0,koolearn;xdf,1
up-to-date,159670,https://www.koolearn.com/dict/wd_159670.html,L3-xdf,1,A,9,0,0,1,0,0,0,koolearn;xdf,1
urgency,160073,https://www.koolearn.com/dict/wd_160073.html,L2-reading,1,A,9,0,6,0,1,0,0,koolearn,0
usual,160283,https://www.koolearn.com/dict/wd_160283.html,L2-listening,1,A,9,5,1,0,0,0,0,koolearn,0
utilization,160341,https://www.koolearn.com/dict/wd_160341.html,L3-xdf,1,A,9,0,4,0,0,0,0,koolearn;xdf,1
vibrate,161749,https://www.koolearn.com/dict/wd_161749.html,L3-xdf,1,A,9,0,1,0,0,0,0,koolearn;xdf,1
vigor,161973,https://www.koolearn.com/dict/wd_161973.html,L1-base-L1,1,A,9,0,3,3,0,1,1,koolearn,0
vogue,162610,https://www.koolearn.com/dict/wd_162610.html,L1-base-L3,1,A,9,0,1,0,2,1,3,koolearn,0
void,162631,https://www.koolearn.com/dict/wd_162631.html,L1-base-L1,1,A,9,0,0,2,0,1,1,koolearn,0
voltage,162718,https://www.koolearn.com/dict/wd_162718.html,L3-xdf,1,A,9,0,2,0,0,0,0,koolearn;xdf,1
warming,163577,https://www.koolearn.com/dict/wd_163577.html,L2-listening,1,A,9,6,1,0,0,0,0,koolearn,0
weaken,164112,https://www.koolearn.com/dict/wd_164112.html,L1-base-L1,1,A,9,1,3,0,0,1,1,koolearn;xdf,1
whisper,165115,https://www.koolearn.com/dict/wd_165115.html,L3-xdf,1,A,9,0,1,0,0,0,0,koolearn;xdf,1
worksheet,166696,https://www.koolearn.com/dict/wd_166696.html,L2-listening,1,A,9,5,2,0,0,0,0,koolearn,0
zoological,168349,https://www.koolearn.com/dict/wd_168349.html,L3-xdf,1,A,9,2,3,0,0,0,0,koolearn;xdf,1
abound,718,https://www.koolearn.com/dict/wd_718.html,L3-xdf,1,A,8,1,1,0,0,0,0,koolearn;xdf,1
acclimatise,1246,https://www.koolearn.com/dict/wd_1246.html,L3-xdf,1,A,8,1,0,0,0,0,0,koolearn;xdf,1
accreditation,1385,https://www.koolearn.com/dict/wd_1385.html,L3-xdf,1,A,8,1,0,0,1,0,0,koolearn;xdf,1
adjoin,2354,https://www.koolearn.com/dict/wd_2354.html,L1-base-L1,1,A,8,0,0,1,0,1,1,koolearn,0
advisor,2791,https://www.koolearn.com/dict/wd_2791.html,L2-listening,1,A,8,5,0,0,0,0,0,koolearn,0
afield,3144,https://www.koolearn.com/dict/wd_3144.html,L3-xdf,1,A,8,0,0,0,0,0,0,koolearn;xdf,1
air conditioner,3798,https://www.koolearn.com/dict/wd_3798.html,L2-listening,1,A,8,7,0,1,0,0,0,koolearn,0
amorphous,5746,https://www.koolearn.com/dict/wd_5746.html,L3-xdf,1,A,8,1,1,0,0,0,0,koolearn;xdf,1
amphibious,5790,https://www.koolearn.com/dict/wd_5790.html,L3-xdf,1,A,8,1,0,0,0,0,0,koolearn;xdf,1
angry,6580,https://www.koolearn.com/dict/wd_6580.html,L2-listening,1,A,8,5,0,0,0,0,0,koolearn,0
animate,6656,https://www.koolearn.com/dict/wd_6656.html,L1-base-L2,1,A,8,0,0,0,0,1,2,koolearn;xdf,1
applause,8035,https://www.koolearn.com/dict/wd_8035.html,L1-base-L1,1,A,8,0,2,0,2,1,1,koolearn,0
apply to,8111,https://www.koolearn.com/dict/wd_8111.html,L2-reading,1,A,8,0,6,0,0,0,0,koolearn,0
apron,8273,https://www.koolearn.com/dict/wd_8273.html,L2-listening,1,A,8,5,0,0,0,0,0,koolearn,0
arboreal,8449,https://www.koolearn.com/dict/wd_8449.html,L3-xdf,1,A,8,0,0,0,0,0,0,koolearn;xdf,1
aridity,8863,https://www.koolearn.com/dict/wd_8863.html,L3-xdf,1,A,8,3,0,0,0,0,0,koolearn;xdf,1
around,9074,https://www.koolearn.com/dict/wd_9074.html,L1-base-L1,1,A,8,0,1,2,0,1,1,koolearn,0
astonish,10248,https://www.koolearn.com/dict/wd_10248.html,L3-xdf,1,A,8,0,2,0,0,0,0,koolearn;xdf,1
attic,10971,https://www.koolearn.com/dict/wd_10971.html,L1-base-L1,1,A,8,4,0,0,1,1,1,koolearn,0
avail,11621,https://www.koolearn.com/dict/wd_11621.html,L1-base-L1,1,A,8,0,3,0,0,1,1,koolearn;xdf,1
axle,11954,https://www.koolearn.com/dict/wd_11954.html,L3-xdf,1,A,8,0,0,0,0,0,0,koolearn;xdf,1
bankrupt,13170,https://www.koolearn.com/dict/wd_13170.html,L1-base-L2,1,A,8,0,0,0,0,1,2,koolearn;xdf,1
based on,13715,https://www.koolearn.com/dict/wd_13715.html,L2-reading,1,A,8,0,6,0,0,0,0,koolearn,0
be indifferent to,14607,https://www.koolearn.com/dict/wd_14607.html,L2-writing,1,A,8,0,0,7,0,0,0,koolearn,0
bed sheet,15384,https://www.koolearn.com/dict/wd_15384.html,L2-listening,1,A,8,6,0,0,0,0,0,koolearn,0
beware,16591,https://www.koolearn.com/dict/wd_16591.html,L1-base-L1,1,A,8,1,0,0,0,1,1,koolearn;xdf,1
blond,18281,https://www.koolearn.com/dict/wd_18281.html,L2-listening,1,A,8,6,0,0,0,0,0,koolearn,0
bolster,19073,https://www.koolearn.com/dict/wd_19073.html,L3-xdf,1,A,8,1,0,0,0,0,0,koolearn;xdf,1
bore,19494,https://www.koolearn.com/dict/wd_19494.html,L3-xdf,1,A,8,1,0,1,0,0,0,koolearn;xdf,1
bounty,19841,https://www.koolearn.com/dict/wd_19841.html,L1-base-L2,1,A,8,0,3,0,0,1,2,koolearn,0
brave,20386,https://www.koolearn.com/dict/wd_20386.html,L1-base-L1,1,A,8,0,3,1,1,1,1,koolearn,0
briefly,20886,https://www.koolearn.com/dict/wd_20886.html,L3-xdf,1,A,8,1,1,0,0,0,0,koolearn;xdf,1
broom,21340,https://www.koolearn.com/dict/wd_21340.html,L3-xdf,1,A,8,2,0,0,0,0,0,koolearn;xdf,1
buckle,21663,https://www.koolearn.com/dict/wd_21663.html,L3-xdf,1,A,8,1,0,0,0,0,0,koolearn;xdf,1
bulge,21876,https://www.koolearn.com/dict/wd_21876.html,L3-xdf,1,A,8,0,0,0,0,0,0,koolearn;xdf,1
bump into,22036,https://www.koolearn.com/dict/wd_22036.html,L3-xdf,1,A,8,0,0,1,2,0,0,koolearn;xdf,1
calculating,23385,https://www.koolearn.com/dict/wd_23385.html,L2-listening,1,A,8,6,0,0,0,0,0,koolearn,0
Canada,23887,https://www.koolearn.com/dict/wd_23887.html,L2-listening,1,A,8,5,0,0,0,0,0,koolearn,0
cascade,25212,https://www.koolearn.com/dict/wd_25212.html,L3-xdf,1,A,8,1,0,0,0,0,0,koolearn;xdf,1
cavern,25936,https://www.koolearn.com/dict/wd_25936.html,L1-base-L2,1,A,8,3,0,0,0,1,2,koolearn,0
cervical,26634,https://www.koolearn.com/dict/wd_26634.html,L3-xdf,1,A,8,1,0,0,1,0,0,koolearn;xdf,1
chord,28463,https://www.koolearn.com/dict/wd_28463.html,L1-base-L2,1,A,8,0,1,0,0,1,2,koolearn,0
coffee break,30896,https://www.koolearn.com/dict/wd_30896.html,L2-listening,1,A,8,7,0,0,0,0,0,koolearn,0
collide,31293,https://www.koolearn.com/dict/wd_31293.html,L1-base-L1,1,A,8,2,0,0,0,1,1,koolearn,0
comparative,32216,https://www.koolearn.com/dict/wd_32216.html,L3-xdf,1,A,8,1,3,0,0,0,0,koolearn;xdf,1
computer science,32598,https://www.koolearn.com/dict/wd_32598.html,L2-listening,1,A,8,6,1,0,0,0,0,koolearn,0
condensation,32899,https://www.koolearn.com/dict/wd_32899.html,L3-xdf,1,A,8,0,0,0,0,0,0,koolearn;xdf,1
consolation,33576,https://www.koolearn.com/dict/wd_33576.html,L3-xdf,1,A,8,1,0,0,0,0,0,koolearn;xdf,1
consulate,33729,https://www.koolearn.com/dict/wd_33729.html,L3-xdf,1,A,8,2,0,0,0,0,0,koolearn;xdf,1
continual,33934,https://www.koolearn.com/dict/wd_33934.html,L1-base-L2,1,A,8,0,3,0,0,1,2,koolearn,0
cooking,34360,https://www.koolearn.com/dict/wd_34360.html,L2-listening,1,A,8,5,0,0,0,0,0,koolearn,0
corps,34947,https://www.koolearn.com/dict/wd_34947.html,L3-xdf,1,A,8,1,0,0,0,0,0,koolearn;xdf,1
cradle,36066,https://www.koolearn.com/dict/wd_36066.html,L1-base-L1,1,A,8,0,1,0,0,1,1,koolearn,0
Cultural Heritage,37523,https://www.koolearn.com/dict/wd_37523.html,L2-writing,1,A,8,1,0,5,2,0,0,koolearn,0
curative,37691,https://www.koolearn.com/dict/wd_37691.html,L1-base-L2,1,A,8,1,2,0,0,1,2,koolearn;xdf,1
decree,39920,https://www.koolearn.com/dict/wd_39920.html,L1-base-L2,1,A,8,0,0,0,0,1,2,koolearn,0
deflect,40246,https://www.koolearn.com/dict/wd_40246.html,L3-xdf,1,A,8,0,0,0,0,0,0,koolearn;xdf,1
depreciate,41299,https://www.koolearn.com/dict/wd_41299.html,L1-base-L3,1,A,8,0,0,3,0,1,3,koolearn,0
detract,41935,https://www.koolearn.com/dict/wd_41935.html,L3-xdf,1,A,8,1,1,0,0,0,0,koolearn;xdf,1
dilapidated,42864,https://www.koolearn.com/dict/wd_42864.html,L1-base-L3,1,A,8,0,2,2,2,1,3,koolearn,0
dimensional,42935,https://www.koolearn.com/dict/wd_42935.html,L3-xdf,1,A,8,1,1,0,0,0,0,koolearn;xdf,1
disable,43356,https://www.koolearn.com/dict/wd_43356.html,L1-base-L2,1,A,8,1,1,0,0,1,2,koolearn;xdf,1
disapprove,43422,https://www.koolearn.com/dict/wd_43422.html,L1-base-L2,1,A,8,1,3,0,0,1,2,koolearn;xdf,1
disc,43493,https://www.koolearn.com/dict/wd_43493.html,L2-listening,1,A,8,5,0,0,0,0,0,koolearn,0
discourse,43646,https://www.koolearn.com/dict/wd_43646.html,L1-base-L2,1,A,8,2,0,0,0,1,2,koolearn,0
discreet,43670,https://www.koolearn.com/dict/wd_43670.html,L1-base-L3,1,A,8,0,0,0,0,1,3,koolearn,0
disgrace,43800,https://www.koolearn.com/dict/wd_43800.html,L1-base-L1,1,A,8,0,0,0,0,1,1,koolearn,0
dismissal,44007,https://www.koolearn.com/dict/wd_44007.html,L2-listening,1,A,8,5,0,0,0,0,0,koolearn,0
disposable income,44141,https://www.koolearn.com/dict/wd_44141.html,L2-writing,1,A,8,0,0,5,0,0,0,koolearn,0
distress,44454,https://www.koolearn.com/dict/wd_44454.html,L1-base-L2,1,A,8,0,1,0,0,1,2,koolearn,0
diverge,44586,https://www.koolearn.com/dict/wd_44586.html,L3-xdf,1,A,8,0,0,0,0,0,0,koolearn;xdf,1
dual,46789,https://www.koolearn.com/dict/wd_46789.html,L1-base-L2,1,A,8,0,1,0,0,1,2,koolearn,0
economist,47964,https://www.koolearn.com/dict/wd_47964.html,L2-reading,1,A,8,0,5,0,0,0,0,koolearn,0
eject,48518,https://www.koolearn.com/dict/wd_48518.html,L3-xdf,1,A,8,0,0,0,0,0,0,koolearn;xdf,1
ejection,48522,https://www.koolearn.com/dict/wd_48522.html,L3-xdf,1,A,8,0,0,0,0,0,0,koolearn;xdf,1
embarrass,49202,https://www.koolearn.com/dict/wd_49202.html,L1-base-L1,1,A,8,0,0,1,0,1,1,koolearn,0
enslave,50532,https://www.koolearn.com/dict/wd_50532.html,L3-xdf,1,A,8,0,0,0,0,0,0,koolearn;xdf,1
estrange,51929,https://www.koolearn.com/dict/wd_51929.html,L1-base-L3,1,A,8,0,0,0,0,1,3,koolearn;xdf,1
Europe,52306,https://www.koolearn.com/dict/wd_52306.html,L2-listening,1,A,8,5,0,0,0,0,0,koolearn,0
excited,52864,https://www.koolearn.com/dict/wd_52864.html,L2-listening,1,A,8,5,0,0,0,0,0,koolearn,0
exemption,53054,https://www.koolearn.com/dict/wd_53054.html,L2-listening,1,A,8,6,0,0,0,0,0,koolearn,0
exhale,53101,https://www.koolearn.com/dict/wd_53101.html,L1-base-L1,1,A,8,1,0,0,0,1,1,koolearn;xdf,1
exodus,53211,https://www.koolearn.com/dict/wd_53211.html,L3-xdf,1,A,8,0,1,0,0,0,0,koolearn;xdf,1
extrusion,53894,https://www.koolearn.com/dict/wd_53894.html,L3-xdf,1,A,8,0,1,0,0,0,0,koolearn;xdf,1
facilitator,54157,https://www.koolearn.com/dict/wd_54157.html,L2-reading,1,A,8,0,5,0,0,0,0,koolearn,0
faulty,55134,https://www.koolearn.com/dict/wd_55134.html,L3-xdf,1,A,8,0,1,0,0,0,0,koolearn;xdf,1
floral,57880,https://www.koolearn.com/dict/wd_57880.html,L3-xdf,1,A,8,0,0,0,3,0,0,koolearn;xdf,1
fog,58330,https://www.koolearn.com/dict/wd_58330.html,L1-base-L1,1,A,8,1,1,0,0,1,1,koolearn,0
foil,58361,https://www.koolearn.com/dict/wd_58361.html,L3-xdf,1,A,8,0,0,0,0,0,0,koolearn;xdf,1
folk music,58435,https://www.koolearn.com/dict/wd_58435.html,L2-listening,1,A,8,5,0,0,2,0,0,koolearn,0
foreseeable,59028,https://www.koolearn.com/dict/wd_59028.html,L3-xdf,1,A,8,0,2,0,0,0,0,koolearn;xdf,1
forfeit,59103,https://www.koolearn.com/dict/wd_59103.html,L3-xdf,1,A,8,1,1,0,0,0,0,koolearn;xdf,1
fresh,60026,https://www.koolearn.com/dict/wd_60026.html,L1-base-L1,1,A,8,0,1,0,1,1,1,koolearn,0
friend,60128,https://www.koolearn.com/dict/wd_60128.html,L1-base-L1,1,A,8,1,0,1,0,1,1,koolearn,0
fury,61057,https://www.koolearn.com/dict/wd_61057.html,L1-base-L1,1,A,8,0,3,0,0,1,1,koolearn,0
fuss,61087,https://www.koolearn.com/dict/wd_61087.html,L1-base-L1,1,A,8,0,1,0,0,1,1,koolearn,0
Germany,62787,https://www.koolearn.com/dict/wd_62787.html,L2-listening,1,A,8,5,0,0,0,0,0,koolearn,0
germinate,62799,https://www.koolearn.com/dict/wd_62799.html,L3-xdf,1,A,8,0,2,0,0,0,0,koolearn;xdf,1
given,63618,https://www.koolearn.com/dict/wd_63618.html,L3-xdf,1,A,8,1,2,0,0,0,0,koolearn;xdf,1
glamour,63703,https://www.koolearn.com/dict/wd_63703.html,L1-base-L1,1,A,8,1,0,0,1,1,1,koolearn,0
gleam,63799,https://www.koolearn.com/dict/wd_63799.html,L3-xdf,1,A,8,0,0,0,0,0,0,koolearn;xdf,1
gloomy,63983,https://www.koolearn.com/dict/wd_63983.html,L1-base-L1,1,A,8,1,0,0,0,1,1,koolearn,0
gloss,64001,https://www.koolearn.com/dict/wd_64001.html,L3-xdf,1,A,8,1,0,0,1,0,0,koolearn;xdf,1
greasy,65751,https://www.koolearn.com/dict/wd_65751.html,L3-xdf,1,A,8,2,0,1,1,0,0,koolearn;xdf,1
greatly,65794,https://www.koolearn.com/dict/wd_65794.html,L3-xdf,1,A,8,1,0,0,0,0,0,koolearn;xdf,1
grow,66355,https://www.koolearn.com/dict/wd_66355.html,L1-base-L2,1,A,8,1,0,0,0,1,2,koolearn,0
gush,66871,https://www.koolearn.com/dict/wd_66871.html,L1-base-L2,1,A,8,0,3,0,0,1,2,koolearn,0
hall of residence,67537,https://www.koolearn.com/dict/wd_67537.html,L2-listening,1,A,8,5,0,0,0,0,0,koolearn,0
harass,68085,https://www.koolearn.com/dict/wd_68085.html,L1-base-L2,1,A,8,0,1,0,1,1,2,koolearn,0
high-tech,70634,https://www.koolearn.com/dict/wd_70634.html,L3-xdf,1,A,8,2,0,0,0,0,0,koolearn;xdf,1
hitherto,71041,https://www.koolearn.com/dict/wd_71041.html,L3-xdf,1,A,8,0,0,0,0,0,0,koolearn;xdf,1
humiliate,72734,https://www.koolearn.com/dict/wd_72734.html,L1-base-L1,1,A,8,0,1,0,1,1,1,koolearn,0
identifiable,73949,https://www.koolearn.com/dict/wd_73949.html,L3-xdf,1,A,8,3,1,0,0,0,0,koolearn;xdf,1
ill,74216,https://www.koolearn.com/dict/wd_74216.html,L2-listening,1,A,8,5,0,0,0,0,0,koolearn,0
impatient,74718,https://www.koolearn.com/dict/wd_74718.html,L1-base-L1,1,A,8,0,0,0,1,1,1,koolearn,0
impersonal,74821,https://www.koolearn.com/dict/wd_74821.html,L1-base-L2,1,A,8,0,3,0,1,1,2,koolearn,0
impractical,75009,https://www.koolearn.com/dict/wd_75009.html,L1-base-L2,1,A,8,0,4,1,0,1,2,koolearn,0
impulsive,75127,https://www.koolearn.com/dict/wd_75127.html,L2-writing,1,A,8,0,1,5,2,0,0,koolearn,0
in addition to,75216,https://www.koolearn.com/dict/wd_75216.html,L3-xdf,1,A,8,3,0,0,0,0,0,koolearn;xdf,1
in vain,75929,https://www.koolearn.com/dict/wd_75929.html,L3-xdf,1,A,8,1,0,0,3,0,0,koolearn;xdf,1
incapacitate,76114,https://www.koolearn.com/dict/wd_76114.html,L1-base-L2,1,A,8,3,0,0,0,1,2,koolearn;xdf,1
incorrect,76408,https://www.koolearn.com/dict/wd_76408.html,L1-base-L1,1,A,8,2,1,0,0,1,1,koolearn,0
inhale,77450,https://www.koolearn.com/dict/wd_77450.html,L1-base-L1,1,A,8,1,0,0,0,1,1,koolearn;xdf,1
interviewee,78909,https://www.koolearn.com/dict/wd_78909.html,L2-listening,1,A,8,6,0,0,0,0,0,koolearn,0
invader,79183,https://www.koolearn.com/dict/wd_79183.html,L3-xdf,1,A,8,1,2,0,0,0,0,koolearn;xdf,1
Italian,80085,https://www.koolearn.com/dict/wd_80085.html,L2-listening,1,A,8,5,0,0,0,0,0,koolearn,0
jumble,81518,https://www.koolearn.com/dict/wd_81518.html,L3-xdf,1,A,8,1,0,0,0,0,0,koolearn;xdf,1
kneel,83221,https://www.koolearn.com/dict/wd_83221.html,L3-xdf,1,A,8,0,0,1,1,0,0,koolearn;xdf,1
laterality,84866,https://www.koolearn.com/dict/wd_84866.html,L3-xdf,1,A,8,4,0,0,0,0,0,koolearn;xdf,1
limp,87086,https://www.koolearn.com/dict/wd_87086.html,L3-xdf,1,A,8,1,0,0,0,0,0,koolearn;xdf,1
locust,88083,https://www.koolearn.com/dict/wd_88083.html,L2-listening,1,A,8,6,0,0,0,0,0,koolearn,0
lull,89220,https://www.koolearn.com/dict/wd_89220.html,L3-xdf,1,A,8,0,0,1,0,0,0,koolearn;xdf,1
majestic,90352,https://www.koolearn.com/dict/wd_90352.html,L1-base-L1,1,A,8,0,2,0,0,1,1,koolearn,0
make a difference,90409,https://www.koolearn.com/dict/wd_90409.html,L2-writing,1,A,8,0,0,6,0,0,0,koolearn,0
Malaysia,90749,https://www.koolearn.com/dict/wd_90749.html,L2-listening,1,A,8,7,0,0,0,0,0,koolearn,0
maneuver,91143,https://www.koolearn.com/dict/wd_91143.html,L1-base-L2,1,A,8,0,2,0,0,1,2,koolearn,0
manifestation,91224,https://www.koolearn.com/dict/wd_91224.html,L1-base-L2,1,A,8,0,3,0,1,1,2,koolearn,0
marker,91677,https://www.koolearn.com/dict/wd_91677.html,L3-xdf,1,A,8,0,2,0,0,0,0,koolearn;xdf,1
Melbourne,93147,https://www.koolearn.com/dict/wd_93147.html,L2-listening,1,A,8,6,1,0,0,0,0,koolearn,0
mid,94438,https://www.koolearn.com/dict/wd_94438.html,L2-listening,1,A,8,6,0,0,0,0,0,koolearn,0
midday,94460,https://www.koolearn.com/dict/wd_94460.html,L2-listening,1,A,8,5,0,0,0,0,0,koolearn,0
midst,94548,https://www.koolearn.com/dict/wd_94548.html,L3-xdf,1,A,8,0,0,0,0,0,0,koolearn;xdf,1
mingle,94981,https://www.koolearn.com/dict/wd_94981.html,L3-xdf,1,A,8,0,0,0,0,0,0,koolearn;xdf,1
misery,95431,https://www.koolearn.com/dict/wd_95431.html,L1-base-L1,1,A,8,0,0,0,0,1,1,koolearn,0
multilateral,97979,https://www.koolearn.com/dict/wd_97979.html,L1-base-L3,1,A,8,0,0,2,0,1,3,koolearn,0
musical instrument,98345,https://www.koolearn.com/dict/wd_98345.html,L2-listening,1,A,8,5,0,0,0,0,0,koolearn,0
natural gas,99332,https://www.koolearn.com/dict/wd_99332.html,L2-listening,1,A,8,5,0,1,0,0,0,koolearn,0
oblivious,102780,https://www.koolearn.com/dict/wd_102780.html,L1-base-L2,1,A,8,0,0,0,0,1,2,koolearn,0
olive,103856,https://www.koolearn.com/dict/wd_103856.html,L2-listening,1,A,8,5,0,0,0,0,0,koolearn,0
Olympic,103890,https://www.koolearn.com/dict/wd_103890.html,L2-listening,1,A,8,5,0,0,0,0,0,koolearn,0
onwards,104551,https://www.koolearn.com/dict/wd_104551.html,L3-xdf,1,A,8,3,1,0,0,0,0,koolearn;xdf,1
operational,104782,https://www.koolearn.com/dict/wd_104782.html,L3-xdf,1,A,8,0,3,0,0,0,0,koolearn;xdf,1
optics,104958,https://www.koolearn.com/dict/wd_104958.html,L2-reading,1,A,8,0,5,0,0,0,0,koolearn,0
opulence,104996,https://www.koolearn.com/dict/wd_104996.html,L3-xdf,1,A,8,0,0,0,0,0,0,koolearn;xdf,1
opulent,104997,https://www.koolearn.com/dict/wd_104997.html,L2-listening,1,A,8,5,0,0,0,0,0,koolearn;xdf,1
orbital,105089,https://www.koolearn.com/dict/wd_105089.html,L2-reading,1,A,8,0,6,0,0,0,0,koolearn,0
orientate,105309,https://www.koolearn.com/dict/wd_105309.html,L3-xdf,1,A,8,2,0,0,0,0,0,koolearn;xdf,1
overheads,106802,https://www.koolearn.com/dict/wd_106802.html,L2-listening,1,A,8,5,0,0,0,0,0,koolearn,0
owl,107259,https://www.koolearn.com/dict/wd_107259.html,L3-xdf,1,A,8,1,1,0,0,0,0,koolearn;xdf,1
pacify,107496,https://www.koolearn.com/dict/wd_107496.html,L1-base-L1,1,A,8,0,1,0,0,1,1,koolearn,0
panorama,108193,https://www.koolearn.com/dict/wd_108193.html,L1-base-L3,1,A,8,0,0,1,1,1,3,koolearn,0
pathway,109388,https://www.koolearn.com/dict/wd_109388.html,L3-xdf,1,A,8,1,1,0,0,0,0,koolearn;xdf,1
penetration,110313,https://www.koolearn.com/dict/wd_110313.html,L3-xdf,1,A,8,0,1,0,0,0,0,koolearn;xdf,1
pensioner,110411,https://www.koolearn.com/dict/wd_110411.html,L2-listening,1,A,8,7,0,0,0,0,0,koolearn,0
periphery,110881,https://www.koolearn.com/dict/wd_110881.html,L3-xdf,1,A,8,0,0,0,0,0,0,koolearn;xdf,1
permeate,110973,https://www.koolearn.com/dict/wd_110973.html,L1-base-L3,1,A,8,0,0,0,0,1,3,koolearn;xdf,1
perverse,111278,https://www.koolearn.com/dict/wd_111278.html,L1-base-L3,1,A,8,0,3,0,0,1,3,koolearn,0
plea,113878,https://www.koolearn.com/dict/wd_113878.html,L1-base-L1,1,A,8,0,0,0,0,1,1,koolearn,0
plush,114280,https://www.koolearn.com/dict/wd_114280.html,L3-xdf,1,A,8,3,0,1,1,0,0,koolearn;xdf,1
poach,114375,https://www.koolearn.com/dict/wd_114375.html,L2-writing,1,A,8,0,0,5,3,0,0,koolearn,0
pony,115177,https://www.koolearn.com/dict/wd_115177.html,L2-listening,1,A,8,6,0,0,0,0,0,koolearn,0
porter,115443,https://www.koolearn.com/dict/wd_115443.html,L1-base-L1,1,A,8,0,4,0,0,1,1,koolearn,0
postal,115620,https://www.koolearn.com/dict/wd_115620.html,L2-listening,1,A,8,6,0,0,0,0,0,koolearn,0
powerpoint,116068,https://www.koolearn.com/dict/wd_116068.html,L2-listening,1,A,8,8,0,0,0,0,0,koolearn,0
procrastinate,117820,https://www.koolearn.com/dict/wd_117820.html,L1-base-L3,1,A,8,0,1,1,1,1,3,koolearn;xdf,1
programming,118079,https://www.koolearn.com/dict/wd_118079.html,L2-listening,1,A,8,5,0,0,1,0,0,koolearn,0
quiver,121073,https://www.koolearn.com/dict/wd_121073.html,L1-base-L1,1,A,8,0,0,0,0,1,1,koolearn;xdf,1
railway station,121569,https://www.koolearn.com/dict/wd_121569.html,L2-listening,1,A,8,6,0,0,0,0,0,koolearn,0
recur,123283,https://www.koolearn.com/dict/wd_123283.html,L1-base-L2,1,A,8,0,2,0,0,1,2,koolearn,0
refusal,123949,https://www.koolearn.com/dict/wd_123949.html,L3-xdf,1,A,8,0,0,0,0,0,0,koolearn;xdf,1
regenerate,124016,https://www.koolearn.com/dict/wd_124016.html,L1-base-L3,1,A,8,0,4,0,0,1,3,koolearn,0
regurgitate,124188,https://www.koolearn.com/dict/wd_124188.html,L3-xdf,1,A,8,0,0,0,0,0,0,koolearn;xdf,1
rekindle,124414,https://www.koolearn.com/dict/wd_124414.html,L3-xdf,1,A,8,0,1,0,0,0,0,koolearn;xdf,1
reorient,124971,https://www.koolearn.com/dict/wd_124971.html,L3-xdf,1,A,8,4,1,0,0,0,0,koolearn;xdf,1
rickety,126868,https://www.koolearn.com/dict/wd_126868.html,L1-base-L2,1,A,8,0,3,2,0,1,2,koolearn,0
rug,128697,https://www.koolearn.com/dict/wd_128697.html,L2-listening,1,A,8,5,0,0,0,0,0,koolearn,0
scamper,130711,https://www.koolearn.com/dict/wd_130711.html,L3-xdf,1,A,8,0,0,0,0,0,0,koolearn;xdf,1
scorching,131321,https://www.koolearn.com/dict/wd_131321.html,L3-xdf,1,A,8,0,0,0,3,0,0,koolearn;xdf,1
screw,131565,https://www.koolearn.com/dict/wd_131565.html,L3-xdf,1,A,8,0,0,0,0,0,0,koolearn;xdf,1
seam,131951,https://www.koolearn.com/dict/wd_131951.html,L3-xdf,1,A,8,2,0,0,0,0,0,koolearn;xdf,1
seep,132454,https://www.koolearn.com/dict/wd_132454.html,L1-base-L2,1,A,8,3,0,0,1,1,2,koolearn;xdf,1
shabby,133994,https://www.koolearn.com/dict/wd_133994.html,L1-base-L1,1,A,8,0,0,2,0,1,1,koolearn,0
shaft,134054,https://www.koolearn.com/dict/wd_134054.html,L3-xdf,1,A,8,1,0,0,0,0,0,koolearn;xdf,1
sip,136318,https://www.koolearn.com/dict/wd_136318.html,L1-base-L2,1,A,8,2,1,0,0,1,2,koolearn;xdf,1
skating,136541,https://www.koolearn.com/dict/wd_136541.html,L2-listening,1,A,8,6,0,0,0,0,0,koolearn,0
skull,136809,https://www.koolearn.com/dict/wd_136809.html,L3-xdf,1,A,8,0,0,0,0,0,0,koolearn;xdf,1
sneeze,138008,https://www.koolearn.com/dict/wd_138008.html,L1-base-L2,1,A,8,3,1,0,0,1,2,koolearn,0
social science,138441,https://www.koolearn.com/dict/wd_138441.html,L2-listening,1,A,8,7,0,0,0,0,0,koolearn,0
sovereign,139514,https://www.koolearn.com/dict/wd_139514.html,L1-base-L1,1,A,8,0,0,0,0,1,1,koolearn,0
spade,139616,https://www.koolearn.com/dict/wd_139616.html,L1-base-L1,1,A,8,0,1,0,0,1,1,koolearn;xdf,1
sparse,139747,https://www.koolearn.com/dict/wd_139747.html,L1-base-L2,1,A,8,0,1,0,0,1,2,koolearn,0
spear,139843,https://www.koolearn.com/dict/wd_139843.html,L2-listening,1,A,8,5,1,0,0,0,0,koolearn,0
steering,142210,https://www.koolearn.com/dict/wd_142210.html,L2-listening,1,A,8,5,2,0,0,0,0,koolearn,0
stifle,142566,https://www.koolearn.com/dict/wd_142566.html,L1-base-L2,1,A,8,0,1,3,1,1,2,koolearn,0
Stonehenge,142885,https://www.koolearn.com/dict/wd_142885.html,L2-listening,1,A,8,6,0,0,1,0,0,koolearn,0
stun,143837,https://www.koolearn.com/dict/wd_143837.html,L1-base-L2,1,A,8,2,3,0,0,1,2,koolearn,0
stunt,143847,https://www.koolearn.com/dict/wd_143847.html,L1-base-L2,1,A,8,0,1,1,1,1,2,koolearn,0
succinct,144583,https://www.koolearn.com/dict/wd_144583.html,L1-base-L2,1,A,8,0,2,0,0,1,2,koolearn,0
sue,144687,https://www.koolearn.com/dict/wd_144687.html,L1-base-L2,1,A,8,0,0,0,0,1,2,koolearn,0
surprised,145728,https://www.koolearn.com/dict/wd_145728.html,L2-listening,1,A,8,5,0,0,0,0,0,koolearn,0
sustainable development,145859,https://www.koolearn.com/dict/wd_145859.html,L2-writing,1,A,8,0,1,7,0,0,0,koolearn,0
synchronise,146595,https://www.koolearn.com/dict/wd_146595.html,L3-xdf,1,A,8,3,2,0,0,0,0,koolearn;xdf,1
takeaway,147503,https://www.koolearn.com/dict/wd_147503.html,L2-listening,1,A,8,6,0,0,0,0,0,koolearn,0
tan,147750,https://www.koolearn.com/dict/wd_147750.html,L3-xdf,1,A,8,2,0,0,0,0,0,koolearn;xdf,1
testify,149560,https://www.koolearn.com/dict/wd_149560.html,L1-base-L1,1,A,8,0,0,0,0,1,1,koolearn,0
thinking,150577,https://www.koolearn.com/dict/wd_150577.html,L2-listening,1,A,8,5,0,0,0,0,0,koolearn,0
thirsty,150646,https://www.koolearn.com/dict/wd_150646.html,L3-xdf,1,A,8,1,0,0,0,0,0,koolearn;xdf,1
tight,151334,https://www.koolearn.com/dict/wd_151334.html,L1-base-L1,1,A,8,0,0,0,2,1,1,koolearn,0
tillable,151391,https://www.koolearn.com/dict/wd_151391.html,L3-xdf,1,A,8,0,0,0,0,0,0,koolearn;xdf,1
topsoil,153020,https://www.koolearn.com/dict/wd_153020.html,L3-xdf,1,A,8,2,0,0,0,0,0,koolearn;xdf,1
tract,153635,https://www.koolearn.com/dict/wd_153635.html,L1-base-L1,1,A,8,0,2,0,0,1,1,koolearn,0
trailer,153805,https://www.koolearn.com/dict/wd_153805.html,L2-listening,1,A,8,6,0,0,0,0,0,koolearn,0
troupe,155242,https://www.koolearn.com/dict/wd_155242.html,L3-xdf,1,A,8,2,0,0,0,0,0,koolearn;xdf,1
umpire,156813,https://www.koolearn.com/dict/wd_156813.html,L2-listening,1,A,8,6,0,0,1,0,0,koolearn,0
undo,157806,https://www.koolearn.com/dict/wd_157806.html,L1-base-L2,1,A,8,0,1,0,0,1,2,koolearn,0
unfair,157961,https://www.koolearn.com/dict/wd_157961.html,L1-base-L1,1,A,8,4,1,0,0,1,1,koolearn,0
unload,158567,https://www.koolearn.com/dict/wd_158567.html,L3-xdf,1,A,8,1,2,2,0,0,0,koolearn;xdf,1
unpleasant,158795,https://www.koolearn.com/dict/wd_158795.html,L1-base-L1,1,A,8,0,3,0,0,1,1,koolearn,0
unreliable,158950,https://www.koolearn.com/dict/wd_158950.html,L2-listening,1,A,8,6,0,0,0,0,0,koolearn,0
unsanitary,159062,https://www.koolearn.com/dict/wd_159062.html,L3-xdf,1,A,8,0,0,0,0,0,0,koolearn;xdf,1
vernacular,161482,https://www.koolearn.com/dict/wd_161482.html,L3-xdf,1,A,8,1,0,0,0,0,0,koolearn;xdf,1
victimise,161840,https://www.koolearn.com/dict/wd_161840.html,L3-xdf,1,A,8,0,1,0,0,0,0,koolearn;xdf,1
violent crime,162148,https://www.koolearn.com/dict/wd_162148.html,L2-listening,1,A,8,5,0,1,0,0,0,koolearn,0
visibility,162313,https://www.koolearn.com/dict/wd_162313.html,L1-base-L3,1,A,8,0,4,0,0,1,3,koolearn,0
voyager,162883,https://www.koolearn.com/dict/wd_162883.html,L2-reading,1,A,8,0,6,0,0,0,0,koolearn,0
water heater,163827,https://www.koolearn.com/dict/wd_163827.html,L2-listening,1,A,8,5,0,0,0,0,0,koolearn,0
well-rounded,164567,https://www.koolearn.com/dict/wd_164567.html,L2-writing,1,A,8,0,0,5,3,0,0,koolearn,0
whaling,164794,https://www.koolearn.com/dict/wd_164794.html,L3-xdf,1,A,8,1,3,0,0,0,0,koolearn;xdf,1
windy,165791,https://www.koolearn.com/dict/wd_165791.html,L2-listening,1,A,8,6,0,0,0,0,0,koolearn,0
X-ray,167146,https://www.koolearn.com/dict/wd_167146.html,L2-listening,1,A,8,5,0,0,0,0,0,koolearn,0
accredit,1384,https://www.koolearn.com/dict/wd_1384.html,L3-xdf,1,A,7,0,2,0,0,0,0,koolearn;xdf,1
acumen,2025,https://www.koolearn.com/dict/wd_2025.html,L3-xdf,1,A,7,0,0,0,0,0,0,koolearn;xdf,1
affirmative,3079,https://www.koolearn.com/dict/wd_3079.html,L1-base-L1,1,A,7,0,0,0,0,1,1,koolearn,0
aggravation,3410,https://www.koolearn.com/dict/wd_3410.html,L1-base-L2,1,A,7,0,0,0,0,1,2,koolearn;xdf,1
airy,4091,https://www.koolearn.com/dict/wd_4091.html,L1-base-L2,1,A,7,3,1,0,0,1,2,koolearn,0
Alaska,4195,https://www.koolearn.com/dict/wd_4195.html,L2-listening,1,A,7,5,0,0,0,0,0,koolearn,0
alight,4513,https://www.koolearn.com/dict/wd_4513.html,L3-xdf,1,A,7,1,1,0,0,0,0,koolearn;xdf,1
ally,4989,https://www.koolearn.com/dict/wd_4989.html,L1-base-L1,1,A,7,0,0,0,0,1,1,koolearn,0
amusement park,5894,https://www.koolearn.com/dict/wd_5894.html,L2-listening,1,A,7,7,0,0,0,0,0,koolearn,0
animal testing,6646,https://www.koolearn.com/dict/wd_6646.html,L2-writing,1,A,7,0,0,5,0,0,0,koolearn,0
anomaly,6892,https://www.koolearn.com/dict/wd_6892.html,L1-base-L2,1,A,7,0,0,0,0,1,2,koolearn,0
apace,7650,https://www.koolearn.com/dict/wd_7650.html,L3-xdf,1,A,7,1,0,0,0,0,0,koolearn;xdf,1
apprehensive,8174,https://www.koolearn.com/dict/wd_8174.html,L1-base-L3,1,A,7,0,1,0,1,1,3,koolearn,0
arms race,9040,https://www.koolearn.com/dict/wd_9040.html,L2-writing,1,A,7,0,0,5,0,0,0,koolearn,0
attorney,11003,https://www.koolearn.com/dict/wd_11003.html,L1-base-L1,1,A,7,0,0,0,1,1,1,koolearn,0
autobiography,11371,https://www.koolearn.com/dict/wd_11371.html,L1-base-L3,1,A,7,2,0,0,0,1,3,koolearn;xdf,1
back issue,12228,https://www.koolearn.com/dict/wd_12228.html,L2-listening,1,A,7,6,0,0,0,0,0,koolearn,0
barrage,13544,https://www.koolearn.com/dict/wd_13544.html,L3-xdf,1,A,7,0,0,0,0,0,0,koolearn;xdf,1
be liable to,14642,https://www.koolearn.com/dict/wd_14642.html,L2-reading,1,A,7,0,6,0,0,0,0,koolearn,0
beaver,15294,https://www.koolearn.com/dict/wd_15294.html,L1-base-L2,1,A,7,2,0,0,0,1,2,koolearn,0
binding,17153,https://www.koolearn.com/dict/wd_17153.html,L2-reading,1,A,7,0,5,0,0,0,0,koolearn,0
biotechnology,17344,https://www.koolearn.com/dict/wd_17344.html,L2-writing,1,A,7,0,0,5,0,0,0,koolearn,0
bit,17556,https://www.koolearn.com/dict/wd_17556.html,L3-xdf,1,A,7,1,0,0,0,0,0,koolearn;xdf,1
bite,17568,https://www.koolearn.com/dict/wd_17568.html,L1-base-L2,1,A,7,0,1,0,0,1,2,koolearn,0
bitterness,17616,https://www.koolearn.com/dict/wd_17616.html,L2-listening,1,A,7,5,0,0,0,0,0,koolearn,0
blueprint,18581,https://www.koolearn.com/dict/wd_18581.html,L3-xdf,1,A,7,2,1,0,1,0,0,koolearn;xdf,1
boarding,18710,https://www.koolearn.com/dict/wd_18710.html,L2-listening,1,A,7,5,0,0,0,0,0,koolearn,0
briefcase,20881,https://www.koolearn.com/dict/wd_20881.html,L1-base-L2,1,A,7,0,1,0,0,1,2,koolearn;xdf,1
brink,21036,https://www.koolearn.com/dict/wd_21036.html,L1-base-L1,1,A,7,0,2,0,0,1,1,koolearn,0
brisk,21049,https://www.koolearn.com/dict/wd_21049.html,L1-base-L1,1,A,7,0,1,0,0,1,1,koolearn,0
broccoli,21175,https://www.koolearn.com/dict/wd_21175.html,L2-listening,1,A,7,5,0,0,0,0,0,koolearn,0
candid,23954,https://www.koolearn.com/dict/wd_23954.html,L1-base-L1,1,A,7,0,1,0,3,1,1,koolearn,0
career path,24757,https://www.koolearn.com/dict/wd_24757.html,L2-writing,1,A,7,0,0,5,1,0,0,koolearn,0
carousel,24958,https://www.koolearn.com/dict/wd_24958.html,L3-xdf,1,A,7,1,0,0,0,0,0,koolearn;xdf,1
carry,25065,https://www.koolearn.com/dict/wd_25065.html,L3-xdf,1,A,7,1,0,0,0,0,0,koolearn;xdf,1
carton,25142,https://www.koolearn.com/dict/wd_25142.html,L1-base-L2,1,A,7,3,0,0,0,1,2,koolearn,0
cauliflower,25830,https://www.koolearn.com/dict/wd_25830.html,L2-listening,1,A,7,5,0,0,1,0,0,koolearn,0
censure,26267,https://www.koolearn.com/dict/wd_26267.html,L1-base-L2,1,A,7,1,0,0,0,1,2,koolearn;xdf,1
characterise,27107,https://www.koolearn.com/dict/wd_27107.html,L2-reading,1,A,7,0,5,0,0,0,0,koolearn,0
check-in,27431,https://www.koolearn.com/dict/wd_27431.html,L2-listening,1,A,7,5,0,0,0,0,0,koolearn,0
cherry,27655,https://www.koolearn.com/dict/wd_27655.html,L3-xdf,1,A,7,1,0,0,2,0,0,koolearn;xdf,1
chew,27738,https://www.koolearn.com/dict/wd_27738.html,L3-xdf,1,A,7,1,0,0,0,0,0,koolearn;xdf,1
chewing gum,27753,https://www.koolearn.com/dict/wd_27753.html,L2-listening,1,A,7,6,0,0,0,0,0,koolearn,0
chore,28475,https://www.koolearn.com/dict/wd_28475.html,L1-base-L2,1,A,7,0,1,0,2,1,2,koolearn,0
classmate,29560,https://www.koolearn.com/dict/wd_29560.html,L2-listening,1,A,7,5,0,0,0,0,0,koolearn,0
clockwise,30006,https://www.koolearn.com/dict/wd_30006.html,L3-xdf,1,A,7,1,0,0,0,0,0,koolearn;xdf,1
cloud computing,30199,https://www.koolearn.com/dict/wd_30199.html,L2-writing,1,A,7,0,0,5,0,0,0,koolearn,0
cockroach,30707,https://www.koolearn.com/dict/wd_30707.html,L2-listening,1,A,7,6,0,0,0,0,0,koolearn,0
coke,31076,https://www.koolearn.com/dict/wd_31076.html,L2-listening,1,A,7,6,1,0,0,0,0,koolearn,0
compute,32572,https://www.koolearn.com/dict/wd_32572.html,L1-base-L1,1,A,7,2,0,0,0,1,1,koolearn,0
computer programmer,32595,https://www.koolearn.com/dict/wd_32595.html,L2-listening,1,A,7,6,0,0,0,0,0,koolearn,0
concurrent,32876,https://www.koolearn.com/dict/wd_32876.html,L1-base-L3,1,A,7,0,2,1,0,1,3,koolearn,0
conductive,32972,https://www.koolearn.com/dict/wd_32972.html,L3-xdf,1,A,7,0,0,1,0,0,0,koolearn;xdf,1
consequential,33503,https://www.koolearn.com/dict/wd_33503.html,L3-xdf,1,A,7,0,3,0,0,0,0,koolearn;xdf,1
consolidate,33587,https://www.koolearn.com/dict/wd_33587.html,L1-base-L2,1,A,7,0,0,0,0,1,2,koolearn,0
constructive,33709,https://www.koolearn.com/dict/wd_33709.html,L1-base-L2,1,A,7,0,1,1,2,1,2,koolearn,0
convection,34163,https://www.koolearn.com/dict/wd_34163.html,L3-xdf,1,A,7,0,1,0,0,0,0,koolearn;xdf,1
convene,34172,https://www.koolearn.com/dict/wd_34172.html,L1-base-L3,1,A,7,0,1,0,0,1,3,koolearn,0
converge,34205,https://www.koolearn.com/dict/wd_34205.html,L1-base-L2,1,A,7,0,1,0,0,1,2,koolearn,0
cordial,34686,https://www.koolearn.com/dict/wd_34686.html,L1-base-L1,1,A,7,0,0,0,0,1,1,koolearn,0
cork,34761,https://www.koolearn.com/dict/wd_34761.html,L3-xdf,1,A,7,0,0,0,0,0,0,koolearn;xdf,1
date of expiry,39017,https://www.koolearn.com/dict/wd_39017.html,L2-listening,1,A,7,5,0,0,0,0,0,koolearn,0
daunt,39068,https://www.koolearn.com/dict/wd_39068.html,L1-base-L2,1,A,7,4,0,0,0,1,2,koolearn;xdf,1
default,40090,https://www.koolearn.com/dict/wd_40090.html,L1-base-L3,1,A,7,1,1,0,0,1,3,koolearn,0
defer,40160,https://www.koolearn.com/dict/wd_40160.html,L1-base-L1,1,A,7,0,1,0,0,1,1,koolearn,0
disenchantment,43751,https://www.koolearn.com/dict/wd_43751.html,L3-xdf,1,A,7,0,1,0,0,0,0,koolearn;xdf,1
disorderly,44038,https://www.koolearn.com/dict/wd_44038.html,L1-base-L1,1,A,7,0,2,0,0,1,1,koolearn,0
disqualify,44198,https://www.koolearn.com/dict/wd_44198.html,L3-xdf,1,A,7,1,0,0,0,0,0,koolearn;xdf,1
dusk,47207,https://www.koolearn.com/dict/wd_47207.html,L3-xdf,1,A,7,0,1,0,0,0,0,koolearn;xdf,1
dynasty,47397,https://www.koolearn.com/dict/wd_47397.html,L1-base-L2,1,A,7,0,1,0,3,1,2,koolearn,0
eating,47731,https://www.koolearn.com/dict/wd_47731.html,L2-listening,1,A,7,6,0,0,0,0,0,koolearn,0
Egypt,48444,https://www.koolearn.com/dict/wd_48444.html,L2-listening,1,A,7,5,0,0,0,0,0,koolearn,0
elaboration,48558,https://www.koolearn.com/dict/wd_48558.html,L3-xdf,1,A,7,0,2,0,0,0,0,koolearn;xdf,1
entrepreneurial,50791,https://www.koolearn.com/dict/wd_50791.html,L3-xdf,1,A,7,0,1,0,0,0,0,koolearn;xdf,1
entwine,50815,https://www.koolearn.com/dict/wd_50815.html,L3-xdf,1,A,7,0,3,0,0,0,0,koolearn;xdf,1
envision,50890,https://www.koolearn.com/dict/wd_50890.html,L1-base-L2,1,A,7,0,1,0,0,1,2,koolearn,0
excusable,52959,https://www.koolearn.com/dict/wd_52959.html,L3-xdf,1,A,7,3,0,0,0,0,0,koolearn;xdf,1
exploratory,53495,https://www.koolearn.com/dict/wd_53495.html,L3-xdf,1,A,7,0,3,0,0,0,0,koolearn;xdf,1
fallow,54522,https://www.koolearn.com/dict/wd_54522.html,L3-xdf,1,A,7,1,0,0,0,0,0,koolearn;xdf,1
filtration,56431,https://www.koolearn.com/dict/wd_56431.html,L2-listening,1,A,7,6,0,0,0,0,0,koolearn,0
finale,56458,https://www.koolearn.com/dict/wd_56458.html,L1-base-L3,1,A,7,1,0,0,0,1,3,koolearn;xdf,1
fire drill,56684,https://www.koolearn.com/dict/wd_56684.html,L2-listening,1,A,7,5,0,0,0,0,0,koolearn,0
flutter,58158,https://www.koolearn.com/dict/wd_58158.html,L3-xdf,1,A,7,0,0,0,0,0,0,koolearn;xdf,1
flux,58171,https://www.koolearn.com/dict/wd_58171.html,L1-base-L3,1,A,7,0,1,0,0,1,3,koolearn,0
folder,58393,https://www.koolearn.com/dict/wd_58393.html,L2-listening,1,A,7,5,0,0,0,0,0,koolearn,0
foliage,58410,https://www.koolearn.com/dict/wd_58410.html,L1-base-L2,1,A,7,0,0,0,2,1,2,koolearn,0
full name,60703,https://www.koolearn.com/dict/wd_60703.html,L2-listening,1,A,7,5,0,0,1,0,0,koolearn,0
further education,61042,https://www.koolearn.com/dict/wd_61042.html,L2-listening,1,A,7,5,0,0,0,0,0,koolearn,0
gale,61384,https://www.koolearn.com/dict/wd_61384.html,L1-base-L1,1,A,7,1,0,0,0,1,1,koolearn,0
generalise,62446,https://www.koolearn.com/dict/wd_62446.html,L3-xdf,1,A,7,0,3,0,0,0,0,koolearn;xdf,1
ginger,63405,https://www.koolearn.com/dict/wd_63405.html,L1-base-L2,1,A,7,4,0,0,1,1,2,koolearn,0
goodwill,64950,https://www.koolearn.com/dict/wd_64950.html,L3-xdf,1,A,7,1,0,3,0,0,0,koolearn;xdf,1
grassy,65602,https://www.koolearn.com/dict/wd_65602.html,L3-xdf,1,A,7,1,2,0,1,0,0,koolearn;xdf,1
gravel,65647,https://www.koolearn.com/dict/wd_65647.html,L3-xdf,1,A,7,0,0,0,0,0,0,koolearn;xdf,1
Greece,65809,https://www.koolearn.com/dict/wd_65809.html,L2-listening,1,A,7,6,0,0,0,0,0,koolearn,0
greyhound,65974,https://www.koolearn.com/dict/wd_65974.html,L2-listening,1,A,7,7,0,0,0,0,0,koolearn,0
guzzle,66945,https://www.koolearn.com/dict/wd_66945.html,L3-xdf,1,A,7,0,0,0,0,0,0,koolearn;xdf,1
handwriting,67913,https://www.koolearn.com/dict/wd_67913.html,L1-base-L1,1,A,7,2,0,0,1,1,1,koolearn,0
hasty,68485,https://www.koolearn.com/dict/wd_68485.html,L1-base-L1,1,A,7,0,1,0,0,1,1,koolearn;xdf,1
head office,68988,https://www.koolearn.com/dict/wd_68988.html,L2-listening,1,A,7,5,0,0,0,0,0,koolearn,0
hibernate,70399,https://www.koolearn.com/dict/wd_70399.html,L1-base-L2,1,A,7,3,0,0,0,1,2,koolearn,0
hinterland,70822,https://www.koolearn.com/dict/wd_70822.html,L3-xdf,1,A,7,1,1,0,0,0,0,koolearn;xdf,1
honour,71821,https://www.koolearn.com/dict/wd_71821.html,L3-xdf,1,A,7,0,0,0,1,0,0,koolearn;xdf,1
hoof,71850,https://www.koolearn.com/dict/wd_71850.html,L2-listening,1,A,7,5,0,0,0,0,0,koolearn,0
hoover,71911,https://www.koolearn.com/dict/wd_71911.html,L2-listening,1,A,7,5,0,0,1,0,0,koolearn,0
hot spring,72212,https://www.koolearn.com/dict/wd_72212.html,L2-listening,1,A,7,6,0,0,0,0,0,koolearn,0
household chores,72361,https://www.koolearn.com/dict/wd_72361.html,L2-writing,1,A,7,0,0,5,0,0,0,koolearn,0
hovercraft,72433,https://www.koolearn.com/dict/wd_72433.html,L2-listening,1,A,7,6,0,0,0,0,0,koolearn,0
humanistic,72670,https://www.koolearn.com/dict/wd_72670.html,L3-xdf,1,A,7,0,3,0,0,0,0,koolearn;xdf,1
impoverish,75001,https://www.koolearn.com/dict/wd_75001.html,L3-xdf,1,A,7,1,0,1,0,0,0,koolearn;xdf,1
in favour of,75402,https://www.koolearn.com/dict/wd_75402.html,L3-xdf,1,A,7,1,0,0,0,0,0,koolearn;xdf,1
incendiary,76140,https://www.koolearn.com/dict/wd_76140.html,L3-xdf,1,A,7,1,0,0,0,0,0,koolearn;xdf,1
indefinite,76549,https://www.koolearn.com/dict/wd_76549.html,L1-base-L1,1,A,7,0,0,0,0,1,1,koolearn,0
information explosion,77282,https://www.koolearn.com/dict/wd_77282.html,L2-writing,1,A,7,0,0,5,0,0,0,koolearn,0
innumerable,77700,https://www.koolearn.com/dict/wd_77700.html,L1-base-L1,1,A,7,0,0,0,1,1,1,koolearn,0
insecure,77843,https://www.koolearn.com/dict/wd_77843.html,L3-xdf,1,A,7,1,0,0,0,0,0,koolearn;xdf,1
insurance company,78171,https://www.koolearn.com/dict/wd_78171.html,L2-listening,1,A,7,5,0,1,0,0,0,koolearn,0
intentional,78314,https://www.koolearn.com/dict/wd_78314.html,L1-base-L1,1,A,7,1,1,0,0,1,1,koolearn,0
interlibrary,78540,https://www.koolearn.com/dict/wd_78540.html,L2-listening,1,A,7,7,0,0,0,0,0,koolearn,0
intermittent,78594,https://www.koolearn.com/dict/wd_78594.html,L1-base-L3,1,A,7,0,2,0,0,1,3,koolearn,0
intern,78608,https://www.koolearn.com/dict/wd_78608.html,L3-xdf,1,A,7,3,0,0,0,0,0,koolearn;xdf,1
invasive,79214,https://www.koolearn.com/dict/wd_79214.html,L3-xdf,1,A,7,1,1,0,0,0,0,koolearn;xdf,1
invest in,79277,https://www.koolearn.com/dict/wd_79277.html,L2-writing,1,A,7,0,0,5,0,0,0,koolearn,0
irreversible damage,79724,https://www.koolearn.com/dict/wd_79724.html,L2-writing,1,A,7,0,0,5,0,0,0,koolearn,0
irrevocable,79728,https://www.koolearn.com/dict/wd_79728.html,L3-xdf,1,A,7,1,0,0,0,0,0,koolearn;xdf,1
Italic,80088,https://www.koolearn.com/dict/wd_80088.html,L2-listening,1,A,7,5,0,0,0,0,0,koolearn,0
Japan,80461,https://www.koolearn.com/dict/wd_80461.html,L2-listening,1,A,7,5,0,0,0,0,0,koolearn,0
jean,80613,https://www.koolearn.com/dict/wd_80613.html,L2-listening,1,A,7,5,1,0,0,0,0,koolearn,0
jolt,81212,https://www.koolearn.com/dict/wd_81212.html,L1-base-L2,1,A,7,0,2,0,0,1,2,koolearn,0
judgment,81413,https://www.koolearn.com/dict/wd_81413.html,L3-xdf,1,A,7,0,0,1,0,0,0,koolearn;xdf,1
jump,81530,https://www.koolearn.com/dict/wd_81530.html,L1-base-L1,1,A,7,0,0,0,0,1,1,koolearn,0
kilogram,82826,https://www.koolearn.com/dict/wd_82826.html,L2-listening,1,A,7,5,0,0,0,0,0,koolearn,0
last,84767,https://www.koolearn.com/dict/wd_84767.html,L1-base-L1,1,A,7,1,1,0,0,1,1,koolearn,0
lay,85162,https://www.koolearn.com/dict/wd_85162.html,L1-base-L2,1,A,7,1,1,2,0,1,2,koolearn,0
legitimize,85822,https://www.koolearn.com/dict/wd_85822.html,L3-xdf,1,A,7,0,0,0,0,0,0,koolearn;xdf,1
lingual,87238,https://www.koolearn.com/dict/wd_87238.html,L2-reading,1,A,7,0,5,0,0,0,0,koolearn,0
liquor,87436,https://www.koolearn.com/dict/wd_87436.html,L3-xdf,1,A,7,1,0,0,0,0,0,koolearn;xdf,1
look-in,88515,https://www.koolearn.com/dict/wd_88515.html,L2-reading,1,A,7,0,6,0,0,0,0,koolearn,0
loudspeaker,88826,https://www.koolearn.com/dict/wd_88826.html,L2-listening,1,A,7,6,0,0,0,0,0,koolearn,0
malicious,90810,https://www.koolearn.com/dict/wd_90810.html,L1-base-L2,1,A,7,0,1,0,0,1,2,koolearn,0
malt,90891,https://www.koolearn.com/dict/wd_90891.html,L3-xdf,1,A,7,0,1,0,0,0,0,koolearn;xdf,1
manage to do,91018,https://www.koolearn.com/dict/wd_91018.html,L2-reading,1,A,7,1,6,0,0,0,0,koolearn,0
mania,91201,https://www.koolearn.com/dict/wd_91201.html,L1-base-L3,1,A,7,0,2,0,0,1,3,koolearn,0
marsupial,91878,https://www.koolearn.com/dict/wd_91878.html,L3-xdf,1,A,7,3,0,0,0,0,0,koolearn;xdf,1
massacre,92048,https://www.koolearn.com/dict/wd_92048.html,L1-base-L2,1,A,7,0,0,0,0,1,2,koolearn,0
measurable,92685,https://www.koolearn.com/dict/wd_92685.html,L2-reading,1,A,7,0,5,0,0,0,0,koolearn,0
microcosm,94315,https://www.koolearn.com/dict/wd_94315.html,L3-xdf,1,A,7,1,0,0,0,0,0,koolearn;xdf,1
microwave oven,94431,https://www.koolearn.com/dict/wd_94431.html,L2-listening,1,A,7,6,1,0,0,0,0,koolearn,0
modem,96027,https://www.koolearn.com/dict/wd_96027.html,L3-xdf,1,A,7,4,0,0,0,0,0,koolearn;xdf,1
monolith,96606,https://www.koolearn.com/dict/wd_96606.html,L2-listening,1,A,7,6,0,0,0,0,0,koolearn,0
murky,98231,https://www.koolearn.com/dict/wd_98231.html,L3-xdf,1,A,7,0,0,0,2,0,0,koolearn;xdf,1
mystify,98766,https://www.koolearn.com/dict/wd_98766.html,L1-base-L2,1,A,7,0,3,0,0,1,2,koolearn,0
Neolithic,99881,https://www.koolearn.com/dict/wd_99881.html,L2-listening,1,A,7,5,0,0,1,0,0,koolearn,0
obsess,102855,https://www.koolearn.com/dict/wd_102855.html,L1-base-L3,1,A,7,0,0,1,0,1,3,koolearn,0
one-way ticket,104457,https://www.koolearn.com/dict/wd_104457.html,L2-listening,1,A,7,6,0,0,0,0,0,koolearn,0
opening ceremony,104729,https://www.koolearn.com/dict/wd_104729.html,L2-listening,1,A,7,5,0,0,0,0,0,koolearn,0
oppress,104897,https://www.koolearn.com/dict/wd_104897.html,L1-base-L1,1,A,7,0,3,0,0,1,1,koolearn,0
organizer,105270,https://www.koolearn.com/dict/wd_105270.html,L2-listening,1,A,7,6,0,0,0,0,0,koolearn,0
out of the question,105962,https://www.koolearn.com/dict/wd_105962.html,L2-reading,1,A,7,0,5,0,0,0,0,koolearn,0
overdraw,106668,https://www.koolearn.com/dict/wd_106668.html,L2-listening,1,A,7,7,0,0,0,0,0,koolearn,0
overestimate,106700,https://www.koolearn.com/dict/wd_106700.html,L1-base-L3,1,A,7,1,0,0,0,1,3,koolearn;xdf,1
pane,108103,https://www.koolearn.com/dict/wd_108103.html,L2-reading,1,A,7,0,5,0,0,0,0,koolearn,0
perquisite,111068,https://www.koolearn.com/dict/wd_111068.html,L3-xdf,1,A,7,0,0,0,0,0,0,koolearn;xdf,1
pertinent,111239,https://www.koolearn.com/dict/wd_111239.html,L1-base-L3,1,A,7,0,0,0,0,1,3,koolearn,0
polystyrene,115030,https://www.koolearn.com/dict/wd_115030.html,L2-listening,1,A,7,5,0,0,0,0,0,koolearn,0
populate,115305,https://www.koolearn.com/dict/wd_115305.html,L3-xdf,1,A,7,1,1,0,0,0,0,koolearn;xdf,1
porous,115378,https://www.koolearn.com/dict/wd_115378.html,L1-base-L2,1,A,7,0,3,0,0,1,2,koolearn,0
predation,116462,https://www.koolearn.com/dict/wd_116462.html,L2-reading,1,A,7,0,5,0,0,0,0,koolearn,0
pretty,117204,https://www.koolearn.com/dict/wd_117204.html,L1-base-L1,1,A,7,1,0,0,2,1,1,koolearn,0
provenance,118804,https://www.koolearn.com/dict/wd_118804.html,L3-xdf,1,A,7,0,0,0,0,0,0,koolearn;xdf,1
publicise,119311,https://www.koolearn.com/dict/wd_119311.html,L2-reading,1,A,7,0,5,0,0,0,0,koolearn,0
pullover,119518,https://www.koolearn.com/dict/wd_119518.html,L2-listening,1,A,7,5,0,0,1,0,0,koolearn,0
pumice,119600,https://www.koolearn.com/dict/wd_119600.html,L3-xdf,1,A,7,0,1,0,0,0,0,koolearn;xdf,1
quaint,120542,https://www.koolearn.com/dict/wd_120542.html,L1-base-L1,1,A,7,0,0,0,0,1,1,koolearn,0
raincoat,121600,https://www.koolearn.com/dict/wd_121600.html,L2-listening,1,A,7,5,0,0,0,0,0,koolearn,0
realisation,122544,https://www.koolearn.com/dict/wd_122544.html,L2-reading,1,A,7,0,5,0,0,0,0,koolearn,0
reflectance,123781,https://www.koolearn.com/dict/wd_123781.html,L2-listening,1,A,7,7,0,0,0,0,0,koolearn,0
reflex,123800,https://www.koolearn.com/dict/wd_123800.html,L2-reading,1,A,7,0,5,0,0,0,0,koolearn,0
reinforcement,124298,https://www.koolearn.com/dict/wd_124298.html,L3-xdf,1,A,7,0,1,0,0,0,0,koolearn;xdf,1
reinvigorate,124350,https://www.koolearn.com/dict/wd_124350.html,L3-xdf,1,A,7,0,2,0,0,0,0,koolearn;xdf,1
repay,125021,https://www.koolearn.com/dict/wd_125021.html,L3-xdf,1,A,7,0,0,0,0,0,0,koolearn;xdf,1
repression,125239,https://www.koolearn.com/dict/wd_125239.html,L1-base-L2,1,A,7,0,0,0,0,1,2,koolearn,0
reproach,125264,https://www.koolearn.com/dict/wd_125264.html,L1-base-L1,1,A,7,0,0,0,0,1,1,koolearn,0
respiration,125733,https://www.koolearn.com/dict/wd_125733.html,L1-base-L2,1,A,7,1,1,0,0,1,2,koolearn,0
riot,127237,https://www.koolearn.com/dict/wd_127237.html,L1-base-L1,1,A,7,0,0,0,0,1,1,koolearn,0
rip,127248,https://www.koolearn.com/dict/wd_127248.html,L1-base-L1,1,A,7,0,0,0,0,1,1,koolearn,0
ripe,127263,https://www.koolearn.com/dict/wd_127263.html,L3-xdf,1,A,7,0,1,0,1,0,0,koolearn;xdf,1
robber,127545,https://www.koolearn.com/dict/wd_127545.html,L2-listening,1,A,7,5,0,0,0,0,0,koolearn,0
robotic,127577,https://www.koolearn.com/dict/wd_127577.html,L3-xdf,1,A,7,3,0,0,1,0,0,koolearn;xdf,1
roommate,127982,https://www.koolearn.com/dict/wd_127982.html,L2-listening,1,A,7,6,0,0,0,0,0,koolearn,0
rouse,128396,https://www.koolearn.com/dict/wd_128396.html,L1-base-L1,1,A,7,0,0,0,0,1,1,koolearn,0
scrutinize,131698,https://www.koolearn.com/dict/wd_131698.html,L1-base-L3,1,A,7,0,3,0,0,1,3,koolearn,0
serene,133423,https://www.koolearn.com/dict/wd_133423.html,L1-base-L1,1,A,7,0,0,0,3,1,1,koolearn,0
shave,134310,https://www.koolearn.com/dict/wd_134310.html,L3-xdf,1,A,7,0,0,0,0,0,0,koolearn;xdf,1
shear,134355,https://www.koolearn.com/dict/wd_134355.html,L1-base-L2,1,A,7,3,0,0,0,1,2,koolearn,0
shovel,135153,https://www.koolearn.com/dict/wd_135153.html,L1-base-L1,1,A,7,0,3,0,0,1,1,koolearn,0
shrug,135332,https://www.koolearn.com/dict/wd_135332.html,L3-xdf,1,A,7,0,0,0,0,0,0,koolearn;xdf,1
shuttle bus,135422,https://www.koolearn.com/dict/wd_135422.html,L2-listening,1,A,7,6,0,0,1,0,0,koolearn,0
siege,135652,https://www.koolearn.com/dict/wd_135652.html,L1-base-L1,1,A,7,0,2,0,0,1,1,koolearn,0
sift,135679,https://www.koolearn.com/dict/wd_135679.html,L3-xdf,1,A,7,1,1,0,0,0,0,koolearn;xdf,1
situated,136457,https://www.koolearn.com/dict/wd_136457.html,L3-xdf,1,A,7,1,0,1,1,0,0,koolearn;xdf,1
skew,136598,https://www.koolearn.com/dict/wd_136598.html,L3-xdf,1,A,7,1,0,0,0,0,0,koolearn;xdf,1
slack,136884,https://www.koolearn.com/dict/wd_136884.html,L1-base-L2,1,A,7,0,0,0,0,1,2,koolearn,0
slash,136967,https://www.koolearn.com/dict/wd_136967.html,L3-xdf,1,A,7,0,0,0,0,0,0,koolearn;xdf,1
slumber,137474,https://www.koolearn.com/dict/wd_137474.html,L3-xdf,1,A,7,0,0,0,0,0,0,koolearn;xdf,1
slurry,137508,https://www.koolearn.com/dict/wd_137508.html,L3-xdf,1,A,7,2,0,0,0,0,0,koolearn;xdf,1
sluttish,137522,https://www.koolearn.com/dict/wd_137522.html,L3-xdf,1,A,7,0,0,0,0,0,0,koolearn;xdf,1
smother,137809,https://www.koolearn.com/dict/wd_137809.html,L1-base-L2,1,A,7,1,0,0,0,1,2,koolearn;xdf,1
snowboarding,138204,https://www.koolearn.com/dict/wd_138204.html,L2-listening,1,A,7,5,0,0,1,0,0,koolearn,0
soup,139415,https://www.koolearn.com/dict/wd_139415.html,L1-base-L2,1,A,7,1,1,0,0,1,2,koolearn,0
speaking,139839,https://www.koolearn.com/dict/wd_139839.html,L2-listening,1,A,7,6,0,0,0,0,0,koolearn,0
spoilage,140608,https://www.koolearn.com/dict/wd_140608.html,L2-listening,1,A,7,5,0,0,0,0,0,koolearn;xdf,1
sportsman,140778,https://www.koolearn.com/dict/wd_140778.html,L2-listening,1,A,7,6,0,0,0,0,0,koolearn,0
sportswear,140784,https://www.koolearn.com/dict/wd_140784.html,L2-listening,1,A,7,7,0,0,0,0,0,koolearn,0
stab,141301,https://www.koolearn.com/dict/wd_141301.html,L3-xdf,1,A,7,0,1,0,0,0,0,koolearn;xdf,1
stagger,141416,https://www.koolearn.com/dict/wd_141416.html,L1-base-L2,1,A,7,0,2,0,0,1,2,koolearn,0
stockpile,142794,https://www.koolearn.com/dict/wd_142794.html,L3-xdf,1,A,7,1,0,0,0,0,0,koolearn;xdf,1
straw,143282,https://www.koolearn.com/dict/wd_143282.html,L3-xdf,1,A,7,1,0,0,0,0,0,koolearn;xdf,1
studious,143777,https://www.koolearn.com/dict/wd_143777.html,L3-xdf,1,A,7,0,1,0,0,0,0,koolearn;xdf,1
subcommittee,144038,https://www.koolearn.com/dict/wd_144038.html,L2-listening,1,A,7,6,0,0,0,0,0,koolearn,0
subheading,144130,https://www.koolearn.com/dict/wd_144130.html,L2-listening,1,A,7,5,0,0,0,0,0,koolearn,0
suntan,145165,https://www.koolearn.com/dict/wd_145165.html,L2-listening,1,A,7,5,0,0,0,0,0,koolearn,0
superfluous,145258,https://www.koolearn.com/dict/wd_145258.html,L1-base-L2,1,A,7,0,0,0,0,1,2,koolearn,0
take action,147227,https://www.koolearn.com/dict/wd_147227.html,L2-writing,1,A,7,0,0,6,0,0,0,koolearn,0
tentative,149217,https://www.koolearn.com/dict/wd_149217.html,L1-base-L1,1,A,7,0,1,0,0,1,1,koolearn,0
thaw,149822,https://www.koolearn.com/dict/wd_149822.html,L1-base-L1,1,A,7,0,4,0,0,1,1,koolearn,0
thin,150518,https://www.koolearn.com/dict/wd_150518.html,L1-base-L1,1,A,7,1,1,0,2,1,1,koolearn,0
trinity,154891,https://www.koolearn.com/dict/wd_154891.html,L2-listening,1,A,7,7,0,0,0,0,0,koolearn,0
truce,155284,https://www.koolearn.com/dict/wd_155284.html,L3-xdf,1,A,7,0,0,0,0,0,0,koolearn;xdf,1
turmoil,155902,https://www.koolearn.com/dict/wd_155902.html,L1-base-L2,1,A,7,0,1,0,0,1,2,koolearn,0
unaware,156975,https://www.koolearn.com/dict/wd_156975.html,L3-xdf,1,A,7,4,0,0,0,0,0,koolearn;xdf,1
understandable,157693,https://www.koolearn.com/dict/wd_157693.html,L3-xdf,1,A,7,2,0,1,1,0,0,koolearn;xdf,1
unsatisfactory,159067,https://www.koolearn.com/dict/wd_159067.html,L3-xdf,1,A,7,1,0,0,2,0,0,koolearn;xdf,1
uphill,159738,https://www.koolearn.com/dict/wd_159738.html,L3-xdf,1,A,7,2,0,0,0,0,0,koolearn;xdf,1
use,160216,https://www.koolearn.com/dict/wd_160216.html,L1-base-L1,1,A,7,0,1,3,0,1,1,koolearn,0
vacuum cleaner,160472,https://www.koolearn.com/dict/wd_160472.html,L2-listening,1,A,7,6,0,0,0,0,0,koolearn,0
veil,161096,https://www.koolearn.com/dict/wd_161096.html,L3-xdf,1,A,7,2,0,0,0,0,0,koolearn;xdf,1
vengeance,161228,https://www.koolearn.com/dict/wd_161228.html,L1-base-L1,1,A,7,0,0,0,0,1,1,koolearn,0
vex,161686,https://www.koolearn.com/dict/wd_161686.html,L1-base-L1,1,A,7,0,0,0,0,1,1,koolearn,0
volcanic dust,162667,https://www.koolearn.com/dict/wd_162667.html,L2-listening,1,A,7,6,0,0,0,0,0,koolearn,0
volt,162716,https://www.koolearn.com/dict/wd_162716.html,L3-xdf,1,A,7,0,2,0,0,0,0,koolearn;xdf,1
wallet,163333,https://www.koolearn.com/dict/wd_163333.html,L1-base-L2,1,A,7,3,0,0,0,1,2,koolearn,0
washable,163677,https://www.koolearn.com/dict/wd_163677.html,L2-listening,1,A,7,5,0,0,0,0,0,koolearn,0
waterfront,163901,https://www.koolearn.com/dict/wd_163901.html,L3-xdf,1,A,7,1,0,0,0,0,0,koolearn;xdf,1
wean,164137,https://www.koolearn.com/dict/wd_164137.html,L3-xdf,1,A,7,1,1,0,0,0,0,koolearn;xdf,1
well-organized,164559,https://www.koolearn.com/dict/wd_164559.html,L2-listening,1,A,7,5,0,1,1,0,0,koolearn,0
yellow fever,167572,https://www.koolearn.com/dict/wd_167572.html,L2-listening,1,A,7,7,0,0,0,0,0,koolearn,0
yen,167611,https://www.koolearn.com/dict/wd_167611.html,L2-listening,1,A,7,7,0,0,0,0,0,koolearn,0
acknowledgement,1676,https://www.koolearn.com/dict/wd_1676.html,L2-listening,1,A,6,5,1,0,0,0,0,koolearn,0
admission card,2485,https://www.koolearn.com/dict/wd_2485.html,L2-listening,1,A,6,6,0,0,0,0,0,koolearn,0
alchemist,4280,https://www.koolearn.com/dict/wd_4280.html,L3-xdf,1,A,6,1,1,0,0,0,0,koolearn;xdf,1
amiable,5583,https://www.koolearn.com/dict/wd_5583.html,L1-base-L1,1,A,6,1,1,1,1,1,1,koolearn,0
and so forth,6277,https://www.koolearn.com/dict/wd_6277.html,L3-xdf,1,A,6,2,0,0,0,0,0,koolearn;xdf,1
Arctic Ocean,8681,https://www.koolearn.com/dict/wd_8681.html,L2-listening,1,A,6,5,0,0,0,0,0,koolearn,0
ascent,9617,https://www.koolearn.com/dict/wd_9617.html,L1-base-L2,1,A,6,0,1,0,0,1,2,koolearn,0
Atlantic Ocean,10720,https://www.koolearn.com/dict/wd_10720.html,L2-listening,1,A,6,5,0,0,0,0,0,koolearn,0
attainable,10897,https://www.koolearn.com/dict/wd_10897.html,L3-xdf,1,A,6,0,1,0,0,0,0,koolearn;xdf,1
audible,11097,https://www.koolearn.com/dict/wd_11097.html,L1-base-L2,1,A,6,0,1,0,0,1,2,koolearn,0
bankruptcy,13171,https://www.koolearn.com/dict/wd_13171.html,L3-xdf,1,A,6,0,0,0,0,0,0,koolearn;xdf,1
baron,13512,https://www.koolearn.com/dict/wd_13512.html,L3-xdf,1,A,6,0,0,0,0,0,0,koolearn;xdf,1
bathtub,13972,https://www.koolearn.com/dict/wd_13972.html,L2-listening,1,A,6,5,0,0,1,0,0,koolearn,0
beehive,15538,https://www.koolearn.com/dict/wd_15538.html,L3-xdf,1,A,6,1,0,0,0,0,0,koolearn;xdf,1
begin,15654,https://www.koolearn.com/dict/wd_15654.html,L1-base-L1,1,A,6,1,2,0,0,1,1,koolearn,0
Berlin,16271,https://www.koolearn.com/dict/wd_16271.html,L2-listening,1,A,6,5,0,0,0,0,0,koolearn,0
biometrics,17304,https://www.koolearn.com/dict/wd_17304.html,L3-xdf,1,A,6,1,0,0,0,0,0,koolearn;xdf,1
boarder,18708,https://www.koolearn.com/dict/wd_18708.html,L2-listening,1,A,6,5,0,0,0,0,0,koolearn,0
boulder,19778,https://www.koolearn.com/dict/wd_19778.html,L3-xdf,1,A,6,1,0,0,0,0,0,koolearn;xdf,1
bouquet,19843,https://www.koolearn.com/dict/wd_19843.html,L1-base-L2,1,A,6,0,1,0,3,1,2,koolearn,0
bring out,20996,https://www.koolearn.com/dict/wd_20996.html,L3-xdf,1,A,6,0,0,0,0,0,0,koolearn;xdf,1
brunt,21476,https://www.koolearn.com/dict/wd_21476.html,L3-xdf,1,A,6,1,0,0,0,0,0,koolearn;xdf,1
bureau,22190,https://www.koolearn.com/dict/wd_22190.html,L3-xdf,1,A,6,0,0,0,0,0,0,koolearn;xdf,1
business class,22476,https://www.koolearn.com/dict/wd_22476.html,L2-listening,1,A,6,6,0,0,0,0,0,koolearn,0
calibre,23446,https://www.koolearn.com/dict/wd_23446.html,L3-xdf,1,A,6,1,0,0,0,0,0,koolearn;xdf,1
cannon,24075,https://www.koolearn.com/dict/wd_24075.html,L1-base-L2,1,A,6,1,1,0,0,1,2,koolearn;xdf,1
careful,24769,https://www.koolearn.com/dict/wd_24769.html,L1-base-L1,1,A,6,0,0,0,0,1,1,koolearn,0
carrier,25035,https://www.koolearn.com/dict/wd_25035.html,L1-base-L1,1,A,6,0,0,0,0,1,1,koolearn,0
cassette recorder,25349,https://www.koolearn.com/dict/wd_25349.html,L2-listening,1,A,6,6,0,0,0,0,0,koolearn,0
chemist's,27595,https://www.koolearn.com/dict/wd_27595.html,L2-listening,1,A,6,6,0,0,0,0,0,koolearn,0
choke,28337,https://www.koolearn.com/dict/wd_28337.html,L1-base-L2,1,A,6,0,1,0,1,1,2,koolearn,0
churn,28822,https://www.koolearn.com/dict/wd_28822.html,L3-xdf,1,A,6,0,2,0,0,0,0,koolearn;xdf,1
cicada,28872,https://www.koolearn.com/dict/wd_28872.html,L2-listening,1,A,6,6,0,0,0,0,0,koolearn,0
circumference,29103,https://www.koolearn.com/dict/wd_29103.html,L1-base-L2,1,A,6,0,0,0,0,1,2,koolearn,0
clench,29766,https://www.koolearn.com/dict/wd_29766.html,L1-base-L2,1,A,6,1,0,0,0,1,2,koolearn;xdf,1
clot,30162,https://www.koolearn.com/dict/wd_30162.html,L3-xdf,1,A,6,1,0,0,0,0,0,koolearn;xdf,1
coffer,30919,https://www.koolearn.com/dict/wd_30919.html,L3-xdf,1,A,6,0,0,0,0,0,0,koolearn;xdf,1
cola,31086,https://www.koolearn.com/dict/wd_31086.html,L2-listening,1,A,6,5,0,0,0,0,0,koolearn,0
commonsense,32089,https://www.koolearn.com/dict/wd_32089.html,L2-listening,1,A,6,5,0,0,0,0,0,koolearn,0
compendium,32284,https://www.koolearn.com/dict/wd_32284.html,L3-xdf,1,A,6,1,0,0,0,0,0,koolearn;xdf,1
conduce,32954,https://www.koolearn.com/dict/wd_32954.html,L3-xdf,1,A,6,1,0,0,0,0,0,koolearn;xdf,1
congest,33223,https://www.koolearn.com/dict/wd_33223.html,L1-base-L2,1,A,6,0,3,0,0,1,2,koolearn,0
congratulate,33244,https://www.koolearn.com/dict/wd_33244.html,L3-xdf,1,A,6,0,0,0,0,0,0,koolearn;xdf,1
congregate,33255,https://www.koolearn.com/dict/wd_33255.html,L1-base-L1,1,A,6,1,0,0,0,1,1,koolearn,0
consolidation,33594,https://www.koolearn.com/dict/wd_33594.html,L3-xdf,1,A,6,1,0,0,0,0,0,koolearn;xdf,1
consortium,33609,https://www.koolearn.com/dict/wd_33609.html,L3-xdf,1,A,6,1,0,0,0,0,0,koolearn;xdf,1
contemptible,33851,https://www.koolearn.com/dict/wd_33851.html,L1-base-L2,1,A,6,0,0,2,0,1,2,koolearn,0
coworker,35923,https://www.koolearn.com/dict/wd_35923.html,L2-writing,1,A,6,0,1,5,0,0,0,koolearn,0
crave,36237,https://www.koolearn.com/dict/wd_36237.html,L1-base-L1,1,A,6,0,1,0,1,1,1,koolearn,0
crazy,36285,https://www.koolearn.com/dict/wd_36285.html,L1-base-L1,1,A,6,0,1,0,0,1,1,koolearn,0
crescent,36506,https://www.koolearn.com/dict/wd_36506.html,L3-xdf,1,A,6,2,0,0,0,0,0,koolearn;xdf,1
dealer,39369,https://www.koolearn.com/dict/wd_39369.html,L3-xdf,1,A,6,0,0,0,0,0,0,koolearn;xdf,1
demerit,40767,https://www.koolearn.com/dict/wd_40767.html,L3-xdf,1,A,6,1,0,2,0,0,0,koolearn;xdf,1
devil,42056,https://www.koolearn.com/dict/wd_42056.html,L1-base-L2,1,A,6,0,0,0,0,1,2,koolearn,0
dietary habit,42655,https://www.koolearn.com/dict/wd_42655.html,L2-writing,1,A,6,0,0,5,0,0,0,koolearn,0
dimple,42989,https://www.koolearn.com/dict/wd_42989.html,L2-listening,1,A,6,5,0,0,0,0,0,koolearn,0
disappoint,43412,https://www.koolearn.com/dict/wd_43412.html,L1-base-L1,1,A,6,0,2,0,0,1,1,koolearn,0
discerning,43515,https://www.koolearn.com/dict/wd_43515.html,L3-xdf,1,A,6,3,0,0,0,0,0,koolearn;xdf,1
disparage,44056,https://www.koolearn.com/dict/wd_44056.html,L3-xdf,1,A,6,0,0,0,1,0,0,koolearn;xdf,1
dispenser,44089,https://www.koolearn.com/dict/wd_44089.html,L3-xdf,1,A,6,1,0,0,0,0,0,koolearn;xdf,1
disproportionate,44173,https://www.koolearn.com/dict/wd_44173.html,L2-reading,1,A,6,0,5,0,0,0,0,koolearn,0
dissatisfied,44242,https://www.koolearn.com/dict/wd_44242.html,L3-xdf,1,A,6,2,0,0,0,0,0,koolearn;xdf,1
dorm,45482,https://www.koolearn.com/dict/wd_45482.html,L3-xdf,1,A,6,1,0,0,0,0,0,koolearn;xdf,1
droplet,46574,https://www.koolearn.com/dict/wd_46574.html,L3-xdf,1,A,6,0,0,0,0,0,0,koolearn;xdf,1
dwarf,47297,https://www.koolearn.com/dict/wd_47297.html,L1-base-L1,1,A,6,0,0,0,0,1,1,koolearn,0
dystrophy,47459,https://www.koolearn.com/dict/wd_47459.html,L3-xdf,1,A,6,1,0,0,0,0,0,koolearn;xdf,1
earthworm,47631,https://www.koolearn.com/dict/wd_47631.html,L3-xdf,1,A,6,1,0,0,0,0,0,koolearn;xdf,1
easy-going,47704,https://www.koolearn.com/dict/wd_47704.html,L3-xdf,1,A,6,1,0,0,1,0,0,koolearn;xdf,1
ecologist,47908,https://www.koolearn.com/dict/wd_47908.html,L2-reading,1,A,6,0,5,0,0,0,0,koolearn,0
elicitation,48930,https://www.koolearn.com/dict/wd_48930.html,L3-xdf,1,A,6,0,1,0,0,0,0,koolearn;xdf,1
engender,50227,https://www.koolearn.com/dict/wd_50227.html,L1-base-L3,1,A,6,0,3,3,0,1,3,koolearn,0
entrance hall,50756,https://www.koolearn.com/dict/wd_50756.html,L2-listening,1,A,6,5,0,0,0,0,0,koolearn,0
epitomise,51201,https://www.koolearn.com/dict/wd_51201.html,L3-xdf,1,A,6,1,0,0,0,0,0,koolearn;xdf,1
exhaustible,53115,https://www.koolearn.com/dict/wd_53115.html,L3-xdf,1,A,6,0,1,0,0,0,0,koolearn;xdf,1
expend,53371,https://www.koolearn.com/dict/wd_53371.html,L1-base-L1,1,A,6,0,0,1,0,1,1,koolearn,0
extendable,53646,https://www.koolearn.com/dict/wd_53646.html,L3-xdf,1,A,6,3,0,0,0,0,0,koolearn;xdf,1
fallacy,54495,https://www.koolearn.com/dict/wd_54495.html,L1-base-L2,1,A,6,0,1,0,0,1,2,koolearn,0
falsehood,54549,https://www.koolearn.com/dict/wd_54549.html,L1-base-L1,1,A,6,0,0,0,0,1,1,koolearn,0
flimsy,57695,https://www.koolearn.com/dict/wd_57695.html,L1-base-L3,1,A,6,0,3,0,0,1,3,koolearn,0
fond,58511,https://www.koolearn.com/dict/wd_58511.html,L1-base-L2,1,A,6,0,1,0,0,1,2,koolearn,0
forget,59123,https://www.koolearn.com/dict/wd_59123.html,L1-base-L1,1,A,6,1,0,0,0,1,1,koolearn,0
fraudulent,59758,https://www.koolearn.com/dict/wd_59758.html,L2-writing,1,A,6,0,0,5,0,0,0,koolearn,0
frock,60270,https://www.koolearn.com/dict/wd_60270.html,L3-xdf,1,A,6,1,0,0,0,0,0,koolearn;xdf,1
fusion,61085,https://www.koolearn.com/dict/wd_61085.html,L3-xdf,1,A,6,1,0,0,0,0,0,koolearn;xdf,1
generalist,62448,https://www.koolearn.com/dict/wd_62448.html,L2-writing,1,A,6,0,1,5,1,0,0,koolearn,0
greenbelt,65859,https://www.koolearn.com/dict/wd_65859.html,L2-listening,1,A,6,5,0,0,0,0,0,koolearn,0
grope,66202,https://www.koolearn.com/dict/wd_66202.html,L1-base-L2,1,A,6,0,0,0,0,1,2,koolearn;xdf,1
harridan,68354,https://www.koolearn.com/dict/wd_68354.html,L3-xdf,1,A,6,1,0,0,0,0,0,koolearn;xdf,1
hassle,68461,https://www.koolearn.com/dict/wd_68461.html,L3-xdf,1,A,6,1,1,0,0,0,0,koolearn;xdf,1
healing,69112,https://www.koolearn.com/dict/wd_69112.html,L3-xdf,1,A,6,0,1,0,0,0,0,koolearn;xdf,1
heartless,69226,https://www.koolearn.com/dict/wd_69226.html,L3-xdf,1,A,6,0,0,0,0,0,0,koolearn;xdf,1
heaven,69296,https://www.koolearn.com/dict/wd_69296.html,L1-base-L1,1,A,6,0,0,0,0,1,1,koolearn,0
herdsman,70045,https://www.koolearn.com/dict/wd_70045.html,L3-xdf,1,A,6,1,0,0,0,0,0,koolearn;xdf,1
higher,70649,https://www.koolearn.com/dict/wd_70649.html,L2-listening,1,A,6,5,0,0,0,0,0,koolearn,0
hippo,70853,https://www.koolearn.com/dict/wd_70853.html,L2-listening,1,A,6,6,0,0,0,0,0,koolearn,0
hotline,72271,https://www.koolearn.com/dict/wd_72271.html,L2-listening,1,A,6,6,0,0,0,0,0,koolearn,0
huddle,72560,https://www.koolearn.com/dict/wd_72560.html,L3-xdf,1,A,6,0,0,0,0,0,0,koolearn;xdf,1
hypocrite,73516,https://www.koolearn.com/dict/wd_73516.html,L1-base-L2,1,A,6,0,1,0,0,1,2,koolearn,0
incomplete,76320,https://www.koolearn.com/dict/wd_76320.html,L1-base-L1,1,A,6,1,2,0,0,1,1,koolearn,0
inferential,77111,https://www.koolearn.com/dict/wd_77111.html,L3-xdf,1,A,6,1,0,0,0,0,0,koolearn;xdf,1
inmate,77630,https://www.koolearn.com/dict/wd_77630.html,L1-base-L3,1,A,6,0,0,2,1,1,3,koolearn,0
instil,78059,https://www.koolearn.com/dict/wd_78059.html,L3-xdf,1,A,6,0,0,2,0,0,0,koolearn;xdf,1
insularity,78135,https://www.koolearn.com/dict/wd_78135.html,L3-xdf,1,A,6,0,0,0,0,0,0,koolearn;xdf,1
interplay,78751,https://www.koolearn.com/dict/wd_78751.html,L3-xdf,1,A,6,1,0,0,0,0,0,koolearn;xdf,1
intimacy,78941,https://www.koolearn.com/dict/wd_78941.html,L1-base-L1,1,A,6,0,2,0,0,1,1,koolearn,0
inversion,79260,https://www.koolearn.com/dict/wd_79260.html,L3-xdf,1,A,6,1,0,0,0,0,0,koolearn;xdf,1
iris,79570,https://www.koolearn.com/dict/wd_79570.html,L3-xdf,1,A,6,1,0,0,0,0,0,koolearn;xdf,1
irregularity,79678,https://www.koolearn.com/dict/wd_79678.html,L3-xdf,1,A,6,1,0,0,0,0,0,koolearn;xdf,1
isle,79833,https://www.koolearn.com/dict/wd_79833.html,L3-xdf,1,A,6,0,0,0,0,0,0,koolearn;xdf,1
jeopardy,80716,https://www.koolearn.com/dict/wd_80716.html,L1-base-L2,1,A,6,0,0,1,0,1,2,koolearn,0
jostle,81260,https://www.koolearn.com/dict/wd_81260.html,L3-xdf,1,A,6,1,0,0,0,0,0,koolearn;xdf,1
joy,81325,https://www.koolearn.com/dict/wd_81325.html,L1-base-L1,1,A,6,0,0,0,1,1,1,koolearn,0
keyword,82610,https://www.koolearn.com/dict/wd_82610.html,L2-listening,1,A,6,6,0,0,0,0,0,koolearn,0
kilocalorie,82824,https://www.koolearn.com/dict/wd_82824.html,L2-listening,1,A,6,5,0,0,0,0,0,koolearn,0
kingdom,82943,https://www.koolearn.com/dict/wd_82943.html,L1-base-L1,1,A,6,0,1,0,0,1,1,koolearn,0
lament,84231,https://www.koolearn.com/dict/wd_84231.html,L1-base-L1,1,A,6,0,1,0,0,1,1,koolearn,0
lie,86600,https://www.koolearn.com/dict/wd_86600.html,L1-base-L2,1,A,6,1,0,0,0,1,2,koolearn,0
loan period,87862,https://www.koolearn.com/dict/wd_87862.html,L2-listening,1,A,6,6,0,0,0,0,0,koolearn,0
London,88282,https://www.koolearn.com/dict/wd_88282.html,L2-listening,1,A,6,6,0,0,0,0,0,koolearn,0
lookout,88529,https://www.koolearn.com/dict/wd_88529.html,L2-listening,1,A,6,5,0,0,0,0,0,koolearn,0
loom,88532,https://www.koolearn.com/dict/wd_88532.html,L1-base-L2,1,A,6,0,0,1,0,1,2,koolearn,0
manor,91318,https://www.koolearn.com/dict/wd_91318.html,L3-xdf,1,A,6,1,0,0,0,0,0,koolearn;xdf,1
mantis,91361,https://www.koolearn.com/dict/wd_91361.html,L2-listening,1,A,6,5,0,0,0,0,0,koolearn,0
memorandum,93303,https://www.koolearn.com/dict/wd_93303.html,L3-xdf,1,A,6,0,0,0,0,0,0,koolearn;xdf,1
microprocessor,94391,https://www.koolearn.com/dict/wd_94391.html,L3-xdf,1,A,6,1,0,0,1,0,0,koolearn;xdf,1
mindset,94938,https://www.koolearn.com/dict/wd_94938.html,L2-writing,1,A,6,0,0,5,0,0,0,koolearn,0
miscellaneous,95343,https://www.koolearn.com/dict/wd_95343.html,L1-base-L1,1,A,6,0,0,0,0,1,1,koolearn;xdf,1
modular,96096,https://www.koolearn.com/dict/wd_96096.html,L2-listening,1,A,6,5,0,0,0,0,0,koolearn,0
monograph,96594,https://www.koolearn.com/dict/wd_96594.html,L1-base-L3,1,A,6,0,3,0,0,1,3,koolearn,0
mop,96878,https://www.koolearn.com/dict/wd_96878.html,L2-listening,1,A,6,5,0,0,0,0,0,koolearn,0
motivational,97306,https://www.koolearn.com/dict/wd_97306.html,L3-xdf,1,A,6,2,1,0,0,0,0,koolearn;xdf,1
near,99514,https://www.koolearn.com/dict/wd_99514.html,L1-base-L1,1,A,6,1,0,0,0,1,1,koolearn,0
neighborhood,99785,https://www.koolearn.com/dict/wd_99785.html,L1-base-L1,1,A,6,1,0,0,0,1,1,koolearn,0
notation,102011,https://www.koolearn.com/dict/wd_102011.html,L1-base-L2,1,A,6,0,2,0,0,1,2,koolearn,0
oath,102647,https://www.koolearn.com/dict/wd_102647.html,L1-base-L1,1,A,6,0,1,0,0,1,1,koolearn,0
obliterate,102773,https://www.koolearn.com/dict/wd_102773.html,L1-base-L3,1,A,6,0,1,1,0,1,3,koolearn,0
obstinate,102886,https://www.koolearn.com/dict/wd_102886.html,L1-base-L1,1,A,6,0,1,0,0,1,1,koolearn,0
opening,104726,https://www.koolearn.com/dict/wd_104726.html,L1-base-L1,1,A,6,0,0,0,0,1,1,koolearn,0
optometrist,104993,https://www.koolearn.com/dict/wd_104993.html,L3-xdf,1,A,6,0,0,0,0,0,0,koolearn;xdf,1
orientation meeting,105314,https://www.koolearn.com/dict/wd_105314.html,L3-xdf,1,A,6,4,0,0,0,0,0,koolearn;xdf,1
orthography,105498,https://www.koolearn.com/dict/wd_105498.html,L1-base-L3,1,A,6,0,3,0,0,1,3,koolearn,0
outdo,106067,https://www.koolearn.com/dict/wd_106067.html,L3-xdf,1,A,6,1,0,0,1,0,0,koolearn;xdf,1
outspoken,106357,https://www.koolearn.com/dict/wd_106357.html,L1-base-L3,1,A,6,0,0,0,0,1,3,koolearn,0
outward,106416,https://www.koolearn.com/dict/wd_106416.html,L3-xdf,1,A,6,0,1,0,0,0,0,koolearn;xdf,1
overbearing,106548,https://www.koolearn.com/dict/wd_106548.html,L1-base-L2,1,A,6,0,4,1,1,1,2,koolearn,0
overlie,106854,https://www.koolearn.com/dict/wd_106854.html,L3-xdf,1,A,6,0,1,0,0,0,0,koolearn;xdf,1
overthrow,107126,https://www.koolearn.com/dict/wd_107126.html,L1-base-L1,1,A,6,0,0,0,0,1,1,koolearn,0
oxide,107323,https://www.koolearn.com/dict/wd_107323.html,L3-xdf,1,A,6,1,0,0,0,0,0,koolearn;xdf,1
pant,108208,https://www.koolearn.com/dict/wd_108208.html,L1-base-L2,1,A,6,0,2,0,0,1,2,koolearn,0
pardon,108666,https://www.koolearn.com/dict/wd_108666.html,L3-xdf,1,A,6,1,0,0,0,0,0,koolearn;xdf,1
pence,110271,https://www.koolearn.com/dict/wd_110271.html,L2-listening,1,A,6,5,0,0,0,0,0,koolearn,0
petition,111383,https://www.koolearn.com/dict/wd_111383.html,L1-base-L1,1,A,6,0,0,0,0,1,1,koolearn,0
petty,111468,https://www.koolearn.com/dict/wd_111468.html,L1-base-L1,1,A,6,0,0,0,0,1,1,koolearn,0
photoperiodism,112037,https://www.koolearn.com/dict/wd_112037.html,L2-reading,1,A,6,0,5,0,0,0,0,koolearn,0
popularize,115299,https://www.koolearn.com/dict/wd_115299.html,L3-xdf,1,A,6,0,0,0,0,0,0,koolearn;xdf,1
preach,116274,https://www.koolearn.com/dict/wd_116274.html,L1-base-L1,1,A,6,0,1,0,0,1,1,koolearn,0
predispose,116525,https://www.koolearn.com/dict/wd_116525.html,L3-xdf,1,A,6,1,0,0,0,0,0,koolearn;xdf,1
prefabricate,116578,https://www.koolearn.com/dict/wd_116578.html,L3-xdf,1,A,6,0,0,0,0,0,0,koolearn;xdf,1
professionally,117962,https://www.koolearn.com/dict/wd_117962.html,L2-listening,1,A,6,5,0,0,1,0,0,koolearn,0
propellant,118345,https://www.koolearn.com/dict/wd_118345.html,L3-xdf,1,A,6,0,0,0,0,0,0,koolearn;xdf,1
raid,121525,https://www.koolearn.com/dict/wd_121525.html,L1-base-L1,1,A,6,0,0,0,0,1,1,koolearn,0
recite,122951,https://www.koolearn.com/dict/wd_122951.html,L1-base-L1,1,A,6,0,1,0,1,1,1,koolearn,0
recollect,123027,https://www.koolearn.com/dict/wd_123027.html,L1-base-L2,1,A,6,0,1,0,0,1,2,koolearn,0
regularity,124164,https://www.koolearn.com/dict/wd_124164.html,L3-xdf,1,A,6,3,0,0,0,0,0,koolearn;xdf,1
rejoice,124389,https://www.koolearn.com/dict/wd_124389.html,L1-base-L1,1,A,6,0,0,0,1,1,1,koolearn,0
replica,125136,https://www.koolearn.com/dict/wd_125136.html,L1-base-L2,1,A,6,3,1,0,0,1,2,koolearn,0
resolute,125657,https://www.koolearn.com/dict/wd_125657.html,L1-base-L1,1,A,6,0,1,0,0,1,1,koolearn,0
rot,128180,https://www.koolearn.com/dict/wd_128180.html,L3-xdf,1,A,6,0,0,0,0,0,0,koolearn;xdf,1
rude,128652,https://www.koolearn.com/dict/wd_128652.html,L3-xdf,1,A,6,0,0,0,0,0,0,koolearn;xdf,1
shin,134651,https://www.koolearn.com/dict/wd_134651.html,L3-xdf,1,A,6,0,0,0,0,0,0,koolearn;xdf,1
short-term,135037,https://www.koolearn.com/dict/wd_135037.html,L3-xdf,1,A,6,1,0,0,0,0,0,koolearn;xdf,1
silkworm,135917,https://www.koolearn.com/dict/wd_135917.html,L2-listening,1,A,6,5,1,0,0,0,0,koolearn,0
skillful,136660,https://www.koolearn.com/dict/wd_136660.html,L1-base-L1,1,A,6,0,0,0,3,1,1,koolearn,0
slouch,137388,https://www.koolearn.com/dict/wd_137388.html,L3-xdf,1,A,6,0,0,0,0,0,0,koolearn;xdf,1
slump,137489,https://www.koolearn.com/dict/wd_137489.html,L3-xdf,1,A,6,1,0,0,0,0,0,koolearn;xdf,1
smuggle,137834,https://www.koolearn.com/dict/wd_137834.html,L1-base-L2,1,A,6,0,1,0,0,1,2,koolearn,0
sore throat,139242,https://www.koolearn.com/dict/wd_139242.html,L2-listening,1,A,6,5,0,0,0,0,0,koolearn,0
spa,139562,https://www.koolearn.com/dict/wd_139562.html,L2-listening,1,A,6,5,0,0,0,0,0,koolearn,0
space race,139581,https://www.koolearn.com/dict/wd_139581.html,L2-writing,1,A,6,0,0,5,0,0,0,koolearn,0
spire,140407,https://www.koolearn.com/dict/wd_140407.html,L2-listening,1,A,6,5,0,0,0,0,0,koolearn,0
splint,140549,https://www.koolearn.com/dict/wd_140549.html,L3-xdf,1,A,6,1,0,0,0,0,0,koolearn;xdf,1
sporadic,140718,https://www.koolearn.com/dict/wd_140718.html,L1-base-L2,1,A,6,0,0,0,0,1,2,koolearn,0
stagnate,141437,https://www.koolearn.com/dict/wd_141437.html,L3-xdf,1,A,6,1,0,0,0,0,0,koolearn;xdf,1
stray,143296,https://www.koolearn.com/dict/wd_143296.html,L1-base-L1,1,A,6,1,1,0,0,1,1,koolearn,0
stupid,143866,https://www.koolearn.com/dict/wd_143866.html,L1-base-L1,1,A,6,0,0,0,0,1,1,koolearn,0
sunglasses,145110,https://www.koolearn.com/dict/wd_145110.html,L2-listening,1,A,6,5,0,0,0,0,0,koolearn,0
suppression,145534,https://www.koolearn.com/dict/wd_145534.html,L3-xdf,1,A,6,1,0,1,0,0,0,koolearn;xdf,1
sweet,146136,https://www.koolearn.com/dict/wd_146136.html,L1-base-L2,1,A,6,0,0,0,1,1,2,koolearn,0
Sydney,146432,https://www.koolearn.com/dict/wd_146432.html,L2-listening,1,A,6,5,0,0,0,0,0,koolearn,0
symmetry,146509,https://www.koolearn.com/dict/wd_146509.html,L1-base-L2,1,A,6,0,1,0,0,1,2,koolearn,0
synchronize,146600,https://www.koolearn.com/dict/wd_146600.html,L1-base-L3,1,A,6,0,0,0,0,1,3,koolearn,0
synonym,146692,https://www.koolearn.com/dict/wd_146692.html,L1-base-L3,1,A,6,0,0,0,0,1,3,koolearn,0
taper,147916,https://www.koolearn.com/dict/wd_147916.html,L1-base-L2,1,A,6,0,3,0,0,1,2,koolearn,0
tidy,151267,https://www.koolearn.com/dict/wd_151267.html,L1-base-L2,1,A,6,0,1,0,2,1,2,koolearn,0
touring,153364,https://www.koolearn.com/dict/wd_153364.html,L2-listening,1,A,6,6,0,0,0,0,0,koolearn,0
translucent,154121,https://www.koolearn.com/dict/wd_154121.html,L1-base-L3,1,A,6,0,1,0,0,1,3,koolearn,0
tug,155640,https://www.koolearn.com/dict/wd_155640.html,L3-xdf,1,A,6,0,0,0,0,0,0,koolearn;xdf,1
ulcer,156636,https://www.koolearn.com/dict/wd_156636.html,L2-listening,1,A,6,5,0,0,0,0,0,koolearn,0
uphold,159741,https://www.koolearn.com/dict/wd_159741.html,L1-base-L1,1,A,6,0,0,0,1,1,1,koolearn,0
urbane,159997,https://www.koolearn.com/dict/wd_159997.html,L1-base-L2,1,A,6,0,0,0,2,1,2,koolearn,0
veracity,161344,https://www.koolearn.com/dict/wd_161344.html,L1-base-L1,1,A,6,0,4,0,0,1,1,koolearn,0
verge,161416,https://www.koolearn.com/dict/wd_161416.html,L1-base-L1,1,A,6,0,0,0,0,1,1,koolearn,0
vindicate,162065,https://www.koolearn.com/dict/wd_162065.html,L1-base-L2,1,A,6,0,0,0,0,1,2,koolearn,0
virtual world,162245,https://www.koolearn.com/dict/wd_162245.html,L2-writing,1,A,6,0,0,5,1,0,0,koolearn,0
water mill,163837,https://www.koolearn.com/dict/wd_163837.html,L2-listening,1,A,6,5,0,0,0,0,0,koolearn,0
wield,165451,https://www.koolearn.com/dict/wd_165451.html,L1-base-L2,1,A,6,0,1,0,0,1,2,koolearn,0
withdrawn,166158,https://www.koolearn.com/dict/wd_166158.html,L1-base-L3,1,A,6,0,0,0,1,1,3,koolearn,0
yearn,167534,https://www.koolearn.com/dict/wd_167534.html,L1-base-L2,1,A,6,0,0,1,0,1,2,koolearn,0
abbreviate,476,https://www.koolearn.com/dict/wd_476.html,L1-base-L1,1,A,5,1,0,0,0,1,1,koolearn,0
abode,667,https://www.koolearn.com/dict/wd_667.html,L3-xdf,1,A,5,1,0,0,0,0,0,koolearn;xdf,1
absent-minded,850,https://www.koolearn.com/dict/wd_850.html,L1-base-L1,1,A,5,0,0,0,0,1,1,koolearn,0
accord,1290,https://www.koolearn.com/dict/wd_1290.html,L1-base-L3,1,A,5,0,0,0,1,1,3,koolearn,0
admission office,2487,https://www.koolearn.com/dict/wd_2487.html,L2-listening,1,A,5,5,0,0,0,0,0,koolearn,0
aeration,2866,https://www.koolearn.com/dict/wd_2866.html,L3-xdf,1,A,5,1,0,0,0,0,0,koolearn;xdf,1
aerospace,2965,https://www.koolearn.com/dict/wd_2965.html,L3-xdf,1,A,5,0,0,0,0,0,0,koolearn;xdf,1
again,3266,https://www.koolearn.com/dict/wd_3266.html,L1-base-L1,1,A,5,0,0,0,0,1,1,koolearn,0
agree,3577,https://www.koolearn.com/dict/wd_3577.html,L1-base-L2,1,A,5,0,1,0,0,1,2,koolearn,0
alignment,4524,https://www.koolearn.com/dict/wd_4524.html,L3-xdf,1,A,5,0,0,0,0,0,0,koolearn;xdf,1
allot,4911,https://www.koolearn.com/dict/wd_4911.html,L1-base-L1,1,A,5,0,1,0,0,1,1,koolearn,0
allude,4964,https://www.koolearn.com/dict/wd_4964.html,L1-base-L2,1,A,5,0,1,0,0,1,2,koolearn,0
amid,5596,https://www.koolearn.com/dict/wd_5596.html,L1-base-L1,1,A,5,0,0,0,0,1,1,koolearn,0
amoral,5730,https://www.koolearn.com/dict/wd_5730.html,L1-base-L2,1,A,5,0,1,0,0,1,2,koolearn,0
annihilate,6771,https://www.koolearn.com/dict/wd_6771.html,L1-base-L2,1,A,5,0,0,0,0,1,2,koolearn,0
auspicious,11268,https://www.koolearn.com/dict/wd_11268.html,L1-base-L2,1,A,5,0,0,1,2,1,2,koolearn,0
authenticate,11311,https://www.koolearn.com/dict/wd_11311.html,L3-xdf,1,A,5,0,0,0,0,0,0,koolearn;xdf,1
authorise,11326,https://www.koolearn.com/dict/wd_11326.html,L3-xdf,1,A,5,0,0,0,0,0,0,koolearn;xdf,1
autograph,11441,https://www.koolearn.com/dict/wd_11441.html,L1-base-L3,1,A,5,2,0,0,2,1,3,koolearn,0
avarice,11648,https://www.koolearn.com/dict/wd_11648.html,L1-base-L3,1,A,5,0,0,0,0,1,3,koolearn,0
awe,11852,https://www.koolearn.com/dict/wd_11852.html,L1-base-L1,1,A,5,0,2,0,0,1,1,koolearn,0
bawdry,14107,https://www.koolearn.com/dict/wd_14107.html,L1-base-L2,1,A,5,0,0,0,0,1,2,koolearn,0
bed linen,15370,https://www.koolearn.com/dict/wd_15370.html,L2-listening,1,A,5,5,0,0,0,0,0,koolearn,0
besiege,16351,https://www.koolearn.com/dict/wd_16351.html,L1-base-L1,1,A,5,0,3,0,0,1,1,koolearn,0
bestow,16433,https://www.koolearn.com/dict/wd_16433.html,L1-base-L1,1,A,5,0,2,0,1,1,1,koolearn,0
bistro,17551,https://www.koolearn.com/dict/wd_17551.html,L3-xdf,1,A,5,2,0,0,0,0,0,koolearn;xdf,1
bungle,22103,https://www.koolearn.com/dict/wd_22103.html,L2-reading,1,A,5,0,5,0,0,0,0,koolearn,0
business trip,22513,https://www.koolearn.com/dict/wd_22513.html,L2-listening,1,A,5,5,0,0,0,0,0,koolearn,0
bustle,22554,https://www.koolearn.com/dict/wd_22554.html,L1-base-L1,1,A,5,0,0,0,1,1,1,koolearn,0
camper,23829,https://www.koolearn.com/dict/wd_23829.html,L3-xdf,1,A,5,1,1,0,1,0,0,koolearn;xdf,1
canon,24112,https://www.koolearn.com/dict/wd_24112.html,L1-base-L2,1,A,5,0,0,0,2,1,2,koolearn,0
cardinal,24690,https://www.koolearn.com/dict/wd_24690.html,L1-base-L2,1,A,5,0,0,0,0,1,2,koolearn,0
centennial,26291,https://www.koolearn.com/dict/wd_26291.html,L3-xdf,1,A,5,0,0,0,0,0,0,koolearn;xdf,1
chink,28081,https://www.koolearn.com/dict/wd_28081.html,L3-xdf,1,A,5,1,0,0,0,0,0,koolearn;xdf,1
cinematography,28988,https://www.koolearn.com/dict/wd_28988.html,L3-xdf,1,A,5,0,0,0,1,0,0,koolearn;xdf,1
commend,31897,https://www.koolearn.com/dict/wd_31897.html,L1-base-L1,1,A,5,0,2,0,0,1,1,koolearn,0
compatriot,32273,https://www.koolearn.com/dict/wd_32273.html,L3-xdf,1,A,5,1,0,0,0,0,0,koolearn;xdf,1
complacent,32348,https://www.koolearn.com/dict/wd_32348.html,L1-base-L2,1,A,5,0,1,0,0,1,2,koolearn,0
computerize,32608,https://www.koolearn.com/dict/wd_32608.html,L3-xdf,1,A,5,0,0,0,0,0,0,koolearn;xdf,1
connotation,33413,https://www.koolearn.com/dict/wd_33413.html,L1-base-L2,1,A,5,0,0,0,0,1,2,koolearn,0
cosset,35229,https://www.koolearn.com/dict/wd_35229.html,L3-xdf,1,A,5,1,0,0,0,0,0,koolearn;xdf,1
courteous,35753,https://www.koolearn.com/dict/wd_35753.html,L1-base-L1,1,A,5,0,1,0,0,1,1,koolearn,0
cozy,35986,https://www.koolearn.com/dict/wd_35986.html,L1-base-L1,1,A,5,0,0,0,3,1,1,koolearn,0
crockery,36783,https://www.koolearn.com/dict/wd_36783.html,L3-xdf,1,A,5,0,0,0,0,0,0,koolearn;xdf,1
decapitate,39605,https://www.koolearn.com/dict/wd_39605.html,L3-xdf,1,A,5,1,0,0,0,0,0,koolearn;xdf,1
decouple,39905,https://www.koolearn.com/dict/wd_39905.html,L3-xdf,1,A,5,1,0,0,0,0,0,koolearn;xdf,1
defiance,40181,https://www.koolearn.com/dict/wd_40181.html,L1-base-L3,1,A,5,0,0,0,0,1,3,koolearn,0
denial,40977,https://www.koolearn.com/dict/wd_40977.html,L1-base-L1,1,A,5,0,0,0,0,1,1,koolearn,0
descent,41523,https://www.koolearn.com/dict/wd_41523.html,L1-base-L2,1,A,5,0,0,0,1,1,2,koolearn,0
disfigure,43783,https://www.koolearn.com/dict/wd_43783.html,L3-xdf,1,A,5,1,0,0,0,0,0,koolearn;xdf,1
disinterested,43923,https://www.koolearn.com/dict/wd_43923.html,L1-base-L2,1,A,5,0,0,0,0,1,2,koolearn,0
disorientate,44047,https://www.koolearn.com/dict/wd_44047.html,L3-xdf,1,A,5,0,0,0,0,0,0,koolearn;xdf,1
dispiriting,44106,https://www.koolearn.com/dict/wd_44106.html,L3-xdf,1,A,5,3,0,0,0,0,0,koolearn;xdf,1
divisional,44692,https://www.koolearn.com/dict/wd_44692.html,L3-xdf,1,A,5,1,0,0,0,0,0,koolearn;xdf,1
doctoral,44946,https://www.koolearn.com/dict/wd_44946.html,L3-xdf,1,A,5,0,0,0,0,0,0,koolearn;xdf,1
doctorate,44950,https://www.koolearn.com/dict/wd_44950.html,L3-xdf,1,A,5,1,0,0,0,0,0,koolearn;xdf,1
dormancy,45483,https://www.koolearn.com/dict/wd_45483.html,L3-xdf,1,A,5,1,0,0,0,0,0,koolearn;xdf,1
dragonfly,46043,https://www.koolearn.com/dict/wd_46043.html,L2-listening,1,A,5,5,0,0,0,0,0,koolearn,0
ecliptic,47886,https://www.koolearn.com/dict/wd_47886.html,L3-xdf,1,A,5,0,0,0,0,0,0,koolearn;xdf,1
economy class,47974,https://www.koolearn.com/dict/wd_47974.html,L2-listening,1,A,5,5,0,0,0,0,0,koolearn,0
embellish,49229,https://www.koolearn.com/dict/wd_49229.html,L1-base-L2,1,A,5,0,2,0,0,1,2,koolearn,0
emigrate,49443,https://www.koolearn.com/dict/wd_49443.html,L1-base-L1,1,A,5,1,0,0,0,1,1,koolearn,0
endorsement,50063,https://www.koolearn.com/dict/wd_50063.html,L1-base-L2,1,A,5,0,0,0,1,1,2,koolearn,0
endow,50092,https://www.koolearn.com/dict/wd_50092.html,L1-base-L1,1,A,5,0,1,0,0,1,1,koolearn,0
enhancer,50324,https://www.koolearn.com/dict/wd_50324.html,L3-xdf,1,A,5,2,0,0,0,0,0,koolearn;xdf,1
episodic,51150,https://www.koolearn.com/dict/wd_51150.html,L3-xdf,1,A,5,0,0,0,0,0,0,koolearn;xdf,1
excite,52863,https://www.koolearn.com/dict/wd_52863.html,L1-base-L1,1,A,5,0,1,0,0,1,1,koolearn,0
excreta,52928,https://www.koolearn.com/dict/wd_52928.html,L3-xdf,1,A,5,1,0,0,0,0,0,koolearn;xdf,1
exhilaration,53142,https://www.koolearn.com/dict/wd_53142.html,L3-xdf,1,A,5,0,0,0,0,0,0,koolearn;xdf,1
extinguisher,53736,https://www.koolearn.com/dict/wd_53736.html,L3-xdf,1,A,5,0,0,0,0,0,0,koolearn;xdf,1
eyedrops,53977,https://www.koolearn.com/dict/wd_53977.html,L2-listening,1,A,5,5,0,0,0,0,0,koolearn,0
fabrication,54074,https://www.koolearn.com/dict/wd_54074.html,L3-xdf,1,A,5,1,1,0,0,0,0,koolearn;xdf,1
famed,54582,https://www.koolearn.com/dict/wd_54582.html,L2-listening,1,A,5,5,0,0,0,0,0,koolearn,0
fascination,54930,https://www.koolearn.com/dict/wd_54930.html,L1-base-L2,1,A,5,0,0,1,2,1,2,koolearn,0
filth,56420,https://www.koolearn.com/dict/wd_56420.html,L1-base-L2,1,A,5,0,2,0,0,1,2,koolearn,0
final exam,56454,https://www.koolearn.com/dict/wd_56454.html,L2-listening,1,A,5,5,0,0,0,0,0,koolearn,0
fingerprint,56592,https://www.koolearn.com/dict/wd_56592.html,L3-xdf,1,A,5,0,0,0,0,0,0,koolearn;xdf,1
foetus,58329,https://www.koolearn.com/dict/wd_58329.html,L3-xdf,1,A,5,1,0,0,0,0,0,koolearn;xdf,1
Forbes,58825,https://www.koolearn.com/dict/wd_58825.html,L2-listening,1,A,5,5,0,0,0,0,0,koolearn,0
fort,59293,https://www.koolearn.com/dict/wd_59293.html,L1-base-L1,1,A,5,1,0,0,0,1,1,koolearn,0
frail,59621,https://www.koolearn.com/dict/wd_59621.html,L1-base-L1,1,A,5,0,0,0,0,1,1,koolearn,0
frenzy,60005,https://www.koolearn.com/dict/wd_60005.html,L1-base-L2,1,A,5,0,1,0,0,1,2,koolearn,0
furrow,61032,https://www.koolearn.com/dict/wd_61032.html,L1-base-L2,1,A,5,0,1,0,0,1,2,koolearn,0
gaunt,62119,https://www.koolearn.com/dict/wd_62119.html,L1-base-L2,1,A,5,0,1,0,0,1,2,koolearn,0
gender equality,62381,https://www.koolearn.com/dict/wd_62381.html,L2-writing,1,A,5,0,0,5,1,0,0,koolearn,0
generic,62480,https://www.koolearn.com/dict/wd_62480.html,L3-xdf,1,A,5,0,0,0,0,0,0,koolearn;xdf,1
geometric,62682,https://www.koolearn.com/dict/wd_62682.html,L3-xdf,1,A,5,0,0,0,0,0,0,koolearn;xdf,1
glutamate,64117,https://www.koolearn.com/dict/wd_64117.html,L3-xdf,1,A,5,2,0,0,0,0,0,koolearn;xdf,1
graduate school,65311,https://www.koolearn.com/dict/wd_65311.html,L2-listening,1,A,5,5,0,0,0,0,0,koolearn,0
groove,66194,https://www.koolearn.com/dict/wd_66194.html,L1-base-L2,1,A,5,0,0,1,2,1,2,koolearn,0
grumble,66431,https://www.koolearn.com/dict/wd_66431.html,L1-base-L1,1,A,5,0,0,0,0,1,1,koolearn,0
habitable,67112,https://www.koolearn.com/dict/wd_67112.html,L3-xdf,1,A,5,0,1,0,0,0,0,koolearn;xdf,1
hallowed,67565,https://www.koolearn.com/dict/wd_67565.html,L3-xdf,1,A,5,0,0,0,0,0,0,koolearn;xdf,1
hamlet,67675,https://www.koolearn.com/dict/wd_67675.html,L3-xdf,1,A,5,1,0,0,0,0,0,koolearn;xdf,1
hardy,68240,https://www.koolearn.com/dict/wd_68240.html,L1-base-L2,1,A,5,0,0,0,0,1,2,koolearn,0
haughty,68550,https://www.koolearn.com/dict/wd_68550.html,L1-base-L2,1,A,5,0,1,0,1,1,2,koolearn,0
heed,69433,https://www.koolearn.com/dict/wd_69433.html,L1-base-L1,1,A,5,0,0,0,0,1,1,koolearn,0
helix,69600,https://www.koolearn.com/dict/wd_69600.html,L3-xdf,1,A,5,1,0,0,0,0,0,koolearn;xdf,1
highland,70667,https://www.koolearn.com/dict/wd_70667.html,L3-xdf,1,A,5,0,0,0,0,0,0,koolearn;xdf,1
horrify,72045,https://www.koolearn.com/dict/wd_72045.html,L1-base-L2,1,A,5,1,0,0,0,1,2,koolearn;xdf,1
hose,72128,https://www.koolearn.com/dict/wd_72128.html,L3-xdf,1,A,5,1,0,0,0,0,0,koolearn;xdf,1
humour,72772,https://www.koolearn.com/dict/wd_72772.html,L3-xdf,1,A,5,1,1,0,0,0,0,koolearn;xdf,1
hustle,72964,https://www.koolearn.com/dict/wd_72964.html,L1-base-L2,1,A,5,0,0,1,2,1,2,koolearn,0
idiot,74015,https://www.koolearn.com/dict/wd_74015.html,L1-base-L1,1,A,5,0,0,0,0,1,1,koolearn,0
imaginary,74377,https://www.koolearn.com/dict/wd_74377.html,L1-base-L2,1,A,5,0,0,0,0,1,2,koolearn,0
immortal,74570,https://www.koolearn.com/dict/wd_74570.html,L1-base-L1,1,A,5,0,0,0,0,1,1,koolearn,0
inflammable,77198,https://www.koolearn.com/dict/wd_77198.html,L3-xdf,1,A,5,1,0,0,0,0,0,koolearn;xdf,1
inflammation,77199,https://www.koolearn.com/dict/wd_77199.html,L1-base-L2,1,A,5,0,0,0,0,1,2,koolearn,0
instrumental,78107,https://www.koolearn.com/dict/wd_78107.html,L3-xdf,1,A,5,0,1,0,0,0,0,koolearn;xdf,1
irresponsible,79714,https://www.koolearn.com/dict/wd_79714.html,L1-base-L1,1,A,5,0,0,1,1,1,1,koolearn,0
job fair,81012,https://www.koolearn.com/dict/wd_81012.html,L2-listening,1,A,5,5,0,0,0,0,0,koolearn,0
kernel,82482,https://www.koolearn.com/dict/wd_82482.html,L1-base-L2,1,A,5,0,0,0,0,1,2,koolearn,0
laser printer,84736,https://www.koolearn.com/dict/wd_84736.html,L2-listening,1,A,5,5,0,0,0,0,0,koolearn,0
lavatory,85069,https://www.koolearn.com/dict/wd_85069.html,L3-xdf,1,A,5,1,0,0,0,0,0,koolearn;xdf,1
legislate,85798,https://www.koolearn.com/dict/wd_85798.html,L1-base-L1,1,A,5,0,0,2,0,1,1,koolearn,0
leprosy,86064,https://www.koolearn.com/dict/wd_86064.html,L2-listening,1,A,5,5,0,0,0,0,0,koolearn,0
liaison,86423,https://www.koolearn.com/dict/wd_86423.html,L1-base-L3,1,A,5,0,1,0,0,1,3,koolearn,0
liberate,86483,https://www.koolearn.com/dict/wd_86483.html,L1-base-L1,1,A,5,0,3,0,0,1,1,koolearn,0
little-known,87642,https://www.koolearn.com/dict/wd_87642.html,L2-listening,1,A,5,5,0,0,0,0,0,koolearn,0
magnanimous,90077,https://www.koolearn.com/dict/wd_90077.html,L1-base-L3,1,A,5,0,0,2,0,1,3,koolearn,0
malign,90814,https://www.koolearn.com/dict/wd_90814.html,L1-base-L2,1,A,5,0,1,0,0,1,2,koolearn,0
manure,91410,https://www.koolearn.com/dict/wd_91410.html,L1-base-L2,1,A,5,0,1,0,0,1,2,koolearn,0
mastery,92134,https://www.koolearn.com/dict/wd_92134.html,L3-xdf,1,A,5,1,1,0,0,0,0,koolearn;xdf,1
megacity,93021,https://www.koolearn.com/dict/wd_93021.html,L3-xdf,1,A,5,0,0,0,0,0,0,koolearn;xdf,1
melatonin,93145,https://www.koolearn.com/dict/wd_93145.html,L3-xdf,1,A,5,1,1,0,0,0,0,koolearn;xdf,1
meter,94003,https://www.koolearn.com/dict/wd_94003.html,L1-base-L3,1,A,5,1,1,0,0,1,3,koolearn,0
mishap,95463,https://www.koolearn.com/dict/wd_95463.html,L1-base-L3,1,A,5,0,0,0,0,1,3,koolearn,0
money order,96427,https://www.koolearn.com/dict/wd_96427.html,L2-listening,1,A,5,5,0,0,0,0,0,koolearn,0
monotony,96693,https://www.koolearn.com/dict/wd_96693.html,L1-base-L2,1,A,5,0,1,0,1,1,2,koolearn,0
mosquito net,97201,https://www.koolearn.com/dict/wd_97201.html,L2-listening,1,A,5,5,0,0,0,0,0,koolearn,0
nearly,99532,https://www.koolearn.com/dict/wd_99532.html,L1-base-L2,1,A,5,0,0,0,0,1,2,koolearn,0
neoclassical,99861,https://www.koolearn.com/dict/wd_99861.html,L3-xdf,1,A,5,0,0,0,0,0,0,koolearn;xdf,1
new,100307,https://www.koolearn.com/dict/wd_100307.html,L1-base-L1,1,A,5,1,0,0,0,1,1,koolearn,0
Nordic,101731,https://www.koolearn.com/dict/wd_101731.html,L3-xdf,1,A,5,0,1,0,0,0,0,koolearn;xdf,1
obstruction,102897,https://www.koolearn.com/dict/wd_102897.html,L1-base-L1,1,A,5,0,1,0,0,1,1,koolearn,0
ordeal,105140,https://www.koolearn.com/dict/wd_105140.html,L1-base-L2,1,A,5,0,1,0,0,1,2,koolearn,0
particulars,108998,https://www.koolearn.com/dict/wd_108998.html,L2-listening,1,A,5,5,0,0,0,0,0,koolearn,0
pearl,109828,https://www.koolearn.com/dict/wd_109828.html,L3-xdf,1,A,5,0,1,0,0,0,0,koolearn;xdf,1
peep,110078,https://www.koolearn.com/dict/wd_110078.html,L1-base-L1,1,A,5,0,1,0,0,1,1,koolearn,0
perpendicular,111035,https://www.koolearn.com/dict/wd_111035.html,L1-base-L2,1,A,5,0,1,0,0,1,2,koolearn,0
pilgrim,112705,https://www.koolearn.com/dict/wd_112705.html,L1-base-L2,1,A,5,0,0,0,0,1,2,koolearn,0
post-mortem,115607,https://www.koolearn.com/dict/wd_115607.html,L3-xdf,1,A,5,0,1,0,0,0,0,koolearn;xdf,1
presuppose,117139,https://www.koolearn.com/dict/wd_117139.html,L3-xdf,1,A,5,0,1,0,0,0,0,koolearn;xdf,1
puff,119391,https://www.koolearn.com/dict/wd_119391.html,L1-base-L2,1,A,5,0,0,0,2,1,2,koolearn,0
raft,121466,https://www.koolearn.com/dict/wd_121466.html,L1-base-L2,1,A,5,1,1,0,0,1,2,koolearn,0
rarity,122013,https://www.koolearn.com/dict/wd_122013.html,L3-xdf,1,A,5,0,0,0,0,0,0,koolearn;xdf,1
recapture,122833,https://www.koolearn.com/dict/wd_122833.html,L1-base-L1,1,A,5,0,0,0,0,1,1,koolearn;xdf,1
recreate,123189,https://www.koolearn.com/dict/wd_123189.html,L3-xdf,1,A,5,3,0,0,0,0,0,koolearn;xdf,1
redeem,123418,https://www.koolearn.com/dict/wd_123418.html,L1-base-L2,1,A,5,0,0,0,0,1,2,koolearn,0
refresher,123889,https://www.koolearn.com/dict/wd_123889.html,L3-xdf,1,A,5,3,0,0,0,0,0,koolearn;xdf,1
registrar,124073,https://www.koolearn.com/dict/wd_124073.html,L1-base-L2,1,A,5,2,1,0,1,1,2,koolearn,0
remit,124727,https://www.koolearn.com/dict/wd_124727.html,L1-base-L2,1,A,5,3,0,0,0,1,2,koolearn,0
remittance,124732,https://www.koolearn.com/dict/wd_124732.html,L1-base-L2,1,A,5,0,0,0,0,1,2,koolearn,0
sailor,129477,https://www.koolearn.com/dict/wd_129477.html,L1-base-L2,1,A,5,0,2,0,0,1,2,koolearn,0
salon,129697,https://www.koolearn.com/dict/wd_129697.html,L1-base-L2,1,A,5,0,1,0,0,1,2,koolearn,0
sarcasm,130187,https://www.koolearn.com/dict/wd_130187.html,L1-base-L2,1,A,5,0,0,0,0,1,2,koolearn,0
scold,131266,https://www.koolearn.com/dict/wd_131266.html,L1-base-L1,1,A,5,0,0,0,0,1,1,koolearn,0
shilling,134628,https://www.koolearn.com/dict/wd_134628.html,L3-xdf,1,A,5,1,1,0,0,0,0,koolearn;xdf,1
shiver,134797,https://www.koolearn.com/dict/wd_134797.html,L1-base-L1,1,A,5,0,0,0,0,1,1,koolearn,0
shorthand,135068,https://www.koolearn.com/dict/wd_135068.html,L3-xdf,1,A,5,0,0,0,0,0,0,koolearn;xdf,1
siesta,135668,https://www.koolearn.com/dict/wd_135668.html,L3-xdf,1,A,5,1,0,0,0,0,0,koolearn;xdf,1
sinew,136153,https://www.koolearn.com/dict/wd_136153.html,L3-xdf,1,A,5,1,0,0,0,0,0,koolearn;xdf,1
single room,136197,https://www.koolearn.com/dict/wd_136197.html,L2-listening,1,A,5,5,0,0,0,0,0,koolearn,0
sizeable,136506,https://www.koolearn.com/dict/wd_136506.html,L3-xdf,1,A,5,0,1,0,0,0,0,koolearn;xdf,1
sneak,137972,https://www.koolearn.com/dict/wd_137972.html,L1-base-L2,1,A,5,0,1,0,1,1,2,koolearn,0
sober,138377,https://www.koolearn.com/dict/wd_138377.html,L1-base-L1,1,A,5,0,0,0,0,1,1,koolearn,0
soothe,139147,https://www.koolearn.com/dict/wd_139147.html,L1-base-L1,1,A,5,0,0,0,0,1,1,koolearn,0
space exploration,139572,https://www.koolearn.com/dict/wd_139572.html,L2-writing,1,A,5,0,0,5,0,0,0,koolearn,0
spasm,139760,https://www.koolearn.com/dict/wd_139760.html,L3-xdf,1,A,5,0,0,0,0,0,0,koolearn;xdf,1
spasmodic,139761,https://www.koolearn.com/dict/wd_139761.html,L3-xdf,1,A,5,0,0,0,0,0,0,koolearn;xdf,1
stammer,141529,https://www.koolearn.com/dict/wd_141529.html,L3-xdf,1,A,5,1,0,0,0,0,0,koolearn;xdf,1
stiff neck,142551,https://www.koolearn.com/dict/wd_142551.html,L2-listening,1,A,5,5,0,0,0,0,0,koolearn,0
stool,142913,https://www.koolearn.com/dict/wd_142913.html,L1-base-L1,1,A,5,1,0,0,1,1,1,koolearn,0
subconscious,144043,https://www.koolearn.com/dict/wd_144043.html,L1-base-L2,1,A,5,0,0,2,1,1,2,koolearn,0
subdue,144086,https://www.koolearn.com/dict/wd_144086.html,L1-base-L1,1,A,5,0,0,0,0,1,1,koolearn,0
subsoil,144394,https://www.koolearn.com/dict/wd_144394.html,L3-xdf,1,A,5,1,0,0,0,0,0,koolearn;xdf,1
suicidal,144791,https://www.koolearn.com/dict/wd_144791.html,L3-xdf,1,A,5,1,0,0,0,0,0,koolearn;xdf,1
sulfur,144868,https://www.koolearn.com/dict/wd_144868.html,L1-base-L2,1,A,5,0,1,0,0,1,2,koolearn,0
teem,148614,https://www.koolearn.com/dict/wd_148614.html,L3-xdf,1,A,5,1,0,0,0,0,0,koolearn;xdf,1
telegraph,148742,https://www.koolearn.com/dict/wd_148742.html,L3-xdf,1,A,5,0,1,0,0,0,0,koolearn;xdf,1
tenfold,149132,https://www.koolearn.com/dict/wd_149132.html,L2-reading,1,A,5,0,5,0,0,0,0,koolearn,0
thermostat,150405,https://www.koolearn.com/dict/wd_150405.html,L1-base-L3,1,A,5,0,3,0,0,1,3,koolearn,0
thrift,150859,https://www.koolearn.com/dict/wd_150859.html,L1-base-L1,1,A,5,0,0,0,0,1,1,koolearn,0
throng,150922,https://www.koolearn.com/dict/wd_150922.html,L1-base-L1,1,A,5,0,1,0,1,1,1,koolearn,0
training course,153833,https://www.koolearn.com/dict/wd_153833.html,L2-listening,1,A,5,5,0,0,0,0,0,koolearn,0
traitor,153857,https://www.koolearn.com/dict/wd_153857.html,L1-base-L1,1,A,5,0,0,0,0,1,1,koolearn,0
transmute,154154,https://www.koolearn.com/dict/wd_154154.html,L3-xdf,1,A,5,1,0,0,0,0,0,koolearn;xdf,1
trapeze,154250,https://www.koolearn.com/dict/wd_154250.html,L3-xdf,1,A,5,2,0,0,0,0,0,koolearn;xdf,1
traveller,154322,https://www.koolearn.com/dict/wd_154322.html,L1-base-L1,1,A,5,1,0,2,0,1,1,koolearn,0
trinket,154893,https://www.koolearn.com/dict/wd_154893.html,L3-xdf,1,A,5,1,1,0,0,0,0,koolearn;xdf,1
trivialize,155059,https://www.koolearn.com/dict/wd_155059.html,L3-xdf,1,A,5,0,0,0,0,0,0,koolearn;xdf,1
true,155316,https://www.koolearn.com/dict/wd_155316.html,L1-base-L2,1,A,5,0,0,0,0,1,2,koolearn,0
truth,155441,https://www.koolearn.com/dict/wd_155441.html,L1-base-L2,1,A,5,0,1,0,0,1,2,koolearn,0
ultraclean,156698,https://www.koolearn.com/dict/wd_156698.html,L3-xdf,1,A,5,1,0,0,0,0,0,koolearn;xdf,1
unbeatable,156996,https://www.koolearn.com/dict/wd_156996.html,L3-xdf,1,A,5,0,1,0,0,0,0,koolearn;xdf,1
unconquerable,157285,https://www.koolearn.com/dict/wd_157285.html,L1-base-L2,1,A,5,1,0,0,0,1,2,koolearn;xdf,1
underdeveloped,157527,https://www.koolearn.com/dict/wd_157527.html,L1-base-L3,1,A,5,0,0,1,0,1,3,koolearn,0
underling,157608,https://www.koolearn.com/dict/wd_157608.html,L3-xdf,1,A,5,1,0,0,0,0,0,koolearn;xdf,1
underprivileged,157647,https://www.koolearn.com/dict/wd_157647.html,L1-base-L3,1,A,5,0,0,0,0,1,3,koolearn,0
unregistered,158942,https://www.koolearn.com/dict/wd_158942.html,L3-xdf,1,A,5,2,0,0,0,0,0,koolearn;xdf,1
unsocial hours,159215,https://www.koolearn.com/dict/wd_159215.html,L2-listening,1,A,5,5,0,0,0,0,0,koolearn,0
veterinary,161673,https://www.koolearn.com/dict/wd_161673.html,L3-xdf,1,A,5,1,0,0,0,0,0,koolearn;xdf,1
veto,161678,https://www.koolearn.com/dict/wd_161678.html,L1-base-L1,1,A,5,0,0,0,0,1,1,koolearn,0
wagon,163108,https://www.koolearn.com/dict/wd_163108.html,L3-xdf,1,A,5,1,0,0,0,0,0,koolearn;xdf,1
weak,164104,https://www.koolearn.com/dict/wd_164104.html,L1-base-L1,1,A,5,1,1,0,0,1,1,koolearn,0
wind tunnel,165689,https://www.koolearn.com/dict/wd_165689.html,L2-listening,1,A,5,5,0,0,0,0,0,koolearn,0
windscreen,165772,https://www.koolearn.com/dict/wd_165772.html,L3-xdf,1,A,5,1,0,0,0,0,0,koolearn;xdf,1
wretch,166968,https://www.koolearn.com/dict/wd_166968.html,L3-xdf,1,A,5,1,0,0,0,0,0,koolearn;xdf,1
yawn,167488,https://www.koolearn.com/dict/wd_167488.html,L1-base-L1,1,A,5,0,1,0,0,1,1,koolearn,0
accrue,1403,https://www.koolearn.com/dict/wd_1403.html,L1-base-L2,1,B,4,0,1,0,0,1,2,koolearn,0
airtight,4078,https://www.koolearn.com/dict/wd_4078.html,L3-xdf,1,B,4,1,0,0,0,0,0,koolearn;xdf,1
ale,4341,https://www.koolearn.com/dict/wd_4341.html,L1-base-L2,1,B,4,0,3,0,0,1,2,koolearn,0
altar,5134,https://www.koolearn.com/dict/wd_5134.html,L1-base-L1,1,B,4,0,1,0,2,1,1,koolearn,0
alumni,5265,https://www.koolearn.com/dict/wd_5265.html,L1-base-L2,1,B,4,4,0,0,0,1,2,koolearn,0
antagonist,6991,https://www.koolearn.com/dict/wd_6991.html,L1-base-L3,1,B,4,0,1,0,0,1,3,koolearn,0
ardent,8699,https://www.koolearn.com/dict/wd_8699.html,L1-base-L2,1,B,4,0,0,0,0,1,2,koolearn,0
arrive,9169,https://www.koolearn.com/dict/wd_9169.html,L1-base-L1,1,B,4,0,1,0,0,1,1,koolearn,0
assistantship,10106,https://www.koolearn.com/dict/wd_10106.html,L3-xdf,1,B,4,1,0,0,1,0,0,koolearn;xdf,1
at random,10487,https://www.koolearn.com/dict/wd_10487.html,L3-xdf,1,B,4,0,0,0,0,0,0,koolearn;xdf,1
autoimmune,11451,https://www.koolearn.com/dict/wd_11451.html,L3-xdf,1,B,4,0,0,0,0,0,0,koolearn;xdf,1
avocation,11774,https://www.koolearn.com/dict/wd_11774.html,L1-base-L2,1,B,4,0,0,0,0,1,2,koolearn,0
balmy,12934,https://www.koolearn.com/dict/wd_12934.html,L1-base-L2,1,B,4,0,0,0,2,1,2,koolearn,0
banal,12989,https://www.koolearn.com/dict/wd_12989.html,L1-base-L2,1,B,4,0,2,0,0,1,2,koolearn,0
banish,13096,https://www.koolearn.com/dict/wd_13096.html,L1-base-L1,1,B,4,0,0,0,0,1,1,koolearn,0
barometer,13506,https://www.koolearn.com/dict/wd_13506.html,L1-base-L2,1,B,4,0,0,1,0,1,2,koolearn,0
believable,15826,https://www.koolearn.com/dict/wd_15826.html,L1-base-L1,1,B,4,0,4,0,0,1,1,koolearn,0
benefactor,16076,https://www.koolearn.com/dict/wd_16076.html,L1-base-L3,1,B,4,0,1,0,1,1,3,koolearn,0
blot,18393,https://www.koolearn.com/dict/wd_18393.html,L1-base-L1,1,B,4,1,0,0,0,1,1,koolearn,0
bouncing,19804,https://www.koolearn.com/dict/wd_19804.html,L3-xdf,1,B,4,0,0,0,0,0,0,koolearn;xdf,1
brunch,21464,https://www.koolearn.com/dict/wd_21464.html,L1-base-L2,1,B,4,3,0,0,0,1,2,koolearn,0
cameral,23762,https://www.koolearn.com/dict/wd_23762.html,L3-xdf,1,B,4,0,0,0,0,0,0,koolearn;xdf,1
campfire,23833,https://www.koolearn.com/dict/wd_23833.html,L3-xdf,1,B,4,0,0,0,0,0,0,koolearn;xdf,1
colour-blind,31480,https://www.koolearn.com/dict/wd_31480.html,L3-xdf,1,B,4,1,0,0,0,0,0,koolearn;xdf,1
con,32635,https://www.koolearn.com/dict/wd_32635.html,L1-base-L3,1,B,4,0,0,1,2,1,3,koolearn,0
conjecture,33309,https://www.koolearn.com/dict/wd_33309.html,L1-base-L2,1,B,4,0,0,0,0,1,2,koolearn,0
contrived,34098,https://www.koolearn.com/dict/wd_34098.html,L3-xdf,1,B,4,1,0,0,0,0,0,koolearn;xdf,1
cowardice,35881,https://www.koolearn.com/dict/wd_35881.html,L1-base-L2,1,B,4,0,0,0,0,1,2,koolearn,0
crank,36155,https://www.koolearn.com/dict/wd_36155.html,L3-xdf,1,B,4,1,0,0,0,0,0,koolearn;xdf,1
crevice,36540,https://www.koolearn.com/dict/wd_36540.html,L1-base-L2,1,B,4,0,1,0,0,1,2,koolearn,0
crossword,36973,https://www.koolearn.com/dict/wd_36973.html,L3-xdf,1,B,4,1,0,0,0,0,0,koolearn;xdf,1
crushing,37167,https://www.koolearn.com/dict/wd_37167.html,L3-xdf,1,B,4,0,0,0,0,0,0,koolearn;xdf,1
crystallize,37294,https://www.koolearn.com/dict/wd_37294.html,L3-xdf,1,B,4,0,0,0,0,0,0,koolearn;xdf,1
decompression,39871,https://www.koolearn.com/dict/wd_39871.html,L3-xdf,1,B,4,0,0,0,0,0,0,koolearn;xdf,1
deflate,40238,https://www.koolearn.com/dict/wd_40238.html,L1-base-L1,1,B,4,0,0,0,0,1,1,koolearn,0
delusion,40688,https://www.koolearn.com/dict/wd_40688.html,L1-base-L1,1,B,4,0,1,0,0,1,1,koolearn,0
detention,41855,https://www.koolearn.com/dict/wd_41855.html,L1-base-L2,1,B,4,0,1,0,0,1,2,koolearn,0
discord,43620,https://www.koolearn.com/dict/wd_43620.html,L1-base-L1,1,B,4,0,0,1,0,1,1,koolearn,0
disempower,43746,https://www.koolearn.com/dict/wd_43746.html,L3-xdf,1,B,4,0,0,0,0,0,0,koolearn;xdf,1
disharmony,43831,https://www.koolearn.com/dict/wd_43831.html,L3-xdf,1,B,4,0,0,0,0,0,0,koolearn;xdf,1
disillusionment,43879,https://www.koolearn.com/dict/wd_43879.html,L3-xdf,1,B,4,1,0,0,0,0,0,koolearn;xdf,1
dismal,43981,https://www.koolearn.com/dict/wd_43981.html,L1-base-L2,1,B,4,0,1,0,1,1,2,koolearn,0
disobedient,44022,https://www.koolearn.com/dict/wd_44022.html,L1-base-L1,1,B,4,0,0,0,0,1,1,koolearn,0
dissemination,44271,https://www.koolearn.com/dict/wd_44271.html,L3-xdf,1,B,4,1,0,0,0,0,0,koolearn;xdf,1
divulge,44712,https://www.koolearn.com/dict/wd_44712.html,L1-base-L3,1,B,4,0,2,0,0,1,3,koolearn,0
dizziness,44743,https://www.koolearn.com/dict/wd_44743.html,L3-xdf,1,B,4,0,0,0,0,0,0,koolearn;xdf,1
downsize,45869,https://www.koolearn.com/dict/wd_45869.html,L3-xdf,1,B,4,1,0,0,0,0,0,koolearn;xdf,1
drowsy,46624,https://www.koolearn.com/dict/wd_46624.html,L1-base-L1,1,B,4,2,0,0,0,1,1,koolearn,0
dying,47353,https://www.koolearn.com/dict/wd_47353.html,L1-base-L1,1,B,4,0,1,0,1,1,1,koolearn,0
egoist,48423,https://www.koolearn.com/dict/wd_48423.html,L1-base-L2,1,B,4,0,0,0,0,1,2,koolearn,0
entangle,50587,https://www.koolearn.com/dict/wd_50587.html,L1-base-L2,1,B,4,0,1,0,0,1,2,koolearn,0
fairness,54368,https://www.koolearn.com/dict/wd_54368.html,L1-base-L1,1,B,4,0,0,0,1,1,1,koolearn,0
familiarise,54593,https://www.koolearn.com/dict/wd_54593.html,L3-xdf,1,B,4,1,0,0,0,0,0,koolearn;xdf,1
filthy,56425,https://www.koolearn.com/dict/wd_56425.html,L1-base-L2,1,B,4,0,0,0,2,1,2,koolearn,0
flexitime,57630,https://www.koolearn.com/dict/wd_57630.html,L3-xdf,1,B,4,1,0,0,0,0,0,koolearn;xdf,1
fling,57702,https://www.koolearn.com/dict/wd_57702.html,L1-base-L1,1,B,4,0,0,0,0,1,1,koolearn,0
foreland,58984,https://www.koolearn.com/dict/wd_58984.html,L3-xdf,1,B,4,1,0,0,0,0,0,koolearn;xdf,1
fret,60060,https://www.koolearn.com/dict/wd_60060.html,L1-base-L2,1,B,4,0,0,0,0,1,2,koolearn,0
gratify,65620,https://www.koolearn.com/dict/wd_65620.html,L1-base-L1,1,B,4,0,0,0,1,1,1,koolearn,0
guinea,66680,https://www.koolearn.com/dict/wd_66680.html,L3-xdf,1,B,4,0,0,0,0,0,0,koolearn;xdf,1
hibernation,70403,https://www.koolearn.com/dict/wd_70403.html,L1-base-L2,1,B,4,1,3,0,0,1,2,koolearn,0
hideous,70448,https://www.koolearn.com/dict/wd_70448.html,L1-base-L1,1,B,4,0,0,0,2,1,1,koolearn,0
hoist,71238,https://www.koolearn.com/dict/wd_71238.html,L1-base-L1,1,B,4,0,0,0,0,1,1,koolearn,0
ID card,73901,https://www.koolearn.com/dict/wd_73901.html,L3-xdf,1,B,4,1,0,0,0,0,0,koolearn;xdf,1
immigrate,74523,https://www.koolearn.com/dict/wd_74523.html,L1-base-L1,1,B,4,0,0,1,0,1,1,koolearn,0
impel,74753,https://www.koolearn.com/dict/wd_74753.html,L1-base-L3,1,B,4,0,1,0,0,1,3,koolearn,0
imprisonment,75068,https://www.koolearn.com/dict/wd_75068.html,L1-base-L2,1,B,4,0,0,0,0,1,2,koolearn,0
incessant,76169,https://www.koolearn.com/dict/wd_76169.html,L1-base-L2,1,B,4,0,0,0,0,1,2,koolearn,0
incipient,76208,https://www.koolearn.com/dict/wd_76208.html,L1-base-L3,1,B,4,0,0,0,0,1,3,koolearn,0
incumbent,76488,https://www.koolearn.com/dict/wd_76488.html,L1-base-L2,1,B,4,0,0,0,0,1,2,koolearn,0
indict,76661,https://www.koolearn.com/dict/wd_76661.html,L1-base-L2,1,B,4,0,0,0,0,1,2,koolearn,0
inductive reasoning,76848,https://www.koolearn.com/dict/wd_76848.html,L3-xdf,1,B,4,0,0,0,0,0,0,koolearn;xdf,1
inedible,76932,https://www.koolearn.com/dict/wd_76932.html,L1-base-L2,1,B,4,0,0,0,1,1,2,koolearn,0
inescapable,76990,https://www.koolearn.com/dict/wd_76990.html,L1-base-L1,1,B,4,0,0,1,0,1,1,koolearn;xdf,1
ingenuous,77385,https://www.koolearn.com/dict/wd_77385.html,L1-base-L2,1,B,4,0,0,1,0,1,2,koolearn,0
injustice,77579,https://www.koolearn.com/dict/wd_77579.html,L1-base-L1,1,B,4,0,1,0,0,1,1,koolearn,0
inlet,77619,https://www.koolearn.com/dict/wd_77619.html,L3-xdf,1,B,4,0,0,0,0,0,0,koolearn;xdf,1
insolvent,77957,https://www.koolearn.com/dict/wd_77957.html,L1-base-L2,1,B,4,0,0,0,0,1,2,koolearn,0
intangible,78206,https://www.koolearn.com/dict/wd_78206.html,L1-base-L2,1,B,4,0,0,0,0,1,2,koolearn,0
internationalist,78686,https://www.koolearn.com/dict/wd_78686.html,L3-xdf,1,B,4,1,0,0,0,0,0,koolearn;xdf,1
internist,78714,https://www.koolearn.com/dict/wd_78714.html,L3-xdf,1,B,4,2,0,0,0,0,0,koolearn;xdf,1
interrelationship,78797,https://www.koolearn.com/dict/wd_78797.html,L3-xdf,1,B,4,1,0,0,0,0,0,koolearn;xdf,1
intestine,78931,https://www.koolearn.com/dict/wd_78931.html,L3-xdf,1,B,4,0,0,0,0,0,0,koolearn;xdf,1
intolerant,78973,https://www.koolearn.com/dict/wd_78973.html,L1-base-L1,1,B,4,1,1,1,0,1,1,koolearn,0
intrude,79120,https://www.koolearn.com/dict/wd_79120.html,L1-base-L1,1,B,4,0,0,0,0,1,1,koolearn,0
intuitive,79146,https://www.koolearn.com/dict/wd_79146.html,L1-base-L2,1,B,4,0,1,0,1,1,2,koolearn,0
landward,84444,https://www.koolearn.com/dict/wd_84444.html,L3-xdf,1,B,4,1,0,0,0,0,0,koolearn;xdf,1
leukaemia,86246,https://www.koolearn.com/dict/wd_86246.html,L3-xdf,1,B,4,1,0,0,0,0,0,koolearn;xdf,1
loathe,87878,https://www.koolearn.com/dict/wd_87878.html,L1-base-L2,1,B,4,0,1,0,0,1,2,koolearn,0
lucid,89125,https://www.koolearn.com/dict/wd_89125.html,L1-base-L2,1,B,4,0,1,0,0,1,2,koolearn,0
luminous,89272,https://www.koolearn.com/dict/wd_89272.html,L1-base-L3,1,B,4,0,0,0,1,1,3,koolearn,0
lurk,89420,https://www.koolearn.com/dict/wd_89420.html,L1-base-L2,1,B,4,0,0,0,0,1,2,koolearn,0
malice,90808,https://www.koolearn.com/dict/wd_90808.html,L1-base-L2,1,B,4,0,0,0,0,1,2,koolearn,0
meantime,92671,https://www.koolearn.com/dict/wd_92671.html,L3-xdf,1,B,4,0,0,0,0,0,0,koolearn;xdf,1
meditate,92919,https://www.koolearn.com/dict/wd_92919.html,L1-base-L2,1,B,4,0,0,0,0,1,2,koolearn,0
merchandising,93535,https://www.koolearn.com/dict/wd_93535.html,L3-xdf,1,B,4,0,0,0,0,0,0,koolearn;xdf,1
mischief,95352,https://www.koolearn.com/dict/wd_95352.html,L1-base-L1,1,B,4,0,0,0,0,1,1,koolearn,0
misdeed,95394,https://www.koolearn.com/dict/wd_95394.html,L1-base-L3,1,B,4,0,0,0,0,1,3,koolearn,0
modernism,96056,https://www.koolearn.com/dict/wd_96056.html,L3-xdf,1,B,4,1,0,0,0,0,0,koolearn;xdf,1
modulate,96102,https://www.koolearn.com/dict/wd_96102.html,L1-base-L2,1,B,4,0,0,0,0,1,2,koolearn,0
monk,96500,https://www.koolearn.com/dict/wd_96500.html,L1-base-L1,1,B,4,0,1,0,2,1,1,koolearn,0
moss,97207,https://www.koolearn.com/dict/wd_97207.html,L3-xdf,1,B,4,0,0,0,0,0,0,koolearn;xdf,1
mutter,98498,https://www.koolearn.com/dict/wd_98498.html,L1-base-L1,1,B,4,0,0,0,0,1,1,koolearn,0
nibble,100483,https://www.koolearn.com/dict/wd_100483.html,L1-base-L2,1,B,4,0,0,0,0,1,2,koolearn,0
nomad,101190,https://www.koolearn.com/dict/wd_101190.html,L1-base-L3,1,B,4,3,0,0,0,1,3,koolearn,0
objectify,102722,https://www.koolearn.com/dict/wd_102722.html,L3-xdf,1,B,4,0,0,0,0,0,0,koolearn;xdf,1
on the horizon,104207,https://www.koolearn.com/dict/wd_104207.html,L3-xdf,1,B,4,0,0,0,0,0,0,koolearn;xdf,1
ostensible,105667,https://www.koolearn.com/dict/wd_105667.html,L1-base-L2,1,B,4,0,0,0,0,1,2,koolearn,0
outlandish,106162,https://www.koolearn.com/dict/wd_106162.html,L1-base-L3,1,B,4,0,0,0,1,1,3,koolearn,0
overwork,107194,https://www.koolearn.com/dict/wd_107194.html,L3-xdf,1,B,4,0,0,1,0,0,0,koolearn;xdf,1
paternal,109344,https://www.koolearn.com/dict/wd_109344.html,L1-base-L2,1,B,4,0,2,1,0,1,2,koolearn,0
persecute,111085,https://www.koolearn.com/dict/wd_111085.html,L1-base-L2,1,B,4,0,0,0,0,1,2,koolearn,0
perturb,111243,https://www.koolearn.com/dict/wd_111243.html,L1-base-L3,1,B,4,0,0,0,0,1,3,koolearn,0
phantom,111570,https://www.koolearn.com/dict/wd_111570.html,L1-base-L3,1,B,4,0,2,0,0,1,3,koolearn,0
phoenix,111832,https://www.koolearn.com/dict/wd_111832.html,L1-base-L2,1,B,4,0,0,0,2,1,2,koolearn,0
placid,113368,https://www.koolearn.com/dict/wd_113368.html,L1-base-L2,1,B,4,0,0,0,0,1,2,koolearn,0
plunder,114240,https://www.koolearn.com/dict/wd_114240.html,L1-base-L2,1,B,4,0,0,0,0,1,2,koolearn,0
plural,114260,https://www.koolearn.com/dict/wd_114260.html,L1-base-L1,1,B,4,0,0,0,0,1,1,koolearn,0
pore over,115347,https://www.koolearn.com/dict/wd_115347.html,L3-xdf,1,B,4,0,0,0,0,0,0,koolearn;xdf,1
prefix,116619,https://www.koolearn.com/dict/wd_116619.html,L1-base-L1,1,B,4,0,0,0,0,1,1,koolearn,0
pronounceable,118292,https://www.koolearn.com/dict/wd_118292.html,L3-xdf,1,B,4,0,0,0,0,0,0,koolearn;xdf,1
prophecy,118395,https://www.koolearn.com/dict/wd_118395.html,L1-base-L2,1,B,4,0,0,0,0,1,2,koolearn,0
protract,118763,https://www.koolearn.com/dict/wd_118763.html,L1-base-L3,1,B,4,0,0,0,0,1,3,koolearn,0
pulverise,119581,https://www.koolearn.com/dict/wd_119581.html,L3-xdf,1,B,4,0,0,0,0,0,0,koolearn;xdf,1
ransom,121899,https://www.koolearn.com/dict/wd_121899.html,L1-base-L2,1,B,4,0,0,0,0,1,2,koolearn,0
redemption,123430,https://www.koolearn.com/dict/wd_123430.html,L1-base-L2,1,B,4,0,0,0,1,1,2,koolearn,0
regain,123975,https://www.koolearn.com/dict/wd_123975.html,L1-base-L1,1,B,4,0,0,0,0,1,1,koolearn,0
repaint,124986,https://www.koolearn.com/dict/wd_124986.html,L3-xdf,1,B,4,2,0,0,0,0,0,koolearn;xdf,1
repent,125057,https://www.koolearn.com/dict/wd_125057.html,L1-base-L1,1,B,4,0,0,0,0,1,1,koolearn,0
requisition,125387,https://www.koolearn.com/dict/wd_125387.html,L3-xdf,1,B,4,1,0,0,0,0,0,koolearn;xdf,1
retailing,125959,https://www.koolearn.com/dict/wd_125959.html,L3-xdf,1,B,4,1,0,0,0,0,0,koolearn;xdf,1
reunion,126250,https://www.koolearn.com/dict/wd_126250.html,L3-xdf,1,B,4,1,0,0,0,0,0,koolearn;xdf,1
reunite,126251,https://www.koolearn.com/dict/wd_126251.html,L3-xdf,1,B,4,1,0,0,0,0,0,koolearn;xdf,1
rite,127378,https://www.koolearn.com/dict/wd_127378.html,L1-base-L2,1,B,4,0,0,0,0,1,2,koolearn,0
shudder,135350,https://www.koolearn.com/dict/wd_135350.html,L1-base-L1,1,B,4,0,2,0,0,1,1,koolearn,0
slat,136974,https://www.koolearn.com/dict/wd_136974.html,L3-xdf,1,B,4,0,0,0,0,0,0,koolearn;xdf,1
sneer,137998,https://www.koolearn.com/dict/wd_137998.html,L1-base-L1,1,B,4,0,1,0,0,1,1,koolearn,0
snore,138146,https://www.koolearn.com/dict/wd_138146.html,L1-base-L2,1,B,4,1,0,0,1,1,2,koolearn,0
soot,139145,https://www.koolearn.com/dict/wd_139145.html,L1-base-L2,1,B,4,1,0,0,0,1,2,koolearn,0
starchy,141752,https://www.koolearn.com/dict/wd_141752.html,L3-xdf,1,B,4,1,0,0,0,0,0,koolearn;xdf,1
stash,141856,https://www.koolearn.com/dict/wd_141856.html,L3-xdf,1,B,4,1,0,0,0,0,0,koolearn;xdf,1
steadfast,142061,https://www.koolearn.com/dict/wd_142061.html,L1-base-L1,1,B,4,0,0,0,0,1,1,koolearn,0
sterile,142402,https://www.koolearn.com/dict/wd_142402.html,L1-base-L2,1,B,4,1,1,0,0,1,2,koolearn,0
stint,142672,https://www.koolearn.com/dict/wd_142672.html,L3-xdf,1,B,4,0,0,0,0,0,0,koolearn;xdf,1
storyline,143047,https://www.koolearn.com/dict/wd_143047.html,L3-xdf,1,B,4,0,0,0,0,0,0,koolearn;xdf,1
suffix,144719,https://www.koolearn.com/dict/wd_144719.html,L1-base-L1,1,B,4,0,0,0,0,1,1,koolearn,0
suitably,144812,https://www.koolearn.com/dict/wd_144812.html,L3-xdf,1,B,4,1,0,0,0,0,0,koolearn;xdf,1
sulphuric acid,144928,https://www.koolearn.com/dict/wd_144928.html,L3-xdf,1,B,4,0,0,0,0,0,0,koolearn;xdf,1
tab,146853,https://www.koolearn.com/dict/wd_146853.html,L3-xdf,1,B,4,0,0,0,0,0,0,koolearn;xdf,1
tack,146984,https://www.koolearn.com/dict/wd_146984.html,L1-base-L2,1,B,4,0,1,0,1,1,2,koolearn,0
tanker,147820,https://www.koolearn.com/dict/wd_147820.html,L3-xdf,1,B,4,0,0,0,0,0,0,koolearn;xdf,1
thorny,150723,https://www.koolearn.com/dict/wd_150723.html,L3-xdf,1,B,4,0,0,0,0,0,0,koolearn;xdf,1
tick off,151192,https://www.koolearn.com/dict/wd_151192.html,L3-xdf,1,B,4,0,0,0,0,0,0,koolearn;xdf,1
tomb,152657,https://www.koolearn.com/dict/wd_152657.html,L1-base-L1,1,B,4,0,1,0,0,1,1,koolearn,0
tome,152675,https://www.koolearn.com/dict/wd_152675.html,L3-xdf,1,B,4,1,0,0,0,0,0,koolearn;xdf,1
townscape,153477,https://www.koolearn.com/dict/wd_153477.html,L3-xdf,1,B,4,1,1,0,0,0,0,koolearn;xdf,1
trample,153895,https://www.koolearn.com/dict/wd_153895.html,L1-base-L2,1,B,4,0,0,1,0,1,2,koolearn,0
trio,154898,https://www.koolearn.com/dict/wd_154898.html,L1-base-L3,1,B,4,0,0,0,1,1,3,koolearn,0
tumble,155677,https://www.koolearn.com/dict/wd_155677.html,L1-base-L2,1,B,4,0,0,0,0,1,2,koolearn,0
turret,156024,https://www.koolearn.com/dict/wd_156024.html,L3-xdf,1,B,4,0,0,0,0,0,0,koolearn;xdf,1
twofold,156341,https://www.koolearn.com/dict/wd_156341.html,L3-xdf,1,B,4,1,0,0,0,0,0,koolearn;xdf,1
unconcerned,157272,https://www.koolearn.com/dict/wd_157272.html,L3-xdf,1,B,4,1,0,2,0,0,0,koolearn;xdf,1
underscore,157662,https://www.koolearn.com/dict/wd_157662.html,L1-base-L3,1,B,4,0,0,3,0,1,3,koolearn,0
undisguised,157792,https://www.koolearn.com/dict/wd_157792.html,L3-xdf,1,B,4,1,0,0,0,0,0,koolearn;xdf,1
unilateral,158286,https://www.koolearn.com/dict/wd_158286.html,L1-base-L3,1,B,4,0,0,0,0,1,3,koolearn,0
unquote,158884,https://www.koolearn.com/dict/wd_158884.html,L3-xdf,1,B,4,1,0,0,0,0,0,koolearn;xdf,1
unruly,159042,https://www.koolearn.com/dict/wd_159042.html,L1-base-L2,1,B,4,0,0,1,2,1,2,koolearn,0
untrustworthy,159468,https://www.koolearn.com/dict/wd_159468.html,L3-xdf,1,B,4,1,0,1,0,0,0,koolearn;xdf,1
unworthy,159601,https://www.koolearn.com/dict/wd_159601.html,L1-base-L1,1,B,4,0,3,0,0,1,1,koolearn,0
unyielding,159615,https://www.koolearn.com/dict/wd_159615.html,L3-xdf,1,B,4,1,0,0,0,0,0,koolearn;xdf,1
upkeep,159755,https://www.koolearn.com/dict/wd_159755.html,L1-base-L3,1,B,4,0,0,0,0,1,3,koolearn,0
varnish,160905,https://www.koolearn.com/dict/wd_160905.html,L1-base-L2,1,B,4,0,1,0,0,1,2,koolearn,0
vehement,161088,https://www.koolearn.com/dict/wd_161088.html,L1-base-L3,1,B,4,0,0,0,0,1,3,koolearn,0
water-borne,163868,https://www.koolearn.com/dict/wd_163868.html,L3-xdf,1,B,4,0,1,0,0,0,0,koolearn;xdf,1
waver,163996,https://www.koolearn.com/dict/wd_163996.html,L1-base-L1,1,B,4,0,0,0,0,1,1,koolearn,0
withhold,166172,https://www.koolearn.com/dict/wd_166172.html,L1-base-L3,1,B,4,0,0,0,0,1,3,koolearn,0
zest,168117,https://www.koolearn.com/dict/wd_168117.html,L1-base-L2,1,B,4,0,0,0,1,1,2,koolearn,0
abnormality,662,https://www.koolearn.com/dict/wd_662.html,L1-base-L2,1,B,3,0,0,0,0,1,2,koolearn,0
adjourn,2360,https://www.koolearn.com/dict/wd_2360.html,L1-base-L1,1,B,3,1,0,0,0,1,1,koolearn,0
agitate,3471,https://www.koolearn.com/dict/wd_3471.html,L1-base-L1,1,B,3,0,0,1,0,1,1,koolearn,0
agronomy,3637,https://www.koolearn.com/dict/wd_3637.html,L1-base-L3,1,B,3,3,0,0,0,1,3,koolearn,0
allegiance,4780,https://www.koolearn.com/dict/wd_4780.html,L1-base-L1,1,B,3,0,0,0,0,1,1,koolearn,0
amenable,5511,https://www.koolearn.com/dict/wd_5511.html,L1-base-L1,1,B,3,0,0,0,0,1,1,koolearn,0
ammunition,5680,https://www.koolearn.com/dict/wd_5680.html,L1-base-L2,1,B,3,0,0,0,0,1,2,koolearn,0
appease,7980,https://www.koolearn.com/dict/wd_7980.html,L1-base-L1,1,B,3,0,1,0,0,1,1,koolearn,0
armament,8952,https://www.koolearn.com/dict/wd_8952.html,L1-base-L2,1,B,3,0,0,3,0,1,2,koolearn,0
ask,9763,https://www.koolearn.com/dict/wd_9763.html,L1-base-L1,1,B,3,0,0,0,0,1,1,koolearn,0
assent,10003,https://www.koolearn.com/dict/wd_10003.html,L1-base-L2,1,B,3,0,0,2,0,1,2,koolearn,0
asterisk,10216,https://www.koolearn.com/dict/wd_10216.html,L1-base-L3,1,B,3,0,0,0,0,1,3,koolearn,0
asteroid,10224,https://www.koolearn.com/dict/wd_10224.html,L1-base-L3,1,B,3,0,0,0,0,1,3,koolearn,0
astonished,10249,https://www.koolearn.com/dict/wd_10249.html,L1-base-L2,1,B,3,0,0,0,0,1,2,koolearn,0
badger,12515,https://www.koolearn.com/dict/wd_12515.html,L1-base-L2,1,B,3,1,0,0,0,1,2,koolearn,0
baton,13992,https://www.koolearn.com/dict/wd_13992.html,L1-base-L3,1,B,3,0,1,0,1,1,3,koolearn,0
belongings,15943,https://www.koolearn.com/dict/wd_15943.html,L1-base-L1,1,B,3,0,1,0,0,1,1,koolearn,0
bequeath,16210,https://www.koolearn.com/dict/wd_16210.html,L1-base-L2,1,B,3,0,0,1,0,1,2,koolearn,0
bleach,18025,https://www.koolearn.com/dict/wd_18025.html,L1-base-L2,1,B,3,0,0,0,0,1,2,koolearn,0
bookrest,19347,https://www.koolearn.com/dict/wd_19347.html,L3-xdf,1,B,3,1,0,0,0,0,0,koolearn;xdf,1
breadth,20474,https://www.koolearn.com/dict/wd_20474.html,L1-base-L1,1,B,3,0,0,0,0,1,1,koolearn,0
breakable,20547,https://www.koolearn.com/dict/wd_20547.html,L1-base-L1,1,B,3,0,0,0,0,1,1,koolearn,0
breakwater,20596,https://www.koolearn.com/dict/wd_20596.html,L3-xdf,1,B,3,1,0,0,0,0,0,koolearn;xdf,1
brilliance,20937,https://www.koolearn.com/dict/wd_20937.html,L1-base-L1,1,B,3,0,0,0,0,1,1,koolearn,0
brim,20945,https://www.koolearn.com/dict/wd_20945.html,L1-base-L1,1,B,3,0,0,0,0,1,1,koolearn,0
careless,24774,https://www.koolearn.com/dict/wd_24774.html,L1-base-L1,1,B,3,0,0,0,0,1,1,koolearn,0
centrifugal force,26410,https://www.koolearn.com/dict/wd_26410.html,L3-xdf,1,B,3,1,0,0,0,0,0,koolearn;xdf,1
chaotic,27047,https://www.koolearn.com/dict/wd_27047.html,L1-base-L2,1,B,3,0,1,0,0,1,2,koolearn,0
chisel,28184,https://www.koolearn.com/dict/wd_28184.html,L1-base-L2,1,B,3,0,0,0,0,1,2,koolearn,0
chronicle,28678,https://www.koolearn.com/dict/wd_28678.html,L1-base-L2,1,B,3,0,1,0,0,1,2,koolearn,0
chrysanthemum,28709,https://www.koolearn.com/dict/wd_28709.html,L1-base-L2,1,B,3,0,0,0,1,1,2,koolearn,0
circumspect,29131,https://www.koolearn.com/dict/wd_29131.html,L1-base-L3,1,B,3,0,0,0,0,1,3,koolearn,0
circumvent,29142,https://www.koolearn.com/dict/wd_29142.html,L1-base-L3,1,B,3,0,0,0,0,1,3,koolearn,0
clamor,29401,https://www.koolearn.com/dict/wd_29401.html,L1-base-L2,1,B,3,0,0,0,0,1,2,koolearn,0
coax,30564,https://www.koolearn.com/dict/wd_30564.html,L1-base-L1,1,B,3,0,0,0,0,1,1,koolearn,0
congenial,33211,https://www.koolearn.com/dict/wd_33211.html,L1-base-L2,1,B,3,0,1,0,0,1,2,koolearn,0
consul,33724,https://www.koolearn.com/dict/wd_33724.html,L1-base-L2,1,B,3,0,0,0,0,1,2,koolearn,0
continually,33935,https://www.koolearn.com/dict/wd_33935.html,L3-xdf,1,B,3,0,0,0,0,0,0,koolearn;xdf,1
crook,36814,https://www.koolearn.com/dict/wd_36814.html,L1-base-L1,1,B,3,0,0,0,0,1,1,koolearn,0
debilitate,39488,https://www.koolearn.com/dict/wd_39488.html,L1-base-L3,1,B,3,0,0,0,0,1,3,koolearn,0
deceit,39639,https://www.koolearn.com/dict/wd_39639.html,L1-base-L1,1,B,3,0,0,0,0,1,1,koolearn,0
defile,40203,https://www.koolearn.com/dict/wd_40203.html,L1-base-L2,1,B,3,0,0,0,0,1,2,koolearn,0
democrat,40822,https://www.koolearn.com/dict/wd_40822.html,L1-base-L3,1,B,3,0,0,0,0,1,3,koolearn,0
denizen,40995,https://www.koolearn.com/dict/wd_40995.html,L1-base-L2,1,B,3,0,0,0,0,1,2,koolearn,0
destine,41764,https://www.koolearn.com/dict/wd_41764.html,L1-base-L1,1,B,3,0,0,0,0,1,1,koolearn,0
devalue,41990,https://www.koolearn.com/dict/wd_41990.html,L3-xdf,1,B,3,0,0,0,0,0,0,koolearn;xdf,1
distrust,44489,https://www.koolearn.com/dict/wd_44489.html,L1-base-L2,1,B,3,0,0,1,0,1,2,koolearn,0
doorway,45434,https://www.koolearn.com/dict/wd_45434.html,L1-base-L1,1,B,3,0,0,0,0,1,1,koolearn,0
earthwork,47630,https://www.koolearn.com/dict/wd_47630.html,L3-xdf,1,B,3,1,0,0,0,0,0,koolearn;xdf,1
emboss,49288,https://www.koolearn.com/dict/wd_49288.html,L3-xdf,1,B,3,0,0,0,0,0,0,koolearn;xdf,1
emigrant,49441,https://www.koolearn.com/dict/wd_49441.html,L1-base-L2,1,B,3,0,0,0,0,1,2,koolearn,0
entanglement,50590,https://www.koolearn.com/dict/wd_50590.html,L1-base-L2,1,B,3,0,2,0,0,1,2,koolearn,0
epoch,51220,https://www.koolearn.com/dict/wd_51220.html,L1-base-L2,1,B,3,0,0,0,0,1,2,koolearn,0
fact sheet,54173,https://www.koolearn.com/dict/wd_54173.html,L3-xdf,1,B,3,1,0,0,0,0,0,koolearn;xdf,1
falter,54571,https://www.koolearn.com/dict/wd_54571.html,L1-base-L1,1,B,3,0,1,0,0,1,1,koolearn,0
fend,55631,https://www.koolearn.com/dict/wd_55631.html,L1-base-L2,1,B,3,0,0,0,0,1,2,koolearn,0
fir,56673,https://www.koolearn.com/dict/wd_56673.html,L1-base-L2,1,B,3,0,0,0,0,1,2,koolearn,0
flank,57288,https://www.koolearn.com/dict/wd_57288.html,L1-base-L1,1,B,3,0,0,0,0,1,1,koolearn,0
freefone,59892,https://www.koolearn.com/dict/wd_59892.html,L3-xdf,1,B,3,0,0,0,0,0,0,koolearn;xdf,1
front-line,60377,https://www.koolearn.com/dict/wd_60377.html,L3-xdf,1,B,3,1,0,0,0,0,0,koolearn;xdf,1
gape,61733,https://www.koolearn.com/dict/wd_61733.html,L1-base-L1,1,B,3,0,1,0,0,1,1,koolearn,0
gaudy,62100,https://www.koolearn.com/dict/wd_62100.html,L1-base-L2,1,B,3,0,0,0,1,1,2,koolearn,0
gelatin,62308,https://www.koolearn.com/dict/wd_62308.html,L3-xdf,1,B,3,0,0,0,0,0,0,koolearn;xdf,1
give,63518,https://www.koolearn.com/dict/wd_63518.html,L1-base-L1,1,B,3,1,0,0,0,1,1,koolearn,0
glamor,63698,https://www.koolearn.com/dict/wd_63698.html,L3-xdf,1,B,3,0,0,0,0,0,0,koolearn;xdf,1
gobble,64547,https://www.koolearn.com/dict/wd_64547.html,L1-base-L2,1,B,3,0,0,0,0,1,2,koolearn,0
goggles,64645,https://www.koolearn.com/dict/wd_64645.html,L3-xdf,1,B,3,1,0,0,0,0,0,koolearn;xdf,1
gondola,64804,https://www.koolearn.com/dict/wd_64804.html,L1-base-L3,1,B,3,0,1,0,0,1,3,koolearn,0
grandeur,65436,https://www.koolearn.com/dict/wd_65436.html,L1-base-L2,1,B,3,0,0,0,1,1,2,koolearn,0
graphology,65556,https://www.koolearn.com/dict/wd_65556.html,L3-xdf,1,B,3,0,0,0,0,0,0,koolearn;xdf,1
happy,68056,https://www.koolearn.com/dict/wd_68056.html,L1-base-L1,1,B,3,0,0,0,0,1,1,koolearn,0
homage,71480,https://www.koolearn.com/dict/wd_71480.html,L1-base-L1,1,B,3,0,2,0,0,1,1,koolearn,0
honor,71797,https://www.koolearn.com/dict/wd_71797.html,L1-base-L1,1,B,3,0,0,0,0,1,1,koolearn,0
hygienic,73232,https://www.koolearn.com/dict/wd_73232.html,L1-base-L2,1,B,3,0,1,0,0,1,2,koolearn,0
ignition,74136,https://www.koolearn.com/dict/wd_74136.html,L1-base-L2,1,B,3,0,0,0,0,1,2,koolearn,0
implicate,74895,https://www.koolearn.com/dict/wd_74895.html,L1-base-L3,1,B,3,0,0,1,0,1,3,koolearn,0
imprecise,75015,https://www.koolearn.com/dict/wd_75015.html,L3-xdf,1,B,3,0,0,0,0,0,0,koolearn;xdf,1
incomparable,76312,https://www.koolearn.com/dict/wd_76312.html,L1-base-L2,1,B,3,0,0,1,2,1,2,koolearn,0
inexhaustible,77007,https://www.koolearn.com/dict/wd_77007.html,L1-base-L2,1,B,3,0,0,2,1,1,2,koolearn,0
inflate,77202,https://www.koolearn.com/dict/wd_77202.html,L1-base-L1,1,B,3,1,0,1,0,1,1,koolearn;xdf,1
intension,78300,https://www.koolearn.com/dict/wd_78300.html,L1-base-L2,1,B,3,0,3,0,0,1,2,koolearn,0
interception,78375,https://www.koolearn.com/dict/wd_78375.html,L1-base-L2,1,B,3,0,0,0,0,1,2,koolearn,0
interlude,78557,https://www.koolearn.com/dict/wd_78557.html,L1-base-L3,1,B,3,0,0,0,0,1,3,koolearn,0
intimidation,78955,https://www.koolearn.com/dict/wd_78955.html,L1-base-L1,1,B,3,0,0,0,0,1,1,koolearn,0
invigorate,79324,https://www.koolearn.com/dict/wd_79324.html,L1-base-L3,1,B,3,0,0,0,2,1,3,koolearn,0
irreparable,79692,https://www.koolearn.com/dict/wd_79692.html,L1-base-L2,1,B,3,0,0,2,0,1,2,koolearn,0
keystone,82607,https://www.koolearn.com/dict/wd_82607.html,L3-xdf,1,B,3,1,0,0,0,0,0,koolearn;xdf,1
kin,82862,https://www.koolearn.com/dict/wd_82862.html,L1-base-L1,1,B,3,0,0,0,0,1,1,koolearn,0
manageable,91021,https://www.koolearn.com/dict/wd_91021.html,L1-base-L2,1,B,3,0,3,0,0,1,2,koolearn,0
mastercard,92114,https://www.koolearn.com/dict/wd_92114.html,L3-xdf,1,B,3,1,0,0,0,0,0,koolearn;xdf,1
measles,92680,https://www.koolearn.com/dict/wd_92680.html,L1-base-L2,1,B,3,0,1,0,0,1,2,koolearn,0
meek,92975,https://www.koolearn.com/dict/wd_92975.html,L1-base-L1,1,B,3,0,0,0,0,1,1,koolearn,0
misgiving,95452,https://www.koolearn.com/dict/wd_95452.html,L1-base-L3,1,B,3,0,0,0,0,1,3,koolearn,0
misjudge,95488,https://www.koolearn.com/dict/wd_95488.html,L3-xdf,1,B,3,1,0,0,0,0,0,koolearn;xdf,1
moan,95921,https://www.koolearn.com/dict/wd_95921.html,L1-base-L1,1,B,3,0,0,0,0,1,1,koolearn,0
mole,96226,https://www.koolearn.com/dict/wd_96226.html,L1-base-L2,1,B,3,0,0,0,0,1,2,koolearn,0
molest,96242,https://www.koolearn.com/dict/wd_96242.html,L1-base-L2,1,B,3,0,0,0,0,1,2,koolearn,0
mourn,97472,https://www.koolearn.com/dict/wd_97472.html,L1-base-L2,1,B,3,0,0,0,0,1,2,koolearn,0
numb,102379,https://www.koolearn.com/dict/wd_102379.html,L1-base-L2,1,B,3,0,0,0,0,1,2,koolearn,0
nun,102441,https://www.koolearn.com/dict/wd_102441.html,L1-base-L1,1,B,3,0,0,0,2,1,1,koolearn,0
odyssey,103276,https://www.koolearn.com/dict/wd_103276.html,L1-base-L3,1,B,3,0,0,0,0,1,3,koolearn,0
outgrow,106138,https://www.koolearn.com/dict/wd_106138.html,L1-base-L3,1,B,3,0,0,0,0,1,3,koolearn,0
outpost,106242,https://www.koolearn.com/dict/wd_106242.html,L3-xdf,1,B,3,0,0,0,0,0,0,koolearn;xdf,1
outsell,106302,https://www.koolearn.com/dict/wd_106302.html,L3-xdf,1,B,3,0,1,0,0,0,0,koolearn;xdf,1
parish,108756,https://www.koolearn.com/dict/wd_108756.html,L1-base-L2,1,B,3,0,0,0,0,1,2,koolearn,0
pedagogy,109951,https://www.koolearn.com/dict/wd_109951.html,L1-base-L3,1,B,3,0,0,0,0,1,3,koolearn,0
pediatrics,110005,https://www.koolearn.com/dict/wd_110005.html,L1-base-L3,1,B,3,2,1,0,0,1,3,koolearn,0
persecution,111089,https://www.koolearn.com/dict/wd_111089.html,L1-base-L2,1,B,3,0,0,0,0,1,2,koolearn,0
pleasing,113913,https://www.koolearn.com/dict/wd_113913.html,L1-base-L1,1,B,3,0,0,0,3,1,1,koolearn,0
plume,114200,https://www.koolearn.com/dict/wd_114200.html,L1-base-L1,1,B,3,0,0,0,0,1,1,koolearn,0
pore,115346,https://www.koolearn.com/dict/wd_115346.html,L1-base-L2,1,B,3,0,0,0,0,1,2,koolearn,0
precipice,116381,https://www.koolearn.com/dict/wd_116381.html,L1-base-L2,1,B,3,0,0,0,0,1,2,koolearn,0
preview,117257,https://www.koolearn.com/dict/wd_117257.html,L1-base-L3,1,B,3,1,0,0,1,1,3,koolearn,0
profuse,118034,https://www.koolearn.com/dict/wd_118034.html,L1-base-L2,1,B,3,0,0,0,0,1,2,koolearn,0
regent,124024,https://www.koolearn.com/dict/wd_124024.html,L3-xdf,1,B,3,0,0,0,0,0,0,koolearn;xdf,1
reprimand,125249,https://www.koolearn.com/dict/wd_125249.html,L1-base-L1,1,B,3,0,1,0,0,1,1,koolearn,0
retake,125975,https://www.koolearn.com/dict/wd_125975.html,L1-base-L1,1,B,3,0,0,0,1,1,1,koolearn,0
revegetate,126297,https://www.koolearn.com/dict/wd_126297.html,L3-xdf,1,B,3,0,0,0,0,0,0,koolearn;xdf,1
reverence,126344,https://www.koolearn.com/dict/wd_126344.html,L1-base-L1,1,B,3,0,0,0,0,1,1,koolearn,0
riddle,126896,https://www.koolearn.com/dict/wd_126896.html,L1-base-L2,1,B,3,0,0,0,0,1,2,koolearn,0
roll film,127788,https://www.koolearn.com/dict/wd_127788.html,L3-xdf,1,B,3,0,0,0,0,0,0,koolearn;xdf,1
sane,130012,https://www.koolearn.com/dict/wd_130012.html,L1-base-L1,1,B,3,0,0,0,0,1,1,koolearn,0
shroud,135320,https://www.koolearn.com/dict/wd_135320.html,L1-base-L2,1,B,3,0,0,0,0,1,2,koolearn,0
sleet,137121,https://www.koolearn.com/dict/wd_137121.html,L1-base-L2,1,B,3,0,0,0,1,1,2,koolearn,0
sly,137523,https://www.koolearn.com/dict/wd_137523.html,L1-base-L1,1,B,3,0,0,0,1,1,1,koolearn,0
solitude,138880,https://www.koolearn.com/dict/wd_138880.html,L1-base-L3,1,B,3,0,1,0,0,1,3,koolearn,0
spurt,141030,https://www.koolearn.com/dict/wd_141030.html,L1-base-L2,1,B,3,3,0,0,0,1,2,koolearn,0
stalwart,141518,https://www.koolearn.com/dict/wd_141518.html,L1-base-L2,1,B,3,3,0,0,0,1,2,koolearn,0
strangle,143200,https://www.koolearn.com/dict/wd_143200.html,L1-base-L2,1,B,3,0,1,0,0,1,2,koolearn,0
strategist,143242,https://www.koolearn.com/dict/wd_143242.html,L3-xdf,1,B,3,0,0,0,0,0,0,koolearn;xdf,1
sucker,144639,https://www.koolearn.com/dict/wd_144639.html,L3-xdf,1,B,3,0,0,0,0,0,0,koolearn;xdf,1
symmetrical,146504,https://www.koolearn.com/dict/wd_146504.html,L1-base-L2,1,B,3,0,0,0,0,1,2,koolearn,0
tenor,149160,https://www.koolearn.com/dict/wd_149160.html,L1-base-L3,1,B,3,0,0,0,1,1,3,koolearn,0
tow,153416,https://www.koolearn.com/dict/wd_153416.html,L1-base-L1,1,B,3,0,0,0,0,1,1,koolearn,0
underbrush,157499,https://www.koolearn.com/dict/wd_157499.html,L1-base-L3,1,B,3,0,2,0,0,1,3,koolearn,0
undetected,157762,https://www.koolearn.com/dict/wd_157762.html,L3-xdf,1,B,3,1,0,0,0,0,0,koolearn;xdf,1
unwrap,159605,https://www.koolearn.com/dict/wd_159605.html,L3-xdf,1,B,3,0,0,0,0,0,0,koolearn;xdf,1
uproar,159825,https://www.koolearn.com/dict/wd_159825.html,L1-base-L1,1,B,3,0,0,0,1,1,1,koolearn,0
vested,161632,https://www.koolearn.com/dict/wd_161632.html,L3-xdf,1,B,3,1,0,0,0,0,0,koolearn;xdf,1
vigilance,161962,https://www.koolearn.com/dict/wd_161962.html,L1-base-L3,1,B,3,0,1,0,0,1,3,koolearn,0
wastage,163735,https://www.koolearn.com/dict/wd_163735.html,L3-xdf,1,B,3,1,0,0,0,0,0,koolearn;xdf,1
wrath,166922,https://www.koolearn.com/dict/wd_166922.html,L1-base-L1,1,B,3,0,0,0,0,1,1,koolearn,0
wreath,166935,https://www.koolearn.com/dict/wd_166935.html,L1-base-L1,1,B,3,0,0,0,0,1,1,koolearn,0
abstain,944,https://www.koolearn.com/dict/wd_944.html,L1-base-L1,1,C,2,0,1,0,0,1,1,koolearn,0
adorn,2570,https://www.koolearn.com/dict/wd_2570.html,L1-base-L2,1,C,2,0,0,0,0,1,2,koolearn,0
aggregation,3431,https://www.koolearn.com/dict/wd_3431.html,L1-base-L2,1,C,2,0,0,0,0,1,2,koolearn,0
anew,6415,https://www.koolearn.com/dict/wd_6415.html,L1-base-L1,1,C,2,0,1,0,0,1,1,koolearn,0
anguish,6587,https://www.koolearn.com/dict/wd_6587.html,L1-base-L1,1,C,2,0,0,0,0,1,1,koolearn,0
antibody,7241,https://www.koolearn.com/dict/wd_7241.html,L1-base-L3,1,C,2,0,0,0,0,1,3,koolearn,0
antithesis,7513,https://www.koolearn.com/dict/wd_7513.html,L1-base-L3,1,C,2,0,0,0,0,1,3,koolearn,0
antonym,7550,https://www.koolearn.com/dict/wd_7550.html,L1-base-L3,1,C,2,0,0,0,0,1,3,koolearn,0
aristocracy,8896,https://www.koolearn.com/dict/wd_8896.html,L1-base-L3,1,C,2,0,0,0,0,1,3,koolearn,0
artillery,9382,https://www.koolearn.com/dict/wd_9382.html,L1-base-L2,1,C,2,0,0,0,0,1,2,koolearn,0
assail,9938,https://www.koolearn.com/dict/wd_9938.html,L1-base-L2,1,C,2,0,1,0,0,1,2,koolearn,0
assiduous,10056,https://www.koolearn.com/dict/wd_10056.html,L1-base-L2,1,C,2,0,0,0,0,1,2,koolearn,0
attire,10981,https://www.koolearn.com/dict/wd_10981.html,L1-base-L1,1,C,2,0,1,0,0,1,1,koolearn,0
austere,11275,https://www.koolearn.com/dict/wd_11275.html,L1-base-L2,1,C,2,0,0,0,0,1,2,koolearn,0
baggy,12592,https://www.koolearn.com/dict/wd_12592.html,L1-base-L1,1,C,2,0,0,0,0,1,1,koolearn,0
bandit,13046,https://www.koolearn.com/dict/wd_13046.html,L1-base-L2,1,C,2,0,0,0,0,1,2,koolearn,0
bicentennial,16764,https://www.koolearn.com/dict/wd_16764.html,L1-base-L3,1,C,2,1,0,0,0,1,3,koolearn,0
blockade,18255,https://www.koolearn.com/dict/wd_18255.html,L1-base-L2,1,C,2,0,0,0,0,1,2,koolearn,0
brightness,20928,https://www.koolearn.com/dict/wd_20928.html,L1-base-L1,1,C,2,0,0,0,0,1,1,koolearn,0
bugle,21808,https://www.koolearn.com/dict/wd_21808.html,L1-base-L1,1,C,2,0,0,0,1,1,1,koolearn,0
butt,22603,https://www.koolearn.com/dict/wd_22603.html,L1-base-L2,1,C,2,0,0,0,0,1,2,koolearn,0
canvass,24210,https://www.koolearn.com/dict/wd_24210.html,L1-base-L2,1,C,2,0,0,0,0,1,2,koolearn,0
chaste,27298,https://www.koolearn.com/dict/wd_27298.html,L1-base-L1,1,C,2,0,0,0,0,1,1,koolearn,0
clap,29448,https://www.koolearn.com/dict/wd_29448.html,L1-base-L1,1,C,2,0,0,0,0,1,1,koolearn,0
clatter,29572,https://www.koolearn.com/dict/wd_29572.html,L1-base-L2,1,C,2,0,0,0,0,1,2,koolearn,0
coffin,30924,https://www.koolearn.com/dict/wd_30924.html,L1-base-L2,1,C,2,0,0,0,0,1,2,koolearn,0
cogent,30937,https://www.koolearn.com/dict/wd_30937.html,L1-base-L3,1,C,2,0,0,2,0,1,3,koolearn,0
coincident,31047,https://www.koolearn.com/dict/wd_31047.html,L1-base-L1,1,C,2,0,0,0,0,1,1,koolearn,0
communism,32139,https://www.koolearn.com/dict/wd_32139.html,L1-base-L1,1,C,2,0,0,0,1,1,1,koolearn,0
congenital,33213,https://www.koolearn.com/dict/wd_33213.html,L1-base-L3,1,C,2,1,0,0,0,1,3,koolearn,0
contravene,34070,https://www.koolearn.com/dict/wd_34070.html,L1-base-L3,1,C,2,0,0,1,0,1,3,koolearn,0
corollary,34876,https://www.koolearn.com/dict/wd_34876.html,L1-base-L2,1,C,2,0,1,0,0,1,2,koolearn,0
countable,35498,https://www.koolearn.com/dict/wd_35498.html,L1-base-L1,1,C,2,0,0,0,0,1,1,koolearn,0
covet,35860,https://www.koolearn.com/dict/wd_35860.html,L1-base-L1,1,C,2,0,0,0,0,1,1,koolearn,0
cowardly,35883,https://www.koolearn.com/dict/wd_35883.html,L1-base-L1,1,C,2,0,0,0,0,1,1,koolearn,0
crimson,36637,https://www.koolearn.com/dict/wd_36637.html,L1-base-L2,1,C,2,0,0,0,1,1,2,koolearn,0
crouch,36987,https://www.koolearn.com/dict/wd_36987.html,L1-base-L1,1,C,2,0,0,0,0,1,1,koolearn,0
denotation,41013,https://www.koolearn.com/dict/wd_41013.html,L1-base-L2,1,C,2,0,0,0,0,1,2,koolearn,0
deplore,41228,https://www.koolearn.com/dict/wd_41228.html,L1-base-L2,1,C,2,0,0,0,0,1,2,koolearn,0
detonate,41916,https://www.koolearn.com/dict/wd_41916.html,L1-base-L2,1,C,2,0,1,0,0,1,2,koolearn,0
disorganized,44043,https://www.koolearn.com/dict/wd_44043.html,L1-base-L2,1,C,2,0,1,0,0,1,2,koolearn,0
dissent,44274,https://www.koolearn.com/dict/wd_44274.html,L1-base-L2,1,C,2,0,1,0,0,1,2,koolearn,0
draught,46119,https://www.koolearn.com/dict/wd_46119.html,L1-base-L2,1,C,2,1,0,0,0,1,2,koolearn,0
enchant,49798,https://www.koolearn.com/dict/wd_49798.html,L1-base-L2,1,C,2,0,0,0,0,1,2,koolearn,0
encore,49858,https://www.koolearn.com/dict/wd_49858.html,L1-base-L3,1,C,2,0,0,0,0,1,3,koolearn,0
enhancement,50322,https://www.koolearn.com/dict/wd_50322.html,L1-base-L2,1,C,2,0,0,0,0,1,2,koolearn,0
ferment,55697,https://www.koolearn.com/dict/wd_55697.html,L1-base-L2,1,C,2,0,1,0,0,1,2,koolearn,0
figurative,56228,https://www.koolearn.com/dict/wd_56228.html,L1-base-L1,1,C,2,0,0,0,0,1,1,koolearn,0
flamboyant,57244,https://www.koolearn.com/dict/wd_57244.html,L1-base-L3,1,C,2,0,0,0,0,1,3,koolearn,0
fleece,57533,https://www.koolearn.com/dict/wd_57533.html,L1-base-L2,1,C,2,1,0,0,0,1,2,koolearn,0
ford,58868,https://www.koolearn.com/dict/wd_58868.html,L1-base-L2,1,C,2,0,0,0,0,1,2,koolearn,0
foreshadow,59034,https://www.koolearn.com/dict/wd_59034.html,L1-base-L3,1,C,2,0,0,0,0,1,3,koolearn,0
foresight,59051,https://www.koolearn.com/dict/wd_59051.html,L1-base-L3,1,C,2,0,1,0,0,1,3,koolearn,0
fray,59766,https://www.koolearn.com/dict/wd_59766.html,L1-base-L2,1,C,2,0,1,0,0,1,2,koolearn,0
frugality,60478,https://www.koolearn.com/dict/wd_60478.html,L1-base-L2,1,C,2,0,0,0,0,1,2,koolearn,0
gangster,61693,https://www.koolearn.com/dict/wd_61693.html,L1-base-L2,1,C,2,0,0,0,0,1,2,koolearn,0
garrison,61878,https://www.koolearn.com/dict/wd_61878.html,L1-base-L1,1,C,2,0,0,0,0,1,1,koolearn,0
genial,62520,https://www.koolearn.com/dict/wd_62520.html,L1-base-L2,1,C,2,0,0,0,0,1,2,koolearn,0
ghastly,63143,https://www.koolearn.com/dict/wd_63143.html,L1-base-L1,1,C,2,0,0,0,0,1,1,koolearn,0
graft,65331,https://www.koolearn.com/dict/wd_65331.html,L1-base-L2,1,C,2,0,0,0,0,1,2,koolearn,0
gull,66721,https://www.koolearn.com/dict/wd_66721.html,L1-base-L2,1,C,2,0,0,0,0,1,2,koolearn,0
gulp,66739,https://www.koolearn.com/dict/wd_66739.html,L1-base-L1,1,C,2,0,1,0,0,1,1,koolearn,0
gusto,66900,https://www.koolearn.com/dict/wd_66900.html,L1-base-L3,1,C,2,0,0,0,0,1,3,koolearn,0
harangue,68080,https://www.koolearn.com/dict/wd_68080.html,L1-base-L2,1,C,2,0,0,0,0,1,2,koolearn,0
hearty,69242,https://www.koolearn.com/dict/wd_69242.html,L1-base-L1,1,C,2,0,0,0,0,1,1,koolearn,0
herculean,70034,https://www.koolearn.com/dict/wd_70034.html,L1-base-L3,1,C,2,0,0,0,0,1,3,koolearn,0
heterogeneous,70264,https://www.koolearn.com/dict/wd_70264.html,L1-base-L3,1,C,2,0,0,0,0,1,3,koolearn,0
hoard,71090,https://www.koolearn.com/dict/wd_71090.html,L1-base-L1,1,C,2,0,0,0,0,1,1,koolearn,0
hoarse,71100,https://www.koolearn.com/dict/wd_71100.html,L1-base-L1,1,C,2,0,0,0,0,1,1,koolearn,0
horde,71963,https://www.koolearn.com/dict/wd_71963.html,L1-base-L2,1,C,2,0,0,0,0,1,2,koolearn,0
illegible,74268,https://www.koolearn.com/dict/wd_74268.html,L1-base-L2,1,C,2,0,0,0,0,1,2,koolearn,0
immaculate,74475,https://www.koolearn.com/dict/wd_74475.html,L1-base-L2,1,C,2,0,1,0,0,1,2,koolearn,0
incredulous,76438,https://www.koolearn.com/dict/wd_76438.html,L1-base-L2,1,C,2,0,0,0,0,1,2,koolearn,0
infamous,77043,https://www.koolearn.com/dict/wd_77043.html,L1-base-L1,1,C,2,0,1,0,0,1,1,koolearn,0
inscription,77815,https://www.koolearn.com/dict/wd_77815.html,L1-base-L2,1,C,2,0,0,0,2,1,2,koolearn,0
intermediary,78568,https://www.koolearn.com/dict/wd_78568.html,L1-base-L3,1,C,2,0,1,0,0,1,3,koolearn,0
intrepid,79057,https://www.koolearn.com/dict/wd_79057.html,L1-base-L2,1,C,2,0,0,0,0,1,2,koolearn,0
invariable,79208,https://www.koolearn.com/dict/wd_79208.html,L1-base-L1,1,C,2,0,0,0,0,1,1,koolearn,0
inveterate,79314,https://www.koolearn.com/dict/wd_79314.html,L1-base-L2,1,C,2,0,0,1,0,1,2,koolearn,0
kung fu,83637,https://www.koolearn.com/dict/wd_83637.html,L3-xdf,1,C,2,1,0,0,0,0,0,koolearn;xdf,1
labyrinth,83858,https://www.koolearn.com/dict/wd_83858.html,L1-base-L2,1,C,2,0,1,0,0,1,2,koolearn,0
lad,84001,https://www.koolearn.com/dict/wd_84001.html,L1-base-L1,1,C,2,0,0,0,0,1,1,koolearn,0
lawful,85118,https://www.koolearn.com/dict/wd_85118.html,L1-base-L1,1,C,2,0,0,0,1,1,1,koolearn,0
loiter,88225,https://www.koolearn.com/dict/wd_88225.html,L1-base-L1,1,C,2,0,1,0,0,1,1,koolearn,0
manacle,91014,https://www.koolearn.com/dict/wd_91014.html,L1-base-L3,1,C,2,0,0,0,0,1,3,koolearn,0
masquerade,92019,https://www.koolearn.com/dict/wd_92019.html,L1-base-L2,1,C,2,0,0,0,0,1,2,koolearn,0
mercurial,93555,https://www.koolearn.com/dict/wd_93555.html,L1-base-L3,1,C,2,0,0,0,0,1,3,koolearn,0
mirage,95219,https://www.koolearn.com/dict/wd_95219.html,L1-base-L2,1,C,2,0,0,0,0,1,2,koolearn,0
mistress,95723,https://www.koolearn.com/dict/wd_95723.html,L1-base-L1,1,C,2,0,0,0,0,1,1,koolearn,0
momentary,96313,https://www.koolearn.com/dict/wd_96313.html,L1-base-L1,1,C,2,0,0,0,0,1,1,koolearn,0
morsel,97110,https://www.koolearn.com/dict/wd_97110.html,L1-base-L2,1,C,2,0,1,0,0,1,2,koolearn,0
mournful,97477,https://www.koolearn.com/dict/wd_97477.html,L1-base-L2,1,C,2,0,0,0,0,1,2,koolearn,0
oblivion,102779,https://www.koolearn.com/dict/wd_102779.html,L1-base-L2,1,C,2,0,0,0,0,1,2,koolearn,0
occupied,103025,https://www.koolearn.com/dict/wd_103025.html,L1-base-L1,1,C,2,1,1,0,0,1,1,koolearn,0
override,106971,https://www.koolearn.com/dict/wd_106971.html,L1-base-L2,1,C,2,0,0,0,0,1,2,koolearn,0
pageant,107640,https://www.koolearn.com/dict/wd_107640.html,L1-base-L2,1,C,2,0,0,0,0,1,2,koolearn,0
paltry,108001,https://www.koolearn.com/dict/wd_108001.html,L1-base-L2,1,C,2,0,0,0,0,1,2,koolearn,0
panacea,108037,https://www.koolearn.com/dict/wd_108037.html,L1-base-L3,1,C,2,0,0,0,0,1,3,koolearn,0
pantomime,108239,https://www.koolearn.com/dict/wd_108239.html,L1-base-L3,1,C,2,0,0,0,0,1,3,koolearn,0
pious,113027,https://www.koolearn.com/dict/wd_113027.html,L1-base-L1,1,C,2,0,0,0,0,1,1,koolearn,0
postmortem,115732,https://www.koolearn.com/dict/wd_115732.html,L1-base-L3,1,C,2,0,0,0,0,1,3,koolearn,0
postscript,115759,https://www.koolearn.com/dict/wd_115759.html,L1-base-L3,1,C,2,0,0,0,0,1,3,koolearn,0
prophesy,118399,https://www.koolearn.com/dict/wd_118399.html,L1-base-L2,1,C,2,0,0,0,0,1,2,koolearn,0
proprietor,118473,https://www.koolearn.com/dict/wd_118473.html,L1-base-L1,1,C,2,0,0,0,0,1,1,koolearn,0
prostrate,118623,https://www.koolearn.com/dict/wd_118623.html,L1-base-L2,1,C,2,0,0,0,0,1,2,koolearn,0
prowl,118879,https://www.koolearn.com/dict/wd_118879.html,L1-base-L2,1,C,2,0,0,0,0,1,2,koolearn,0
pseudonym,119007,https://www.koolearn.com/dict/wd_119007.html,L1-base-L3,1,C,2,0,1,0,0,1,3,koolearn,0
rapture,121984,https://www.koolearn.com/dict/wd_121984.html,L1-base-L1,1,C,2,0,0,0,0,1,1,koolearn,0
rebuke,122780,https://www.koolearn.com/dict/wd_122780.html,L1-base-L2,1,C,2,0,0,0,0,1,2,koolearn,0
recurrence,123286,https://www.koolearn.com/dict/wd_123286.html,L1-base-L2,1,C,2,0,0,0,0,1,2,koolearn,0
repress,125232,https://www.koolearn.com/dict/wd_125232.html,L1-base-L2,1,C,2,0,0,0,0,1,2,koolearn,0
respectfully,125720,https://www.koolearn.com/dict/wd_125720.html,L1-base-L2,1,C,2,0,0,0,0,1,2,koolearn,0
retrospect,126197,https://www.koolearn.com/dict/wd_126197.html,L1-base-L1,1,C,2,0,0,0,0,1,1,koolearn,0
revere,126342,https://www.koolearn.com/dict/wd_126342.html,L1-base-L2,1,C,2,0,0,0,0,1,2,koolearn,0
sarcastic,130188,https://www.koolearn.com/dict/wd_130188.html,L1-base-L2,1,C,2,0,0,0,0,1,2,koolearn,0
scoff,131258,https://www.koolearn.com/dict/wd_131258.html,L1-base-L2,1,C,2,0,0,0,0,1,2,koolearn,0
scourge,131398,https://www.koolearn.com/dict/wd_131398.html,L1-base-L2,1,C,2,0,0,0,0,1,2,koolearn,0
seclusion,132101,https://www.koolearn.com/dict/wd_132101.html,L1-base-L2,1,C,2,0,0,0,0,1,2,koolearn,0
sermon,133493,https://www.koolearn.com/dict/wd_133493.html,L1-base-L1,1,C,2,0,1,0,0,1,1,koolearn,0
shred,135241,https://www.koolearn.com/dict/wd_135241.html,L1-base-L2,1,C,2,0,0,0,0,1,2,koolearn,0
shrine,135287,https://www.koolearn.com/dict/wd_135287.html,L1-base-L2,1,C,2,0,0,0,0,1,2,koolearn,0
sliver,137323,https://www.koolearn.com/dict/wd_137323.html,L3-xdf,1,C,2,1,0,0,0,0,0,koolearn;xdf,1
solar-powered,138731,https://www.koolearn.com/dict/wd_138731.html,L3-xdf,1,C,2,0,0,0,0,0,0,koolearn;xdf,1
spot-on,140804,https://www.koolearn.com/dict/wd_140804.html,L3-xdf,1,C,2,0,0,0,0,0,0,koolearn;xdf,1
squat,141139,https://www.koolearn.com/dict/wd_141139.html,L1-base-L1,1,C,2,0,0,0,0,1,1,koolearn,0
stupidity,143869,https://www.koolearn.com/dict/wd_143869.html,L1-base-L2,1,C,2,0,0,0,0,1,2,koolearn,0
sullen,144899,https://www.koolearn.com/dict/wd_144899.html,L1-base-L2,1,C,2,0,0,0,0,1,2,koolearn,0
surmise,145693,https://www.koolearn.com/dict/wd_145693.html,L1-base-L2,1,C,2,0,0,0,0,1,2,koolearn,0
sympathise,146518,https://www.koolearn.com/dict/wd_146518.html,L3-xdf,1,C,2,0,0,0,0,0,0,koolearn;xdf,1
tact,147015,https://www.koolearn.com/dict/wd_147015.html,L1-base-L2,1,C,2,0,0,0,0,1,2,koolearn,0
tantalize,147857,https://www.koolearn.com/dict/wd_147857.html,L1-base-L3,1,C,2,0,1,0,0,1,3,koolearn,0
tattoo,148174,https://www.koolearn.com/dict/wd_148174.html,L1-base-L2,1,C,2,1,0,0,0,1,2,koolearn,0
transgress,154052,https://www.koolearn.com/dict/wd_154052.html,L1-base-L3,1,C,2,0,0,0,0,1,3,koolearn,0
tread,154364,https://www.koolearn.com/dict/wd_154364.html,L1-base-L2,1,C,2,0,0,0,0,1,2,koolearn,0
tributary,154652,https://www.koolearn.com/dict/wd_154652.html,L1-base-L2,1,C,2,0,0,0,0,1,2,koolearn,0
trudge,155309,https://www.koolearn.com/dict/wd_155309.html,L1-base-L2,1,C,2,0,0,0,0,1,2,koolearn,0
unabridged,156838,https://www.koolearn.com/dict/wd_156838.html,L1-base-L3,1,C,2,0,2,0,0,1,3,koolearn,0
uninterested,158340,https://www.koolearn.com/dict/wd_158340.html,L1-base-L2,1,C,2,0,0,0,0,1,2,koolearn,0
upheaval,159732,https://www.koolearn.com/dict/wd_159732.html,L1-base-L3,1,C,2,0,0,0,0,1,3,koolearn,0
usefulness,160232,https://www.koolearn.com/dict/wd_160232.html,L1-base-L1,1,C,2,0,0,0,0,1,1,koolearn,0
vanquish,160778,https://www.koolearn.com/dict/wd_160778.html,L1-base-L1,1,C,2,0,0,0,0,1,1,koolearn,0
versatility,161511,https://www.koolearn.com/dict/wd_161511.html,L1-base-L2,1,C,2,0,1,0,1,1,2,koolearn,0
virtuoso,162253,https://www.koolearn.com/dict/wd_162253.html,L1-base-L3,1,C,2,0,0,0,0,1,3,koolearn,0
walnut,163364,https://www.koolearn.com/dict/wd_163364.html,L1-base-L2,1,C,2,1,0,0,0,1,2,koolearn,0
world-wide,166745,https://www.koolearn.com/dict/wd_166745.html,L3-xdf,1,C,2,0,0,0,0,0,0,koolearn;xdf,1
yearly,167533,https://www.koolearn.com/dict/wd_167533.html,L1-base-L1,1,C,2,0,0,0,0,1,1,koolearn,0
accede,1116,https://www.koolearn.com/dict/wd_1116.html,L1-base-L3,1,D,1,0,0,0,0,1,3,koolearn,0
acquiesce,1767,https://www.koolearn.com/dict/wd_1767.html,L1-base-L3,1,D,1,0,0,0,0,1,3,koolearn,0
acronym,1844,https://www.koolearn.com/dict/wd_1844.html,L1-base-L3,1,D,1,0,0,0,0,1,3,koolearn,0
adroit,2611,https://www.koolearn.com/dict/wd_2611.html,L1-base-L3,1,D,1,0,0,0,1,1,3,koolearn,0
affectation,3029,https://www.koolearn.com/dict/wd_3029.html,L1-base-L2,1,D,1,0,0,0,0,1,2,koolearn,0
afflicting,,,L3-xdf,1,D,1,0,0,0,0,0,0,xdf,1
aggressiveness,,,L3-xdf,1,D,1,1,0,0,0,0,0,xdf,1
agitated,3473,https://www.koolearn.com/dict/wd_3473.html,L1-base-L1,1,D,1,0,0,0,0,1,1,koolearn,0
alias,4477,https://www.koolearn.com/dict/wd_4477.html,L1-base-L3,1,D,1,0,0,0,1,1,3,koolearn,0
allay,4764,https://www.koolearn.com/dict/wd_4764.html,L1-base-L2,1,D,1,0,0,0,0,1,2,koolearn,0
allusion,4976,https://www.koolearn.com/dict/wd_4976.html,L1-base-L2,1,D,1,0,1,0,0,1,2,koolearn,0
aloof,5052,https://www.koolearn.com/dict/wd_5052.html,L1-base-L2,1,D,1,0,1,0,0,1,2,koolearn,0
amputate,5865,https://www.koolearn.com/dict/wd_5865.html,L1-base-L2,1,D,1,0,0,0,0,1,2,koolearn,0
anatomical,6166,https://www.koolearn.com/dict/wd_6166.html,L1-base-L2,1,D,1,0,0,0,0,1,2,koolearn,0
antagonize,6995,https://www.koolearn.com/dict/wd_6995.html,L1-base-L3,1,D,1,0,0,1,0,1,3,koolearn,0
as for/to,,,L3-xdf,1,D,1,0,0,0,0,0,0,xdf,1
as if/though,,,L3-xdf,1,D,1,0,0,0,0,0,0,xdf,1
astrologer,10293,https://www.koolearn.com/dict/wd_10293.html,L1-base-L3,1,D,1,0,1,0,0,1,3,koolearn,0
aversion,11719,https://www.koolearn.com/dict/wd_11719.html,L1-base-L2,1,D,1,0,0,0,0,1,2,koolearn,0
awaken,11824,https://www.koolearn.com/dict/wd_11824.html,L1-base-L1,1,D,1,0,0,0,0,1,1,koolearn,0
baritone,13441,https://www.koolearn.com/dict/wd_13441.html,L1-base-L3,1,D,1,0,0,0,1,1,3,koolearn,0
begrimed,,,L3-xdf,1,D,1,0,0,0,0,0,0,xdf,1
belch,15793,https://www.koolearn.com/dict/wd_15793.html,L1-base-L2,1,D,1,0,0,0,0,1,2,koolearn,0
biannual,16696,https://www.koolearn.com/dict/wd_16696.html,L1-base-L2,1,D,1,0,0,0,0,1,2,koolearn,0
bimonthly,17131,https://www.koolearn.com/dict/wd_17131.html,L1-base-L3,1,D,1,0,0,0,1,1,3,koolearn,0
bluff,18599,https://www.koolearn.com/dict/wd_18599.html,L1-base-L1,1,D,1,0,0,0,0,1,1,koolearn,0
bonbon,19145,https://www.koolearn.com/dict/wd_19145.html,L1-base-L3,1,D,1,0,1,0,0,1,3,koolearn,0
bring around/round,,,L3-xdf,1,D,1,0,0,0,0,0,0,xdf,1
callous,23596,https://www.koolearn.com/dict/wd_23596.html,L1-base-L2,1,D,1,0,0,0,0,1,2,koolearn,0
caprice,24390,https://www.koolearn.com/dict/wd_24390.html,L1-base-L2,1,D,1,0,1,0,0,1,2,koolearn,0
cartographer,25137,https://www.koolearn.com/dict/wd_25137.html,L1-base-L3,1,D,1,0,0,0,0,1,3,koolearn,0
cavalry,25912,https://www.koolearn.com/dict/wd_25912.html,L1-base-L2,1,D,1,0,0,0,0,1,2,koolearn,0
cession,26661,https://www.koolearn.com/dict/wd_26661.html,L1-base-L2,1,D,1,0,0,0,0,1,2,koolearn,0
chariot,27170,https://www.koolearn.com/dict/wd_27170.html,L1-base-L2,1,D,1,0,0,0,0,1,2,koolearn,0
chivalry,28221,https://www.koolearn.com/dict/wd_28221.html,L1-base-L2,1,D,1,0,0,0,0,1,2,koolearn,0
chronometer,28699,https://www.koolearn.com/dict/wd_28699.html,L1-base-L3,1,D,1,0,0,0,0,1,3,koolearn,0
circumnavigate,29116,https://www.koolearn.com/dict/wd_29116.html,L1-base-L3,1,D,1,0,0,0,0,1,3,koolearn,0
coalesce,30472,https://www.koolearn.com/dict/wd_30472.html,L1-base-L3,1,D,1,0,0,0,0,1,3,koolearn,0
collusion,31355,https://www.koolearn.com/dict/wd_31355.html,L1-base-L2,1,D,1,0,1,0,0,1,2,koolearn,0
comical,31826,https://www.koolearn.com/dict/wd_31826.html,L1-base-L1,1,D,1,0,0,0,0,1,1,koolearn,0
compulsively,,,L3-xdf,1,D,1,1,0,0,0,0,0,xdf,1
conceit,32679,https://www.koolearn.com/dict/wd_32679.html,L1-base-L1,1,D,1,0,0,0,0,1,1,koolearn,0
concord,32841,https://www.koolearn.com/dict/wd_32841.html,L1-base-L3,1,D,1,0,1,0,0,1,3,koolearn,0
confide,33062,https://www.koolearn.com/dict/wd_33062.html,L1-base-L1,1,D,1,0,0,0,0,1,1,koolearn,0
consecrate,33474,https://www.koolearn.com/dict/wd_33474.html,L1-base-L2,1,D,1,0,0,0,0,1,2,koolearn,0
conspire,33625,https://www.koolearn.com/dict/wd_33625.html,L1-base-L2,1,D,1,0,0,0,0,1,2,koolearn,0
contemptuous,33853,https://www.koolearn.com/dict/wd_33853.html,L1-base-L2,1,D,1,0,0,0,0,1,2,koolearn,0
contiguity,33902,https://www.koolearn.com/dict/wd_33902.html,L1-base-L2,1,D,1,0,0,0,0,1,2,koolearn,0
corroborate,35040,https://www.koolearn.com/dict/wd_35040.html,L1-base-L2,1,D,1,0,0,0,0,1,2,koolearn,0
countermand,35588,https://www.koolearn.com/dict/wd_35588.html,L1-base-L3,1,D,1,0,0,0,0,1,3,koolearn,0
crutch,37187,https://www.koolearn.com/dict/wd_37187.html,L1-base-L2,1,D,1,0,0,0,0,1,2,koolearn,0
darken,38904,https://www.koolearn.com/dict/wd_38904.html,L1-base-L1,1,D,1,0,0,0,0,1,1,koolearn,0
dawdle,39103,https://www.koolearn.com/dict/wd_39103.html,L1-base-L3,1,D,1,0,0,0,0,1,3,koolearn,0
deformity,40301,https://www.koolearn.com/dict/wd_40301.html,L1-base-L2,1,D,1,0,1,0,0,1,2,koolearn,0
democratize,40830,https://www.koolearn.com/dict/wd_40830.html,L1-base-L3,1,D,1,0,1,0,0,1,3,koolearn,0
deride,41407,https://www.koolearn.com/dict/wd_41407.html,L1-base-L2,1,D,1,0,1,0,0,1,2,koolearn,0
devolve,42100,https://www.koolearn.com/dict/wd_42100.html,L1-base-L2,1,D,1,0,1,0,0,1,2,koolearn,0
dexterity,42174,https://www.koolearn.com/dict/wd_42174.html,L1-base-L2,1,D,1,0,1,0,0,1,2,koolearn,0
dexterous,42175,https://www.koolearn.com/dict/wd_42175.html,L1-base-L2,1,D,1,0,0,0,0,1,2,koolearn,0
diagnostic,42273,https://www.koolearn.com/dict/wd_42273.html,L1-base-L2,1,D,1,0,0,0,0,1,2,koolearn,0
dignify,42817,https://www.koolearn.com/dict/wd_42817.html,L1-base-L1,1,D,1,0,1,0,0,1,1,koolearn,0
disrepair,44219,https://www.koolearn.com/dict/wd_44219.html,L1-base-L3,1,D,1,1,0,0,0,1,3,koolearn,0
docile,44918,https://www.koolearn.com/dict/wd_44918.html,L1-base-L3,1,D,1,0,0,0,1,1,3,koolearn,0
domicile,45250,https://www.koolearn.com/dict/wd_45250.html,L1-base-L3,1,D,1,0,0,0,0,1,3,koolearn,0
dungeon,47064,https://www.koolearn.com/dict/wd_47064.html,L1-base-L2,1,D,1,0,0,0,0,1,2,koolearn,0
ecstasy,48000,https://www.koolearn.com/dict/wd_48000.html,L1-base-L1,1,D,1,0,0,0,0,1,1,koolearn,0
egotist,48431,https://www.koolearn.com/dict/wd_48431.html,L1-base-L2,1,D,1,0,0,0,0,1,2,koolearn,0
elation,48605,https://www.koolearn.com/dict/wd_48605.html,L1-base-L2,1,D,1,0,1,0,0,1,2,koolearn,0
eloquence,49061,https://www.koolearn.com/dict/wd_49061.html,L1-base-L1,1,D,1,0,0,0,0,1,1,koolearn,0
emancipate,49158,https://www.koolearn.com/dict/wd_49158.html,L1-base-L3,1,D,1,0,0,0,0,1,3,koolearn,0
encampment,49763,https://www.koolearn.com/dict/wd_49763.html,L1-base-L2,1,D,1,0,0,0,0,1,2,koolearn,0
envoy,50895,https://www.koolearn.com/dict/wd_50895.html,L1-base-L3,1,D,1,0,1,0,0,1,3,koolearn,0
epithet,51197,https://www.koolearn.com/dict/wd_51197.html,L1-base-L3,1,D,1,0,0,0,0,1,3,koolearn,0
exalt,52712,https://www.koolearn.com/dict/wd_52712.html,L1-base-L1,1,D,1,0,0,0,0,1,1,koolearn,0
exemplification,53042,https://www.koolearn.com/dict/wd_53042.html,L1-base-L2,1,D,1,0,0,0,0,1,2,koolearn,0
externally,,,L3-xdf,1,D,1,0,0,0,0,0,0,xdf,1
extraneous,53814,https://www.koolearn.com/dict/wd_53814.html,L1-base-L3,1,D,1,0,0,0,0,1,3,koolearn,0
exultant,53911,https://www.koolearn.com/dict/wd_53911.html,L1-base-L2,1,D,1,0,0,0,0,1,2,koolearn,0
fiasco,55950,https://www.koolearn.com/dict/wd_55950.html,L1-base-L3,1,D,1,0,0,0,0,1,3,koolearn,0
fiend,56147,https://www.koolearn.com/dict/wd_56147.html,L1-base-L2,1,D,1,0,0,1,0,1,2,koolearn,0
flirt,57741,https://www.koolearn.com/dict/wd_57741.html,L1-base-L2,1,D,1,0,0,0,0,1,2,koolearn,0
folly,58497,https://www.koolearn.com/dict/wd_58497.html,L1-base-L2,1,D,1,0,0,0,0,1,2,koolearn,0
forearm,58884,https://www.koolearn.com/dict/wd_58884.html,L1-base-L3,1,D,1,0,0,0,0,1,3,koolearn,0
forebear,58888,https://www.koolearn.com/dict/wd_58888.html,L1-base-L2,1,D,1,0,0,1,0,1,2,koolearn,0
forefront,58928,https://www.koolearn.com/dict/wd_58928.html,L1-base-L3,1,D,1,0,0,1,0,1,3,koolearn,0
foregoing,58934,https://www.koolearn.com/dict/wd_58934.html,L1-base-L3,1,D,1,0,0,0,0,1,3,koolearn,0
forte,59296,https://www.koolearn.com/dict/wd_59296.html,L1-base-L3,1,D,1,0,0,0,0,1,3,koolearn,0
fortitude,59317,https://www.koolearn.com/dict/wd_59317.html,L1-base-L2,1,D,1,0,0,0,0,1,2,koolearn,0
fowl,59521,https://www.koolearn.com/dict/wd_59521.html,L1-base-L1,1,D,1,0,0,0,0,1,1,koolearn,0
fresco,60021,https://www.koolearn.com/dict/wd_60021.html,L1-base-L3,1,D,1,0,0,0,0,1,3,koolearn,0
frisk,60203,https://www.koolearn.com/dict/wd_60203.html,L1-base-L2,1,D,1,0,0,0,1,1,2,koolearn,0
fumble,60800,https://www.koolearn.com/dict/wd_60800.html,L1-base-L2,1,D,1,0,0,0,0,1,2,koolearn,0
garland,61832,https://www.koolearn.com/dict/wd_61832.html,L1-base-L1,1,D,1,0,0,0,0,1,1,koolearn,0
genesis,62495,https://www.koolearn.com/dict/wd_62495.html,L1-base-L3,1,D,1,0,0,0,0,1,3,koolearn,0
get off track,,,L3-xdf,1,D,1,1,0,0,0,0,0,xdf,1
glisten,63892,https://www.koolearn.com/dict/wd_63892.html,L1-base-L1,1,D,1,0,0,0,0,1,1,koolearn,0
gloom,63973,https://www.koolearn.com/dict/wd_63973.html,L1-base-L1,1,D,1,0,0,0,0,1,1,koolearn,0
glorify,63992,https://www.koolearn.com/dict/wd_63992.html,L1-base-L1,1,D,1,0,0,0,0,1,1,koolearn,0
gullibly,,,L3-xdf,1,D,1,1,0,0,0,0,0,xdf,1
haggard,67281,https://www.koolearn.com/dict/wd_67281.html,L1-base-L2,1,D,1,0,0,0,0,1,2,koolearn,0
hearth,69215,https://www.koolearn.com/dict/wd_69215.html,L1-base-L1,1,D,1,0,0,0,0,1,1,koolearn,0
heiress,69515,https://www.koolearn.com/dict/wd_69515.html,L1-base-L1,1,D,1,0,0,0,0,1,1,koolearn,0
high-handed,70607,https://www.koolearn.com/dict/wd_70607.html,L1-base-L2,1,D,1,0,0,1,1,1,2,koolearn,0
holistically,,,L3-xdf,1,D,1,0,0,0,0,0,0,xdf,1
homely,71545,https://www.koolearn.com/dict/wd_71545.html,L1-base-L1,1,D,1,0,0,0,0,1,1,koolearn,0
hung,72814,https://www.koolearn.com/dict/wd_72814.html,L1-base-L2,1,D,1,0,1,0,0,1,2,koolearn,0
hypocritical,73518,https://www.koolearn.com/dict/wd_73518.html,L1-base-L2,1,D,1,0,0,0,0,1,2,koolearn,0
impeach,74722,https://www.koolearn.com/dict/wd_74722.html,L1-base-L2,1,D,1,0,0,0,0,1,2,koolearn,0
impend,74761,https://www.koolearn.com/dict/wd_74761.html,L1-base-L2,1,D,1,0,0,0,1,1,2,koolearn,0
impending,74765,https://www.koolearn.com/dict/wd_74765.html,L1-base-L2,1,D,1,0,0,0,0,1,2,koolearn,0
impolite,74932,https://www.koolearn.com/dict/wd_74932.html,L1-base-L1,1,D,1,0,0,0,0,1,1,koolearn,0
impracticable,75008,https://www.koolearn.com/dict/wd_75008.html,L1-base-L2,1,D,1,0,0,0,0,1,2,koolearn,0
inadvertent,76007,https://www.koolearn.com/dict/wd_76007.html,L1-base-L3,1,D,1,1,0,0,0,1,3,koolearn,0
inaudible,76065,https://www.koolearn.com/dict/wd_76065.html,L1-base-L2,1,D,1,0,0,0,0,1,2,koolearn,0
incense,76142,https://www.koolearn.com/dict/wd_76142.html,L1-base-L1,1,D,1,0,0,0,0,1,1,koolearn,0
infinitesimal,77169,https://www.koolearn.com/dict/wd_77169.html,L1-base-L3,1,D,1,0,0,0,0,1,3,koolearn,0
inflexible,77224,https://www.koolearn.com/dict/wd_77224.html,L1-base-L1,1,D,1,0,0,0,0,1,1,koolearn,0
infuriate,77348,https://www.koolearn.com/dict/wd_77348.html,L1-base-L2,1,D,1,0,1,0,0,1,2,koolearn,0
inordinate,77732,https://www.koolearn.com/dict/wd_77732.html,L1-base-L3,1,D,1,0,0,0,0,1,3,koolearn,0
insurgent,78189,https://www.koolearn.com/dict/wd_78189.html,L1-base-L3,1,D,1,0,0,0,0,1,3,koolearn,0
intercede,78365,https://www.koolearn.com/dict/wd_78365.html,L1-base-L3,1,D,1,0,1,0,0,1,3,koolearn,0
intercept,78371,https://www.koolearn.com/dict/wd_78371.html,L1-base-L2,1,D,1,0,0,0,0,1,2,koolearn,0
intercourse,78416,https://www.koolearn.com/dict/wd_78416.html,L1-base-L2,1,D,1,0,0,0,0,1,2,koolearn,0
intravenous,79049,https://www.koolearn.com/dict/wd_79049.html,L1-base-L3,1,D,1,0,0,0,0,1,3,koolearn,0
lethargic,86170,https://www.koolearn.com/dict/wd_86170.html,L1-base-L3,1,D,1,0,0,0,1,1,3,koolearn,0
litigation,87600,https://www.koolearn.com/dict/wd_87600.html,L1-base-L3,1,D,1,0,1,0,0,1,3,koolearn,0
luminary,89258,https://www.koolearn.com/dict/wd_89258.html,L1-base-L3,1,D,1,0,0,0,0,1,3,koolearn,0
malady,90720,https://www.koolearn.com/dict/wd_90720.html,L1-base-L2,1,D,1,0,0,0,0,1,2,koolearn,0
malaise,90724,https://www.koolearn.com/dict/wd_90724.html,L1-base-L3,1,D,1,0,0,0,0,1,3,koolearn,0
maniac,91202,https://www.koolearn.com/dict/wd_91202.html,L1-base-L3,1,D,1,0,0,0,0,1,3,koolearn,0
mordant,96961,https://www.koolearn.com/dict/wd_96961.html,L1-base-L2,1,D,1,0,0,0,0,1,2,koolearn,0
mortify,97147,https://www.koolearn.com/dict/wd_97147.html,L1-base-L2,1,D,1,0,1,0,0,1,2,koolearn,0
movable,97532,https://www.koolearn.com/dict/wd_97532.html,L1-base-L1,1,D,1,0,0,0,0,1,1,koolearn,0
mow,97593,https://www.koolearn.com/dict/wd_97593.html,L1-base-L2,1,D,1,1,0,0,0,1,2,koolearn,0
numbness,102400,https://www.koolearn.com/dict/wd_102400.html,L1-base-L2,1,D,1,0,0,0,0,1,2,koolearn,0
obtrude,102920,https://www.koolearn.com/dict/wd_102920.html,L1-base-L3,1,D,1,0,1,0,0,1,3,koolearn,0
obviate,102954,https://www.koolearn.com/dict/wd_102954.html,L1-base-L3,1,D,1,0,0,0,0,1,3,koolearn,0
odometer,103244,https://www.koolearn.com/dict/wd_103244.html,L1-base-L3,1,D,1,0,0,0,0,1,3,koolearn,0
ordinance,105162,https://www.koolearn.com/dict/wd_105162.html,L1-base-L2,1,D,1,0,0,0,0,1,2,koolearn,0
orthopedic,105507,https://www.koolearn.com/dict/wd_105507.html,L1-base-L3,1,D,1,0,0,0,0,1,3,koolearn,0
overexploit,,,L3-xdf,1,D,1,0,0,0,0,0,0,xdf,1
overlapping,,,L3-xdf,1,D,1,1,0,0,0,0,0,xdf,1
oversupply,107109,https://www.koolearn.com/dict/wd_107109.html,L1-base-L3,1,D,1,0,0,0,0,1,3,koolearn,0
pediatrician,110004,https://www.koolearn.com/dict/wd_110004.html,L1-base-L3,1,D,1,0,0,0,0,1,3,koolearn,0
peek,110057,https://www.koolearn.com/dict/wd_110057.html,L1-base-L1,1,D,1,0,0,1,0,1,1,koolearn,0
perforate,110725,https://www.koolearn.com/dict/wd_110725.html,L1-base-L3,1,D,1,0,0,0,0,1,3,koolearn,0
pith,113231,https://www.koolearn.com/dict/wd_113231.html,L1-base-L2,1,D,1,0,0,0,0,1,2,koolearn,0
potable,115799,https://www.koolearn.com/dict/wd_115799.html,L1-base-L2,1,D,1,0,0,0,0,1,2,koolearn,0
preclude,116410,https://www.koolearn.com/dict/wd_116410.html,L1-base-L2,1,D,1,0,0,0,0,1,2,koolearn,0
preeminent,116553,https://www.koolearn.com/dict/wd_116553.html,L1-base-L2,1,D,1,0,0,0,0,1,2,koolearn,0
prejudiced,116675,https://www.koolearn.com/dict/wd_116675.html,L1-base-L2,1,D,1,0,0,0,0,1,2,koolearn,0
preponderance,116833,https://www.koolearn.com/dict/wd_116833.html,L1-base-L2,1,D,1,0,0,0,0,1,2,koolearn,0
pretext,117181,https://www.koolearn.com/dict/wd_117181.html,L1-base-L1,1,D,1,0,0,0,0,1,1,koolearn,0
proscribe,118517,https://www.koolearn.com/dict/wd_118517.html,L1-base-L2,1,D,1,0,0,0,0,1,2,koolearn,0
protagonist,118633,https://www.koolearn.com/dict/wd_118633.html,L1-base-L3,1,D,1,0,0,0,0,1,3,koolearn,0
pull up stakes,,,L3-xdf,1,D,1,1,0,0,0,0,0,xdf,1
rapport,121973,https://www.koolearn.com/dict/wd_121973.html,L1-base-L3,1,D,1,0,1,0,0,1,3,koolearn,0
rascal,122017,https://www.koolearn.com/dict/wd_122017.html,L1-base-L1,1,D,1,0,0,0,0,1,1,koolearn,0
rattle,122184,https://www.koolearn.com/dict/wd_122184.html,L1-base-L2,1,D,1,0,0,0,0,1,2,koolearn,0
redound,123517,https://www.koolearn.com/dict/wd_123517.html,L1-base-L3,1,D,1,0,0,0,0,1,3,koolearn,0
repack,,,L3-xdf,1,D,1,0,0,0,0,0,0,xdf,1
repulse,125340,https://www.koolearn.com/dict/wd_125340.html,L1-base-L1,1,D,1,0,0,0,0,1,1,koolearn,0
resound,125698,https://www.koolearn.com/dict/wd_125698.html,L1-base-L2,1,D,1,0,0,0,0,1,2,koolearn,0
retract,126109,https://www.koolearn.com/dict/wd_126109.html,L1-base-L1,1,D,1,0,0,0,0,1,1,koolearn,0
rove,128429,https://www.koolearn.com/dict/wd_128429.html,L1-base-L2,1,D,1,0,1,0,0,1,2,koolearn,0
rudiment,128660,https://www.koolearn.com/dict/wd_128660.html,L1-base-L2,1,D,1,0,0,0,0,1,2,koolearn,0
rye,129125,https://www.koolearn.com/dict/wd_129125.html,L1-base-L2,1,D,1,0,0,0,0,1,2,koolearn,0
saloon,129699,https://www.koolearn.com/dict/wd_129699.html,L1-base-L2,1,D,1,0,0,0,1,1,2,koolearn,0
savory,130527,https://www.koolearn.com/dict/wd_130527.html,L1-base-L1,1,D,1,1,0,0,0,1,1,koolearn,0
scanty,130762,https://www.koolearn.com/dict/wd_130762.html,L1-base-L1,1,D,1,0,0,0,0,1,1,koolearn,0
scribe,131595,https://www.koolearn.com/dict/wd_131595.html,L1-base-L3,1,D,1,0,1,0,0,1,3,koolearn,0
secondhand,132177,https://www.koolearn.com/dict/wd_132177.html,L1-base-L1,1,D,1,0,0,0,0,1,1,koolearn,0
seepage,132455,https://www.koolearn.com/dict/wd_132455.html,L1-base-L2,1,D,1,0,0,0,0,1,2,koolearn,0
segregation,132500,https://www.koolearn.com/dict/wd_132500.html,L1-base-L3,1,D,1,0,0,0,0,1,3,koolearn,0
semicircle,132932,https://www.koolearn.com/dict/wd_132932.html,L1-base-L3,1,D,1,0,0,0,0,1,3,koolearn,0
semimonthly,132979,https://www.koolearn.com/dict/wd_132979.html,L1-base-L3,1,D,1,0,0,0,1,1,3,koolearn,0
shack,133996,https://www.koolearn.com/dict/wd_133996.html,L1-base-L2,1,D,1,0,0,0,0,1,2,koolearn,0
shaggy,134067,https://www.koolearn.com/dict/wd_134067.html,L1-base-L2,1,D,1,0,1,0,0,1,2,koolearn,0
shrill,135272,https://www.koolearn.com/dict/wd_135272.html,L1-base-L1,1,D,1,0,0,0,0,1,1,koolearn,0
simulative,136111,https://www.koolearn.com/dict/wd_136111.html,L1-base-L2,1,D,1,0,0,0,0,1,2,koolearn,0
slovenly,137407,https://www.koolearn.com/dict/wd_137407.html,L1-base-L3,1,D,1,0,0,1,1,1,3,koolearn,0
smolder,137769,https://www.koolearn.com/dict/wd_137769.html,L1-base-L2,1,D,1,0,0,0,0,1,2,koolearn,0
smuggler,137839,https://www.koolearn.com/dict/wd_137839.html,L1-base-L2,1,D,1,0,0,0,0,1,2,koolearn,0
sojourn,138686,https://www.koolearn.com/dict/wd_138686.html,L1-base-L2,1,D,1,0,1,0,0,1,2,koolearn,0
sparing,139714,https://www.koolearn.com/dict/wd_139714.html,L1-base-L2,1,D,1,0,1,0,0,1,2,koolearn,0
spatter,139785,https://www.koolearn.com/dict/wd_139785.html,L1-base-L1,1,D,1,0,0,0,0,1,1,koolearn,0
sporadically,,,L3-xdf,1,D,1,1,0,0,0,0,0,xdf,1
stately,141905,https://www.koolearn.com/dict/wd_141905.html,L1-base-L1,1,D,1,1,0,0,0,1,1,koolearn,0
statistically,,,L3-xdf,1,D,1,1,0,0,0,0,0,xdf,1
stigmatize,142582,https://www.koolearn.com/dict/wd_142582.html,L1-base-L2,1,D,1,0,0,0,0,1,2,koolearn,0
subsist,144385,https://www.koolearn.com/dict/wd_144385.html,L1-base-L2,1,D,1,0,1,0,0,1,2,koolearn,0
supple,145452,https://www.koolearn.com/dict/wd_145452.html,L1-base-L2,1,D,1,0,0,0,0,1,2,koolearn,0
tangibly,,,L3-xdf,1,D,1,1,0,0,0,0,0,xdf,1
tart,148062,https://www.koolearn.com/dict/wd_148062.html,L1-base-L2,1,D,1,1,0,0,0,1,2,koolearn,0
tempera,148958,https://www.koolearn.com/dict/wd_148958.html,L1-base-L3,1,D,1,0,0,0,0,1,3,koolearn,0
tenuous,149245,https://www.koolearn.com/dict/wd_149245.html,L1-base-L2,1,D,1,0,0,0,0,1,2,koolearn,0
throb,150891,https://www.koolearn.com/dict/wd_150891.html,L1-base-L2,1,D,1,0,0,0,0,1,2,koolearn,0
tincture,151590,https://www.koolearn.com/dict/wd_151590.html,L1-base-L2,1,D,1,0,1,0,0,1,2,koolearn,0
tinge,151607,https://www.koolearn.com/dict/wd_151607.html,L1-base-L2,1,D,1,0,0,0,0,1,2,koolearn,0
treacherous,154359,https://www.koolearn.com/dict/wd_154359.html,L1-base-L1,1,D,1,0,0,0,0,1,1,koolearn,0
tropospheric,,,L3-xdf,1,D,1,1,0,0,0,0,0,xdf,1
typify,156440,https://www.koolearn.com/dict/wd_156440.html,L1-base-L1,1,D,1,0,0,0,0,1,1,koolearn,0
tyrant,156474,https://www.koolearn.com/dict/wd_156474.html,L1-base-L1,1,D,1,0,0,0,0,1,1,koolearn,0
unanimity,156906,https://www.koolearn.com/dict/wd_156906.html,L1-base-L2,1,D,1,0,1,0,0,1,2,koolearn,0
undersigned,157682,https://www.koolearn.com/dict/wd_157682.html,L1-base-L3,1,D,1,0,0,0,0,1,3,koolearn,0
undistinguished,157798,https://www.koolearn.com/dict/wd_157798.html,L1-base-L1,1,D,1,0,0,0,0,1,1,koolearn,0
uneducated,157880,https://www.koolearn.com/dict/wd_157880.html,L1-base-L1,1,D,1,0,0,0,0,1,1,koolearn,0
uproot,159829,https://www.koolearn.com/dict/wd_159829.html,L1-base-L3,1,D,1,0,0,0,0,1,3,koolearn,0
upstart,159879,https://www.koolearn.com/dict/wd_159879.html,L1-base-L3,1,D,1,0,0,0,0,1,3,koolearn,0
used,160222,https://www.koolearn.com/dict/wd_160222.html,L1-base-L2,1,D,1,0,0,0,0,1,2,koolearn,0
vignette,161969,https://www.koolearn.com/dict/wd_161969.html,L1-base-L3,1,D,1,0,0,0,0,1,3,koolearn,0
villain,162011,https://www.koolearn.com/dict/wd_162011.html,L1-base-L1,1,D,1,0,0,0,0,1,1,koolearn,0
vulture,162965,https://www.koolearn.com/dict/wd_162965.html,L1-base-L2,1,D,1,1,0,0,0,1,2,koolearn,0
wail,163129,https://www.koolearn.com/dict/wd_163129.html,L1-base-L1,1,D,1,0,0,0,0,1,1,koolearn,0
wasteful,163747,https://www.koolearn.com/dict/wd_163747.html,L1-base-L1,1,D,1,0,0,0,0,1,1,koolearn,0
wig,165472,https://www.koolearn.com/dict/wd_165472.html,L1-base-L2,1,D,1,1,0,0,0,1,2,koolearn,0
worn,166776,https://www.koolearn.com/dict/wd_166776.html,L1-base-L1,1,D,1,0,0,0,0,1,1,koolearn,0
wrangle,166897,https://www.koolearn.com/dict/wd_166897.html,L1-base-L2,1,D,1,0,0,0,0,1,2,koolearn,0
acme,1686,https://www.koolearn.com/dict/wd_1686.html,L1-base-L2,1,D,0,0,0,0,0,1,2,koolearn,0
adjoining,2356,https://www.koolearn.com/dict/wd_2356.html,L1-base-L1,1,D,0,0,0,0,0,1,1,koolearn,0
aghast,3453,https://www.koolearn.com/dict/wd_3453.html,L1-base-L2,1,D,0,0,0,0,0,1,2,koolearn,0
altercation,5151,https://www.koolearn.com/dict/wd_5151.html,L1-base-L3,1,D,0,0,0,0,0,1,3,koolearn,0
ambidextrous,5402,https://www.koolearn.com/dict/wd_5402.html,L1-base-L3,1,D,0,0,0,0,0,1,3,koolearn,0
amputation,5869,https://www.koolearn.com/dict/wd_5869.html,L1-base-L2,1,D,0,0,0,0,0,1,2,koolearn,0
anachronism,5971,https://www.koolearn.com/dict/wd_5971.html,L1-base-L3,1,D,0,0,0,0,0,1,3,koolearn,0
annexation,6764,https://www.koolearn.com/dict/wd_6764.html,L1-base-L2,1,D,0,0,0,0,0,1,2,koolearn,0
annihilation,6775,https://www.koolearn.com/dict/wd_6775.html,L1-base-L2,1,D,0,0,0,0,0,1,2,koolearn,0
annul,6838,https://www.koolearn.com/dict/wd_6838.html,L1-base-L2,1,D,0,0,0,0,0,1,2,koolearn,0
antipathy,7419,https://www.koolearn.com/dict/wd_7419.html,L1-base-L3,1,D,0,0,0,0,0,1,3,koolearn,0
antitoxin,7520,https://www.koolearn.com/dict/wd_7520.html,L1-base-L3,1,D,0,0,0,0,0,1,3,koolearn,0
apprise,8185,https://www.koolearn.com/dict/wd_8185.html,L1-base-L2,1,D,0,0,0,0,0,1,2,koolearn,0
armistice,8990,https://www.koolearn.com/dict/wd_8990.html,L1-base-L2,1,D,0,0,0,0,0,1,2,koolearn,0
aslant,9794,https://www.koolearn.com/dict/wd_9794.html,L1-base-L2,1,D,0,0,0,0,0,1,2,koolearn,0
assailant,9940,https://www.koolearn.com/dict/wd_9940.html,L1-base-L2,1,D,0,0,0,0,0,1,2,koolearn,0
assiduity,10055,https://www.koolearn.com/dict/wd_10055.html,L1-base-L2,1,D,0,0,0,0,0,1,2,koolearn,0
aster,10208,https://www.koolearn.com/dict/wd_10208.html,L1-base-L3,1,D,0,0,0,0,0,1,3,koolearn,0
at variance,10611,https://www.koolearn.com/dict/wd_10611.html,L1-base-L3,1,D,0,0,0,0,0,1,3,koolearn,0
audacity,11093,https://www.koolearn.com/dict/wd_11093.html,L1-base-L2,1,D,0,0,0,0,0,1,2,koolearn,0
autocracy,11403,https://www.koolearn.com/dict/wd_11403.html,L1-base-L2,1,D,0,0,0,0,0,1,2,koolearn,0
autocrat,11405,https://www.koolearn.com/dict/wd_11405.html,L1-base-L3,1,D,0,0,0,0,0,1,3,koolearn,0
automaton,11532,https://www.koolearn.com/dict/wd_11532.html,L1-base-L3,1,D,0,0,0,0,0,1,3,koolearn,0
autopsy,11566,https://www.koolearn.com/dict/wd_11566.html,L1-base-L3,1,D,0,0,0,0,0,1,3,koolearn,0
avoidable,11779,https://www.koolearn.com/dict/wd_11779.html,L1-base-L1,1,D,0,0,0,0,0,1,1,koolearn,0
avowal,11798,https://www.koolearn.com/dict/wd_11798.html,L1-base-L3,1,D,0,0,0,0,0,1,3,koolearn,0
bacchanalian,12168,https://www.koolearn.com/dict/wd_12168.html,L1-base-L3,1,D,0,0,0,0,0,1,3,koolearn,0
bagatelle,12568,https://www.koolearn.com/dict/wd_12568.html,L1-base-L3,1,D,0,0,0,0,0,1,3,koolearn,0
ballad,12844,https://www.koolearn.com/dict/wd_12844.html,L1-base-L2,1,D,0,0,0,0,0,1,2,koolearn,0
banality,12991,https://www.koolearn.com/dict/wd_12991.html,L1-base-L2,1,D,0,0,0,0,0,1,2,koolearn,0
barbarian,13286,https://www.koolearn.com/dict/wd_13286.html,L1-base-L1,1,D,0,0,0,0,0,1,1,koolearn,0
bas-relief,13657,https://www.koolearn.com/dict/wd_13657.html,L1-base-L3,1,D,0,0,0,0,0,1,3,koolearn,0
basso,13847,https://www.koolearn.com/dict/wd_13847.html,L1-base-L3,1,D,0,0,0,0,0,1,3,koolearn,0
bawdy,14108,https://www.koolearn.com/dict/wd_14108.html,L1-base-L2,1,D,0,0,0,0,0,1,2,koolearn,0
bearable,15144,https://www.koolearn.com/dict/wd_15144.html,L1-base-L1,1,D,0,0,0,0,0,1,1,koolearn,0
beckon,15329,https://www.koolearn.com/dict/wd_15329.html,L1-base-L2,1,D,0,0,0,0,0,1,2,koolearn,0
belabor,15778,https://www.koolearn.com/dict/wd_15778.html,L1-base-L2,1,D,0,0,0,0,0,1,2,koolearn,0
benediction,16072,https://www.koolearn.com/dict/wd_16072.html,L1-base-L3,1,D,0,0,0,0,0,1,3,koolearn,0
besiegement,16353,https://www.koolearn.com/dict/wd_16353.html,L1-base-L1,1,D,0,0,0,0,0,1,1,koolearn,0
betrayer,16519,https://www.koolearn.com/dict/wd_16519.html,L1-base-L1,1,D,0,0,0,0,0,1,1,koolearn,0
bewilderment,16604,https://www.koolearn.com/dict/wd_16604.html,L1-base-L1,1,D,0,0,0,0,0,1,1,koolearn,0
bicameral,16757,https://www.koolearn.com/dict/wd_16757.html,L1-base-L3,1,D,0,0,0,0,0,1,3,koolearn,0
bicker,16774,https://www.koolearn.com/dict/wd_16774.html,L1-base-L2,1,D,0,0,0,0,0,1,2,koolearn,0
bide,16827,https://www.koolearn.com/dict/wd_16827.html,L1-base-L2,1,D,0,0,0,0,0,1,2,koolearn,0
biennial,16848,https://www.koolearn.com/dict/wd_16848.html,L1-base-L2,1,D,0,0,0,0,0,1,2,koolearn,0
bigoted,16963,https://www.koolearn.com/dict/wd_16963.html,L1-base-L2,1,D,0,0,0,0,0,1,2,koolearn,0
billet-doux,17064,https://www.koolearn.com/dict/wd_17064.html,L1-base-L3,1,D,0,0,0,0,0,1,3,koolearn,0
billow,17091,https://www.koolearn.com/dict/wd_17091.html,L1-base-L2,1,D,0,0,0,0,0,1,2,koolearn,0
billowy,17095,https://www.koolearn.com/dict/wd_17095.html,L1-base-L2,1,D,0,0,0,0,0,1,2,koolearn,0
bipartisan,17367,https://www.koolearn.com/dict/wd_17367.html,L1-base-L3,1,D,0,0,0,0,0,1,3,koolearn,0
bisect,17510,https://www.koolearn.com/dict/wd_17510.html,L1-base-L3,1,D,0,0,0,0,0,1,3,koolearn,0
bliss,18187,https://www.koolearn.com/dict/wd_18187.html,L1-base-L1,1,D,0,0,0,0,0,1,1,koolearn,0
bon mot,19135,https://www.koolearn.com/dict/wd_19135.html,L1-base-L3,1,D,0,0,0,0,0,1,3,koolearn,0
bondage,19162,https://www.koolearn.com/dict/wd_19162.html,L1-base-L2,1,D,0,0,0,0,0,1,2,koolearn,0
bouffant,19757,https://www.koolearn.com/dict/wd_19757.html,L1-base-L3,1,D,0,0,0,0,0,1,3,koolearn,0
bourgeoisie,19851,https://www.koolearn.com/dict/wd_19851.html,L1-base-L3,1,D,0,0,0,0,0,1,3,koolearn,0
bravura,20401,https://www.koolearn.com/dict/wd_20401.html,L1-base-L3,1,D,0,0,0,0,0,1,3,koolearn,0
brawl,20404,https://www.koolearn.com/dict/wd_20404.html,L1-base-L2,1,D,0,0,0,0,0,1,2,koolearn,0
brawn,20412,https://www.koolearn.com/dict/wd_20412.html,L1-base-L2,1,D,0,0,0,0,0,1,2,koolearn,0
brawny,20417,https://www.koolearn.com/dict/wd_20417.html,L1-base-L2,1,D,0,0,0,0,0,1,2,koolearn,0
brewage,20740,https://www.koolearn.com/dict/wd_20740.html,L1-base-L2,1,D,0,0,0,0,0,1,2,koolearn,0
brigand,20899,https://www.koolearn.com/dict/wd_20899.html,L1-base-L2,1,D,0,0,0,0,0,1,2,koolearn,0
broil,21199,https://www.koolearn.com/dict/wd_21199.html,L1-base-L1,1,D,0,0,0,0,0,1,1,koolearn,0
broth,21353,https://www.koolearn.com/dict/wd_21353.html,L1-base-L2,1,D,0,0,0,0,0,1,2,koolearn,0
bullets,21952,https://www.koolearn.com/dict/wd_21952.html,L1-base-L2,1,D,0,0,0,0,0,1,2,koolearn,0
cajole,23276,https://www.koolearn.com/dict/wd_23276.html,L1-base-L1,1,D,0,0,0,0,0,1,1,koolearn,0
candor,23990,https://www.koolearn.com/dict/wd_23990.html,L1-base-L2,1,D,0,0,0,0,0,1,2,koolearn,0
carnal,24889,https://www.koolearn.com/dict/wd_24889.html,L1-base-L2,1,D,0,0,0,0,0,1,2,koolearn,0
cautiously,25898,https://www.koolearn.com/dict/wd_25898.html,L1-base-L1,1,D,0,0,0,0,0,1,1,koolearn,0
cellophane,26195,https://www.koolearn.com/dict/wd_26195.html,L1-base-L3,1,D,0,0,0,0,0,1,3,koolearn,0
chastity,27312,https://www.koolearn.com/dict/wd_27312.html,L1-base-L1,1,D,0,0,0,0,0,1,1,koolearn,0
chauffeur,27350,https://www.koolearn.com/dict/wd_27350.html,L1-base-L1,1,D,0,0,0,0,0,1,1,koolearn,0
chivalrous,28218,https://www.koolearn.com/dict/wd_28218.html,L1-base-L2,1,D,0,0,0,0,0,1,2,koolearn,0
circumlocution,29112,https://www.koolearn.com/dict/wd_29112.html,L1-base-L3,1,D,0,0,0,0,0,1,3,koolearn,0
citadel,29198,https://www.koolearn.com/dict/wd_29198.html,L1-base-L3,1,D,0,0,0,0,0,1,3,koolearn,0
clandestine,29423,https://www.koolearn.com/dict/wd_29423.html,L1-base-L3,1,D,0,0,0,0,0,1,3,koolearn,0
cleanse,29675,https://www.koolearn.com/dict/wd_29675.html,L1-base-L2,1,D,0,0,0,0,0,1,2,koolearn,0
cleavage,29733,https://www.koolearn.com/dict/wd_29733.html,L1-base-L3,1,D,0,0,0,0,0,1,3,koolearn,0
clinch,29886,https://www.koolearn.com/dict/wd_29886.html,L1-base-L2,1,D,0,0,0,0,0,1,2,koolearn,0
comity,31845,https://www.koolearn.com/dict/wd_31845.html,L1-base-L2,1,D,0,0,0,0,0,1,2,koolearn,0
commodious,32023,https://www.koolearn.com/dict/wd_32023.html,L1-base-L2,1,D,0,0,0,0,0,1,2,koolearn,0
compilation,32336,https://www.koolearn.com/dict/wd_32336.html,L1-base-L2,1,D,0,0,0,0,0,1,2,koolearn,0
condiment,32915,https://www.koolearn.com/dict/wd_32915.html,L1-base-L3,1,D,0,0,0,0,0,1,3,koolearn,0
confidant,33059,https://www.koolearn.com/dict/wd_33059.html,L1-base-L2,1,D,0,0,0,0,0,1,2,koolearn,0
congeniality,33212,https://www.koolearn.com/dict/wd_33212.html,L1-base-L2,1,D,0,0,0,0,0,1,2,koolearn,0
congregation,33259,https://www.koolearn.com/dict/wd_33259.html,L1-base-L3,1,D,0,0,0,0,0,1,3,koolearn,0
contiguous,33903,https://www.koolearn.com/dict/wd_33903.html,L1-base-L2,1,D,0,0,0,0,0,1,2,koolearn,0
contraband,33987,https://www.koolearn.com/dict/wd_33987.html,L1-base-L3,1,D,0,0,0,0,0,1,3,koolearn,0
coroner,34902,https://www.koolearn.com/dict/wd_34902.html,L1-base-L2,1,D,0,0,0,0,0,1,2,koolearn,0
corroborative,35045,https://www.koolearn.com/dict/wd_35045.html,L1-base-L2,1,D,0,0,0,0,0,1,2,koolearn,0
cower,35896,https://www.koolearn.com/dict/wd_35896.html,L1-base-L3,1,D,0,0,0,0,0,1,3,koolearn,0
coxcomb,35947,https://www.koolearn.com/dict/wd_35947.html,L1-base-L2,1,D,0,0,0,0,0,1,2,koolearn,0
crafty,36091,https://www.koolearn.com/dict/wd_36091.html,L1-base-L1,1,D,0,0,0,0,0,1,1,koolearn,0
craven,36241,https://www.koolearn.com/dict/wd_36241.html,L1-base-L3,1,D,0,0,0,0,0,1,3,koolearn,0
creak,36291,https://www.koolearn.com/dict/wd_36291.html,L1-base-L2,1,D,0,0,0,0,0,1,2,koolearn,0
credulous,36409,https://www.koolearn.com/dict/wd_36409.html,L1-base-L2,1,D,0,0,0,0,0,1,2,koolearn,0
cryptogram,37261,https://www.koolearn.com/dict/wd_37261.html,L1-base-L3,1,D,0,0,0,0,0,1,3,koolearn,0
culmination,37488,https://www.koolearn.com/dict/wd_37488.html,L1-base-L2,1,D,0,0,0,0,0,1,2,koolearn,0
cumber,37559,https://www.koolearn.com/dict/wd_37559.html,L1-base-L2,1,D,0,0,0,0,0,1,2,koolearn,0
damaged,38661,https://www.koolearn.com/dict/wd_38661.html,L1-base-L2,1,D,0,0,0,0,0,1,2,koolearn,0
dastardly,38982,https://www.koolearn.com/dict/wd_38982.html,L1-base-L3,1,D,0,0,0,0,0,1,3,koolearn,0
dauntless,39072,https://www.koolearn.com/dict/wd_39072.html,L1-base-L3,1,D,0,0,0,0,0,1,3,koolearn,0
decadent,39571,https://www.koolearn.com/dict/wd_39571.html,L1-base-L3,1,D,0,0,0,0,0,1,3,koolearn,0
decease,39635,https://www.koolearn.com/dict/wd_39635.html,L1-base-L2,1,D,0,0,0,0,0,1,2,koolearn,0
deciduous,39711,https://www.koolearn.com/dict/wd_39711.html,L1-base-L3,1,D,0,0,0,0,0,1,3,koolearn,0
deformed,40298,https://www.koolearn.com/dict/wd_40298.html,L1-base-L2,1,D,0,0,0,0,0,1,2,koolearn,0
defunct,40330,https://www.koolearn.com/dict/wd_40330.html,L1-base-L2,1,D,0,0,0,0,0,1,2,koolearn,0
dejected,40471,https://www.koolearn.com/dict/wd_40471.html,L1-base-L2,1,D,0,0,0,0,0,1,2,koolearn,0
demagogue,40718,https://www.koolearn.com/dict/wd_40718.html,L1-base-L3,1,D,0,0,0,0,0,1,3,koolearn,0
demean,40750,https://www.koolearn.com/dict/wd_40750.html,L1-base-L2,1,D,0,0,0,0,0,1,2,koolearn,0
demented,40759,https://www.koolearn.com/dict/wd_40759.html,L1-base-L3,1,D,0,0,0,0,0,1,3,koolearn,0
demote,40894,https://www.koolearn.com/dict/wd_40894.html,L1-base-L3,1,D,0,0,0,0,0,1,3,koolearn,0
derange,41385,https://www.koolearn.com/dict/wd_41385.html,L1-base-L2,1,D,0,0,0,0,0,1,2,koolearn,0
derisive,41414,https://www.koolearn.com/dict/wd_41414.html,L1-base-L2,1,D,0,0,0,0,0,1,2,koolearn,0
dermatologist,41445,https://www.koolearn.com/dict/wd_41445.html,L1-base-L3,1,D,0,0,0,0,0,1,3,koolearn,0
dermis,41457,https://www.koolearn.com/dict/wd_41457.html,L1-base-L3,1,D,0,0,0,0,0,1,3,koolearn,0
derogatory,41474,https://www.koolearn.com/dict/wd_41474.html,L1-base-L2,1,D,0,0,0,0,0,1,2,koolearn,0
detonation,41921,https://www.koolearn.com/dict/wd_41921.html,L1-base-L2,1,D,0,0,0,0,0,1,2,koolearn,0
diathermy,42445,https://www.koolearn.com/dict/wd_42445.html,L1-base-L3,1,D,0,0,0,0,0,1,3,koolearn,0
dirk,43324,https://www.koolearn.com/dict/wd_43324.html,L1-base-L2,1,D,0,0,0,0,0,1,2,koolearn,0
disassemble,43443,https://www.koolearn.com/dict/wd_43443.html,L1-base-L2,1,D,0,0,0,0,0,1,2,koolearn,0
disconsolate,43602,https://www.koolearn.com/dict/wd_43602.html,L1-base-L2,1,D,0,0,0,0,0,1,2,koolearn,0
dismember,44000,https://www.koolearn.com/dict/wd_44000.html,L1-base-L2,1,D,0,0,0,0,0,1,2,koolearn,0
dissimulation,44310,https://www.koolearn.com/dict/wd_44310.html,L1-base-L2,1,D,0,0,0,0,0,1,2,koolearn,0
dissuade,44343,https://www.koolearn.com/dict/wd_44343.html,L1-base-L2,1,D,0,0,0,0,0,1,2,koolearn,0
divers,44593,https://www.koolearn.com/dict/wd_44593.html,L1-base-L2,1,D,0,0,0,0,0,1,2,koolearn,0
doting,45571,https://www.koolearn.com/dict/wd_45571.html,L1-base-L2,1,D,0,0,0,0,0,1,2,koolearn,0
dovetail,45761,https://www.koolearn.com/dict/wd_45761.html,L1-base-L3,1,D,0,0,0,0,0,1,3,koolearn,0
dowry,45897,https://www.koolearn.com/dict/wd_45897.html,L1-base-L3,1,D,0,0,0,0,0,1,3,koolearn,0
dozy,45935,https://www.koolearn.com/dict/wd_45935.html,L1-base-L2,1,D,0,0,0,0,0,1,2,koolearn,0
drunken,46699,https://www.koolearn.com/dict/wd_46699.html,L1-base-L1,1,D,0,0,0,0,0,1,1,koolearn,0
duel,46899,https://www.koolearn.com/dict/wd_46899.html,L1-base-L2,1,D,0,0,0,0,0,1,2,koolearn,0
effusion,48344,https://www.koolearn.com/dict/wd_48344.html,L1-base-L2,1,D,0,0,0,0,0,1,2,koolearn,0
effusive,48346,https://www.koolearn.com/dict/wd_48346.html,L1-base-L2,1,D,0,0,0,0,0,1,2,koolearn,0
electrocardiogram,48735,https://www.koolearn.com/dict/wd_48735.html,L1-base-L3,1,D,0,0,0,0,0,1,3,koolearn,0
elusion,49097,https://www.koolearn.com/dict/wd_49097.html,L1-base-L2,1,D,0,0,0,0,0,1,2,koolearn,0
Elysian,49131,https://www.koolearn.com/dict/wd_49131.html,L1-base-L3,1,D,0,0,0,0,0,1,3,koolearn,0
embezzle,49238,https://www.koolearn.com/dict/wd_49238.html,L1-base-L1,1,D,0,0,0,0,0,1,1,koolearn,0
embroil,49329,https://www.koolearn.com/dict/wd_49329.html,L1-base-L3,1,D,0,0,0,0,0,1,3,koolearn,0
enamored,49741,https://www.koolearn.com/dict/wd_49741.html,L1-base-L3,1,D,0,0,0,0,0,1,3,koolearn,0
encamp,49760,https://www.koolearn.com/dict/wd_49760.html,L1-base-L2,1,D,0,0,0,0,0,1,2,koolearn,0
enchantment,49802,https://www.koolearn.com/dict/wd_49802.html,L1-base-L2,1,D,0,0,0,0,0,1,2,koolearn,0
encumber,49895,https://www.koolearn.com/dict/wd_49895.html,L1-base-L2,1,D,0,0,0,0,0,1,2,koolearn,0
encumbrance,49899,https://www.koolearn.com/dict/wd_49899.html,L1-base-L2,1,D,0,0,0,0,0,1,2,koolearn,0
enervate,50156,https://www.koolearn.com/dict/wd_50156.html,L1-base-L3,1,D,0,0,0,0,0,1,3,koolearn,0
enhancive,50328,https://www.koolearn.com/dict/wd_50328.html,L1-base-L2,1,D,0,0,0,0,0,1,2,koolearn,0
enmity,50404,https://www.koolearn.com/dict/wd_50404.html,L1-base-L2,1,D,0,0,0,0,0,1,2,koolearn,0
ennui,50417,https://www.koolearn.com/dict/wd_50417.html,L1-base-L3,1,D,0,0,0,0,0,1,3,koolearn,0
enshrine,50511,https://www.koolearn.com/dict/wd_50511.html,L1-base-L2,1,D,0,0,0,0,0,1,2,koolearn,0
entente,50597,https://www.koolearn.com/dict/wd_50597.html,L1-base-L3,1,D,0,0,0,0,0,1,3,koolearn,0
entre nous,50772,https://www.koolearn.com/dict/wd_50772.html,L1-base-L3,1,D,0,0,0,0,0,1,3,koolearn,0
entreaty,50779,https://www.koolearn.com/dict/wd_50779.html,L1-base-L2,1,D,0,0,0,0,0,1,2,koolearn,0
epidermis,51061,https://www.koolearn.com/dict/wd_51061.html,L1-base-L3,1,D,0,0,0,0,0,1,3,koolearn,0
epigram,51091,https://www.koolearn.com/dict/wd_51091.html,L1-base-L3,1,D,0,0,0,0,0,1,3,koolearn,0
equanimity,51287,https://www.koolearn.com/dict/wd_51287.html,L1-base-L3,1,D,0,0,0,0,0,1,3,koolearn,0
equilateral,51317,https://www.koolearn.com/dict/wd_51317.html,L1-base-L3,1,D,0,0,0,0,0,1,3,koolearn,0
esprit de corps,51810,https://www.koolearn.com/dict/wd_51810.html,L1-base-L3,1,D,0,0,0,0,0,1,3,koolearn,0
excise,52849,https://www.koolearn.com/dict/wd_52849.html,L1-base-L3,1,D,0,0,0,0,0,1,3,koolearn,0
exult,53908,https://www.koolearn.com/dict/wd_53908.html,L1-base-L2,1,D,0,0,0,0,0,1,2,koolearn,0
eyeglasses,53981,https://www.koolearn.com/dict/wd_53981.html,L1-base-L1,1,D,0,0,0,0,0,1,1,koolearn,0
fait accompli,54386,https://www.koolearn.com/dict/wd_54386.html,L1-base-L3,1,D,0,0,0,0,0,1,3,koolearn,0
falsetto,54554,https://www.koolearn.com/dict/wd_54554.html,L1-base-L3,1,D,0,0,0,0,0,1,3,koolearn,0
faux pas,55154,https://www.koolearn.com/dict/wd_55154.html,L1-base-L3,1,D,0,0,0,0,0,1,3,koolearn,0
fawn,55193,https://www.koolearn.com/dict/wd_55193.html,L1-base-L2,1,D,0,0,0,0,0,1,2,koolearn,0
feint,55470,https://www.koolearn.com/dict/wd_55470.html,L1-base-L2,1,D,0,0,0,0,0,1,2,koolearn,0
filet,56301,https://www.koolearn.com/dict/wd_56301.html,L1-base-L3,1,D,0,0,0,0,0,1,3,koolearn,0
finesse,56561,https://www.koolearn.com/dict/wd_56561.html,L1-base-L3,1,D,0,0,0,0,0,1,3,koolearn,0
finis,56611,https://www.koolearn.com/dict/wd_56611.html,L1-base-L3,1,D,0,0,0,0,0,1,3,koolearn,0
flit,57749,https://www.koolearn.com/dict/wd_57749.html,L1-base-L2,1,D,0,0,0,0,0,1,2,koolearn,0
flog,57814,https://www.koolearn.com/dict/wd_57814.html,L1-base-L2,1,D,0,0,0,0,0,1,2,koolearn,0
foreboding,58893,https://www.koolearn.com/dict/wd_58893.html,L1-base-L3,1,D,0,0,0,0,0,1,3,koolearn,0
foreword,59099,https://www.koolearn.com/dict/wd_59099.html,L1-base-L3,1,D,0,0,0,0,0,1,3,koolearn,0
fortissimo,59316,https://www.koolearn.com/dict/wd_59316.html,L1-base-L3,1,D,0,0,0,0,0,1,3,koolearn,0
foxhole,59538,https://www.koolearn.com/dict/wd_59538.html,L1-base-L2,1,D,0,0,0,0,0,1,2,koolearn,0
frolic,60293,https://www.koolearn.com/dict/wd_60293.html,L1-base-L2,1,D,0,0,0,0,0,1,2,koolearn,0
fugitive,60637,https://www.koolearn.com/dict/wd_60637.html,L1-base-L2,1,D,0,0,0,0,0,1,2,koolearn,0
fullness,60763,https://www.koolearn.com/dict/wd_60763.html,L1-base-L1,1,D,0,0,0,0,0,1,1,koolearn,0
gallant,61416,https://www.koolearn.com/dict/wd_61416.html,L1-base-L1,1,D,0,0,0,0,0,1,1,koolearn,0
gallows,61489,https://www.koolearn.com/dict/wd_61489.html,L1-base-L2,1,D,0,0,0,0,0,1,2,koolearn,0
gastronome,62020,https://www.koolearn.com/dict/wd_62020.html,L1-base-L3,1,D,0,0,0,0,0,1,3,koolearn,0
gaucho,62090,https://www.koolearn.com/dict/wd_62090.html,L1-base-L3,1,D,0,0,0,0,0,1,3,koolearn,0
gaudiness,62098,https://www.koolearn.com/dict/wd_62098.html,L1-base-L2,1,D,0,0,0,0,0,1,2,koolearn,0
gawk,62158,https://www.koolearn.com/dict/wd_62158.html,L1-base-L2,1,D,0,0,0,0,0,1,2,koolearn,0
gendarme,62377,https://www.koolearn.com/dict/wd_62377.html,L1-base-L3,1,D,0,0,0,0,0,1,3,koolearn,0
genealogy,62393,https://www.koolearn.com/dict/wd_62393.html,L1-base-L3,1,D,0,0,0,0,0,1,3,koolearn,0
ghostlike,63177,https://www.koolearn.com/dict/wd_63177.html,L1-base-L1,1,D,0,0,0,0,0,1,1,koolearn,0
gibberish,63219,https://www.koolearn.com/dict/wd_63219.html,L1-base-L2,1,D,0,0,0,0,0,1,2,koolearn,0
gingerly,63414,https://www.koolearn.com/dict/wd_63414.html,L1-base-L1,1,D,0,0,0,0,0,1,1,koolearn,0
glee,63816,https://www.koolearn.com/dict/wd_63816.html,L1-base-L2,1,D,0,0,0,0,0,1,2,koolearn,0
grandee,65433,https://www.koolearn.com/dict/wd_65433.html,L1-base-L3,1,D,0,0,0,0,0,1,3,koolearn,0
graphite,65554,https://www.koolearn.com/dict/wd_65554.html,L1-base-L3,1,D,0,0,0,0,0,1,3,koolearn,0
gratuitous,65630,https://www.koolearn.com/dict/wd_65630.html,L1-base-L2,1,D,0,0,0,0,0,1,2,koolearn,0
groggy,66173,https://www.koolearn.com/dict/wd_66173.html,L1-base-L2,1,D,0,0,0,0,0,1,2,koolearn,0
grotto,66250,https://www.koolearn.com/dict/wd_66250.html,L1-base-L3,1,D,0,0,0,0,0,1,3,koolearn,0
gruel,66415,https://www.koolearn.com/dict/wd_66415.html,L1-base-L2,1,D,0,0,0,0,0,1,2,koolearn,0
hangar,67950,https://www.koolearn.com/dict/wd_67950.html,L1-base-L2,1,D,0,0,0,0,0,1,2,koolearn,0
hanged,67955,https://www.koolearn.com/dict/wd_67955.html,L1-base-L2,1,D,0,0,0,0,0,1,2,koolearn,0
hector,69394,https://www.koolearn.com/dict/wd_69394.html,L1-base-L3,1,D,0,0,0,0,0,1,3,koolearn,0
heedless,69439,https://www.koolearn.com/dict/wd_69439.html,L1-base-L1,1,D,0,0,0,0,0,1,1,koolearn,0
Hegira,69483,https://www.koolearn.com/dict/wd_69483.html,L1-base-L2,1,D,0,0,0,0,0,1,2,koolearn,0
hermetic,70117,https://www.koolearn.com/dict/wd_70117.html,L1-base-L3,1,D,0,0,0,0,0,1,3,koolearn,0
hidalgo,70429,https://www.koolearn.com/dict/wd_70429.html,L1-base-L3,1,D,0,0,0,0,0,1,3,koolearn,0
homogenize,71638,https://www.koolearn.com/dict/wd_71638.html,L1-base-L3,1,D,0,0,0,0,0,1,3,koolearn,0
homonym,71680,https://www.koolearn.com/dict/wd_71680.html,L1-base-L3,1,D,0,0,0,0,0,1,3,koolearn,0
honk,71784,https://www.koolearn.com/dict/wd_71784.html,L1-base-L2,1,D,0,0,0,0,0,1,2,koolearn,0
hors d'oeuvres,72057,https://www.koolearn.com/dict/wd_72057.html,L1-base-L3,1,D,0,0,0,0,0,1,3,koolearn,0
humbleness,72695,https://www.koolearn.com/dict/wd_72695.html,L1-base-L1,1,D,0,0,0,0,0,1,1,koolearn,0
hypodermic,73523,https://www.koolearn.com/dict/wd_73523.html,L1-base-L3,1,D,0,0,0,0,0,1,3,koolearn,0
immerge,74506,https://www.koolearn.com/dict/wd_74506.html,L1-base-L2,1,D,0,0,0,0,0,1,2,koolearn,0
imminence,74528,https://www.koolearn.com/dict/wd_74528.html,L1-base-L2,1,D,0,0,0,0,0,1,2,koolearn,0
impoliteness,74933,https://www.koolearn.com/dict/wd_74933.html,L1-base-L1,1,D,0,0,0,0,0,1,1,koolearn,0
impregnable,75021,https://www.koolearn.com/dict/wd_75021.html,L1-base-L3,1,D,0,0,0,0,0,1,3,koolearn,0
impugn,75115,https://www.koolearn.com/dict/wd_75115.html,L1-base-L3,1,D,0,0,0,0,0,1,3,koolearn,0
impunity,75132,https://www.koolearn.com/dict/wd_75132.html,L1-base-L2,1,D,0,0,0,0,0,1,2,koolearn,0
incarcerate,76122,https://www.koolearn.com/dict/wd_76122.html,L1-base-L3,1,D,0,0,0,0,0,1,3,koolearn,0
incise,76210,https://www.koolearn.com/dict/wd_76210.html,L1-base-L3,1,D,0,0,0,0,0,1,3,koolearn,0
inconsolable,76364,https://www.koolearn.com/dict/wd_76364.html,L1-base-L2,1,D,0,0,0,0,0,1,2,koolearn,0
inconstant,76372,https://www.koolearn.com/dict/wd_76372.html,L1-base-L1,1,D,0,0,0,0,0,1,1,koolearn,0
incontrovertible,76383,https://www.koolearn.com/dict/wd_76383.html,L1-base-L3,1,D,0,0,0,0,0,1,3,koolearn,0
incumbency,76487,https://www.koolearn.com/dict/wd_76487.html,L1-base-L2,1,D,0,0,0,0,0,1,2,koolearn,0
indomitable,76805,https://www.koolearn.com/dict/wd_76805.html,L1-base-L3,1,D,0,0,0,0,0,1,3,koolearn,0
infraction,77314,https://www.koolearn.com/dict/wd_77314.html,L1-base-L3,1,D,0,0,0,0,0,1,3,koolearn,0
ingratiate,77413,https://www.koolearn.com/dict/wd_77413.html,L1-base-L2,1,D,0,0,0,0,0,1,2,koolearn,0
insolvency,77956,https://www.koolearn.com/dict/wd_77956.html,L1-base-L2,1,D,0,0,0,0,0,1,2,koolearn,0
insubordinate,78119,https://www.koolearn.com/dict/wd_78119.html,L1-base-L3,1,D,0,0,0,0,0,1,3,koolearn,0
insuperable,78156,https://www.koolearn.com/dict/wd_78156.html,L1-base-L2,1,D,0,0,0,0,0,1,2,koolearn,0
insurrection,78192,https://www.koolearn.com/dict/wd_78192.html,L1-base-L3,1,D,0,0,0,0,0,1,3,koolearn,0
intangibility,78205,https://www.koolearn.com/dict/wd_78205.html,L1-base-L2,1,D,0,0,0,0,0,1,2,koolearn,0
interject,78511,https://www.koolearn.com/dict/wd_78511.html,L1-base-L2,1,D,0,0,0,0,0,1,2,koolearn,0
intermission,78588,https://www.koolearn.com/dict/wd_78588.html,L1-base-L3,1,D,0,0,0,0,0,1,3,koolearn,0
intersect,78825,https://www.koolearn.com/dict/wd_78825.html,L1-base-L3,1,D,0,0,0,0,0,1,3,koolearn,0
intoxicate,78992,https://www.koolearn.com/dict/wd_78992.html,L1-base-L2,1,D,0,0,0,0,0,1,2,koolearn,0
intoxication,78996,https://www.koolearn.com/dict/wd_78996.html,L1-base-L2,1,D,0,0,0,0,0,1,2,koolearn,0
intramural,79018,https://www.koolearn.com/dict/wd_79018.html,L1-base-L3,1,D,0,0,0,0,0,1,3,koolearn,0
intraparty,79033,https://www.koolearn.com/dict/wd_79033.html,L1-base-L3,1,D,0,0,0,0,0,1,3,koolearn,0
intrastate,79042,https://www.koolearn.com/dict/wd_79042.html,L1-base-L3,1,D,0,0,0,0,0,1,3,koolearn,0
invidious,79318,https://www.koolearn.com/dict/wd_79318.html,L1-base-L2,1,D,0,0,0,0,0,1,2,koolearn,0
iota,79483,https://www.koolearn.com/dict/wd_79483.html,L1-base-L3,1,D,0,0,0,0,0,1,3,koolearn,0
irreconcilable,79662,https://www.koolearn.com/dict/wd_79662.html,L1-base-L3,1,D,0,0,0,0,0,1,3,koolearn,0
joggle,81104,https://www.koolearn.com/dict/wd_81104.html,L1-base-L2,1,D,0,0,0,0,0,1,2,koolearn,0
jolly,81209,https://www.koolearn.com/dict/wd_81209.html,L1-base-L1,1,D,0,0,0,0,0,1,1,koolearn,0
joyous,81337,https://www.koolearn.com/dict/wd_81337.html,L1-base-L2,1,D,0,0,0,0,0,1,2,koolearn,0
jubilant,81372,https://www.koolearn.com/dict/wd_81372.html,L1-base-L2,1,D,0,0,0,0,0,1,2,koolearn,0
judiciousness,81434,https://www.koolearn.com/dict/wd_81434.html,L1-base-L2,1,D,0,0,0,0,0,1,2,koolearn,0
kindred,82897,https://www.koolearn.com/dict/wd_82897.html,L1-base-L1,1,D,0,0,0,0,0,1,1,koolearn,0
labyrinthine,83861,https://www.koolearn.com/dict/wd_83861.html,L1-base-L3,1,D,0,0,0,0,0,1,3,koolearn,0
laconic,83929,https://www.koolearn.com/dict/wd_83929.html,L1-base-L3,1,D,0,0,0,0,0,1,3,koolearn,0
lair,84121,https://www.koolearn.com/dict/wd_84121.html,L1-base-L2,1,D,0,0,0,0,0,1,2,koolearn,0
laissez-faire,84130,https://www.koolearn.com/dict/wd_84130.html,L1-base-L3,1,D,0,0,0,0,0,1,3,koolearn,0
largo,84662,https://www.koolearn.com/dict/wd_84662.html,L1-base-L3,1,D,0,0,0,0,0,1,3,koolearn,0
lass,84755,https://www.koolearn.com/dict/wd_84755.html,L1-base-L1,1,D,0,0,0,0,0,1,1,koolearn,0
latch,84806,https://www.koolearn.com/dict/wd_84806.html,L1-base-L2,1,D,0,0,0,0,0,1,2,koolearn,0
legato,85762,https://www.koolearn.com/dict/wd_85762.html,L1-base-L3,1,D,0,0,0,0,0,1,3,koolearn,0
legerdemain,85772,https://www.koolearn.com/dict/wd_85772.html,L1-base-L3,1,D,0,0,0,0,0,1,3,koolearn,0
lento,86007,https://www.koolearn.com/dict/wd_86007.html,L1-base-L3,1,D,0,0,0,0,0,1,3,koolearn,0
lettre de cachet,86218,https://www.koolearn.com/dict/wd_86218.html,L1-base-L3,1,D,0,0,0,0,0,1,3,koolearn,0
libretto,86525,https://www.koolearn.com/dict/wd_86525.html,L1-base-L3,1,D,0,0,0,0,0,1,3,koolearn,0
limber,87000,https://www.koolearn.com/dict/wd_87000.html,L1-base-L2,1,D,0,0,0,0,0,1,2,koolearn,0
locksmith,88049,https://www.koolearn.com/dict/wd_88049.html,L1-base-L2,1,D,0,0,0,0,0,1,2,koolearn,0
lucullan,89172,https://www.koolearn.com/dict/wd_89172.html,L1-base-L3,1,D,0,0,0,0,0,1,3,koolearn,0
luscious,89428,https://www.koolearn.com/dict/wd_89428.html,L1-base-L3,1,D,0,0,0,0,0,1,3,koolearn,0
luster,89447,https://www.koolearn.com/dict/wd_89447.html,L1-base-L1,1,D,0,0,0,0,0,1,1,koolearn,0
maestro,89996,https://www.koolearn.com/dict/wd_89996.html,L1-base-L3,1,D,0,0,0,0,0,1,3,koolearn,0
majolica,90359,https://www.koolearn.com/dict/wd_90359.html,L1-base-L3,1,D,0,0,0,0,0,1,3,koolearn,0
maladjusted,90714,https://www.koolearn.com/dict/wd_90714.html,L1-base-L3,1,D,0,0,0,0,0,1,3,koolearn,0
maladroit,90718,https://www.koolearn.com/dict/wd_90718.html,L1-base-L3,1,D,0,0,0,0,0,1,3,koolearn,0
malcontent,90754,https://www.koolearn.com/dict/wd_90754.html,L1-base-L2,1,D,0,0,0,0,0,1,2,koolearn,0
malediction,90774,https://www.koolearn.com/dict/wd_90774.html,L1-base-L3,1,D,0,0,0,0,0,1,3,koolearn,0
malefactor,90778,https://www.koolearn.com/dict/wd_90778.html,L1-base-L3,1,D,0,0,0,0,0,1,3,koolearn,0
maniacal,91203,https://www.koolearn.com/dict/wd_91203.html,L1-base-L3,1,D,0,0,0,0,0,1,3,koolearn,0
martinet,91907,https://www.koolearn.com/dict/wd_91907.html,L1-base-L3,1,D,0,0,0,0,0,1,3,koolearn,0
materiel,92232,https://www.koolearn.com/dict/wd_92232.html,L1-base-L2,1,D,0,0,0,0,0,1,2,koolearn,0
maudlin,92382,https://www.koolearn.com/dict/wd_92382.html,L1-base-L2,1,D,0,0,0,0,0,1,2,koolearn,0
mezzo-soprano,94178,https://www.koolearn.com/dict/wd_94178.html,L1-base-L3,1,D,0,0,0,0,0,1,3,koolearn,0
mezzotint,94181,https://www.koolearn.com/dict/wd_94181.html,L1-base-L3,1,D,0,0,0,0,0,1,3,koolearn,0
milieu,94660,https://www.koolearn.com/dict/wd_94660.html,L1-base-L3,1,D,0,0,0,0,0,1,3,koolearn,0
mirth,95256,https://www.koolearn.com/dict/wd_95256.html,L1-base-L2,1,D,0,0,0,0,0,1,2,koolearn,0
misbelief,95314,https://www.koolearn.com/dict/wd_95314.html,L1-base-L3,1,D,0,0,0,0,0,1,3,koolearn,0
mischievous,95354,https://www.koolearn.com/dict/wd_95354.html,L1-base-L2,1,D,0,0,0,0,0,1,2,koolearn,0
misfire,95437,https://www.koolearn.com/dict/wd_95437.html,L1-base-L3,1,D,0,0,0,0,0,1,3,koolearn,0
mislay,95507,https://www.koolearn.com/dict/wd_95507.html,L1-base-L3,1,D,0,0,0,0,0,1,3,koolearn,0
misstep,95684,https://www.koolearn.com/dict/wd_95684.html,L1-base-L3,1,D,0,0,0,0,0,1,3,koolearn,0
moderato,96045,https://www.koolearn.com/dict/wd_96045.html,L1-base-L3,1,D,0,0,0,0,0,1,3,koolearn,0
modulation,96106,https://www.koolearn.com/dict/wd_96106.html,L1-base-L2,1,D,0,0,0,0,0,1,2,koolearn,0
monogram,96590,https://www.koolearn.com/dict/wd_96590.html,L1-base-L3,1,D,0,0,0,0,0,1,3,koolearn,0
mot juste,97237,https://www.koolearn.com/dict/wd_97237.html,L1-base-L3,1,D,0,0,0,0,0,1,3,koolearn,0
munition,98167,https://www.koolearn.com/dict/wd_98167.html,L1-base-L2,1,D,0,0,0,0,0,1,2,koolearn,0
musicale,98350,https://www.koolearn.com/dict/wd_98350.html,L1-base-L3,1,D,0,0,0,0,0,1,3,koolearn,0
myrmidon,98730,https://www.koolearn.com/dict/wd_98730.html,L1-base-L3,1,D,0,0,0,0,0,1,3,koolearn,0
mystification,98763,https://www.koolearn.com/dict/wd_98763.html,L1-base-L2,1,D,0,0,0,0,0,1,2,koolearn,0
nauseate,99402,https://www.koolearn.com/dict/wd_99402.html,L1-base-L2,1,D,0,0,0,0,0,1,2,koolearn,0
neglectful,99743,https://www.koolearn.com/dict/wd_99743.html,L1-base-L2,1,D,0,0,0,0,0,1,2,koolearn,0
nemesis,99841,https://www.koolearn.com/dict/wd_99841.html,L1-base-L3,1,D,0,0,0,0,0,1,3,koolearn,0
noblesse oblige,101073,https://www.koolearn.com/dict/wd_101073.html,L1-base-L3,1,D,0,0,0,0,0,1,3,koolearn,0
nonchalant,101346,https://www.koolearn.com/dict/wd_101346.html,L1-base-L3,1,D,0,0,0,0,0,1,3,koolearn,0
nouveaux riches,102118,https://www.koolearn.com/dict/wd_102118.html,L1-base-L3,1,D,0,0,0,0,0,1,3,koolearn,0
onomatopoeia,104516,https://www.koolearn.com/dict/wd_104516.html,L1-base-L3,1,D,0,0,0,0,0,1,3,koolearn,0
oratorio,105073,https://www.koolearn.com/dict/wd_105073.html,L1-base-L3,1,D,0,0,0,0,0,1,3,koolearn,0
ordnance,105182,https://www.koolearn.com/dict/wd_105182.html,L1-base-L2,1,D,0,0,0,0,0,1,2,koolearn,0
orthodontist,105476,https://www.koolearn.com/dict/wd_105476.html,L1-base-L3,1,D,0,0,0,0,0,1,3,koolearn,0
orthopedist,105510,https://www.koolearn.com/dict/wd_105510.html,L1-base-L3,1,D,0,0,0,0,0,1,3,koolearn,0
outlast,106164,https://www.koolearn.com/dict/wd_106164.html,L1-base-L3,1,D,0,0,0,0,0,1,3,koolearn,0
outrun,106292,https://www.koolearn.com/dict/wd_106292.html,L1-base-L3,1,D,0,0,0,0,0,1,3,koolearn,0
outwit,106433,https://www.koolearn.com/dict/wd_106433.html,L1-base-L3,1,D,0,0,0,0,0,1,3,koolearn,0
overburden,106575,https://www.koolearn.com/dict/wd_106575.html,L1-base-L3,1,D,0,0,0,0,0,1,3,koolearn,0
overconfident,106622,https://www.koolearn.com/dict/wd_106622.html,L1-base-L3,1,D,0,0,0,0,0,1,3,koolearn,0
overdose,106660,https://www.koolearn.com/dict/wd_106660.html,L1-base-L3,1,D,0,0,0,0,0,1,3,koolearn,0
overturn,107157,https://www.koolearn.com/dict/wd_107157.html,L1-base-L1,1,D,0,0,0,0,0,1,1,koolearn,0
pan-american,108034,https://www.koolearn.com/dict/wd_108034.html,L1-base-L3,1,D,0,0,0,0,0,1,3,koolearn,0
pandemonium,108084,https://www.koolearn.com/dict/wd_108084.html,L1-base-L3,1,D,0,0,0,0,0,1,3,koolearn,0
panoply,108188,https://www.koolearn.com/dict/wd_108188.html,L1-base-L3,1,D,0,0,0,0,0,1,3,koolearn,0
peal,109813,https://www.koolearn.com/dict/wd_109813.html,L1-base-L2,1,D,0,0,0,0,0,1,2,koolearn,0
pedagogue,109950,https://www.koolearn.com/dict/wd_109950.html,L1-base-L3,1,D,0,0,0,0,0,1,3,koolearn,0
pensive,110414,https://www.koolearn.com/dict/wd_110414.html,L1-base-L2,1,D,0,0,0,0,0,1,2,koolearn,0
personalty,111175,https://www.koolearn.com/dict/wd_111175.html,L1-base-L2,1,D,0,0,0,0,0,1,2,koolearn,0
petrify,111403,https://www.koolearn.com/dict/wd_111403.html,L1-base-L2,1,D,0,0,0,0,0,1,2,koolearn,0
philanthropy,111722,https://www.koolearn.com/dict/wd_111722.html,L1-base-L2,1,D,0,0,0,0,0,1,2,koolearn,0
photometer,112024,https://www.koolearn.com/dict/wd_112024.html,L1-base-L3,1,D,0,0,0,0,0,1,3,koolearn,0
picayune,112349,https://www.koolearn.com/dict/wd_112349.html,L1-base-L3,1,D,0,0,0,0,0,1,3,koolearn,0
pitiable,113246,https://www.koolearn.com/dict/wd_113246.html,L1-base-L1,1,D,0,0,0,0,0,1,1,koolearn,0
pittance,113267,https://www.koolearn.com/dict/wd_113267.html,L1-base-L3,1,D,0,0,0,0,0,1,3,koolearn,0
placate,113324,https://www.koolearn.com/dict/wd_113324.html,L1-base-L2,1,D,0,0,0,0,0,1,2,koolearn,0
placidity,113369,https://www.koolearn.com/dict/wd_113369.html,L1-base-L2,1,D,0,0,0,0,0,1,2,koolearn,0
plod,114071,https://www.koolearn.com/dict/wd_114071.html,L1-base-L2,1,D,0,0,0,0,0,1,2,koolearn,0
plutocracy,114297,https://www.koolearn.com/dict/wd_114297.html,L1-base-L3,1,D,0,0,0,0,0,1,3,koolearn,0
possessions,115561,https://www.koolearn.com/dict/wd_115561.html,L1-base-L1,1,D,0,0,0,0,0,1,1,koolearn,0
postdate,115650,https://www.koolearn.com/dict/wd_115650.html,L1-base-L3,1,D,0,0,0,0,0,1,3,koolearn,0
preconceive,116428,https://www.koolearn.com/dict/wd_116428.html,L1-base-L3,1,D,0,0,0,0,0,1,3,koolearn,0
preeminence,116552,https://www.koolearn.com/dict/wd_116552.html,L1-base-L2,1,D,0,0,0,0,0,1,2,koolearn,0
preordain,116787,https://www.koolearn.com/dict/wd_116787.html,L1-base-L2,1,D,0,0,0,0,0,1,2,koolearn,0
preponderant,116834,https://www.koolearn.com/dict/wd_116834.html,L1-base-L2,1,D,0,0,0,0,0,1,2,koolearn,0
protoplasm,118739,https://www.koolearn.com/dict/wd_118739.html,L1-base-L3,1,D,0,0,0,0,0,1,3,koolearn,0
protozoan,118758,https://www.koolearn.com/dict/wd_118758.html,L1-base-L3,1,D,0,0,0,0,0,1,3,koolearn,0
prowessful,118878,https://www.koolearn.com/dict/wd_118878.html,L1-base-L2,1,D,0,0,0,0,0,1,2,koolearn,0
puny,119744,https://www.koolearn.com/dict/wd_119744.html,L1-base-L3,1,D,0,0,0,0,0,1,3,koolearn,0
pyromania,120354,https://www.koolearn.com/dict/wd_120354.html,L1-base-L3,1,D,0,0,0,0,0,1,3,koolearn,0
raconteur,121278,https://www.koolearn.com/dict/wd_121278.html,L1-base-L3,1,D,0,0,0,0,0,1,3,koolearn,0
rapprochement,121975,https://www.koolearn.com/dict/wd_121975.html,L1-base-L3,1,D,0,0,0,0,0,1,3,koolearn,0
realty,122583,https://www.koolearn.com/dict/wd_122583.html,L1-base-L2,1,D,0,0,0,0,0,1,2,koolearn,0
reciprocation,122936,https://www.koolearn.com/dict/wd_122936.html,L1-base-L2,1,D,0,0,0,0,0,1,2,koolearn,0
recklessness,122962,https://www.koolearn.com/dict/wd_122962.html,L1-base-L2,1,D,0,0,0,0,0,1,2,koolearn,0
relations,124446,https://www.koolearn.com/dict/wd_124446.html,L1-base-L2,1,D,0,0,0,0,0,1,2,koolearn,0
relent,124503,https://www.koolearn.com/dict/wd_124503.html,L1-base-L3,1,D,0,0,0,0,0,1,3,koolearn,0
remiss,124722,https://www.koolearn.com/dict/wd_124722.html,L1-base-L3,1,D,0,0,0,0,0,1,3,koolearn,0
remission,124723,https://www.koolearn.com/dict/wd_124723.html,L1-base-L2,1,D,0,0,0,0,0,1,2,koolearn,0
renegade,124857,https://www.koolearn.com/dict/wd_124857.html,L1-base-L3,1,D,0,0,0,0,0,1,3,koolearn,0
reparable,125006,https://www.koolearn.com/dict/wd_125006.html,L1-base-L2,1,D,0,0,0,0,0,1,2,koolearn,0
repartee,125010,https://www.koolearn.com/dict/wd_125010.html,L1-base-L3,1,D,0,0,0,0,0,1,3,koolearn,0
repose,125184,https://www.koolearn.com/dict/wd_125184.html,L1-base-L1,1,D,0,0,0,0,0,1,1,koolearn,0
respectably,125716,https://www.koolearn.com/dict/wd_125716.html,L1-base-L2,1,D,0,0,0,0,0,1,2,koolearn,0
retaliatory,125985,https://www.koolearn.com/dict/wd_125985.html,L1-base-L2,1,D,0,0,0,0,0,1,2,koolearn,0
rife,126971,https://www.koolearn.com/dict/wd_126971.html,L1-base-L2,1,D,0,0,0,0,0,1,2,koolearn,0
riposte,127279,https://www.koolearn.com/dict/wd_127279.html,L1-base-L3,1,D,0,0,0,0,0,1,3,koolearn,0
rogue,127732,https://www.koolearn.com/dict/wd_127732.html,L1-base-L1,1,D,0,0,0,0,0,1,1,koolearn,0
rotunda,128268,https://www.koolearn.com/dict/wd_128268.html,L1-base-L3,1,D,0,0,0,0,0,1,3,koolearn,0
roundup,128390,https://www.koolearn.com/dict/wd_128390.html,L1-base-L2,1,D,0,0,0,0,0,1,2,koolearn,0
rue,128669,https://www.koolearn.com/dict/wd_128669.html,L1-base-L2,1,D,0,0,0,0,0,1,2,koolearn,0
rumple,128808,https://www.koolearn.com/dict/wd_128808.html,L1-base-L2,1,D,0,0,0,0,0,1,2,koolearn,0
sagacity,129414,https://www.koolearn.com/dict/wd_129414.html,L1-base-L2,1,D,0,0,0,0,0,1,2,koolearn,0
sailer,129469,https://www.koolearn.com/dict/wd_129469.html,L1-base-L2,1,D,0,0,0,0,0,1,2,koolearn,0
scrupulosity,131689,https://www.koolearn.com/dict/wd_131689.html,L1-base-L2,1,D,0,0,0,0,0,1,2,koolearn,0
scuttle,131808,https://www.koolearn.com/dict/wd_131808.html,L1-base-L2,1,D,0,0,0,0,0,1,2,koolearn,0
secede,132082,https://www.koolearn.com/dict/wd_132082.html,L1-base-L3,1,D,0,0,0,0,0,1,3,koolearn,0
secession,132090,https://www.koolearn.com/dict/wd_132090.html,L1-base-L3,1,D,0,0,0,0,0,1,3,koolearn,0
sedition,132330,https://www.koolearn.com/dict/wd_132330.html,L1-base-L3,1,D,0,0,0,0,0,1,3,koolearn,0
self-condemned,132671,https://www.koolearn.com/dict/wd_132671.html,L1-base-L2,1,D,0,0,0,0,0,1,2,koolearn,0
semiannual,132924,https://www.koolearn.com/dict/wd_132924.html,L1-base-L3,1,D,0,0,0,0,0,1,3,koolearn,0
semiconscious,132945,https://www.koolearn.com/dict/wd_132945.html,L1-base-L3,1,D,0,0,0,0,0,1,3,koolearn,0
semidetached,132951,https://www.koolearn.com/dict/wd_132951.html,L1-base-L3,1,D,0,0,0,0,0,1,3,koolearn,0
semiskilled,133017,https://www.koolearn.com/dict/wd_133017.html,L1-base-L3,1,D,0,0,0,0,0,1,3,koolearn,0
shimmery,134643,https://www.koolearn.com/dict/wd_134643.html,L1-base-L2,1,D,0,0,0,0,0,1,2,koolearn,0
simile,136023,https://www.koolearn.com/dict/wd_136023.html,L1-base-L3,1,D,0,0,0,0,0,1,3,koolearn,0
slake,136913,https://www.koolearn.com/dict/wd_136913.html,L1-base-L3,1,D,0,0,0,0,0,1,3,koolearn,0
smite,137705,https://www.koolearn.com/dict/wd_137705.html,L1-base-L2,1,D,0,0,0,0,0,1,2,koolearn,0
sod,138523,https://www.koolearn.com/dict/wd_138523.html,L1-base-L2,1,D,0,0,0,0,0,1,2,koolearn,0
solicitude,138827,https://www.koolearn.com/dict/wd_138827.html,L1-base-L2,1,D,0,0,0,0,0,1,2,koolearn,0
soliloquy,138866,https://www.koolearn.com/dict/wd_138866.html,L1-base-L3,1,D,0,0,0,0,0,1,3,koolearn,0
sop,139166,https://www.koolearn.com/dict/wd_139166.html,L1-base-L2,1,D,0,0,0,0,0,1,2,koolearn,0
sordid,139234,https://www.koolearn.com/dict/wd_139234.html,L1-base-L2,1,D,0,0,0,0,0,1,2,koolearn,0
spank,139669,https://www.koolearn.com/dict/wd_139669.html,L1-base-L2,1,D,0,0,0,0,0,1,2,koolearn,0
specs,139942,https://www.koolearn.com/dict/wd_139942.html,L1-base-L1,1,D,0,0,0,0,0,1,1,koolearn,0
speedometer,140038,https://www.koolearn.com/dict/wd_140038.html,L1-base-L3,1,D,0,0,0,0,0,1,3,koolearn,0
spicery,140220,https://www.koolearn.com/dict/wd_140220.html,L1-base-L2,1,D,0,0,0,0,0,1,2,koolearn,0
spiteful,140472,https://www.koolearn.com/dict/wd_140472.html,L1-base-L1,1,D,0,0,0,0,0,1,1,koolearn,0
splinter,140551,https://www.koolearn.com/dict/wd_140551.html,L1-base-L2,1,D,0,0,0,0,0,1,2,koolearn,0
steadfastness,142063,https://www.koolearn.com/dict/wd_142063.html,L1-base-L2,1,D,0,0,0,0,0,1,2,koolearn,0
stealthily,142092,https://www.koolearn.com/dict/wd_142092.html,L1-base-L2,1,D,0,0,0,0,0,1,2,koolearn,0
stenographer,142280,https://www.koolearn.com/dict/wd_142280.html,L1-base-L3,1,D,0,0,0,0,0,1,3,koolearn,0
stifling,142570,https://www.koolearn.com/dict/wd_142570.html,L1-base-L2,1,D,0,0,0,0,0,1,2,koolearn,0
straggle,143107,https://www.koolearn.com/dict/wd_143107.html,L1-base-L2,1,D,0,0,0,0,0,1,2,koolearn,0
subscriber,144338,https://www.koolearn.com/dict/wd_144338.html,L1-base-L3,1,D,0,0,0,0,0,1,3,koolearn,0
subversive,144542,https://www.koolearn.com/dict/wd_144542.html,L1-base-L2,1,D,0,0,0,0,0,1,2,koolearn,0
succulent,144609,https://www.koolearn.com/dict/wd_144609.html,L1-base-L3,1,D,0,0,0,0,0,1,3,koolearn,0
sundry,145100,https://www.koolearn.com/dict/wd_145100.html,L1-base-L2,1,D,0,0,0,0,0,1,2,koolearn,0
superabundance,145186,https://www.koolearn.com/dict/wd_145186.html,L1-base-L3,1,D,0,0,0,0,0,1,3,koolearn,0
superfluity,145257,https://www.koolearn.com/dict/wd_145257.html,L1-base-L2,1,D,0,0,0,0,0,1,2,koolearn,0
superimpose,145280,https://www.koolearn.com/dict/wd_145280.html,L1-base-L3,1,D,0,0,0,0,0,1,3,koolearn,0
taciturn,146981,https://www.koolearn.com/dict/wd_146981.html,L1-base-L2,1,D,0,0,0,0,0,1,2,koolearn,0
tangibility,147779,https://www.koolearn.com/dict/wd_147779.html,L1-base-L2,1,D,0,0,0,0,0,1,2,koolearn,0
taxidermist,148303,https://www.koolearn.com/dict/wd_148303.html,L1-base-L3,1,D,0,0,0,0,0,1,3,koolearn,0
technicality,148541,https://www.koolearn.com/dict/wd_148541.html,L1-base-L2,1,D,0,0,0,0,0,1,2,koolearn,0
technocracy,148556,https://www.koolearn.com/dict/wd_148556.html,L1-base-L3,1,D,0,0,0,0,0,1,3,koolearn,0
tempest,148977,https://www.koolearn.com/dict/wd_148977.html,L1-base-L1,1,D,0,0,0,0,0,1,1,koolearn,0
terpsichorean,149398,https://www.koolearn.com/dict/wd_149398.html,L1-base-L3,1,D,0,0,0,0,0,1,3,koolearn,0
terra cotta,149401,https://www.koolearn.com/dict/wd_149401.html,L1-base-L3,1,D,0,0,0,0,0,1,3,koolearn,0
thankfulness,149781,https://www.koolearn.com/dict/wd_149781.html,L1-base-L1,1,D,0,0,0,0,0,1,1,koolearn,0
thermonuclear,150388,https://www.koolearn.com/dict/wd_150388.html,L1-base-L3,1,D,0,0,0,0,0,1,3,koolearn,0
thespian,150426,https://www.koolearn.com/dict/wd_150426.html,L1-base-L3,1,D,0,0,0,0,0,1,3,koolearn,0
thong,150687,https://www.koolearn.com/dict/wd_150687.html,L1-base-L1,1,D,0,0,0,0,0,1,1,koolearn,0
tidings,151266,https://www.koolearn.com/dict/wd_151266.html,L1-base-L2,1,D,0,0,0,0,0,1,2,koolearn,0
tingle,151612,https://www.koolearn.com/dict/wd_151612.html,L1-base-L2,1,D,0,0,0,0,0,1,2,koolearn,0
tinkle,151632,https://www.koolearn.com/dict/wd_151632.html,L1-base-L2,1,D,0,0,0,0,0,1,2,koolearn,0
titanic,151783,https://www.koolearn.com/dict/wd_151783.html,L1-base-L3,1,D,0,0,0,0,0,1,3,koolearn,0
toreador,153055,https://www.koolearn.com/dict/wd_153055.html,L1-base-L3,1,D,0,0,0,0,0,1,3,koolearn,0
torero,153057,https://www.koolearn.com/dict/wd_153057.html,L1-base-L3,1,D,0,0,0,0,0,1,3,koolearn,0
torso,153147,https://www.koolearn.com/dict/wd_153147.html,L1-base-L3,1,D,0,0,0,0,0,1,3,koolearn,0
totter,153273,https://www.koolearn.com/dict/wd_153273.html,L1-base-L2,1,D,0,0,0,0,0,1,2,koolearn,0
toupee,153349,https://www.koolearn.com/dict/wd_153349.html,L1-base-L3,1,D,0,0,0,0,0,1,3,koolearn,0
tour de force,153353,https://www.koolearn.com/dict/wd_153353.html,L1-base-L3,1,D,0,0,0,0,0,1,3,koolearn,0
tractable,153637,https://www.koolearn.com/dict/wd_153637.html,L1-base-L3,1,D,0,0,0,0,0,1,3,koolearn,0
transfix,154025,https://www.koolearn.com/dict/wd_154025.html,L1-base-L2,1,D,0,0,0,0,0,1,2,koolearn,0
transpose,154199,https://www.koolearn.com/dict/wd_154199.html,L1-base-L3,1,D,0,0,0,0,0,1,3,koolearn,0
tremolo,154488,https://www.koolearn.com/dict/wd_154488.html,L1-base-L3,1,D,0,0,0,0,0,1,3,koolearn,0
tribulation,154645,https://www.koolearn.com/dict/wd_154645.html,L1-base-L2,1,D,0,0,0,0,0,1,2,koolearn,0
trifling,154768,https://www.koolearn.com/dict/wd_154768.html,L1-base-L1,1,D,0,0,0,0,0,1,1,koolearn,0
twitch,156283,https://www.koolearn.com/dict/wd_156283.html,L1-base-L2,1,D,0,0,0,0,0,1,2,koolearn,0
typographical,156448,https://www.koolearn.com/dict/wd_156448.html,L1-base-L3,1,D,0,0,0,0,0,1,3,koolearn,0
unconcern,157271,https://www.koolearn.com/dict/wd_157271.html,L1-base-L3,1,D,0,0,0,0,0,1,3,koolearn,0
undeceive,157389,https://www.koolearn.com/dict/wd_157389.html,L1-base-L3,1,D,0,0,0,0,0,1,3,koolearn,0
underpayment,157634,https://www.koolearn.com/dict/wd_157634.html,L1-base-L3,1,D,0,0,0,0,0,1,3,koolearn,0
undersell,157669,https://www.koolearn.com/dict/wd_157669.html,L1-base-L3,1,D,0,0,0,0,0,1,3,koolearn,0
understatement,157700,https://www.koolearn.com/dict/wd_157700.html,L1-base-L3,1,D,0,0,0,0,0,1,3,koolearn,0
understudy,157709,https://www.koolearn.com/dict/wd_157709.html,L1-base-L3,1,D,0,0,0,0,0,1,3,koolearn,0
underworld,157745,https://www.koolearn.com/dict/wd_157745.html,L1-base-L1,1,D,0,0,0,0,0,1,1,koolearn,0
undrinkable,157840,https://www.koolearn.com/dict/wd_157840.html,L1-base-L2,1,D,0,0,0,0,0,1,2,koolearn,0
unfavorable,157985,https://www.koolearn.com/dict/wd_157985.html,L1-base-L2,1,D,0,0,0,0,0,1,2,koolearn,0
unmoral,158671,https://www.koolearn.com/dict/wd_158671.html,L1-base-L2,1,D,0,0,0,0,0,1,2,koolearn,0
unmoved,158677,https://www.koolearn.com/dict/wd_158677.html,L1-base-L2,1,D,0,0,0,0,0,1,2,koolearn,0
unnerve,158701,https://www.koolearn.com/dict/wd_158701.html,L1-base-L3,1,D,0,0,0,0,0,1,3,koolearn,0
unorganized,158736,https://www.koolearn.com/dict/wd_158736.html,L1-base-L2,1,D,0,0,0,0,0,1,2,koolearn,0
unquenchable,158877,https://www.koolearn.com/dict/wd_158877.html,L1-base-L2,1,D,0,0,0,0,0,1,2,koolearn,0
unsavory,159074,https://www.koolearn.com/dict/wd_159074.html,L1-base-L1,1,D,0,0,0,0,0,1,1,koolearn,0
unscramble,159087,https://www.koolearn.com/dict/wd_159087.html,L1-base-L3,1,D,0,0,0,0,0,1,3,koolearn,0
unshackle,159149,https://www.koolearn.com/dict/wd_159149.html,L1-base-L3,1,D,0,0,0,0,0,1,3,koolearn,0
unwary,159537,https://www.koolearn.com/dict/wd_159537.html,L1-base-L3,1,D,0,0,0,0,0,1,3,koolearn,0
upcoming,159702,https://www.koolearn.com/dict/wd_159702.html,L1-base-L3,1,D,0,0,0,0,0,1,3,koolearn,0
upsurge,159888,https://www.koolearn.com/dict/wd_159888.html,L1-base-L2,1,D,0,0,0,0,0,1,2,koolearn,0
upturn,159918,https://www.koolearn.com/dict/wd_159918.html,L1-base-L3,1,D,0,0,0,0,0,1,3,koolearn,0
urbanize,160009,https://www.koolearn.com/dict/wd_160009.html,L1-base-L2,1,D,0,0,0,0,0,1,2,koolearn,0
vaquero,160821,https://www.koolearn.com/dict/wd_160821.html,L1-base-L3,1,D,0,0,0,0,0,1,3,koolearn,0
vendetta,161183,https://www.koolearn.com/dict/wd_161183.html,L1-base-L3,1,D,0,0,0,0,0,1,3,koolearn,0
verbose,161385,https://www.koolearn.com/dict/wd_161385.html,L1-base-L2,1,D,0,0,0,0,0,1,2,koolearn,0
veritable,161448,https://www.koolearn.com/dict/wd_161448.html,L1-base-L3,1,D,0,0,0,0,0,1,3,koolearn,0
verity,161452,https://www.koolearn.com/dict/wd_161452.html,L1-base-L3,1,D,0,0,0,0,0,1,3,koolearn,0
vibrato,161759,https://www.koolearn.com/dict/wd_161759.html,L1-base-L3,1,D,0,0,0,0,0,1,3,koolearn,0
vindication,162069,https://www.koolearn.com/dict/wd_162069.html,L1-base-L2,1,D,0,0,0,0,0,1,2,koolearn,0
vis-a-vis,162269,https://www.koolearn.com/dict/wd_162269.html,L1-base-L3,1,D,0,0,0,0,0,1,3,koolearn,0
vivace,162474,https://www.koolearn.com/dict/wd_162474.html,L1-base-L3,1,D,0,0,0,0,0,1,3,koolearn,0
warranted,163619,https://www.koolearn.com/dict/wd_163619.html,L1-base-L2,1,D,0,0,0,0,0,1,2,koolearn,0
wheeze,164911,https://www.koolearn.com/dict/wd_164911.html,L1-base-L2,1,D,0,0,0,0,0,1,2,koolearn,0
whirlpool,165087,https://www.koolearn.com/dict/wd_165087.html,L1-base-L2,1,D,0,0,0,0,0,1,2,koolearn,0
withholding tax,166174,https://www.koolearn.com/dict/wd_166174.html,L1-base-L3,1,D,0,0,0,0,0,1,3,koolearn,0
wrathful,166923,https://www.koolearn.com/dict/wd_166923.html,L1-base-L1,1,D,0,0,0,0,0,1,1,koolearn,0
sculpture,131748,https://www.koolearn.com/dict/wd_131748.html,L2-listening,1,S,47,17,2,4,6,0,0,koolearn;xdf,1
appreciate,8159,https://www.koolearn.com/dict/wd_8159.html,L2-reading,1,S,46,3,13,4,3,0,0,koolearn;xdf,1
exotic,53263,https://www.koolearn.com/dict/wd_53263.html,L2-listening,1,S,46,11,4,2,4,0,0,koolearn;xdf,1
seminar,132983,https://www.koolearn.com/dict/wd_132983.html,L2-listening,1,S,46,24,3,0,2,0,0,koolearn;xdf,1
gallery,61433,https://www.koolearn.com/dict/wd_61433.html,L2-listening,1,S,45,12,4,2,4,0,0,koolearn;xdf,1
individual,76756,https://www.koolearn.com/dict/wd_76756.html,L2-listening,1,S,45,16,4,4,2,0,0,koolearn;xdf,1
intermediate,78569,https://www.koolearn.com/dict/wd_78569.html,L2-listening,1,S,45,21,3,1,0,0,0,koolearn;xdf,1
perceive,110605,https://www.koolearn.com/dict/wd_110605.html,L2-reading,1,S,45,0,14,4,0,0,0,koolearn;xdf,1
recruit,123219,https://www.koolearn.com/dict/wd_123219.html,L2-listening,1,S,45,19,4,3,0,0,0,koolearn;xdf,1
convert,34235,https://www.koolearn.com/dict/wd_34235.html,L2-reading,1,S,44,4,11,3,0,0,0,koolearn;xdf,1
distinguish,44409,https://www.koolearn.com/dict/wd_44409.html,L2-reading,1,S,44,1,13,4,1,0,0,koolearn;xdf,1
assignment,10068,https://www.koolearn.com/dict/wd_10068.html,L2-listening,1,S,43,21,4,1,1,0,0,koolearn;xdf,1
career,24746,https://www.koolearn.com/dict/wd_24746.html,L2-listening,1,S,43,15,3,3,4,0,0,koolearn;xdf,1
estimate,51902,https://www.koolearn.com/dict/wd_51902.html,L2-reading,1,S,43,4,10,2,0,0,0,koolearn;xdf,1
handout,67866,https://www.koolearn.com/dict/wd_67866.html,L2-listening,1,S,43,21,2,0,0,0,0,koolearn;xdf,1
stretch,143408,https://www.koolearn.com/dict/wd_143408.html,L2-listening,1,S,43,15,4,2,1,0,0,koolearn;xdf,1
vegetarian,161071,https://www.koolearn.com/dict/wd_161071.html,L2-listening,1,S,43,18,4,2,0,0,0,koolearn;xdf,1
assess,10026,https://www.koolearn.com/dict/wd_10026.html,L2-reading,1,S,42,4,12,1,0,0,0,koolearn;xdf,1
craft,36072,https://www.koolearn.com/dict/wd_36072.html,L2-listening,1,S,42,17,4,0,2,0,0,koolearn;xdf,1
evolve,52640,https://www.koolearn.com/dict/wd_52640.html,L2-reading,1,S,42,2,15,2,0,0,0,koolearn;xdf,1
layout,85223,https://www.koolearn.com/dict/wd_85223.html,L2-listening,1,S,42,16,4,1,2,0,0,koolearn;xdf,1
lecture,85608,https://www.koolearn.com/dict/wd_85608.html,L2-listening,1,S,42,21,2,1,3,0,0,koolearn;xdf,1
pedestrian,109991,https://www.koolearn.com/dict/wd_109991.html,L2-listening,1,S,42,13,3,4,3,0,0,koolearn;xdf,1
reinforce,124294,https://www.koolearn.com/dict/wd_124294.html,L2-listening,1,S,42,10,3,2,0,0,0,koolearn;xdf,1
participate,108968,https://www.koolearn.com/dict/wd_108968.html,L2-reading,1,S,41,4,11,4,2,0,0,koolearn;xdf,1
souvenir,139508,https://www.koolearn.com/dict/wd_139508.html,L2-listening,1,S,41,15,1,2,3,0,0,koolearn;xdf,1
branch,20264,https://www.koolearn.com/dict/wd_20264.html,L2-listening,1,S,40,18,3,0,1,0,0,koolearn;xdf,1
claim,29363,https://www.koolearn.com/dict/wd_29363.html,L2-reading,1,S,40,4,7,3,1,0,0,koolearn;xdf,1
dispute,44188,https://www.koolearn.com/dict/wd_44188.html,L2-listening,1,S,40,8,4,2,1,0,0,koolearn;xdf,1
emergency,49389,https://www.koolearn.com/dict/wd_49389.html,L2-listening,1,S,40,14,3,4,1,0,0,koolearn;xdf,1
interfere,78467,https://www.koolearn.com/dict/wd_78467.html,L2-reading,1,S,40,3,11,1,2,0,0,koolearn;xdf,1
tremendous,154483,https://www.koolearn.com/dict/wd_154483.html,L2-reading,1,S,40,3,14,0,0,0,0,koolearn;xdf,1
attribute,11028,https://www.koolearn.com/dict/wd_11028.html,L2-reading,1,S,39,0,8,4,0,0,0,koolearn;xdf,1
contemporary,33845,https://www.koolearn.com/dict/wd_33845.html,L2-reading,1,S,39,4,9,2,0,0,0,koolearn;xdf,1
coverage,35837,https://www.koolearn.com/dict/wd_35837.html,L2-writing,1,S,39,2,4,8,0,0,0,koolearn;xdf,1
document,44962,https://www.koolearn.com/dict/wd_44962.html,L2-listening,1,S,39,15,4,1,0,0,0,koolearn;xdf,1
dramatic,46085,https://www.koolearn.com/dict/wd_46085.html,L2-reading,1,S,39,3,12,4,1,0,0,koolearn;xdf,1
review,126411,https://www.koolearn.com/dict/wd_126411.html,L2-listening,1,S,39,18,4,0,0,0,0,koolearn;xdf,1
section,132233,https://www.koolearn.com/dict/wd_132233.html,L2-listening,1,S,39,18,2,1,1,0,0,koolearn;xdf,1
sensible,133183,https://www.koolearn.com/dict/wd_133183.html,L2-listening,1,S,39,12,3,3,2,0,0,koolearn;xdf,1
subtle,144495,https://www.koolearn.com/dict/wd_144495.html,L2-reading,1,S,39,1,14,0,1,0,0,koolearn;xdf,1
tutorial,156090,https://www.koolearn.com/dict/wd_156090.html,L2-listening,1,S,39,22,2,0,1,0,0,koolearn;xdf,1
canteen,24160,https://www.koolearn.com/dict/wd_24160.html,L2-listening,1,S,38,22,0,0,2,0,0,koolearn;xdf,1
detect,41835,https://www.koolearn.com/dict/wd_41835.html,L2-reading,1,S,38,3,13,2,0,0,0,koolearn;xdf,1
detrimental,41946,https://www.koolearn.com/dict/wd_41946.html,L2-writing,1,S,38,1,4,7,3,0,0,koolearn;xdf,1
discount,43630,https://www.koolearn.com/dict/wd_43630.html,L2-listening,1,S,38,20,1,0,1,0,0,koolearn;xdf,1
dissertation,44286,https://www.koolearn.com/dict/wd_44286.html,L2-listening,1,S,38,16,1,0,1,0,0,koolearn;xdf,1
expose,53537,https://www.koolearn.com/dict/wd_53537.html,L2-reading,1,S,38,3,9,3,0,0,0,koolearn;xdf,1
extend,53642,https://www.koolearn.com/dict/wd_53642.html,L2-reading,1,S,38,2,12,1,0,0,0,koolearn;xdf,1
intense,78288,https://www.koolearn.com/dict/wd_78288.html,L2-reading,1,S,38,1,12,2,0,0,0,koolearn;xdf,1
nursery,102471,https://www.koolearn.com/dict/wd_102471.html,L2-listening,1,S,38,21,1,0,0,0,0,koolearn;xdf,1
reception,122878,https://www.koolearn.com/dict/wd_122878.html,L2-listening,1,S,38,22,1,0,2,0,0,koolearn;xdf,1
reject,124370,https://www.koolearn.com/dict/wd_124370.html,L2-reading,1,S,38,0,13,3,1,0,0,koolearn;xdf,1
strike,143483,https://www.koolearn.com/dict/wd_143483.html,L2-listening,1,S,38,16,4,3,1,0,0,koolearn;xdf,1
timber,151422,https://www.koolearn.com/dict/wd_151422.html,L2-listening,1,S,38,17,2,0,0,0,0,koolearn;xdf,1
tutor,156086,https://www.koolearn.com/dict/wd_156086.html,L2-listening,1,S,38,20,2,2,1,0,0,koolearn;xdf,1
induce,76829,https://www.koolearn.com/dict/wd_76829.html,L2-reading,1,S,37,1,12,3,1,0,0,koolearn;xdf,1
magnificent,90140,https://www.koolearn.com/dict/wd_90140.html,L2-listening,1,S,37,15,4,0,2,0,0,koolearn;xdf,1
optimistic,104968,https://www.koolearn.com/dict/wd_104968.html,L2-reading,1,S,37,1,9,4,5,0,0,koolearn;xdf,1
perception,110621,https://www.koolearn.com/dict/wd_110621.html,L2-reading,1,S,37,1,10,4,0,0,0,koolearn;xdf,1
periodical,110852,https://www.koolearn.com/dict/wd_110852.html,L2-listening,1,S,37,19,3,0,3,0,0,koolearn;xdf,1
recipe,122921,https://www.koolearn.com/dict/wd_122921.html,L2-listening,1,S,37,11,1,3,4,0,0,koolearn;xdf,1
conventional,34193,https://www.koolearn.com/dict/wd_34193.html,L2-reading,1,S,36,3,10,2,0,0,0,koolearn;xdf,1
course,35721,https://www.koolearn.com/dict/wd_35721.html,L2-listening,1,S,36,17,4,2,2,0,0,koolearn;xdf,1
diploma,43153,https://www.koolearn.com/dict/wd_43153.html,L2-listening,1,S,36,17,3,0,1,0,0,koolearn;xdf,1
engage,50212,https://www.koolearn.com/dict/wd_50212.html,L2-reading,1,S,36,1,7,2,0,0,0,koolearn;xdf,1
excursion,52954,https://www.koolearn.com/dict/wd_52954.html,L2-listening,1,S,36,17,1,0,1,0,0,koolearn;xdf,1
filter,56410,https://www.koolearn.com/dict/wd_56410.html,L2-listening,1,S,36,11,4,1,0,0,0,koolearn;xdf,1
immense,74502,https://www.koolearn.com/dict/wd_74502.html,L2-reading,1,S,36,1,10,3,1,0,0,koolearn;xdf,1
inspiration,77979,https://www.koolearn.com/dict/wd_77979.html,L2-reading,1,S,36,2,7,4,0,0,0,koolearn;xdf,1
moderate,96030,https://www.koolearn.com/dict/wd_96030.html,L2-listening,1,S,36,11,4,3,0,0,0,koolearn;xdf,1
occupy,103031,https://www.koolearn.com/dict/wd_103031.html,L2-reading,1,S,36,4,9,1,0,0,0,koolearn;xdf,1
physician,112224,https://www.koolearn.com/dict/wd_112224.html,L2-listening,1,S,36,13,4,0,2,0,0,koolearn;xdf,1
polish,114722,https://www.koolearn.com/dict/wd_114722.html,L2-listening,1,S,36,14,3,1,3,0,0,koolearn;xdf,1
supplement,145455,https://www.koolearn.com/dict/wd_145455.html,L2-reading,1,S,36,2,12,2,1,0,0,koolearn;xdf,1
typical,156430,https://www.koolearn.com/dict/wd_156430.html,L2-listening,1,S,36,9,1,3,2,0,0,koolearn;xdf,1
vanish,160759,https://www.koolearn.com/dict/wd_160759.html,L2-reading,1,S,36,2,12,3,0,0,0,koolearn;xdf,1
balcony,12755,https://www.koolearn.com/dict/wd_12755.html,L2-listening,1,S,35,15,0,0,5,0,0,koolearn;xdf,1
breakthrough,20593,https://www.koolearn.com/dict/wd_20593.html,L2-writing,1,S,35,1,4,7,2,0,0,koolearn;xdf,1
castle,25425,https://www.koolearn.com/dict/wd_25425.html,L2-listening,1,S,35,20,0,0,2,0,0,koolearn,0
celebrity,26149,https://www.koolearn.com/dict/wd_26149.html,L2-writing,1,S,35,4,1,9,5,0,0,koolearn;xdf,1
commodity,32027,https://www.koolearn.com/dict/wd_32027.html,L2-reading,1,S,35,3,6,3,3,0,0,koolearn;xdf,1
confirm,33099,https://www.koolearn.com/dict/wd_33099.html,L2-reading,1,S,35,3,7,1,0,0,0,koolearn;xdf,1
conscious,33461,https://www.koolearn.com/dict/wd_33461.html,L2-reading,1,S,35,0,13,4,2,0,0,koolearn;xdf,1
crocodile,36790,https://www.koolearn.com/dict/wd_36790.html,L2-listening,1,S,35,21,2,0,1,0,0,koolearn;xdf,1
disclose,43550,https://www.koolearn.com/dict/wd_43550.html,L2-reading,1,S,35,0,9,4,1,0,0,koolearn;xdf,1
disposal,44144,https://www.koolearn.com/dict/wd_44144.html,L2-listening,1,S,35,15,4,2,0,0,0,koolearn;xdf,1
durable,47159,https://www.koolearn.com/dict/wd_47159.html,L2-reading,1,S,35,4,11,1,4,0,0,koolearn;xdf,1
enthusiastic,50678,https://www.koolearn.com/dict/wd_50678.html,L2-listening,1,S,35,9,2,1,3,0,0,koolearn;xdf,1
fierce,56153,https://www.koolearn.com/dict/wd_56153.html,L2-reading,1,S,35,3,9,3,4,0,0,koolearn;xdf,1
implication,74899,https://www.koolearn.com/dict/wd_74899.html,L2-reading,1,S,35,4,8,2,0,0,0,koolearn;xdf,1
indigenous,76685,https://www.koolearn.com/dict/wd_76685.html,L2-reading,1,S,35,2,9,1,1,0,0,koolearn;xdf,1
interview,78904,https://www.koolearn.com/dict/wd_78904.html,L2-listening,1,S,35,16,3,0,3,0,0,koolearn;xdf,1
juvenile,81751,https://www.koolearn.com/dict/wd_81751.html,L2-reading,1,S,35,2,6,4,0,0,0,koolearn;xdf,1
minimum,95057,https://www.koolearn.com/dict/wd_95057.html,L2-listening,1,S,35,14,4,1,0,0,0,koolearn;xdf,1
orientation,105313,https://www.koolearn.com/dict/wd_105313.html,L2-listening,1,S,35,17,3,1,0,0,0,koolearn;xdf,1
representative,125223,https://www.koolearn.com/dict/wd_125223.html,L2-listening,1,S,35,13,4,3,0,0,0,koolearn;xdf,1
resident,125563,https://www.koolearn.com/dict/wd_125563.html,L2-listening,1,S,35,12,4,3,0,0,0,koolearn;xdf,1
route,128409,https://www.koolearn.com/dict/wd_128409.html,L2-listening,1,S,35,14,1,1,0,0,0,koolearn;xdf,1
satellite,130325,https://www.koolearn.com/dict/wd_130325.html,L2-listening,1,S,35,18,3,2,0,0,0,koolearn,0
snack,137861,https://www.koolearn.com/dict/wd_137861.html,L2-listening,1,S,35,14,1,3,4,0,0,koolearn;xdf,1
yoga,167718,https://www.koolearn.com/dict/wd_167718.html,L2-listening,1,S,35,18,3,0,3,0,0,koolearn,0
appeal,7954,https://www.koolearn.com/dict/wd_7954.html,L2-listening,1,S,34,9,2,0,2,0,0,koolearn;xdf,1
avoid,11777,https://www.koolearn.com/dict/wd_11777.html,L2-reading,1,S,34,2,13,0,2,0,0,koolearn;xdf,1
chemical,27564,https://www.koolearn.com/dict/wd_27564.html,L2-listening,1,S,34,9,4,2,0,0,0,koolearn;xdf,1
collapse,31207,https://www.koolearn.com/dict/wd_31207.html,L2-reading,1,S,34,2,9,1,1,0,0,koolearn;xdf,1
compound,32488,https://www.koolearn.com/dict/wd_32488.html,L2-reading,1,S,34,1,8,1,0,0,0,koolearn;xdf,1
conduct,32962,https://www.koolearn.com/dict/wd_32962.html,L2-reading,1,S,34,2,8,3,1,0,0,koolearn;xdf,1
diet,42650,https://www.koolearn.com/dict/wd_42650.html,L2-listening,1,S,34,12,3,2,4,0,0,koolearn,0
fragment,59605,https://www.koolearn.com/dict/wd_59605.html,L2-reading,1,S,34,4,12,0,0,0,0,koolearn;xdf,1
intervention,78897,https://www.koolearn.com/dict/wd_78897.html,L3-xdf,1,S,34,3,4,3,0,0,0,koolearn;xdf,1
livestock,87736,https://www.koolearn.com/dict/wd_87736.html,L2-listening,1,S,34,11,4,0,0,0,0,koolearn;xdf,1
model,96010,https://www.koolearn.com/dict/wd_96010.html,L2-listening,1,S,34,15,4,3,2,0,0,koolearn,0
precious,116376,https://www.koolearn.com/dict/wd_116376.html,L2-listening,1,S,34,12,3,3,3,0,0,koolearn,0
preservation,116971,https://www.koolearn.com/dict/wd_116971.html,L2-listening,1,S,34,12,3,3,1,0,0,koolearn,0
reveal,126290,https://www.koolearn.com/dict/wd_126290.html,L2-reading,1,S,34,4,9,2,1,0,0,koolearn;xdf,1
salary,129552,https://www.koolearn.com/dict/wd_129552.html,L2-listening,1,S,34,17,4,1,0,0,0,koolearn,0
sector,132243,https://www.koolearn.com/dict/wd_132243.html,L2-listening,1,S,34,12,4,2,0,0,0,koolearn;xdf,1
sewage,133859,https://www.koolearn.com/dict/wd_133859.html,L2-listening,1,S,34,15,1,4,1,0,0,koolearn,0
spacious,139611,https://www.koolearn.com/dict/wd_139611.html,L2-listening,1,S,34,8,4,1,7,0,0,koolearn;xdf,1
strength,143361,https://www.koolearn.com/dict/wd_143361.html,L2-listening,1,S,34,10,3,2,4,0,0,koolearn,0
subsequent,144351,https://www.koolearn.com/dict/wd_144351.html,L2-reading,1,S,34,4,7,1,0,0,0,koolearn;xdf,1
venue,161328,https://www.koolearn.com/dict/wd_161328.html,L2-listening,1,S,34,10,1,1,2,0,0,koolearn;xdf,1
wildlife,165550,https://www.koolearn.com/dict/wd_165550.html,L2-listening,1,S,34,13,3,0,0,0,0,koolearn;xdf,1
appearance,7974,https://www.koolearn.com/dict/wd_7974.html,L2-listening,1,S,33,15,1,2,2,0,0,koolearn;xdf,1
assumption,10175,https://www.koolearn.com/dict/wd_10175.html,L2-reading,1,S,33,4,12,1,0,0,0,koolearn;xdf,1
auditorium,11145,https://www.koolearn.com/dict/wd_11145.html,L2-listening,1,S,33,18,3,0,1,0,0,koolearn;xdf,1
balance,12709,https://www.koolearn.com/dict/wd_12709.html,L2-listening,1,S,33,7,3,3,0,0,0,koolearn;xdf,1
clay,29624,https://www.koolearn.com/dict/wd_29624.html,L2-listening,1,S,33,15,3,0,0,0,0,koolearn;xdf,1
cognitive,30959,https://www.koolearn.com/dict/wd_30959.html,L2-reading,1,S,33,1,12,0,1,0,0,koolearn,0
commit,31991,https://www.koolearn.com/dict/wd_31991.html,L2-reading,1,S,33,2,7,1,0,0,0,koolearn;xdf,1
corridor,35030,https://www.koolearn.com/dict/wd_35030.html,L2-listening,1,S,33,9,2,0,2,0,0,koolearn;xdf,1
costume,35297,https://www.koolearn.com/dict/wd_35297.html,L2-listening,1,S,33,10,1,2,3,0,0,koolearn;xdf,1
derive,41425,https://www.koolearn.com/dict/wd_41425.html,L2-reading,1,S,33,1,11,1,0,0,0,koolearn;xdf,1
disorder,44034,https://www.koolearn.com/dict/wd_44034.html,L2-reading,1,S,33,3,7,2,0,0,0,koolearn;xdf,1
embassy,49212,https://www.koolearn.com/dict/wd_49212.html,L2-listening,1,S,33,14,0,3,0,0,0,koolearn;xdf,1
essay,51820,https://www.koolearn.com/dict/wd_51820.html,L2-listening,1,S,33,15,2,0,0,0,0,koolearn;xdf,1
exhaust,53106,https://www.koolearn.com/dict/wd_53106.html,L2-writing,1,S,33,2,4,7,4,0,0,koolearn;xdf,1
expedition,53355,https://www.koolearn.com/dict/wd_53355.html,L2-listening,1,S,33,10,2,1,0,0,0,koolearn;xdf,1
exposure,53555,https://www.koolearn.com/dict/wd_53555.html,L2-listening,1,S,33,11,3,2,3,0,0,koolearn;xdf,1
extra,53759,https://www.koolearn.com/dict/wd_53759.html,L2-listening,1,S,33,13,4,0,0,0,0,koolearn;xdf,1
garage,61748,https://www.koolearn.com/dict/wd_61748.html,L2-listening,1,S,33,19,0,0,2,0,0,koolearn,0
incorporate,76397,https://www.koolearn.com/dict/wd_76397.html,L2-reading,1,S,33,4,9,1,0,0,0,koolearn;xdf,1
interact,78330,https://www.koolearn.com/dict/wd_78330.html,L2-reading,1,S,33,3,5,4,0,0,0,koolearn;xdf,1
interval,78879,https://www.koolearn.com/dict/wd_78879.html,L2-reading,1,S,33,0,9,1,0,0,0,koolearn;xdf,1
junior,81602,https://www.koolearn.com/dict/wd_81602.html,L2-listening,1,S,33,14,4,0,2,0,0,koolearn,0
lecturer,85614,https://www.koolearn.com/dict/wd_85614.html,L2-listening,1,S,33,21,2,0,1,0,0,koolearn,0
length,85941,https://www.koolearn.com/dict/wd_85941.html,L2-listening,1,S,33,17,4,1,0,0,0,koolearn,0
log,88128,https://www.koolearn.com/dict/wd_88128.html,L2-reading,1,S,33,4,9,1,0,0,0,koolearn;xdf,1
notion,102079,https://www.koolearn.com/dict/wd_102079.html,L2-reading,1,S,33,2,9,3,0,0,0,koolearn;xdf,1
philosophy,111776,https://www.koolearn.com/dict/wd_111776.html,L2-listening,1,S,33,12,4,1,1,0,0,koolearn;xdf,1
practical,116110,https://www.koolearn.com/dict/wd_116110.html,L2-listening,1,S,33,11,4,3,2,0,0,koolearn;xdf,1
reliance,124526,https://www.koolearn.com/dict/wd_124526.html,L2-reading,1,S,33,3,10,4,0,0,0,koolearn;xdf,1
scenery,130920,https://www.koolearn.com/dict/wd_130920.html,L2-listening,1,S,33,6,4,4,4,0,0,koolearn;xdf,1
transport,154184,https://www.koolearn.com/dict/wd_154184.html,L2-listening,1,S,33,8,3,4,0,0,0,koolearn;xdf,1
accountant,1335,https://www.koolearn.com/dict/wd_1335.html,L2-listening,1,S,32,18,3,0,1,0,0,koolearn;xdf,1
approve,8227,https://www.koolearn.com/dict/wd_8227.html,L2-reading,1,S,32,1,12,2,0,0,0,koolearn;xdf,1
bonus,19267,https://www.koolearn.com/dict/wd_19267.html,L2-listening,1,S,32,7,4,1,1,0,0,koolearn;xdf,1
complicated,32414,https://www.koolearn.com/dict/wd_32414.html,L2-reading,1,S,32,3,8,3,2,0,0,koolearn;xdf,1
condemn,32888,https://www.koolearn.com/dict/wd_32888.html,L2-reading,1,S,32,0,7,2,0,0,0,koolearn;xdf,1
conserve,33526,https://www.koolearn.com/dict/wd_33526.html,L2-writing,1,S,32,1,3,8,0,0,0,koolearn;xdf,1
considerable,33534,https://www.koolearn.com/dict/wd_33534.html,L2-reading,1,S,32,1,12,2,1,0,0,koolearn;xdf,1
continent,33908,https://www.koolearn.com/dict/wd_33908.html,L2-listening,1,S,32,12,2,3,0,0,0,koolearn;xdf,1
corporate,34918,https://www.koolearn.com/dict/wd_34918.html,L2-listening,1,S,32,7,3,1,0,0,0,koolearn;xdf,1
critic,36713,https://www.koolearn.com/dict/wd_36713.html,L2-reading,1,S,32,2,8,0,0,0,0,koolearn;xdf,1
cruise,37090,https://www.koolearn.com/dict/wd_37090.html,L2-listening,1,S,32,10,2,0,0,0,0,koolearn;xdf,1
discrimination,43694,https://www.koolearn.com/dict/wd_43694.html,L2-writing,1,S,32,1,2,11,2,0,0,koolearn,0
education,48189,https://www.koolearn.com/dict/wd_48189.html,L2-listening,1,S,32,16,2,2,0,0,0,koolearn,0
engineering,50242,https://www.koolearn.com/dict/wd_50242.html,L2-listening,1,S,32,16,4,2,0,0,0,koolearn,0
ethical,52029,https://www.koolearn.com/dict/wd_52029.html,L2-reading,1,S,32,1,10,2,0,0,0,koolearn;xdf,1
flexibility,57618,https://www.koolearn.com/dict/wd_57618.html,L2-reading,1,S,32,2,6,4,1,0,0,koolearn;xdf,1
furniture,61016,https://www.koolearn.com/dict/wd_61016.html,L2-listening,1,S,32,11,4,3,1,0,0,koolearn;xdf,1
herd,70038,https://www.koolearn.com/dict/wd_70038.html,L2-listening,1,S,32,15,3,0,1,0,0,koolearn,0
impressive,75051,https://www.koolearn.com/dict/wd_75051.html,L2-reading,1,S,32,3,9,2,1,0,0,koolearn;xdf,1
inherit,77468,https://www.koolearn.com/dict/wd_77468.html,L2-reading,1,S,32,0,12,2,1,0,0,koolearn,0
loyalty,89054,https://www.koolearn.com/dict/wd_89054.html,L2-listening,1,S,32,10,4,2,0,0,0,koolearn;xdf,1
major,90360,https://www.koolearn.com/dict/wd_90360.html,L2-listening,1,S,32,14,4,2,1,0,0,koolearn;xdf,1
morality,96923,https://www.koolearn.com/dict/wd_96923.html,L2-listening,1,S,32,12,0,3,2,0,0,koolearn;xdf,1
norm,101749,https://www.koolearn.com/dict/wd_101749.html,L2-reading,1,S,32,3,8,2,0,0,0,koolearn,0
obesity,102689,https://www.koolearn.com/dict/wd_102689.html,L2-listening,1,S,32,8,4,4,1,0,0,koolearn,0
panic,108153,https://www.koolearn.com/dict/wd_108153.html,L2-listening,1,S,32,12,3,0,1,0,0,koolearn;xdf,1
pilot,112759,https://www.koolearn.com/dict/wd_112759.html,L2-listening,1,S,32,10,4,0,0,0,0,koolearn;xdf,1
plot,114091,https://www.koolearn.com/dict/wd_114091.html,L2-reading,1,S,32,0,9,0,5,0,0,koolearn;xdf,1
recommend,123045,https://www.koolearn.com/dict/wd_123045.html,L2-reading,1,S,32,4,7,1,3,0,0,koolearn;xdf,1
responsible,125773,https://www.koolearn.com/dict/wd_125773.html,L2-reading,1,S,32,2,11,2,2,0,0,koolearn;xdf,1
restore,125840,https://www.koolearn.com/dict/wd_125840.html,L1-base-L1,1,S,32,1,2,3,2,1,1,koolearn;xdf,1
skeleton,136560,https://www.koolearn.com/dict/wd_136560.html,L2-listening,1,S,32,14,1,0,0,0,0,koolearn,0
stack,141345,https://www.koolearn.com/dict/wd_141345.html,L2-listening,1,S,32,12,3,0,2,0,0,koolearn;xdf,1
tablet,146911,https://www.koolearn.com/dict/wd_146911.html,L2-listening,1,S,32,14,4,0,0,0,0,koolearn;xdf,1
tide,151247,https://www.koolearn.com/dict/wd_151247.html,L2-listening,1,S,32,16,4,0,0,0,0,koolearn,0
tourism,153365,https://www.koolearn.com/dict/wd_153365.html,L2-listening,1,S,32,13,4,4,2,0,0,koolearn,0
aesthetic,2988,https://www.koolearn.com/dict/wd_2988.html,L2-reading,1,S,31,1,6,2,2,0,0,koolearn;xdf,1
aspect,9816,https://www.koolearn.com/dict/wd_9816.html,L2-reading,1,S,31,4,10,1,0,0,0,koolearn;xdf,1
bibliography,16737,https://www.koolearn.com/dict/wd_16737.html,L2-listening,1,S,31,20,0,0,0,0,0,koolearn;xdf,1
biology,17288,https://www.koolearn.com/dict/wd_17288.html,L2-listening,1,S,31,16,2,0,0,0,0,koolearn,0
clinic,29902,https://www.koolearn.com/dict/wd_29902.html,L2-listening,1,S,31,15,2,0,0,0,0,koolearn;xdf,1
compensation,32293,https://www.koolearn.com/dict/wd_32293.html,L2-reading,1,S,31,1,8,1,2,0,0,koolearn;xdf,1
conceive,32685,https://www.koolearn.com/dict/wd_32685.html,L2-reading,1,S,31,0,7,1,0,0,0,koolearn;xdf,1
constitute,33664,https://www.koolearn.com/dict/wd_33664.html,L2-reading,1,S,31,1,7,1,1,0,0,koolearn;xdf,1
contribute,34078,https://www.koolearn.com/dict/wd_34078.html,L2-reading,1,S,31,2,7,4,0,0,0,koolearn;xdf,1
customer,37977,https://www.koolearn.com/dict/wd_37977.html,L2-listening,1,S,31,14,3,2,2,0,0,koolearn,0
department,41146,https://www.koolearn.com/dict/wd_41146.html,L2-listening,1,S,31,15,4,0,2,0,0,koolearn,0
desirable,41635,https://www.koolearn.com/dict/wd_41635.html,L3-xdf,1,S,31,1,4,3,2,0,0,koolearn;xdf,1
due,46890,https://www.koolearn.com/dict/wd_46890.html,L2-listening,1,S,31,16,0,0,0,0,0,koolearn;xdf,1
dump,47019,https://www.koolearn.com/dict/wd_47019.html,L1-base-L1,1,S,31,4,4,1,3,1,1,koolearn;xdf,1
fitness,57052,https://www.koolearn.com/dict/wd_57052.html,L2-reading,1,S,31,4,11,0,1,0,0,koolearn;xdf,1
global,63917,https://www.koolearn.com/dict/wd_63917.html,L2-listening,1,S,31,9,3,3,0,0,0,koolearn;xdf,1
household,72358,https://www.koolearn.com/dict/wd_72358.html,L2-listening,1,S,31,7,4,2,0,0,0,koolearn;xdf,1
interrupt,78815,https://www.koolearn.com/dict/wd_78815.html,L2-reading,1,S,31,3,9,1,0,0,0,koolearn;xdf,1
keen,82144,https://www.koolearn.com/dict/wd_82144.html,L2-reading,1,S,31,2,9,2,1,0,0,koolearn;xdf,1
pest,111314,https://www.koolearn.com/dict/wd_111314.html,L2-listening,1,S,31,13,4,0,0,0,0,koolearn;xdf,1
pursue,119935,https://www.koolearn.com/dict/wd_119935.html,L2-reading,1,S,31,0,6,4,0,0,0,koolearn,0
satisfactory,130363,https://www.koolearn.com/dict/wd_130363.html,L2-listening,1,S,31,15,1,0,0,0,0,koolearn,0
scope,131304,https://www.koolearn.com/dict/wd_131304.html,L2-reading,1,S,31,1,6,2,0,0,0,koolearn;xdf,1
score,131323,https://www.koolearn.com/dict/wd_131323.html,L2-listening,1,S,31,13,4,0,1,0,0,koolearn;xdf,1
secondary,132160,https://www.koolearn.com/dict/wd_132160.html,L2-listening,1,S,31,15,1,0,0,0,0,koolearn;xdf,1
source,139434,https://www.koolearn.com/dict/wd_139434.html,L2-listening,1,S,31,8,2,3,0,0,0,koolearn;xdf,1
spin,140311,https://www.koolearn.com/dict/wd_140311.html,L2-reading,1,S,31,3,10,2,2,0,0,koolearn;xdf,1
spot,140792,https://www.koolearn.com/dict/wd_140792.html,L2-listening,1,S,31,9,4,0,4,0,0,koolearn;xdf,1
summary,144976,https://www.koolearn.com/dict/wd_144976.html,L2-listening,1,S,31,14,3,1,0,0,0,koolearn;xdf,1
vital,162386,https://www.koolearn.com/dict/wd_162386.html,L2-reading,1,S,31,4,7,1,3,0,0,koolearn;xdf,1
accomplish,1281,https://www.koolearn.com/dict/wd_1281.html,L2-reading,1,S,30,1,7,0,1,0,0,koolearn;xdf,1
achieve,1559,https://www.koolearn.com/dict/wd_1559.html,L2-reading,1,S,30,0,5,4,3,0,0,koolearn,0
achievement,1561,https://www.koolearn.com/dict/wd_1561.html,L2-listening,1,S,30,5,4,4,1,0,0,koolearn;xdf,1
badge,12514,https://www.koolearn.com/dict/wd_12514.html,L2-listening,1,S,30,13,1,0,0,0,0,koolearn;xdf,1
badminton,12534,https://www.koolearn.com/dict/wd_12534.html,L2-listening,1,S,30,17,0,0,2,0,0,koolearn;xdf,1
behave,15698,https://www.koolearn.com/dict/wd_15698.html,L2-reading,1,S,30,2,6,1,1,0,0,koolearn;xdf,1
cafeteria,23225,https://www.koolearn.com/dict/wd_23225.html,L2-listening,1,S,30,18,0,0,0,0,0,koolearn;xdf,1
cathedral,25720,https://www.koolearn.com/dict/wd_25720.html,L2-listening,1,S,30,18,0,0,0,0,0,koolearn,0
commitment,32000,https://www.koolearn.com/dict/wd_32000.html,L2-reading,1,S,30,1,10,2,2,0,0,koolearn;xdf,1
companion,32195,https://www.koolearn.com/dict/wd_32195.html,L2-listening,1,S,30,7,2,4,4,0,0,koolearn;xdf,1
confront,33166,https://www.koolearn.com/dict/wd_33166.html,L2-reading,1,S,30,1,6,1,0,0,0,koolearn;xdf,1
controversial,34124,https://www.koolearn.com/dict/wd_34124.html,L2-reading,1,S,30,0,8,2,0,0,0,koolearn;xdf,1
cottage,35344,https://www.koolearn.com/dict/wd_35344.html,L2-listening,1,S,30,18,1,0,0,0,0,koolearn,0
decoration,39892,https://www.koolearn.com/dict/wd_39892.html,L2-listening,1,S,30,16,0,0,3,0,0,koolearn;xdf,1
demographic,40842,https://www.koolearn.com/dict/wd_40842.html,L2-reading,1,S,30,3,8,4,0,0,0,koolearn;xdf,1
dentist,41080,https://www.koolearn.com/dict/wd_41080.html,L2-listening,1,S,30,17,1,0,2,0,0,koolearn,0
design,41605,https://www.koolearn.com/dict/wd_41605.html,L2-listening,1,S,30,12,2,1,0,0,0,koolearn;xdf,1
domain,45205,https://www.koolearn.com/dict/wd_45205.html,L2-reading,1,S,30,0,11,3,0,0,0,koolearn,0
efficiency,48306,https://www.koolearn.com/dict/wd_48306.html,L2-reading,1,S,30,2,5,2,3,0,0,koolearn;xdf,1
encourage,49867,https://www.koolearn.com/dict/wd_49867.html,L2-writing,1,S,30,3,4,5,2,0,0,koolearn;xdf,1
energy,50148,https://www.koolearn.com/dict/wd_50148.html,L2-listening,1,S,30,10,1,3,0,0,0,koolearn,0
fine,56535,https://www.koolearn.com/dict/wd_56535.html,L2-listening,1,S,30,15,4,0,3,0,0,koolearn,0
intake,78202,https://www.koolearn.com/dict/wd_78202.html,L2-listening,1,S,30,8,4,4,2,0,0,koolearn;xdf,1
interest,78445,https://www.koolearn.com/dict/wd_78445.html,L2-listening,1,S,30,15,2,2,1,0,0,koolearn;xdf,1
laboratory,83809,https://www.koolearn.com/dict/wd_83809.html,L2-listening,1,S,30,12,3,0,0,0,0,koolearn;xdf,1
leaflet,85378,https://www.koolearn.com/dict/wd_85378.html,L2-listening,1,S,30,13,1,0,0,0,0,koolearn;xdf,1
lift,86730,https://www.koolearn.com/dict/wd_86730.html,L2-listening,1,S,30,16,2,1,2,0,0,koolearn,0
media,92811,https://www.koolearn.com/dict/wd_92811.html,L2-listening,1,S,30,10,2,3,1,0,0,koolearn,0
muscle,98272,https://www.koolearn.com/dict/wd_98272.html,L2-listening,1,S,30,8,2,2,3,0,0,koolearn;xdf,1
odd,103196,https://www.koolearn.com/dict/wd_103196.html,L2-reading,1,S,30,2,8,4,1,0,0,koolearn;xdf,1
organ,105206,https://www.koolearn.com/dict/wd_105206.html,L2-reading,1,S,30,4,11,0,1,0,0,koolearn;xdf,1
parallel,108482,https://www.koolearn.com/dict/wd_108482.html,L3-xdf,1,S,30,4,2,2,0,0,0,koolearn;xdf,1
pessimistic,111312,https://www.koolearn.com/dict/wd_111312.html,L2-reading,1,S,30,1,10,4,3,0,0,koolearn,0
provision,118847,https://www.koolearn.com/dict/wd_118847.html,L2-reading,1,S,30,4,11,0,0,0,0,koolearn;xdf,1
pump,119611,https://www.koolearn.com/dict/wd_119611.html,L2-listening,1,S,30,12,3,0,0,0,0,koolearn;xdf,1
rainfall,121605,https://www.koolearn.com/dict/wd_121605.html,L2-listening,1,S,30,12,3,0,0,0,0,koolearn,0
research,125457,https://www.koolearn.com/dict/wd_125457.html,L2-listening,1,S,30,11,3,1,0,0,0,koolearn,0
revive,126455,https://www.koolearn.com/dict/wd_126455.html,L2-reading,1,S,30,0,11,0,0,0,0,koolearn;xdf,1
routine,128418,https://www.koolearn.com/dict/wd_128418.html,L2-listening,1,S,30,5,4,4,1,0,0,koolearn;xdf,1
secretary,132208,https://www.koolearn.com/dict/wd_132208.html,L2-listening,1,S,30,15,4,0,1,0,0,koolearn,0
shuttle,135421,https://www.koolearn.com/dict/wd_135421.html,L2-listening,1,S,30,9,0,0,3,0,0,koolearn;xdf,1
signature,135773,https://www.koolearn.com/dict/wd_135773.html,L2-listening,1,S,30,13,4,0,1,0,0,koolearn;xdf,1
skyscraper,136862,https://www.koolearn.com/dict/wd_136862.html,L2-writing,1,S,30,2,3,9,4,0,0,koolearn;xdf,1
studio,143772,https://www.koolearn.com/dict/wd_143772.html,L2-listening,1,S,30,9,3,0,0,0,0,koolearn;xdf,1
tendency,149074,https://www.koolearn.com/dict/wd_149074.html,L1-base-L1,1,S,30,4,3,4,1,1,1,koolearn;xdf,1
terrace,149405,https://www.koolearn.com/dict/wd_149405.html,L2-listening,1,S,30,7,3,0,2,0,0,koolearn;xdf,1
tragedy,153784,https://www.koolearn.com/dict/wd_153784.html,L2-listening,1,S,30,9,4,2,1,0,0,koolearn,0
transaction,153938,https://www.koolearn.com/dict/wd_153938.html,L2-listening,1,S,30,8,4,1,0,0,0,koolearn;xdf,1
vacancy,160423,https://www.koolearn.com/dict/wd_160423.html,L2-listening,1,S,30,14,1,1,1,0,0,koolearn;xdf,1
vast,160965,https://www.koolearn.com/dict/wd_160965.html,L2-reading,1,S,30,4,10,0,3,0,0,koolearn;xdf,1
violate,162135,https://www.koolearn.com/dict/wd_162135.html,L1-base-L1,1,S,30,0,0,4,3,1,1,koolearn;xdf,1
virtue,162248,https://www.koolearn.com/dict/wd_162248.html,L2-writing,1,S,30,1,3,6,3,0,0,koolearn;xdf,1
vitamin,162406,https://www.koolearn.com/dict/wd_162406.html,L2-listening,1,S,30,17,1,0,2,0,0,koolearn,0
workshop,166697,https://www.koolearn.com/dict/wd_166697.html,L2-listening,1,S,30,16,2,0,0,0,0,koolearn,0
worthwhile,166835,https://www.koolearn.com/dict/wd_166835.html,L2-listening,1,S,30,8,2,4,2,0,0,koolearn;xdf,1
yield,167669,https://www.koolearn.com/dict/wd_167669.html,L2-reading,1,S,30,3,7,0,0,0,0,koolearn;xdf,1
agency,3348,https://www.koolearn.com/dict/wd_3348.html,L2-listening,1,S,29,14,3,0,0,0,0,koolearn;xdf,1
allowance,4943,https://www.koolearn.com/dict/wd_4943.html,L2-listening,1,S,29,15,3,0,0,0,0,koolearn;xdf,1
ambitious,5423,https://www.koolearn.com/dict/wd_5423.html,L2-listening,1,S,29,10,3,1,5,0,0,koolearn;xdf,1
apparent,7943,https://www.koolearn.com/dict/wd_7943.html,L2-reading,1,S,29,1,6,3,0,0,0,koolearn;xdf,1
appointment,8122,https://www.koolearn.com/dict/wd_8122.html,L2-listening,1,S,29,13,4,0,0,0,0,koolearn;xdf,1
barren,13578,https://www.koolearn.com/dict/wd_13578.html,L2-listening,1,S,29,11,3,0,0,0,0,koolearn;xdf,1
cable,23030,https://www.koolearn.com/dict/wd_23030.html,L2-listening,1,S,29,13,3,0,0,0,0,koolearn;xdf,1
campus,23853,https://www.koolearn.com/dict/wd_23853.html,L2-listening,1,S,29,17,1,1,0,0,0,koolearn;xdf,1
cite,29204,https://www.koolearn.com/dict/wd_29204.html,L2-listening,1,S,29,8,4,1,0,0,0,koolearn;xdf,1
comprise,32532,https://www.koolearn.com/dict/wd_32532.html,L2-reading,1,S,29,0,5,3,0,0,0,koolearn;xdf,1
crop,36828,https://www.koolearn.com/dict/wd_36828.html,L2-listening,1,S,29,16,4,0,0,0,0,koolearn,0
cycle,38207,https://www.koolearn.com/dict/wd_38207.html,L2-listening,1,S,29,10,3,1,1,0,0,koolearn,0
decent,39670,https://www.koolearn.com/dict/wd_39670.html,L1-base-L2,1,S,29,1,3,3,6,1,2,koolearn;xdf,1
define,40211,https://www.koolearn.com/dict/wd_40211.html,L2-reading,1,S,29,3,7,0,0,0,0,koolearn;xdf,1
degree,40379,https://www.koolearn.com/dict/wd_40379.html,L2-listening,1,S,29,13,2,2,2,0,0,koolearn,0
destruction,41790,https://www.koolearn.com/dict/wd_41790.html,L2-reading,1,S,29,1,8,1,0,0,0,koolearn;xdf,1
discard,43500,https://www.koolearn.com/dict/wd_43500.html,L2-reading,1,S,29,2,7,1,0,0,0,koolearn;xdf,1
emit,49472,https://www.koolearn.com/dict/wd_49472.html,L2-reading,1,S,29,1,7,2,0,0,0,koolearn;xdf,1
engine,50232,https://www.koolearn.com/dict/wd_50232.html,L2-listening,1,S,29,14,4,0,2,0,0,koolearn,0
escape,51671,https://www.koolearn.com/dict/wd_51671.html,L2-reading,1,S,29,2,11,0,1,0,0,koolearn,0
extraordinary,53824,https://www.koolearn.com/dict/wd_53824.html,L2-reading,1,S,29,1,9,0,1,0,0,koolearn;xdf,1
fantastic,54729,https://www.koolearn.com/dict/wd_54729.html,L1-base-L3,1,S,29,2,4,0,2,1,3,koolearn;xdf,1
flight,57667,https://www.koolearn.com/dict/wd_57667.html,L2-listening,1,S,29,12,3,0,3,0,0,koolearn;xdf,1
fraud,59752,https://www.koolearn.com/dict/wd_59752.html,L2-listening,1,S,29,8,4,2,0,0,0,koolearn;xdf,1
freedom,59883,https://www.koolearn.com/dict/wd_59883.html,L2-listening,1,S,29,8,2,2,4,0,0,koolearn,0
general,62396,https://www.koolearn.com/dict/wd_62396.html,L2-listening,1,S,29,13,4,0,0,0,0,koolearn;xdf,1
goal,64507,https://www.koolearn.com/dict/wd_64507.html,L2-listening,1,S,29,12,2,3,0,0,0,koolearn;xdf,1
guideline,66635,https://www.koolearn.com/dict/wd_66635.html,L3-xdf,1,S,29,3,4,4,1,0,0,koolearn;xdf,1
helicopter,69567,https://www.koolearn.com/dict/wd_69567.html,L2-listening,1,S,29,13,1,0,0,0,0,koolearn;xdf,1
herb,70003,https://www.koolearn.com/dict/wd_70003.html,L2-listening,1,S,29,12,4,0,1,0,0,koolearn,0
index,76613,https://www.koolearn.com/dict/wd_76613.html,L2-listening,1,S,29,14,0,1,1,0,0,koolearn,0
initiate,77541,https://www.koolearn.com/dict/wd_77541.html,L2-reading,1,S,29,1,10,0,1,0,0,koolearn;xdf,1
innocent,77674,https://www.koolearn.com/dict/wd_77674.html,L2-writing,1,S,29,2,0,6,2,0,0,koolearn;xdf,1
launch,84999,https://www.koolearn.com/dict/wd_84999.html,L2-reading,1,S,29,2,6,0,0,0,0,koolearn;xdf,1
legislation,85802,https://www.koolearn.com/dict/wd_85802.html,L2-reading,1,S,29,1,7,1,4,0,0,koolearn;xdf,1
lifestyle,86724,https://www.koolearn.com/dict/wd_86724.html,L2-listening,1,S,29,6,3,3,1,0,0,koolearn,0
likelihood,86934,https://www.koolearn.com/dict/wd_86934.html,L2-reading,1,S,29,3,9,0,1,0,0,koolearn;xdf,1
mortality,97117,https://www.koolearn.com/dict/wd_97117.html,L2-reading,1,S,29,1,9,0,0,0,0,koolearn;xdf,1
nevertheless,100300,https://www.koolearn.com/dict/wd_100300.html,L2-reading,1,S,29,1,8,1,1,0,0,koolearn;xdf,1
poster,115663,https://www.koolearn.com/dict/wd_115663.html,L2-listening,1,S,29,13,1,0,3,0,0,koolearn,0
renaissance,124818,https://www.koolearn.com/dict/wd_124818.html,L2-reading,1,S,29,0,12,0,1,0,0,koolearn;xdf,1
renew,124871,https://www.koolearn.com/dict/wd_124871.html,L2-listening,1,S,29,14,4,0,0,0,0,koolearn;xdf,1
reptile,125315,https://www.koolearn.com/dict/wd_125315.html,L2-listening,1,S,29,10,4,0,0,0,0,koolearn;xdf,1
sacrifice,129263,https://www.koolearn.com/dict/wd_129263.html,L2-writing,1,S,29,0,4,6,1,0,0,koolearn;xdf,1
semester,132908,https://www.koolearn.com/dict/wd_132908.html,L2-listening,1,S,29,18,1,0,2,0,0,koolearn;xdf,1
share,134228,https://www.koolearn.com/dict/wd_134228.html,L2-listening,1,S,29,9,4,1,0,0,0,koolearn,0
silver,135956,https://www.koolearn.com/dict/wd_135956.html,L2-listening,1,S,29,16,2,2,0,0,0,koolearn,0
skill,136653,https://www.koolearn.com/dict/wd_136653.html,L2-listening,1,S,29,11,2,4,0,0,0,koolearn,0
sociable,138403,https://www.koolearn.com/dict/wd_138403.html,L1-base-L1,1,S,29,3,1,2,4,1,1,koolearn;xdf,1
social,138405,https://www.koolearn.com/dict/wd_138405.html,L2-listening,1,S,29,9,3,3,0,0,0,koolearn,0
stadium,141367,https://www.koolearn.com/dict/wd_141367.html,L2-listening,1,S,29,12,0,0,4,0,0,koolearn,0
stem,142249,https://www.koolearn.com/dict/wd_142249.html,L2-listening,1,S,29,7,3,0,0,0,0,koolearn;xdf,1
stomach,142844,https://www.koolearn.com/dict/wd_142844.html,L2-listening,1,S,29,13,3,0,1,0,0,koolearn,0
stuff,143789,https://www.koolearn.com/dict/wd_143789.html,L2-listening,1,S,29,8,4,1,3,0,0,koolearn;xdf,1
supersede,145370,https://www.koolearn.com/dict/wd_145370.html,L2-reading,1,S,29,0,11,0,1,0,0,koolearn;xdf,1
texture,149711,https://www.koolearn.com/dict/wd_149711.html,L2-listening,1,S,29,14,4,0,0,0,0,koolearn;xdf,1
tour,153352,https://www.koolearn.com/dict/wd_153352.html,L2-listening,1,S,29,14,4,0,0,0,0,koolearn,0
towel,153428,https://www.koolearn.com/dict/wd_153428.html,L2-listening,1,S,29,16,3,0,0,0,0,koolearn,0
tune,155736,https://www.koolearn.com/dict/wd_155736.html,L2-listening,1,S,29,11,1,0,3,0,0,koolearn;xdf,1
wing,165822,https://www.koolearn.com/dict/wd_165822.html,L2-listening,1,S,29,18,1,0,0,0,0,koolearn,0
background,12333,https://www.koolearn.com/dict/wd_12333.html,L2-listening,1,S,28,11,4,2,1,0,0,koolearn;xdf,1
boundary,19815,https://www.koolearn.com/dict/wd_19815.html,L2-reading,1,S,28,1,10,4,0,0,0,koolearn;xdf,1
buffet,21764,https://www.koolearn.com/dict/wd_21764.html,L2-listening,1,S,28,15,1,0,1,0,0,koolearn,0
camel,23736,https://www.koolearn.com/dict/wd_23736.html,L2-listening,1,S,28,15,0,0,1,0,0,koolearn;xdf,1
cancel,23921,https://www.koolearn.com/dict/wd_23921.html,L2-listening,1,S,28,8,4,0,0,0,0,koolearn;xdf,1
carve,25173,https://www.koolearn.com/dict/wd_25173.html,L2-reading,1,S,28,4,5,1,0,0,0,koolearn;xdf,1
client,29834,https://www.koolearn.com/dict/wd_29834.html,L2-listening,1,S,28,11,4,0,0,0,0,koolearn;xdf,1
comparison,32239,https://www.koolearn.com/dict/wd_32239.html,L2-reading,1,S,28,4,7,0,0,0,0,koolearn;xdf,1
cooperate,34420,https://www.koolearn.com/dict/wd_34420.html,L2-listening,1,S,28,7,3,0,0,0,0,koolearn;xdf,1
correlation,35005,https://www.koolearn.com/dict/wd_35005.html,L2-reading,1,S,28,0,11,2,0,0,0,koolearn;xdf,1
cuisine,37448,https://www.koolearn.com/dict/wd_37448.html,L2-writing,1,S,28,2,1,5,4,0,0,koolearn;xdf,1
curious,37749,https://www.koolearn.com/dict/wd_37749.html,L2-reading,1,S,28,3,7,3,3,0,0,koolearn;xdf,1
decorate,39887,https://www.koolearn.com/dict/wd_39887.html,L3-xdf,1,S,28,4,4,0,3,0,0,koolearn;xdf,1
decrease,39912,https://www.koolearn.com/dict/wd_39912.html,L3-xdf,1,S,28,1,3,4,0,0,0,koolearn;xdf,1
delicate,40558,https://www.koolearn.com/dict/wd_40558.html,L2-reading,1,S,28,3,5,1,2,0,0,koolearn;xdf,1
demolish,40845,https://www.koolearn.com/dict/wd_40845.html,L1-base-L3,1,S,28,1,3,4,2,1,3,koolearn;xdf,1
differentiate,42695,https://www.koolearn.com/dict/wd_42695.html,L2-reading,1,S,28,1,7,0,0,0,0,koolearn;xdf,1
dolphin,45195,https://www.koolearn.com/dict/wd_45195.html,L2-listening,1,S,28,12,3,0,3,0,0,koolearn;xdf,1
employer,49608,https://www.koolearn.com/dict/wd_49608.html,L2-listening,1,S,28,15,4,2,0,0,0,koolearn,0
exceptional,52802,https://www.koolearn.com/dict/wd_52802.html,L2-reading,1,S,28,0,13,1,0,0,0,koolearn;xdf,1
fascinating,54929,https://www.koolearn.com/dict/wd_54929.html,L2-reading,1,S,28,2,6,1,3,0,0,koolearn;xdf,1
fee,55359,https://www.koolearn.com/dict/wd_55359.html,L2-listening,1,S,28,14,1,1,0,0,0,koolearn,0
flaw,57484,https://www.koolearn.com/dict/wd_57484.html,L2-reading,1,S,28,0,6,1,0,0,0,koolearn;xdf,1
formula,59244,https://www.koolearn.com/dict/wd_59244.html,L2-listening,1,S,28,8,3,2,0,0,0,koolearn;xdf,1
generation,62470,https://www.koolearn.com/dict/wd_62470.html,L2-reading,1,S,28,3,5,3,2,0,0,koolearn,0
hostel,72172,https://www.koolearn.com/dict/wd_72172.html,L2-listening,1,S,28,15,1,0,0,0,0,koolearn;xdf,1
illustration,74340,https://www.koolearn.com/dict/wd_74340.html,L2-reading,1,S,28,3,7,2,0,0,0,koolearn;xdf,1
injection,77555,https://www.koolearn.com/dict/wd_77555.html,L2-listening,1,S,28,14,1,0,0,0,0,koolearn,0
integrity,78238,https://www.koolearn.com/dict/wd_78238.html,L2-writing,1,S,28,0,3,7,2,0,0,koolearn,0
intrinsic,79072,https://www.koolearn.com/dict/wd_79072.html,L3-xdf,1,S,28,4,3,2,1,0,0,koolearn;xdf,1
investigate,79282,https://www.koolearn.com/dict/wd_79282.html,L2-reading,1,S,28,4,7,0,0,0,0,koolearn;xdf,1
itinerary,80138,https://www.koolearn.com/dict/wd_80138.html,L2-listening,1,S,28,11,0,0,0,0,0,koolearn;xdf,1
laptop,84602,https://www.koolearn.com/dict/wd_84602.html,L2-listening,1,S,28,16,1,0,1,0,0,koolearn,0
leak,85398,https://www.koolearn.com/dict/wd_85398.html,L2-listening,1,S,28,12,2,2,0,0,0,koolearn;xdf,1
limitation,87043,https://www.koolearn.com/dict/wd_87043.html,L2-reading,1,S,28,3,8,3,0,0,0,koolearn;xdf,1
lung,89351,https://www.koolearn.com/dict/wd_89351.html,L2-listening,1,S,28,12,4,0,1,0,0,koolearn,0
medication,92890,https://www.koolearn.com/dict/wd_92890.html,L2-listening,1,S,28,12,2,0,0,0,0,koolearn;xdf,1
monotonous,96690,https://www.koolearn.com/dict/wd_96690.html,L1-base-L2,1,S,28,0,2,3,5,1,2,koolearn;xdf,1
museum,98310,https://www.koolearn.com/dict/wd_98310.html,L2-listening,1,S,28,17,1,1,1,0,0,koolearn,0
mutual,98510,https://www.koolearn.com/dict/wd_98510.html,L1-base-L1,1,S,28,2,2,2,0,1,1,koolearn;xdf,1
neglect,99741,https://www.koolearn.com/dict/wd_99741.html,L2-writing,1,S,28,2,4,6,1,0,0,koolearn;xdf,1
offensive,103464,https://www.koolearn.com/dict/wd_103464.html,L2-reading,1,S,28,0,8,4,0,0,0,koolearn;xdf,1
oppose,104879,https://www.koolearn.com/dict/wd_104879.html,L2-reading,1,S,28,1,7,2,0,0,0,koolearn;xdf,1
organism,105235,https://www.koolearn.com/dict/wd_105235.html,L2-reading,1,S,28,2,7,0,0,0,0,koolearn;xdf,1
panel,108109,https://www.koolearn.com/dict/wd_108109.html,L2-reading,1,S,28,1,8,1,0,0,0,koolearn,0
pastime,109251,https://www.koolearn.com/dict/wd_109251.html,L2-listening,1,S,28,7,2,3,2,0,0,koolearn,0
perform,110735,https://www.koolearn.com/dict/wd_110735.html,L2-reading,1,S,28,1,7,3,2,0,0,koolearn;xdf,1
quote,121125,https://www.koolearn.com/dict/wd_121125.html,L2-reading,1,S,28,4,5,2,0,0,0,koolearn;xdf,1
reduce,123552,https://www.koolearn.com/dict/wd_123552.html,L1-base-L1,1,S,28,3,3,3,1,1,1,koolearn;xdf,1
refreshment,123894,https://www.koolearn.com/dict/wd_123894.html,L2-listening,1,S,28,14,0,0,1,0,0,koolearn;xdf,1
refund,123935,https://www.koolearn.com/dict/wd_123935.html,L2-listening,1,S,28,12,2,0,1,0,0,koolearn;xdf,1
rent,124923,https://www.koolearn.com/dict/wd_124923.html,L2-listening,1,S,28,16,3,1,0,0,0,koolearn;xdf,1
replace,125096,https://www.koolearn.com/dict/wd_125096.html,L2-reading,1,S,28,4,5,1,2,0,0,koolearn;xdf,1
report,125165,https://www.koolearn.com/dict/wd_125165.html,L2-listening,1,S,28,13,3,0,2,0,0,koolearn,0
respondent,125760,https://www.koolearn.com/dict/wd_125760.html,L2-listening,1,S,28,14,4,0,0,0,0,koolearn;xdf,1
scenario,130909,https://www.koolearn.com/dict/wd_130909.html,L2-reading,1,S,28,4,5,1,0,0,0,koolearn,0
spare,139686,https://www.koolearn.com/dict/wd_139686.html,L2-listening,1,S,28,13,2,0,0,0,0,koolearn;xdf,1
struggle,143685,https://www.koolearn.com/dict/wd_143685.html,L2-reading,1,S,28,1,8,4,0,0,0,koolearn,0
supervision,145422,https://www.koolearn.com/dict/wd_145422.html,L2-listening,1,S,28,5,3,2,2,0,0,koolearn;xdf,1
surgeon,145666,https://www.koolearn.com/dict/wd_145666.html,L2-listening,1,S,28,15,0,0,2,0,0,koolearn;xdf,1
territory,149464,https://www.koolearn.com/dict/wd_149464.html,L2-listening,1,S,28,7,3,0,0,0,0,koolearn;xdf,1
theatre,150165,https://www.koolearn.com/dict/wd_150165.html,L2-listening,1,S,28,13,0,2,1,0,0,koolearn,0
tough,153326,https://www.koolearn.com/dict/wd_153326.html,L2-listening,1,S,28,5,2,4,4,0,0,koolearn;xdf,1
waterfall,163894,https://www.koolearn.com/dict/wd_163894.html,L2-listening,1,S,28,17,0,0,3,0,0,koolearn,0
witness,166224,https://www.koolearn.com/dict/wd_166224.html,L2-reading,1,S,28,1,7,2,2,0,0,koolearn;xdf,1
aboriginal,697,https://www.koolearn.com/dict/wd_697.html,L2-reading,1,S,27,4,6,1,0,0,0,koolearn,0
acid,1604,https://www.koolearn.com/dict/wd_1604.html,L2-listening,1,S,27,8,4,0,0,0,0,koolearn;xdf,1
admission,2484,https://www.koolearn.com/dict/wd_2484.html,L2-listening,1,S,27,10,2,1,0,0,0,koolearn;xdf,1
adverse,2734,https://www.koolearn.com/dict/wd_2734.html,L1-base-L2,1,S,27,0,4,2,0,1,2,koolearn;xdf,1
apply,8103,https://www.koolearn.com/dict/wd_8103.html,L2-reading,1,S,27,4,6,1,0,0,0,koolearn;xdf,1
article,9312,https://www.koolearn.com/dict/wd_9312.html,L2-listening,1,S,27,16,0,0,0,0,0,koolearn,0
asset,10039,https://www.koolearn.com/dict/wd_10039.html,L2-reading,1,S,27,4,6,0,0,0,0,koolearn;xdf,1
author,11319,https://www.koolearn.com/dict/wd_11319.html,L2-listening,1,S,27,15,0,1,2,0,0,koolearn,0
award,11834,https://www.koolearn.com/dict/wd_11834.html,L2-listening,1,S,27,12,1,0,2,0,0,koolearn;xdf,1
bachelor,12182,https://www.koolearn.com/dict/wd_12182.html,L2-listening,1,S,27,14,0,1,2,0,0,koolearn;xdf,1
band,13007,https://www.koolearn.com/dict/wd_13007.html,L2-listening,1,S,27,12,0,0,0,0,0,koolearn;xdf,1
barbecue,13303,https://www.koolearn.com/dict/wd_13303.html,L2-listening,1,S,27,13,0,0,4,0,0,koolearn;xdf,1
beach,14991,https://www.koolearn.com/dict/wd_14991.html,L2-listening,1,S,27,17,0,0,1,0,0,koolearn,0
blanket,17910,https://www.koolearn.com/dict/wd_17910.html,L2-listening,1,S,27,17,2,0,0,0,0,koolearn;xdf,1
booklet,19335,https://www.koolearn.com/dict/wd_19335.html,L2-listening,1,S,27,13,1,0,0,0,0,koolearn;xdf,1
capable,24234,https://www.koolearn.com/dict/wd_24234.html,L2-reading,1,S,27,0,6,1,1,0,0,koolearn;xdf,1
carpet,24980,https://www.koolearn.com/dict/wd_24980.html,L2-listening,1,S,27,18,0,0,1,0,0,koolearn,0
catalogue,25511,https://www.koolearn.com/dict/wd_25511.html,L2-listening,1,S,27,13,1,0,0,0,0,koolearn;xdf,1
chain,26774,https://www.koolearn.com/dict/wd_26774.html,L2-listening,1,S,27,5,4,3,0,0,0,koolearn;xdf,1
coast,30516,https://www.koolearn.com/dict/wd_30516.html,L2-listening,1,S,27,16,0,0,0,0,0,koolearn,0
conceal,32665,https://www.koolearn.com/dict/wd_32665.html,L2-reading,1,S,27,0,9,0,0,0,0,koolearn;xdf,1
conquer,33432,https://www.koolearn.com/dict/wd_33432.html,L1-base-L1,1,S,27,4,4,0,1,1,1,koolearn;xdf,1
consumer,33756,https://www.koolearn.com/dict/wd_33756.html,L2-reading,1,S,27,2,7,4,0,0,0,koolearn;xdf,1
conversation,34219,https://www.koolearn.com/dict/wd_34219.html,L2-listening,1,S,27,11,3,0,2,0,0,koolearn;xdf,1
conviction,34282,https://www.koolearn.com/dict/wd_34282.html,L2-reading,1,S,27,1,10,0,1,0,0,koolearn;xdf,1
counterpart,35603,https://www.koolearn.com/dict/wd_35603.html,L2-reading,1,S,27,3,6,1,0,0,0,koolearn;xdf,1
credibility,36365,https://www.koolearn.com/dict/wd_36365.html,L2-reading,1,S,27,0,13,0,0,0,0,koolearn;xdf,1
debt,39531,https://www.koolearn.com/dict/wd_39531.html,L2-listening,1,S,27,14,2,0,2,0,0,koolearn;xdf,1
declaration,39788,https://www.koolearn.com/dict/wd_39788.html,L2-reading,1,S,27,4,7,0,0,0,0,koolearn;xdf,1
declare,39797,https://www.koolearn.com/dict/wd_39797.html,L2-reading,1,S,27,2,7,0,0,0,0,koolearn;xdf,1
devastating,41999,https://www.koolearn.com/dict/wd_41999.html,L3-xdf,1,S,27,4,4,0,2,0,0,koolearn;xdf,1
dilemma,42882,https://www.koolearn.com/dict/wd_42882.html,L2-writing,1,S,27,0,4,5,0,0,0,koolearn,0
dismiss,44005,https://www.koolearn.com/dict/wd_44005.html,L1-base-L1,1,S,27,1,4,0,0,1,1,koolearn;xdf,1
disturb,44494,https://www.koolearn.com/dict/wd_44494.html,L2-listening,1,S,27,5,3,3,0,0,0,koolearn;xdf,1
drastic,46115,https://www.koolearn.com/dict/wd_46115.html,L1-base-L1,1,S,27,1,4,1,1,1,1,koolearn,0
economics,47960,https://www.koolearn.com/dict/wd_47960.html,L2-listening,1,S,27,14,4,0,0,0,0,koolearn,0
elevator,48907,https://www.koolearn.com/dict/wd_48907.html,L2-listening,1,S,27,15,1,0,3,0,0,koolearn,0
enrich,50470,https://www.koolearn.com/dict/wd_50470.html,L2-writing,1,S,27,0,2,7,1,0,0,koolearn;xdf,1
entitle,50702,https://www.koolearn.com/dict/wd_50702.html,L2-reading,1,S,27,2,6,0,0,0,0,koolearn;xdf,1
evaporate,52420,https://www.koolearn.com/dict/wd_52420.html,L2-listening,1,S,27,8,3,4,0,0,0,koolearn;xdf,1
excessive,52818,https://www.koolearn.com/dict/wd_52818.html,L2-reading,1,S,27,0,6,4,1,0,0,koolearn;xdf,1
expense,53380,https://www.koolearn.com/dict/wd_53380.html,L2-listening,1,S,27,13,4,0,0,0,0,koolearn;xdf,1
female,55579,https://www.koolearn.com/dict/wd_55579.html,L2-listening,1,S,27,10,3,2,0,0,0,koolearn;xdf,1
flash,57319,https://www.koolearn.com/dict/wd_57319.html,L2-listening,1,S,27,9,2,1,0,0,0,koolearn;xdf,1
gear,62240,https://www.koolearn.com/dict/wd_62240.html,L3-xdf,1,S,27,4,3,0,2,0,0,koolearn;xdf,1
grain,65341,https://www.koolearn.com/dict/wd_65341.html,L2-listening,1,S,27,14,1,0,1,0,0,koolearn,0
grind,66066,https://www.koolearn.com/dict/wd_66066.html,L2-listening,1,S,27,6,3,4,1,0,0,koolearn;xdf,1
hectare,69383,https://www.koolearn.com/dict/wd_69383.html,L2-listening,1,S,27,15,2,0,0,0,0,koolearn;xdf,1
host,72161,https://www.koolearn.com/dict/wd_72161.html,L3-xdf,1,S,27,3,2,3,2,0,0,koolearn;xdf,1
inspire,77984,https://www.koolearn.com/dict/wd_77984.html,L2-reading,1,S,27,3,6,1,2,0,0,koolearn;xdf,1
international,78641,https://www.koolearn.com/dict/wd_78641.html,L2-listening,1,S,27,13,2,3,0,0,0,koolearn,0
invade,79181,https://www.koolearn.com/dict/wd_79181.html,L1-base-L1,1,S,27,4,4,2,1,1,1,koolearn;xdf,1
kangaroo,81910,https://www.koolearn.com/dict/wd_81910.html,L2-listening,1,S,27,18,1,0,1,0,0,koolearn,0
limb,86995,https://www.koolearn.com/dict/wd_86995.html,L2-reading,1,S,27,2,11,0,0,0,0,koolearn;xdf,1
mathematics,92254,https://www.koolearn.com/dict/wd_92254.html,L2-listening,1,S,27,15,3,1,0,0,0,koolearn,0
melt,93244,https://www.koolearn.com/dict/wd_93244.html,L2-reading,1,S,27,3,9,2,0,0,0,koolearn;xdf,1
momentum,96320,https://www.koolearn.com/dict/wd_96320.html,L2-reading,1,S,27,0,5,3,0,0,0,koolearn;xdf,1
monument,96777,https://www.koolearn.com/dict/wd_96777.html,L2-listening,1,S,27,6,4,1,0,0,0,koolearn,0
municipal,98157,https://www.koolearn.com/dict/wd_98157.html,L2-reading,1,S,27,1,7,0,0,0,0,koolearn;xdf,1
neutral,100252,https://www.koolearn.com/dict/wd_100252.html,L3-xdf,1,S,27,1,2,4,0,0,0,koolearn;xdf,1
odour,103269,https://www.koolearn.com/dict/wd_103269.html,L2-reading,1,S,27,1,11,0,0,0,0,koolearn;xdf,1
offspring,103556,https://www.koolearn.com/dict/wd_103556.html,L2-reading,1,S,27,0,7,0,0,0,0,koolearn;xdf,1
opponent,104868,https://www.koolearn.com/dict/wd_104868.html,L2-writing,1,S,27,1,4,5,1,0,0,koolearn;xdf,1
orchestra,105107,https://www.koolearn.com/dict/wd_105107.html,L2-listening,1,S,27,7,1,0,1,0,0,koolearn;xdf,1
origin,105326,https://www.koolearn.com/dict/wd_105326.html,L2-reading,1,S,27,4,5,0,3,0,0,koolearn;xdf,1
overdue,106683,https://www.koolearn.com/dict/wd_106683.html,L2-listening,1,S,27,16,0,0,0,0,0,koolearn;xdf,1
overwhelming,107183,https://www.koolearn.com/dict/wd_107183.html,L2-writing,1,S,27,1,2,5,1,0,0,koolearn,0
package,107513,https://www.koolearn.com/dict/wd_107513.html,L2-listening,1,S,27,12,4,0,0,0,0,koolearn,0
penalty,110259,https://www.koolearn.com/dict/wd_110259.html,L3-xdf,1,S,27,2,2,2,0,0,0,koolearn;xdf,1
planet,113476,https://www.koolearn.com/dict/wd_113476.html,L2-listening,1,S,27,10,4,0,0,0,0,koolearn,0
plateau,113644,https://www.koolearn.com/dict/wd_113644.html,L2-listening,1,S,27,6,4,3,0,0,0,koolearn;xdf,1
plausible,113724,https://www.koolearn.com/dict/wd_113724.html,L2-reading,1,S,27,0,6,3,1,0,0,koolearn;xdf,1
portion,115457,https://www.koolearn.com/dict/wd_115457.html,L2-reading,1,S,27,1,5,1,1,0,0,koolearn;xdf,1
position,115517,https://www.koolearn.com/dict/wd_115517.html,L2-listening,1,S,27,12,3,0,0,0,0,koolearn;xdf,1
prevail,117216,https://www.koolearn.com/dict/wd_117216.html,L3-xdf,1,S,27,2,4,1,0,0,0,koolearn;xdf,1
prevalent,117226,https://www.koolearn.com/dict/wd_117226.html,L3-xdf,1,S,27,1,4,4,2,0,0,koolearn;xdf,1
prior,117577,https://www.koolearn.com/dict/wd_117577.html,L2-reading,1,S,27,1,5,2,0,0,0,koolearn;xdf,1
prompt,118239,https://www.koolearn.com/dict/wd_118239.html,L2-reading,1,S,27,0,13,0,0,0,0,koolearn,0
recognize,123013,https://www.koolearn.com/dict/wd_123013.html,L2-reading,1,S,27,0,11,3,0,0,0,koolearn;xdf,1
religion,124554,https://www.koolearn.com/dict/wd_124554.html,L2-listening,1,S,27,10,0,3,1,0,0,koolearn;xdf,1
resist,125621,https://www.koolearn.com/dict/wd_125621.html,L1-base-L1,1,S,27,1,4,2,0,1,1,koolearn;xdf,1
resistance,125623,https://www.koolearn.com/dict/wd_125623.html,L2-reading,1,S,27,4,8,0,1,0,0,koolearn;xdf,1
rewarding,126522,https://www.koolearn.com/dict/wd_126522.html,L2-writing,1,S,27,0,3,8,3,0,0,koolearn,0
rigid,127097,https://www.koolearn.com/dict/wd_127097.html,L1-base-L1,1,S,27,0,2,3,0,1,1,koolearn;xdf,1
shrink,135291,https://www.koolearn.com/dict/wd_135291.html,L2-reading,1,S,27,4,5,3,1,0,0,koolearn;xdf,1
slide,137184,https://www.koolearn.com/dict/wd_137184.html,L2-listening,1,S,27,8,0,0,0,0,0,koolearn;xdf,1
steam,142094,https://www.koolearn.com/dict/wd_142094.html,L2-listening,1,S,27,12,4,0,1,0,0,koolearn;xdf,1
suspect,145814,https://www.koolearn.com/dict/wd_145814.html,L2-reading,1,S,27,1,6,0,1,0,0,koolearn;xdf,1
suspicious,145844,https://www.koolearn.com/dict/wd_145844.html,L2-reading,1,S,27,3,8,0,0,0,0,koolearn,0
theft,150190,https://www.koolearn.com/dict/wd_150190.html,L2-listening,1,S,27,10,4,0,0,0,0,koolearn,0
transition,154086,https://www.koolearn.com/dict/wd_154086.html,L2-reading,1,S,27,1,6,2,0,0,0,koolearn;xdf,1
twist,156269,https://www.koolearn.com/dict/wd_156269.html,L2-listening,1,S,27,5,1,3,2,0,0,koolearn;xdf,1
upgrade,159726,https://www.koolearn.com/dict/wd_159726.html,L1-base-L3,1,S,27,2,4,4,1,1,3,koolearn;xdf,1
ability,592,https://www.koolearn.com/dict/wd_592.html,L2-listening,1,S,26,9,1,4,0,0,0,koolearn;xdf,1
advisable,2779,https://www.koolearn.com/dict/wd_2779.html,L2-listening,1,S,26,9,4,1,0,0,0,koolearn;xdf,1
alarm,4181,https://www.koolearn.com/dict/wd_4181.html,L2-listening,1,S,26,10,2,0,0,0,0,koolearn;xdf,1
biological,17272,https://www.koolearn.com/dict/wd_17272.html,L2-listening,1,S,26,7,4,4,0,0,0,koolearn;xdf,1
blast,17939,https://www.koolearn.com/dict/wd_17939.html,L2-listening,1,S,26,7,2,1,2,0,0,koolearn;xdf,1
brick,20773,https://www.koolearn.com/dict/wd_20773.html,L2-listening,1,S,26,16,0,0,0,0,0,koolearn,0
bubble,21582,https://www.koolearn.com/dict/wd_21582.html,L3-xdf,1,S,26,2,3,3,1,0,0,koolearn;xdf,1
cafe,23218,https://www.koolearn.com/dict/wd_23218.html,L2-listening,1,S,26,12,2,0,0,0,0,koolearn,0
cash,25264,https://www.koolearn.com/dict/wd_25264.html,L2-listening,1,S,26,13,0,0,2,0,0,koolearn;xdf,1
complain,32350,https://www.koolearn.com/dict/wd_32350.html,L2-reading,1,S,26,2,5,2,2,0,0,koolearn;xdf,1
construct,33698,https://www.koolearn.com/dict/wd_33698.html,L3-xdf,1,S,26,4,4,2,1,0,0,koolearn;xdf,1
contain,33804,https://www.koolearn.com/dict/wd_33804.html,L2-reading,1,S,26,3,6,0,0,0,0,koolearn;xdf,1
copy,34578,https://www.koolearn.com/dict/wd_34578.html,L2-listening,1,S,26,11,4,0,1,0,0,koolearn,0
correspondence,35018,https://www.koolearn.com/dict/wd_35018.html,L2-listening,1,S,26,9,4,0,0,0,0,koolearn;xdf,1
corruption,35069,https://www.koolearn.com/dict/wd_35069.html,L2-listening,1,S,26,5,1,4,3,0,0,koolearn,0
cue,37418,https://www.koolearn.com/dict/wd_37418.html,L2-reading,1,S,26,0,10,0,0,0,0,koolearn;xdf,1
curve,37896,https://www.koolearn.com/dict/wd_37896.html,L2-reading,1,S,26,3,6,1,0,0,0,koolearn,0
deliver,40626,https://www.koolearn.com/dict/wd_40626.html,L2-reading,1,S,26,3,7,0,0,0,0,koolearn;xdf,1
despite,41721,https://www.koolearn.com/dict/wd_41721.html,L3-xdf,1,S,26,3,4,2,0,0,0,koolearn;xdf,1
diagnose,42268,https://www.koolearn.com/dict/wd_42268.html,L2-reading,1,S,26,1,8,0,0,0,0,koolearn;xdf,1
dialect,42297,https://www.koolearn.com/dict/wd_42297.html,L2-writing,1,S,26,1,2,6,2,0,0,koolearn;xdf,1
direction,43273,https://www.koolearn.com/dict/wd_43273.html,L2-listening,1,S,26,9,4,0,0,0,0,koolearn;xdf,1
distinction,44401,https://www.koolearn.com/dict/wd_44401.html,L2-reading,1,S,26,1,7,3,2,0,0,koolearn,0
distort,44425,https://www.koolearn.com/dict/wd_44425.html,L2-reading,1,S,26,0,6,2,1,0,0,koolearn;xdf,1
employment,49612,https://www.koolearn.com/dict/wd_49612.html,L2-reading,1,S,26,1,6,1,2,0,0,koolearn,0
environmental,50873,https://www.koolearn.com/dict/wd_50873.html,L2-listening,1,S,26,7,2,3,0,0,0,koolearn,0
equal,51259,https://www.koolearn.com/dict/wd_51259.html,L2-reading,1,S,26,1,11,2,0,0,0,koolearn;xdf,1
ferry,55775,https://www.koolearn.com/dict/wd_55775.html,L2-listening,1,S,26,14,1,0,2,0,0,koolearn;xdf,1
frustration,60534,https://www.koolearn.com/dict/wd_60534.html,L2-reading,1,S,26,4,7,2,2,0,0,koolearn;xdf,1
generous,62488,https://www.koolearn.com/dict/wd_62488.html,L3-xdf,1,S,26,2,1,2,4,0,0,koolearn;xdf,1
government,65171,https://www.koolearn.com/dict/wd_65171.html,L2-listening,1,S,26,11,3,3,0,0,0,koolearn,0
halt,67617,https://www.koolearn.com/dict/wd_67617.html,L2-reading,1,S,26,3,8,2,0,0,0,koolearn;xdf,1
hospitality,72152,https://www.koolearn.com/dict/wd_72152.html,L2-listening,1,S,26,8,1,1,0,0,0,koolearn;xdf,1
immediate,74493,https://www.koolearn.com/dict/wd_74493.html,L2-reading,1,S,26,1,10,0,0,0,0,koolearn,0
invisible,79337,https://www.koolearn.com/dict/wd_79337.html,L2-reading,1,S,26,2,6,0,1,0,0,koolearn;xdf,1
justice,81711,https://www.koolearn.com/dict/wd_81711.html,L2-reading,1,S,26,1,5,1,0,0,0,koolearn;xdf,1
kitchen,83069,https://www.koolearn.com/dict/wd_83069.html,L2-listening,1,S,26,17,2,0,0,0,0,koolearn,0
medical,92856,https://www.koolearn.com/dict/wd_92856.html,L2-listening,1,S,26,11,3,1,0,0,0,koolearn;xdf,1
methodology,94047,https://www.koolearn.com/dict/wd_94047.html,L2-listening,1,S,26,10,2,1,0,0,0,koolearn,0
mimic,94875,https://www.koolearn.com/dict/wd_94875.html,L2-reading,1,S,26,0,9,2,3,0,0,koolearn,0
minimal,95040,https://www.koolearn.com/dict/wd_95040.html,L2-reading,1,S,26,0,9,1,0,0,0,koolearn;xdf,1
module,96110,https://www.koolearn.com/dict/wd_96110.html,L2-listening,1,S,26,7,3,0,0,0,0,koolearn;xdf,1
mundane,98139,https://www.koolearn.com/dict/wd_98139.html,L3-xdf,1,S,26,0,4,0,2,0,0,koolearn;xdf,1
nuclear,102253,https://www.koolearn.com/dict/wd_102253.html,L2-reading,1,S,26,3,5,1,2,0,0,koolearn;xdf,1
occur,103036,https://www.koolearn.com/dict/wd_103036.html,L2-reading,1,S,26,1,7,2,0,0,0,koolearn;xdf,1
orbit,105088,https://www.koolearn.com/dict/wd_105088.html,L2-reading,1,S,26,0,9,0,0,0,0,koolearn;xdf,1
originality,105342,https://www.koolearn.com/dict/wd_105342.html,L2-reading,1,S,26,2,9,3,2,0,0,koolearn,0
outstanding,106362,https://www.koolearn.com/dict/wd_106362.html,L1-base-L2,1,S,26,4,2,0,1,1,2,koolearn,0
petrol,111420,https://www.koolearn.com/dict/wd_111420.html,L2-listening,1,S,26,14,0,2,2,0,0,koolearn;xdf,1
physics,112233,https://www.koolearn.com/dict/wd_112233.html,L2-listening,1,S,26,15,3,1,0,0,0,koolearn,0
poll,114775,https://www.koolearn.com/dict/wd_114775.html,L2-listening,1,S,26,15,0,0,0,0,0,koolearn;xdf,1
prejudice,116673,https://www.koolearn.com/dict/wd_116673.html,L1-base-L1,1,S,26,0,4,4,0,1,1,koolearn,0
premise,116740,https://www.koolearn.com/dict/wd_116740.html,L2-listening,1,S,26,5,1,0,0,0,0,koolearn;xdf,1
primarily,117402,https://www.koolearn.com/dict/wd_117402.html,L2-reading,1,S,26,3,6,3,3,0,0,koolearn;xdf,1
profile,117987,https://www.koolearn.com/dict/wd_117987.html,L2-listening,1,S,26,7,2,3,0,0,0,koolearn;xdf,1
prospectus,118585,https://www.koolearn.com/dict/wd_118585.html,L2-listening,1,S,26,16,1,0,0,0,0,koolearn;xdf,1
purify,119850,https://www.koolearn.com/dict/wd_119850.html,L2-reading,1,S,26,3,10,2,0,0,0,koolearn;xdf,1
qualify,120567,https://www.koolearn.com/dict/wd_120567.html,L2-reading,1,S,26,0,11,3,0,0,0,koolearn,0
radar,121286,https://www.koolearn.com/dict/wd_121286.html,L2-listening,1,S,26,12,3,0,0,0,0,koolearn,0
relaxation,124468,https://www.koolearn.com/dict/wd_124468.html,L2-listening,1,S,26,8,2,0,1,0,0,koolearn,0
relief,124534,https://www.koolearn.com/dict/wd_124534.html,L2-listening,1,S,26,7,3,0,1,0,0,koolearn;xdf,1
render,124842,https://www.koolearn.com/dict/wd_124842.html,L1-base-L1,1,S,26,1,3,3,0,1,1,koolearn;xdf,1
require,125373,https://www.koolearn.com/dict/wd_125373.html,L2-reading,1,S,26,1,6,2,3,0,0,koolearn;xdf,1
respect,125712,https://www.koolearn.com/dict/wd_125712.html,L1-base-L1,1,S,26,1,4,3,0,1,1,koolearn;xdf,1
rhythm,126750,https://www.koolearn.com/dict/wd_126750.html,L2-reading,1,S,26,2,6,0,4,0,0,koolearn,0
scientific,131157,https://www.koolearn.com/dict/wd_131157.html,L2-listening,1,S,26,7,2,2,1,0,0,koolearn,0
seek,132422,https://www.koolearn.com/dict/wd_132422.html,L2-reading,1,S,26,4,6,1,2,0,0,koolearn;xdf,1
sheet,134431,https://www.koolearn.com/dict/wd_134431.html,L2-listening,1,S,26,13,3,0,0,0,0,koolearn,0
sightseeing,135716,https://www.koolearn.com/dict/wd_135716.html,L2-listening,1,S,26,10,0,2,3,0,0,koolearn,0
spider,140240,https://www.koolearn.com/dict/wd_140240.html,L2-listening,1,S,26,15,3,0,0,0,0,koolearn,0
sting,142639,https://www.koolearn.com/dict/wd_142639.html,L2-listening,1,S,26,14,2,0,0,0,0,koolearn,0
stroke,143605,https://www.koolearn.com/dict/wd_143605.html,L3-xdf,1,S,26,0,4,0,2,0,0,koolearn;xdf,1
talent,147548,https://www.koolearn.com/dict/wd_147548.html,L2-writing,1,S,26,2,1,7,1,0,0,koolearn,0
throughout,150946,https://www.koolearn.com/dict/wd_150946.html,L2-reading,1,S,26,4,9,1,0,0,0,koolearn;xdf,1
trial,154583,https://www.koolearn.com/dict/wd_154583.html,L2-reading,1,S,26,4,6,0,0,0,0,koolearn;xdf,1
tube,155550,https://www.koolearn.com/dict/wd_155550.html,L2-listening,1,S,26,12,4,0,1,0,0,koolearn;xdf,1
visa,162270,https://www.koolearn.com/dict/wd_162270.html,L2-listening,1,S,26,15,0,1,0,0,0,koolearn;xdf,1
vocabulary,162559,https://www.koolearn.com/dict/wd_162559.html,L2-listening,1,S,26,8,4,3,2,0,0,koolearn,0
workforce,166654,https://www.koolearn.com/dict/wd_166654.html,L2-listening,1,S,26,10,1,4,0,0,0,koolearn;xdf,1
abolish,673,https://www.koolearn.com/dict/wd_673.html,L1-base-L1,1,S,25,0,3,2,1,1,1,koolearn;xdf,1
amount,5761,https://www.koolearn.com/dict/wd_5761.html,L2-listening,1,S,25,9,4,0,0,0,0,koolearn;xdf,1
ape,7687,https://www.koolearn.com/dict/wd_7687.html,L2-listening,1,S,25,15,3,0,0,0,0,koolearn;xdf,1
arrange,9110,https://www.koolearn.com/dict/wd_9110.html,L2-reading,1,S,25,3,6,1,0,0,0,koolearn;xdf,1
assert,10012,https://www.koolearn.com/dict/wd_10012.html,L1-base-L1,1,S,25,2,2,0,0,1,1,koolearn;xdf,1
attain,10894,https://www.koolearn.com/dict/wd_10894.html,L3-xdf,1,S,25,0,3,3,1,0,0,koolearn;xdf,1
authentic,11309,https://www.koolearn.com/dict/wd_11309.html,L1-base-L3,1,S,25,0,3,2,3,1,3,koolearn;xdf,1
bill,17040,https://www.koolearn.com/dict/wd_17040.html,L2-listening,1,S,25,16,1,0,0,0,0,koolearn,0
blend,18079,https://www.koolearn.com/dict/wd_18079.html,L1-base-L1,1,S,25,2,1,0,3,1,1,koolearn;xdf,1
bother,19661,https://www.koolearn.com/dict/wd_19661.html,L2-listening,1,S,25,5,1,0,2,0,0,koolearn;xdf,1
brake,20233,https://www.koolearn.com/dict/wd_20233.html,L2-listening,1,S,25,9,3,0,0,0,0,koolearn,0
cabinet,23021,https://www.koolearn.com/dict/wd_23021.html,L2-listening,1,S,25,13,2,0,0,0,0,koolearn,0
canal,23894,https://www.koolearn.com/dict/wd_23894.html,L2-reading,1,S,25,0,8,0,1,0,0,koolearn,0
cartoon,25145,https://www.koolearn.com/dict/wd_25145.html,L1-base-L2,1,S,25,4,2,0,3,1,2,koolearn,0
challenging,26866,https://www.koolearn.com/dict/wd_26866.html,L2-listening,1,S,25,10,3,1,0,0,0,koolearn,0
channel,27013,https://www.koolearn.com/dict/wd_27013.html,L2-listening,1,S,25,8,4,1,0,0,0,koolearn;xdf,1
chapter,27085,https://www.koolearn.com/dict/wd_27085.html,L2-listening,1,S,25,16,1,1,0,0,0,koolearn,0
check,27410,https://www.koolearn.com/dict/wd_27410.html,L2-listening,1,S,25,14,3,0,0,0,0,koolearn;xdf,1
cheese,27509,https://www.koolearn.com/dict/wd_27509.html,L2-listening,1,S,25,16,1,0,2,0,0,koolearn,0
clue,30288,https://www.koolearn.com/dict/wd_30288.html,L2-reading,1,S,25,0,10,1,0,0,0,koolearn;xdf,1
coastal,30519,https://www.koolearn.com/dict/wd_30519.html,L2-listening,1,S,25,11,2,1,1,0,0,koolearn,0
confuse,33180,https://www.koolearn.com/dict/wd_33180.html,L2-reading,1,S,25,1,12,1,0,0,0,koolearn;xdf,1
constrain,33681,https://www.koolearn.com/dict/wd_33681.html,L2-reading,1,S,25,0,9,0,0,0,0,koolearn;xdf,1
culminate,37483,https://www.koolearn.com/dict/wd_37483.html,L1-base-L2,1,S,25,4,4,0,0,1,2,koolearn;xdf,1
culture,37535,https://www.koolearn.com/dict/wd_37535.html,L2-listening,1,S,25,9,4,2,0,0,0,koolearn,0
cure,37718,https://www.koolearn.com/dict/wd_37718.html,L2-reading,1,S,25,0,7,0,0,0,0,koolearn,0
curtain,37860,https://www.koolearn.com/dict/wd_37860.html,L2-listening,1,S,25,14,1,0,1,0,0,koolearn;xdf,1
database,39003,https://www.koolearn.com/dict/wd_39003.html,L2-listening,1,S,25,10,4,0,0,0,0,koolearn;xdf,1
debris,39528,https://www.koolearn.com/dict/wd_39528.html,L2-reading,1,S,25,0,6,0,1,0,0,koolearn;xdf,1
definite,40224,https://www.koolearn.com/dict/wd_40224.html,L1-base-L1,1,S,25,4,4,1,1,1,1,koolearn;xdf,1
differ,42672,https://www.koolearn.com/dict/wd_42672.html,L2-reading,1,S,25,0,11,0,0,0,0,koolearn;xdf,1
disabled,43357,https://www.koolearn.com/dict/wd_43357.html,L2-listening,1,S,25,11,3,0,0,0,0,koolearn,0
dispose,44147,https://www.koolearn.com/dict/wd_44147.html,L2-reading,1,S,25,0,7,1,0,0,0,koolearn,0
disrupt,44231,https://www.koolearn.com/dict/wd_44231.html,L2-reading,1,S,25,1,12,1,0,0,0,koolearn;xdf,1
district,44480,https://www.koolearn.com/dict/wd_44480.html,L2-listening,1,S,25,6,4,0,0,0,0,koolearn;xdf,1
dome,45211,https://www.koolearn.com/dict/wd_45211.html,L2-listening,1,S,25,13,0,0,0,0,0,koolearn;xdf,1
drug,46636,https://www.koolearn.com/dict/wd_46636.html,L2-listening,1,S,25,11,1,2,0,0,0,koolearn,0
emphasize,49544,https://www.koolearn.com/dict/wd_49544.html,L2-reading,1,S,25,0,10,1,2,0,0,koolearn;xdf,1
endorse,50060,https://www.koolearn.com/dict/wd_50060.html,L1-base-L2,1,S,25,4,1,1,2,1,2,koolearn;xdf,1
enforce,50196,https://www.koolearn.com/dict/wd_50196.html,L1-base-L2,1,S,25,2,3,1,0,1,2,koolearn;xdf,1
enterprise,50639,https://www.koolearn.com/dict/wd_50639.html,L2-reading,1,S,25,2,7,1,0,0,0,koolearn;xdf,1
equality,51274,https://www.koolearn.com/dict/wd_51274.html,L2-writing,1,S,25,0,4,5,2,0,0,koolearn,0
exacerbate,52687,https://www.koolearn.com/dict/wd_52687.html,L2-reading,1,S,25,1,5,3,0,0,0,koolearn;xdf,1
explode,53473,https://www.koolearn.com/dict/wd_53473.html,L3-xdf,1,S,25,2,4,2,0,0,0,koolearn;xdf,1
exploitation,53484,https://www.koolearn.com/dict/wd_53484.html,L2-reading,1,S,25,0,5,3,0,0,0,koolearn;xdf,1
fare,54812,https://www.koolearn.com/dict/wd_54812.html,L2-listening,1,S,25,15,2,0,0,0,0,koolearn;xdf,1
foundation,59450,https://www.koolearn.com/dict/wd_59450.html,L2-writing,1,S,25,2,3,5,2,0,0,koolearn;xdf,1
fountain,59472,https://www.koolearn.com/dict/wd_59472.html,L2-listening,1,S,25,7,1,0,4,0,0,koolearn;xdf,1
freight,59948,https://www.koolearn.com/dict/wd_59948.html,L3-xdf,1,S,25,0,4,0,0,0,0,koolearn;xdf,1
fur,60955,https://www.koolearn.com/dict/wd_60955.html,L2-listening,1,S,25,13,2,3,0,0,0,koolearn,0
gadget,61239,https://www.koolearn.com/dict/wd_61239.html,L2-reading,1,S,25,2,5,3,1,0,0,koolearn;xdf,1
geographical,62657,https://www.koolearn.com/dict/wd_62657.html,L2-listening,1,S,25,10,1,3,0,0,0,koolearn;xdf,1
helmet,69653,https://www.koolearn.com/dict/wd_69653.html,L2-listening,1,S,25,14,1,0,0,0,0,koolearn,0
ideal,73912,https://www.koolearn.com/dict/wd_73912.html,L3-xdf,1,S,25,4,4,0,0,0,0,koolearn;xdf,1
inappropriate,76044,https://www.koolearn.com/dict/wd_76044.html,L2-reading,1,S,25,0,12,0,2,0,0,koolearn,0
inferior,77114,https://www.koolearn.com/dict/wd_77114.html,L3-xdf,1,S,25,2,3,3,0,0,0,koolearn;xdf,1
integral,78217,https://www.koolearn.com/dict/wd_78217.html,L2-reading,1,S,25,0,6,1,0,0,0,koolearn;xdf,1
joint,81153,https://www.koolearn.com/dict/wd_81153.html,L3-xdf,1,S,25,4,4,0,1,0,0,koolearn;xdf,1
journalism,81293,https://www.koolearn.com/dict/wd_81293.html,L2-listening,1,S,25,9,3,0,3,0,0,koolearn,0
library,86517,https://www.koolearn.com/dict/wd_86517.html,L2-listening,1,S,25,14,0,0,0,0,0,koolearn,0
license,86541,https://www.koolearn.com/dict/wd_86541.html,L2-listening,1,S,25,5,3,4,1,0,0,koolearn;xdf,1
linguistic,87244,https://www.koolearn.com/dict/wd_87244.html,L2-reading,1,S,25,4,13,1,0,0,0,koolearn;xdf,1
management,91027,https://www.koolearn.com/dict/wd_91027.html,L2-listening,1,S,25,14,1,0,0,0,0,koolearn;xdf,1
medicine,92897,https://www.koolearn.com/dict/wd_92897.html,L2-listening,1,S,25,14,3,0,0,0,0,koolearn,0
membership,93275,https://www.koolearn.com/dict/wd_93275.html,L2-listening,1,S,25,12,1,0,2,0,0,koolearn;xdf,1
mission,95643,https://www.koolearn.com/dict/wd_95643.html,L2-listening,1,S,25,5,1,2,0,0,0,koolearn;xdf,1
mosquito,97199,https://www.koolearn.com/dict/wd_97199.html,L2-listening,1,S,25,14,1,0,0,0,0,koolearn;xdf,1
network,100122,https://www.koolearn.com/dict/wd_100122.html,L2-listening,1,S,25,7,3,2,0,0,0,koolearn,0
numerous,102425,https://www.koolearn.com/dict/wd_102425.html,L2-reading,1,S,25,0,5,0,0,0,0,koolearn;xdf,1
painting,107718,https://www.koolearn.com/dict/wd_107718.html,L2-listening,1,S,25,11,1,4,0,0,0,koolearn,0
parcel,108641,https://www.koolearn.com/dict/wd_108641.html,L2-listening,1,S,25,13,2,0,0,0,0,koolearn;xdf,1
persistent,111118,https://www.koolearn.com/dict/wd_111118.html,L2-reading,1,S,25,1,6,1,2,0,0,koolearn,0
picnic,112443,https://www.koolearn.com/dict/wd_112443.html,L2-listening,1,S,25,15,0,0,3,0,0,koolearn,0
plague,113395,https://www.koolearn.com/dict/wd_113395.html,L2-reading,1,S,25,1,8,0,0,0,0,koolearn,0
plough,114105,https://www.koolearn.com/dict/wd_114105.html,L2-listening,1,S,25,13,1,1,0,0,0,koolearn;xdf,1
privilege,117675,https://www.koolearn.com/dict/wd_117675.html,L3-xdf,1,S,25,0,3,4,0,0,0,koolearn;xdf,1
production,117908,https://www.koolearn.com/dict/wd_117908.html,L2-listening,1,S,25,10,4,1,0,0,0,koolearn,0
prominent,118202,https://www.koolearn.com/dict/wd_118202.html,L1-base-L1,1,S,25,0,2,1,1,1,1,koolearn;xdf,1
receptionist,122882,https://www.koolearn.com/dict/wd_122882.html,L2-listening,1,S,25,16,1,0,1,0,0,koolearn;xdf,1
reform,123839,https://www.koolearn.com/dict/wd_123839.html,L2-listening,1,S,25,8,2,3,0,0,0,koolearn,0
relatively,124456,https://www.koolearn.com/dict/wd_124456.html,L2-reading,1,S,25,2,8,2,0,0,0,koolearn,0
replicate,125139,https://www.koolearn.com/dict/wd_125139.html,L2-reading,1,S,25,3,7,0,1,0,0,koolearn;xdf,1
resolve,125665,https://www.koolearn.com/dict/wd_125665.html,L1-base-L3,1,S,25,3,4,3,0,1,3,koolearn;xdf,1
result,125893,https://www.koolearn.com/dict/wd_125893.html,L2-listening,1,S,25,10,4,3,0,0,0,koolearn,0
roof,127939,https://www.koolearn.com/dict/wd_127939.html,L2-listening,1,S,25,9,2,0,3,0,0,koolearn,0
rotate,128195,https://www.koolearn.com/dict/wd_128195.html,L3-xdf,1,S,25,0,4,4,0,0,0,koolearn;xdf,1
rough,128284,https://www.koolearn.com/dict/wd_128284.html,L2-reading,1,S,25,3,7,2,1,0,0,koolearn,0
segment,132483,https://www.koolearn.com/dict/wd_132483.html,L2-listening,1,S,25,5,3,0,0,0,0,koolearn;xdf,1
severe,133838,https://www.koolearn.com/dict/wd_133838.html,L2-reading,1,S,25,1,7,3,1,0,0,koolearn;xdf,1
shark,134255,https://www.koolearn.com/dict/wd_134255.html,L2-listening,1,S,25,12,0,0,2,0,0,koolearn;xdf,1
sketch,136582,https://www.koolearn.com/dict/wd_136582.html,L3-xdf,1,S,25,4,2,0,1,0,0,koolearn;xdf,1
slave,137005,https://www.koolearn.com/dict/wd_137005.html,L2-listening,1,S,25,11,4,0,0,0,0,koolearn,0
smooth,137779,https://www.koolearn.com/dict/wd_137779.html,L2-listening,1,S,25,7,3,0,1,0,0,koolearn;xdf,1
squash,141130,https://www.koolearn.com/dict/wd_141130.html,L2-listening,1,S,25,10,2,0,0,0,0,koolearn;xdf,1
striking,143519,https://www.koolearn.com/dict/wd_143519.html,L2-reading,1,S,25,0,6,0,2,0,0,koolearn;xdf,1
strip,143548,https://www.koolearn.com/dict/wd_143548.html,L2-listening,1,S,25,6,0,0,2,0,0,koolearn;xdf,1
suffer,144700,https://www.koolearn.com/dict/wd_144700.html,L2-reading,1,S,25,3,5,0,0,0,0,koolearn;xdf,1
surge,145662,https://www.koolearn.com/dict/wd_145662.html,L2-reading,1,S,25,1,5,4,0,0,0,koolearn;xdf,1
susceptible,145804,https://www.koolearn.com/dict/wd_145804.html,L3-xdf,1,S,25,0,4,2,0,0,0,koolearn;xdf,1
temple,148988,https://www.koolearn.com/dict/wd_148988.html,L2-listening,1,S,25,12,0,1,3,0,0,koolearn,0
tennis,149145,https://www.koolearn.com/dict/wd_149145.html,L2-listening,1,S,25,15,0,0,1,0,0,koolearn,0
terrestrial,149431,https://www.koolearn.com/dict/wd_149431.html,L2-listening,1,S,25,5,3,0,0,0,0,koolearn;xdf,1
title,151821,https://www.koolearn.com/dict/wd_151821.html,L2-listening,1,S,25,11,4,0,0,0,0,koolearn,0
tone,152706,https://www.koolearn.com/dict/wd_152706.html,L2-listening,1,S,25,10,4,0,2,0,0,koolearn,0
trade,153655,https://www.koolearn.com/dict/wd_153655.html,L2-listening,1,S,25,7,4,2,2,0,0,koolearn,0
transcend,153957,https://www.koolearn.com/dict/wd_153957.html,L2-reading,1,S,25,0,10,2,0,0,0,koolearn;xdf,1
transmission,154132,https://www.koolearn.com/dict/wd_154132.html,L2-reading,1,S,25,0,6,1,1,0,0,koolearn,0
transparent,154166,https://www.koolearn.com/dict/wd_154166.html,L2-reading,1,S,25,3,6,0,0,0,0,koolearn;xdf,1
transportation,154191,https://www.koolearn.com/dict/wd_154191.html,L2-listening,1,S,25,9,2,0,1,0,0,koolearn;xdf,1
volcano,162678,https://www.koolearn.com/dict/wd_162678.html,L2-listening,1,S,25,6,4,0,0,0,0,koolearn;xdf,1
weed,164324,https://www.koolearn.com/dict/wd_164324.html,L2-listening,1,S,25,12,2,0,0,0,0,koolearn;xdf,1
adaptation,2104,https://www.koolearn.com/dict/wd_2104.html,L2-reading,1,S,24,1,7,3,0,0,0,koolearn;xdf,1
advent,2704,https://www.koolearn.com/dict/wd_2704.html,L3-xdf,1,S,24,1,4,1,1,0,0,koolearn;xdf,1
advertisement,2757,https://www.koolearn.com/dict/wd_2757.html,L2-listening,1,S,24,9,3,0,1,0,0,koolearn;xdf,1
advertising,2762,https://www.koolearn.com/dict/wd_2762.html,L2-listening,1,S,24,9,1,4,1,0,0,koolearn,0
aggravate,3404,https://www.koolearn.com/dict/wd_3404.html,L1-base-L1,1,S,24,1,2,4,0,1,1,koolearn;xdf,1
ambulance,5461,https://www.koolearn.com/dict/wd_5461.html,L2-listening,1,S,24,13,1,0,0,0,0,koolearn;xdf,1
apartment,7669,https://www.koolearn.com/dict/wd_7669.html,L2-listening,1,S,24,10,1,3,1,0,0,koolearn,0
area,8710,https://www.koolearn.com/dict/wd_8710.html,L2-listening,1,S,24,9,1,1,1,0,0,koolearn,0
assist,10082,https://www.koolearn.com/dict/wd_10082.html,L2-reading,1,S,24,1,8,0,0,0,0,koolearn;xdf,1
beam,15044,https://www.koolearn.com/dict/wd_15044.html,L3-xdf,1,S,24,3,3,0,0,0,0,koolearn;xdf,1
bond,19148,https://www.koolearn.com/dict/wd_19148.html,L1-base-L1,1,S,24,0,2,4,0,1,1,koolearn,0
breakdown,20552,https://www.koolearn.com/dict/wd_20552.html,L3-xdf,1,S,24,0,4,1,2,0,0,koolearn;xdf,1
cabin,23012,https://www.koolearn.com/dict/wd_23012.html,L2-listening,1,S,24,12,1,0,0,0,0,koolearn,0
camera,23756,https://www.koolearn.com/dict/wd_23756.html,L2-listening,1,S,24,15,1,1,0,0,0,koolearn,0
carbon dioxide,24569,https://www.koolearn.com/dict/wd_24569.html,L2-listening,1,S,24,13,3,0,1,0,0,koolearn,0
cashier,25307,https://www.koolearn.com/dict/wd_25307.html,L2-listening,1,S,24,17,0,0,1,0,0,koolearn,0
cassette,25347,https://www.koolearn.com/dict/wd_25347.html,L2-listening,1,S,24,16,0,0,0,0,0,koolearn;xdf,1
central,26346,https://www.koolearn.com/dict/wd_26346.html,L2-listening,1,S,24,11,2,0,0,0,0,koolearn,0
ceremony,26565,https://www.koolearn.com/dict/wd_26565.html,L3-xdf,1,S,24,2,2,0,3,0,0,koolearn;xdf,1
coincide,31042,https://www.koolearn.com/dict/wd_31042.html,L1-base-L1,1,S,24,3,4,1,0,1,1,koolearn;xdf,1
column,31528,https://www.koolearn.com/dict/wd_31528.html,L2-reading,1,S,24,1,6,0,3,0,0,koolearn;xdf,1
commuter,32165,https://www.koolearn.com/dict/wd_32165.html,L2-listening,1,S,24,14,1,3,1,0,0,koolearn,0
compete,32306,https://www.koolearn.com/dict/wd_32306.html,L1-base-L2,1,S,24,4,3,0,2,1,2,koolearn;xdf,1
competent,32319,https://www.koolearn.com/dict/wd_32319.html,L3-xdf,1,S,24,1,2,2,2,0,0,koolearn;xdf,1
consensus,33489,https://www.koolearn.com/dict/wd_33489.html,L2-reading,1,S,24,3,8,1,0,0,0,koolearn;xdf,1
crash,36202,https://www.koolearn.com/dict/wd_36202.html,L2-reading,1,S,24,1,9,0,1,0,0,koolearn;xdf,1
decay,39625,https://www.koolearn.com/dict/wd_39625.html,L3-xdf,1,S,24,1,4,0,0,0,0,koolearn;xdf,1
democracy,40821,https://www.koolearn.com/dict/wd_40821.html,L1-base-L3,1,S,24,1,4,4,1,1,3,koolearn,0
depth,41336,https://www.koolearn.com/dict/wd_41336.html,L2-listening,1,S,24,10,2,0,0,0,0,koolearn,0
deserve,41577,https://www.koolearn.com/dict/wd_41577.html,L3-xdf,1,S,24,1,4,4,1,0,0,koolearn;xdf,1
deterioration,41872,https://www.koolearn.com/dict/wd_41872.html,L3-xdf,1,S,24,3,4,3,1,0,0,koolearn;xdf,1
dinosaur,43071,https://www.koolearn.com/dict/wd_43071.html,L2-listening,1,S,24,13,4,0,0,0,0,koolearn,0
dissolve,44335,https://www.koolearn.com/dict/wd_44335.html,L3-xdf,1,S,24,3,2,0,0,0,0,koolearn;xdf,1
dock,44922,https://www.koolearn.com/dict/wd_44922.html,L2-listening,1,S,24,9,3,0,0,0,0,koolearn;xdf,1
donation,45319,https://www.koolearn.com/dict/wd_45319.html,L2-listening,1,S,24,11,0,2,0,0,0,koolearn;xdf,1
dramatically,46087,https://www.koolearn.com/dict/wd_46087.html,L2-reading,1,S,24,1,6,3,2,0,0,koolearn,0
eccentric,47798,https://www.koolearn.com/dict/wd_47798.html,L3-xdf,1,S,24,1,3,2,1,0,0,koolearn;xdf,1
editor,48152,https://www.koolearn.com/dict/wd_48152.html,L2-listening,1,S,24,11,3,0,1,0,0,koolearn,0
educational,48191,https://www.koolearn.com/dict/wd_48191.html,L2-listening,1,S,24,7,4,1,3,0,0,koolearn,0
elbow,48611,https://www.koolearn.com/dict/wd_48611.html,L2-listening,1,S,24,12,0,0,0,0,0,koolearn;xdf,1
executive,52997,https://www.koolearn.com/dict/wd_52997.html,L2-reading,1,S,24,2,5,0,1,0,0,koolearn,0
explanation,53448,https://www.koolearn.com/dict/wd_53448.html,L2-listening,1,S,24,10,3,0,2,0,0,koolearn,0
famine,54629,https://www.koolearn.com/dict/wd_54629.html,L2-reading,1,S,24,3,10,0,1,0,0,koolearn,0
fatal,55017,https://www.koolearn.com/dict/wd_55017.html,L3-xdf,1,S,24,2,2,1,0,0,0,koolearn;xdf,1
fleet,57550,https://www.koolearn.com/dict/wd_57550.html,L2-listening,1,S,24,5,3,0,0,0,0,koolearn;xdf,1
golf,64756,https://www.koolearn.com/dict/wd_64756.html,L2-listening,1,S,24,15,2,0,1,0,0,koolearn,0
grade,65286,https://www.koolearn.com/dict/wd_65286.html,L2-listening,1,S,24,9,2,1,2,0,0,koolearn,0
graduate,65307,https://www.koolearn.com/dict/wd_65307.html,L2-listening,1,S,24,10,1,3,0,0,0,koolearn;xdf,1
grill,66029,https://www.koolearn.com/dict/wd_66029.html,L2-listening,1,S,24,12,0,0,0,0,0,koolearn;xdf,1
hall,67535,https://www.koolearn.com/dict/wd_67535.html,L2-listening,1,S,24,9,2,0,3,0,0,koolearn;xdf,1
hazardous,68923,https://www.koolearn.com/dict/wd_68923.html,L2-listening,1,S,24,7,0,0,2,0,0,koolearn;xdf,1
historian,70955,https://www.koolearn.com/dict/wd_70955.html,L2-listening,1,S,24,6,4,2,0,0,0,koolearn;xdf,1
imitation,74469,https://www.koolearn.com/dict/wd_74469.html,L2-listening,1,S,24,5,2,1,1,0,0,koolearn;xdf,1
iron,79592,https://www.koolearn.com/dict/wd_79592.html,L2-listening,1,S,24,11,4,0,1,0,0,koolearn;xdf,1
jaw,80551,https://www.koolearn.com/dict/wd_80551.html,L2-listening,1,S,24,14,1,0,0,0,0,koolearn;xdf,1
judo,81437,https://www.koolearn.com/dict/wd_81437.html,L2-listening,1,S,24,17,0,0,1,0,0,koolearn,0
junction,81586,https://www.koolearn.com/dict/wd_81586.html,L2-listening,1,S,24,12,1,0,0,0,0,koolearn;xdf,1
justify,81727,https://www.koolearn.com/dict/wd_81727.html,L3-xdf,1,S,24,1,1,3,1,0,0,koolearn;xdf,1
lane,84447,https://www.koolearn.com/dict/wd_84447.html,L2-listening,1,S,24,11,1,0,0,0,0,koolearn;xdf,1
litter,87614,https://www.koolearn.com/dict/wd_87614.html,L3-xdf,1,S,24,3,3,0,1,0,0,koolearn;xdf,1
luxurious,89530,https://www.koolearn.com/dict/wd_89530.html,L1-base-L2,1,S,24,1,4,3,4,1,2,koolearn,0
magazine,90009,https://www.koolearn.com/dict/wd_90009.html,L2-listening,1,S,24,17,0,0,2,0,0,koolearn,0
marketing,91718,https://www.koolearn.com/dict/wd_91718.html,L2-listening,1,S,24,13,2,3,0,0,0,koolearn,0
mass,92026,https://www.koolearn.com/dict/wd_92026.html,L2-reading,1,S,24,4,8,1,0,0,0,koolearn;xdf,1
mate,92203,https://www.koolearn.com/dict/wd_92203.html,L2-reading,1,S,24,1,11,0,0,0,0,koolearn;xdf,1
menace,93345,https://www.koolearn.com/dict/wd_93345.html,L1-base-L1,1,S,24,1,3,0,1,1,1,koolearn;xdf,1
Mercury,93562,https://www.koolearn.com/dict/wd_93562.html,L2-reading,1,S,24,4,9,0,0,0,0,koolearn;xdf,1
multiply,98047,https://www.koolearn.com/dict/wd_98047.html,L3-xdf,1,S,24,1,4,1,1,0,0,koolearn;xdf,1
nature,99370,https://www.koolearn.com/dict/wd_99370.html,L2-listening,1,S,24,8,3,2,2,0,0,koolearn,0
optimum,104976,https://www.koolearn.com/dict/wd_104976.html,L2-reading,1,S,24,0,10,0,0,0,0,koolearn;xdf,1
overlap,106838,https://www.koolearn.com/dict/wd_106838.html,L2-reading,1,S,24,2,6,1,0,0,0,koolearn;xdf,1
percentage,110612,https://www.koolearn.com/dict/wd_110612.html,L3-xdf,1,S,24,4,1,4,1,0,0,koolearn;xdf,1
period,110844,https://www.koolearn.com/dict/wd_110844.html,L2-listening,1,S,24,9,4,1,0,0,0,koolearn,0
plant,113529,https://www.koolearn.com/dict/wd_113529.html,L2-listening,1,S,24,14,1,0,0,0,0,koolearn,0
pop,115232,https://www.koolearn.com/dict/wd_115232.html,L2-listening,1,S,24,10,3,3,1,0,0,koolearn,0
president,117008,https://www.koolearn.com/dict/wd_117008.html,L2-listening,1,S,24,13,0,0,1,0,0,koolearn;xdf,1
proceed,117782,https://www.koolearn.com/dict/wd_117782.html,L2-reading,1,S,24,1,7,0,0,0,0,koolearn;xdf,1
professor,117964,https://www.koolearn.com/dict/wd_117964.html,L2-listening,1,S,24,11,3,0,0,0,0,koolearn,0
quotation,121120,https://www.koolearn.com/dict/wd_121120.html,L2-reading,1,S,24,3,10,1,0,0,0,koolearn,0
reduction,123572,https://www.koolearn.com/dict/wd_123572.html,L2-reading,1,S,24,3,10,0,0,0,0,koolearn,0
referee,123706,https://www.koolearn.com/dict/wd_123706.html,L2-listening,1,S,24,13,1,0,1,0,0,koolearn;xdf,1
registration,124074,https://www.koolearn.com/dict/wd_124074.html,L2-listening,1,S,24,11,3,0,1,0,0,koolearn;xdf,1
relieve,124543,https://www.koolearn.com/dict/wd_124543.html,L3-xdf,1,S,24,1,1,4,2,0,0,koolearn;xdf,1
request,125363,https://www.koolearn.com/dict/wd_125363.html,L2-reading,1,S,24,3,5,2,0,0,0,koolearn;xdf,1
royal,128477,https://www.koolearn.com/dict/wd_128477.html,L2-listening,1,S,24,12,2,0,1,0,0,koolearn,0
sanitation,130054,https://www.koolearn.com/dict/wd_130054.html,L2-reading,1,S,24,4,5,0,1,0,0,koolearn;xdf,1
science,131148,https://www.koolearn.com/dict/wd_131148.html,L2-listening,1,S,24,13,2,2,0,0,0,koolearn,0
scout,131407,https://www.koolearn.com/dict/wd_131407.html,L2-reading,1,S,24,1,6,0,0,0,0,koolearn;xdf,1
screen,131544,https://www.koolearn.com/dict/wd_131544.html,L2-listening,1,S,24,9,2,0,1,0,0,koolearn;xdf,1
service,133583,https://www.koolearn.com/dict/wd_133583.html,L2-listening,1,S,24,14,1,1,0,0,0,koolearn;xdf,1
shower,135206,https://www.koolearn.com/dict/wd_135206.html,L2-listening,1,S,24,11,2,0,1,0,0,koolearn,0
soar,138362,https://www.koolearn.com/dict/wd_138362.html,L2-reading,1,S,24,0,10,3,0,0,0,koolearn,0
square,141095,https://www.koolearn.com/dict/wd_141095.html,L2-listening,1,S,24,10,2,0,0,0,0,koolearn,0
subjective,144155,https://www.koolearn.com/dict/wd_144155.html,L2-listening,1,S,24,7,4,3,0,0,0,koolearn;xdf,1
supplementary,145457,https://www.koolearn.com/dict/wd_145457.html,L2-reading,1,S,24,3,6,1,0,0,0,koolearn;xdf,1
tap,147886,https://www.koolearn.com/dict/wd_147886.html,L3-xdf,1,S,24,1,2,0,2,0,0,koolearn;xdf,1
tax,148246,https://www.koolearn.com/dict/wd_148246.html,L2-listening,1,S,24,12,1,0,0,0,0,koolearn,0
telescope,148833,https://www.koolearn.com/dict/wd_148833.html,L2-listening,1,S,24,11,3,0,0,0,0,koolearn;xdf,1
temper,148956,https://www.koolearn.com/dict/wd_148956.html,L2-listening,1,S,24,7,3,2,0,0,0,koolearn;xdf,1
type,156384,https://www.koolearn.com/dict/wd_156384.html,L2-listening,1,S,24,11,1,2,0,0,0,koolearn,0
underground,157575,https://www.koolearn.com/dict/wd_157575.html,L2-listening,1,S,24,13,0,0,1,0,0,koolearn;xdf,1
underlying,157614,https://www.koolearn.com/dict/wd_157614.html,L2-reading,1,S,24,3,5,4,0,0,0,koolearn;xdf,1
unemployment,157889,https://www.koolearn.com/dict/wd_157889.html,L2-reading,1,S,24,3,5,1,1,0,0,koolearn;xdf,1
universal,158432,https://www.koolearn.com/dict/wd_158432.html,L2-writing,1,S,24,0,1,5,0,0,0,koolearn,0
vaccine,160445,https://www.koolearn.com/dict/wd_160445.html,L2-listening,1,S,24,9,0,2,0,0,0,koolearn,0
venture,161311,https://www.koolearn.com/dict/wd_161311.html,L2-reading,1,S,24,0,6,0,0,0,0,koolearn;xdf,1
vigorous,161976,https://www.koolearn.com/dict/wd_161976.html,L3-xdf,1,S,24,0,2,1,1,0,0,koolearn;xdf,1
voyage,162878,https://www.koolearn.com/dict/wd_162878.html,L2-listening,1,S,24,6,4,0,0,0,0,koolearn;xdf,1
widespread,165437,https://www.koolearn.com/dict/wd_165437.html,L2-reading,1,S,24,0,6,4,0,0,0,koolearn;xdf,1
wisdom,166010,https://www.koolearn.com/dict/wd_166010.html,L2-reading,1,S,24,0,5,3,1,0,0,koolearn,0
abundant,999,https://www.koolearn.com/dict/wd_999.html,L2-reading,1,S,23,0,8,2,0,0,0,koolearn,0
arthritis,9287,https://www.koolearn.com/dict/wd_9287.html,L2-listening,1,S,23,6,2,0,0,0,0,koolearn;xdf,1
aspirin,9921,https://www.koolearn.com/dict/wd_9921.html,L2-listening,1,S,23,15,0,0,0,0,0,koolearn,0
astronaut,10301,https://www.koolearn.com/dict/wd_10301.html,L1-base-L2,1,S,23,2,4,1,1,1,2,koolearn;xdf,1
autonomy,11558,https://www.koolearn.com/dict/wd_11558.html,L1-base-L3,1,S,23,0,3,0,0,1,3,koolearn;xdf,1
brief,20878,https://www.koolearn.com/dict/wd_20878.html,L2-reading,1,S,23,3,5,1,1,0,0,koolearn;xdf,1
bully,21997,https://www.koolearn.com/dict/wd_21997.html,L3-xdf,1,S,23,1,4,0,1,0,0,koolearn;xdf,1
calorie,23628,https://www.koolearn.com/dict/wd_23628.html,L2-listening,1,S,23,6,1,4,2,0,0,koolearn;xdf,1
capsule,24426,https://www.koolearn.com/dict/wd_24426.html,L2-listening,1,S,23,13,2,0,0,0,0,koolearn;xdf,1
cereal,26520,https://www.koolearn.com/dict/wd_26520.html,L2-listening,1,S,23,7,1,0,0,0,0,koolearn;xdf,1
chemistry,27597,https://www.koolearn.com/dict/wd_27597.html,L2-listening,1,S,23,13,0,1,0,0,0,koolearn,0
chest,27695,https://www.koolearn.com/dict/wd_27695.html,L2-listening,1,S,23,13,1,0,0,0,0,koolearn;xdf,1
chimpanzee,28004,https://www.koolearn.com/dict/wd_28004.html,L2-listening,1,S,23,12,4,0,1,0,0,koolearn,0
club,30258,https://www.koolearn.com/dict/wd_30258.html,L2-listening,1,S,23,18,0,0,0,0,0,koolearn,0
colony,31411,https://www.koolearn.com/dict/wd_31411.html,L3-xdf,1,S,23,3,3,0,2,0,0,koolearn;xdf,1
comfortable,31809,https://www.koolearn.com/dict/wd_31809.html,L2-listening,1,S,23,12,1,3,0,0,0,koolearn,0
commence,31889,https://www.koolearn.com/dict/wd_31889.html,L1-base-L1,1,S,23,1,3,1,0,1,1,koolearn;xdf,1
communal,32101,https://www.koolearn.com/dict/wd_32101.html,L2-reading,1,S,23,2,12,0,0,0,0,koolearn,0
complementary,32373,https://www.koolearn.com/dict/wd_32373.html,L2-reading,1,S,23,4,6,3,0,0,0,koolearn;xdf,1
computer,32575,https://www.koolearn.com/dict/wd_32575.html,L2-listening,1,S,23,10,0,2,0,0,0,koolearn,0
conform,33141,https://www.koolearn.com/dict/wd_33141.html,L1-base-L1,1,S,23,0,4,1,1,1,1,koolearn;xdf,1
confusion,33187,https://www.koolearn.com/dict/wd_33187.html,L2-reading,1,S,23,2,9,0,0,0,0,koolearn;xdf,1
consecutive,33481,https://www.koolearn.com/dict/wd_33481.html,L2-reading,1,S,23,4,5,0,0,0,0,koolearn;xdf,1
create,36327,https://www.koolearn.com/dict/wd_36327.html,L3-xdf,1,S,23,2,4,4,0,0,0,koolearn;xdf,1
criterion,36709,https://www.koolearn.com/dict/wd_36709.html,L2-reading,1,S,23,2,8,0,0,0,0,koolearn;xdf,1
cycling,38221,https://www.koolearn.com/dict/wd_38221.html,L2-listening,1,S,23,15,0,0,1,0,0,koolearn,0
dedicate,39973,https://www.koolearn.com/dict/wd_39973.html,L1-base-L1,1,S,23,1,3,0,0,1,1,koolearn;xdf,1
deduce,39985,https://www.koolearn.com/dict/wd_39985.html,L2-reading,1,S,23,0,5,0,0,0,0,koolearn;xdf,1
defect,40114,https://www.koolearn.com/dict/wd_40114.html,L2-reading,1,S,23,3,6,0,0,0,0,koolearn;xdf,1
definition,40229,https://www.koolearn.com/dict/wd_40229.html,L2-listening,1,S,23,5,3,2,0,0,0,koolearn;xdf,1
delight,40571,https://www.koolearn.com/dict/wd_40571.html,L2-listening,1,S,23,5,3,2,1,0,0,koolearn,0
depressed,41314,https://www.koolearn.com/dict/wd_41314.html,L1-base-L2,1,S,23,4,3,3,1,1,2,koolearn,0
dessert,41749,https://www.koolearn.com/dict/wd_41749.html,L2-listening,1,S,23,11,1,0,3,0,0,koolearn,0
destroy,41778,https://www.koolearn.com/dict/wd_41778.html,L2-reading,1,S,23,2,6,1,0,0,0,koolearn,0
disposable,44139,https://www.koolearn.com/dict/wd_44139.html,L2-writing,1,S,23,0,3,5,3,0,0,koolearn;xdf,1
disseminate,44267,https://www.koolearn.com/dict/wd_44267.html,L2-writing,1,S,23,0,4,5,1,0,0,koolearn;xdf,1
distraction,44442,https://www.koolearn.com/dict/wd_44442.html,L3-xdf,1,S,23,3,3,3,2,0,0,koolearn;xdf,1
division,44684,https://www.koolearn.com/dict/wd_44684.html,L2-listening,1,S,23,6,3,0,0,0,0,koolearn;xdf,1
elderly,48626,https://www.koolearn.com/dict/wd_48626.html,L2-reading,1,S,23,4,8,3,1,0,0,koolearn,0
empirical,49558,https://www.koolearn.com/dict/wd_49558.html,L2-reading,1,S,23,1,7,1,0,0,0,koolearn;xdf,1
endangered,49949,https://www.koolearn.com/dict/wd_49949.html,L2-listening,1,S,23,5,4,1,3,0,0,koolearn,0
ethnic,52052,https://www.koolearn.com/dict/wd_52052.html,L2-writing,1,S,23,0,0,5,2,0,0,koolearn,0
exert,53078,https://www.koolearn.com/dict/wd_53078.html,L1-base-L1,1,S,23,2,4,4,0,1,1,koolearn,0
expectation,53329,https://www.koolearn.com/dict/wd_53329.html,L2-reading,1,S,23,4,8,2,0,0,0,koolearn;xdf,1
expenditure,53377,https://www.koolearn.com/dict/wd_53377.html,L1-base-L1,1,S,23,4,1,3,0,1,1,koolearn,0
fashion,54940,https://www.koolearn.com/dict/wd_54940.html,L2-listening,1,S,23,8,1,1,1,0,0,koolearn;xdf,1
festival,55835,https://www.koolearn.com/dict/wd_55835.html,L2-listening,1,S,23,10,0,1,2,0,0,koolearn,0
film,56367,https://www.koolearn.com/dict/wd_56367.html,L2-listening,1,S,23,12,2,0,0,0,0,koolearn,0
flu,58010,https://www.koolearn.com/dict/wd_58010.html,L2-listening,1,S,23,13,0,0,0,0,0,koolearn,0
former,59222,https://www.koolearn.com/dict/wd_59222.html,L2-listening,1,S,23,9,4,1,1,0,0,koolearn;xdf,1
fulfill,60665,https://www.koolearn.com/dict/wd_60665.html,L2-reading,1,S,23,0,10,1,2,0,0,koolearn,0
genuine,62621,https://www.koolearn.com/dict/wd_62621.html,L1-base-L1,1,S,23,1,3,1,2,1,1,koolearn;xdf,1
grateful,65607,https://www.koolearn.com/dict/wd_65607.html,L2-listening,1,S,23,5,4,1,0,0,0,koolearn;xdf,1
growth,66384,https://www.koolearn.com/dict/wd_66384.html,L2-listening,1,S,23,9,1,3,0,0,0,koolearn,0
imagination,74379,https://www.koolearn.com/dict/wd_74379.html,L2-reading,1,S,23,0,6,4,0,0,0,koolearn;xdf,1
immigration,74527,https://www.koolearn.com/dict/wd_74527.html,L3-xdf,1,S,23,3,4,2,1,0,0,koolearn;xdf,1
incidence,76189,https://www.koolearn.com/dict/wd_76189.html,L2-reading,1,S,23,0,5,2,0,0,0,koolearn,0
influential,77246,https://www.koolearn.com/dict/wd_77246.html,L3-xdf,1,S,23,4,3,2,2,0,0,koolearn;xdf,1
inherent,77462,https://www.koolearn.com/dict/wd_77462.html,L3-xdf,1,S,23,0,0,1,0,0,0,koolearn;xdf,1
inland,77609,https://www.koolearn.com/dict/wd_77609.html,L2-listening,1,S,23,12,1,1,0,0,0,koolearn;xdf,1
innate,77637,https://www.koolearn.com/dict/wd_77637.html,L2-reading,1,S,23,0,8,4,1,0,0,koolearn,0
irresistible,79702,https://www.koolearn.com/dict/wd_79702.html,L3-xdf,1,S,23,0,2,3,2,0,0,koolearn;xdf,1
kidney,82748,https://www.koolearn.com/dict/wd_82748.html,L2-listening,1,S,23,6,0,0,0,0,0,koolearn;xdf,1
knowledge,83393,https://www.koolearn.com/dict/wd_83393.html,L2-listening,1,S,23,9,2,3,0,0,0,koolearn,0
leather,85518,https://www.koolearn.com/dict/wd_85518.html,L2-listening,1,S,23,12,0,0,1,0,0,koolearn;xdf,1
lenient,85959,https://www.koolearn.com/dict/wd_85959.html,L2-writing,1,S,23,0,1,5,1,0,0,koolearn;xdf,1
level,86281,https://www.koolearn.com/dict/wd_86281.html,L2-listening,1,S,23,7,4,0,0,0,0,koolearn;xdf,1
motel,97241,https://www.koolearn.com/dict/wd_97241.html,L2-listening,1,S,23,15,1,0,0,0,0,koolearn,0
motion,97287,https://www.koolearn.com/dict/wd_97287.html,L2-reading,1,S,23,4,5,2,0,0,0,koolearn;xdf,1
myth,98769,https://www.koolearn.com/dict/wd_98769.html,L2-reading,1,S,23,2,6,0,0,0,0,koolearn,0
notorious,102086,https://www.koolearn.com/dict/wd_102086.html,L1-base-L1,1,S,23,0,4,0,0,1,1,koolearn;xdf,1
opinion,104840,https://www.koolearn.com/dict/wd_104840.html,L2-listening,1,S,23,5,3,3,0,0,0,koolearn,0
organization,105240,https://www.koolearn.com/dict/wd_105240.html,L2-listening,1,S,23,10,4,2,0,0,0,koolearn,0
overlook,106862,https://www.koolearn.com/dict/wd_106862.html,L2-reading,1,S,23,2,8,3,1,0,0,koolearn,0
overtake,107115,https://www.koolearn.com/dict/wd_107115.html,L2-reading,1,S,23,0,9,0,0,0,0,koolearn,0
painstaking,107703,https://www.koolearn.com/dict/wd_107703.html,L3-xdf,1,S,23,0,3,2,1,0,0,koolearn;xdf,1
palace,107758,https://www.koolearn.com/dict/wd_107758.html,L2-listening,1,S,23,14,0,1,1,0,0,koolearn,0
payment,109685,https://www.koolearn.com/dict/wd_109685.html,L2-listening,1,S,23,11,2,0,0,0,0,koolearn;xdf,1
photocopy,111971,https://www.koolearn.com/dict/wd_111971.html,L2-listening,1,S,23,11,2,0,0,0,0,koolearn;xdf,1
photograph,111998,https://www.koolearn.com/dict/wd_111998.html,L2-listening,1,S,23,8,4,1,0,0,0,koolearn,0
photography,112007,https://www.koolearn.com/dict/wd_112007.html,L2-listening,1,S,23,5,4,0,1,0,0,koolearn;xdf,1
photosynthesis,112067,https://www.koolearn.com/dict/wd_112067.html,L2-reading,1,S,23,4,8,0,0,0,0,koolearn,0
prehistoric,116656,https://www.koolearn.com/dict/wd_116656.html,L2-reading,1,S,23,0,7,1,2,0,0,koolearn,0
presumably,117125,https://www.koolearn.com/dict/wd_117125.html,L2-listening,1,S,23,6,2,0,0,0,0,koolearn;xdf,1
probe,117747,https://www.koolearn.com/dict/wd_117747.html,L2-reading,1,S,23,0,5,2,0,0,0,koolearn;xdf,1
propose,118448,https://www.koolearn.com/dict/wd_118448.html,L2-reading,1,S,23,3,7,0,0,0,0,koolearn;xdf,1
prosper,118586,https://www.koolearn.com/dict/wd_118586.html,L2-reading,1,S,23,0,11,1,0,0,0,koolearn;xdf,1
provide,118817,https://www.koolearn.com/dict/wd_118817.html,L2-reading,1,S,23,1,5,4,0,0,0,koolearn,0
qualitative,120572,https://www.koolearn.com/dict/wd_120572.html,L3-xdf,1,S,23,2,4,1,0,0,0,koolearn;xdf,1
quarter,120674,https://www.koolearn.com/dict/wd_120674.html,L2-listening,1,S,23,12,3,2,1,0,0,koolearn,0
recreational,123199,https://www.koolearn.com/dict/wd_123199.html,L2-reading,1,S,23,4,5,2,0,0,0,koolearn;xdf,1
regardless,124001,https://www.koolearn.com/dict/wd_124001.html,L2-reading,1,S,23,1,6,3,0,0,0,koolearn;xdf,1
remedy,124674,https://www.koolearn.com/dict/wd_124674.html,L3-xdf,1,S,23,1,3,3,1,0,0,koolearn;xdf,1
replenish,125120,https://www.koolearn.com/dict/wd_125120.html,L2-reading,1,S,23,0,7,0,0,0,0,koolearn;xdf,1
resume,125902,https://www.koolearn.com/dict/wd_125902.html,L2-listening,1,S,23,9,1,0,0,0,0,koolearn;xdf,1
robot,127573,https://www.koolearn.com/dict/wd_127573.html,L2-listening,1,S,23,7,0,3,0,0,0,koolearn,0
rock,127603,https://www.koolearn.com/dict/wd_127603.html,L2-listening,1,S,23,11,0,0,4,0,0,koolearn,0
sack,129231,https://www.koolearn.com/dict/wd_129231.html,L2-listening,1,S,23,9,2,0,1,0,0,koolearn;xdf,1
scrutiny,131704,https://www.koolearn.com/dict/wd_131704.html,L2-reading,1,S,23,0,5,3,0,0,0,koolearn;xdf,1
slang,136937,https://www.koolearn.com/dict/wd_136937.html,L2-listening,1,S,23,13,1,0,0,0,0,koolearn,0
software,138649,https://www.koolearn.com/dict/wd_138649.html,L2-listening,1,S,23,10,2,0,0,0,0,koolearn,0
soil,138667,https://www.koolearn.com/dict/wd_138667.html,L2-listening,1,S,23,14,0,0,0,0,0,koolearn,0
spark,139717,https://www.koolearn.com/dict/wd_139717.html,L3-xdf,1,S,23,2,4,2,3,0,0,koolearn;xdf,1
squeeze,141177,https://www.koolearn.com/dict/wd_141177.html,L3-xdf,1,S,23,0,3,3,1,0,0,koolearn;xdf,1
stout,143057,https://www.koolearn.com/dict/wd_143057.html,L2-listening,1,S,23,12,0,0,0,0,0,koolearn;xdf,1
subtitle,144491,https://www.koolearn.com/dict/wd_144491.html,L2-listening,1,S,23,12,0,0,2,0,0,koolearn,0
successive,144577,https://www.koolearn.com/dict/wd_144577.html,L2-reading,1,S,23,0,7,1,0,0,0,koolearn;xdf,1
surgery,145672,https://www.koolearn.com/dict/wd_145672.html,L2-listening,1,S,23,6,1,0,0,0,0,koolearn;xdf,1
sympathetic,146513,https://www.koolearn.com/dict/wd_146513.html,L2-reading,1,S,23,2,5,1,1,0,0,koolearn;xdf,1
technician,148545,https://www.koolearn.com/dict/wd_148545.html,L2-listening,1,S,23,7,0,0,0,0,0,koolearn;xdf,1
teenager,148626,https://www.koolearn.com/dict/wd_148626.html,L2-listening,1,S,23,9,0,4,1,0,0,koolearn,0
terrain,149414,https://www.koolearn.com/dict/wd_149414.html,L3-xdf,1,S,23,4,3,0,0,0,0,koolearn;xdf,1
textbook,149694,https://www.koolearn.com/dict/wd_149694.html,L2-listening,1,S,23,13,2,0,1,0,0,koolearn,0
toll,152603,https://www.koolearn.com/dict/wd_152603.html,L2-reading,1,S,23,4,8,0,0,0,0,koolearn,0
travel,154299,https://www.koolearn.com/dict/wd_154299.html,L2-listening,1,S,23,10,2,0,0,0,0,koolearn,0
undertake,157712,https://www.koolearn.com/dict/wd_157712.html,L3-xdf,1,S,23,2,3,1,0,0,0,koolearn;xdf,1
university,158451,https://www.koolearn.com/dict/wd_158451.html,L2-listening,1,S,23,10,3,0,0,0,0,koolearn,0
urge,160067,https://www.koolearn.com/dict/wd_160067.html,L2-reading,1,S,23,0,5,1,0,0,0,koolearn;xdf,1
vessel,161624,https://www.koolearn.com/dict/wd_161624.html,L2-listening,1,S,23,5,4,1,0,0,0,koolearn;xdf,1
well-being,164523,https://www.koolearn.com/dict/wd_164523.html,L2-reading,1,S,23,1,11,2,0,0,0,koolearn;xdf,1
worm,166758,https://www.koolearn.com/dict/wd_166758.html,L2-listening,1,S,23,11,3,0,0,0,0,koolearn;xdf,1
accessory,1215,https://www.koolearn.com/dict/wd_1215.html,L2-reading,1,S,22,1,5,1,3,0,0,koolearn;xdf,1
amateur,5352,https://www.koolearn.com/dict/wd_5352.html,L3-xdf,1,S,22,1,4,0,2,0,0,koolearn;xdf,1
anecdote,6356,https://www.koolearn.com/dict/wd_6356.html,L2-reading,1,S,22,0,5,3,0,0,0,koolearn;xdf,1
anxious,7587,https://www.koolearn.com/dict/wd_7587.html,L2-reading,1,S,22,4,7,0,0,0,0,koolearn;xdf,1
apparatus,7934,https://www.koolearn.com/dict/wd_7934.html,L2-reading,1,S,22,4,6,0,0,0,0,koolearn;xdf,1
assault,9959,https://www.koolearn.com/dict/wd_9959.html,L3-xdf,1,S,22,0,0,3,1,0,0,koolearn;xdf,1
basin,13786,https://www.koolearn.com/dict/wd_13786.html,L2-listening,1,S,22,5,4,0,2,0,0,koolearn,0
bathroom,13960,https://www.koolearn.com/dict/wd_13960.html,L2-listening,1,S,22,13,0,0,0,0,0,koolearn,0
beforehand,15610,https://www.koolearn.com/dict/wd_15610.html,L3-xdf,1,S,22,3,4,0,0,0,0,koolearn;xdf,1
behavior,15706,https://www.koolearn.com/dict/wd_15706.html,L2-listening,1,S,22,7,2,2,3,0,0,koolearn,0
biodiversity,17239,https://www.koolearn.com/dict/wd_17239.html,L3-xdf,1,S,22,3,2,4,1,0,0,koolearn;xdf,1
bizarre,17674,https://www.koolearn.com/dict/wd_17674.html,L3-xdf,1,S,22,3,2,0,0,0,0,koolearn;xdf,1
broaden,21140,https://www.koolearn.com/dict/wd_21140.html,L2-writing,1,S,22,3,4,5,2,0,0,koolearn,0
bulb,21862,https://www.koolearn.com/dict/wd_21862.html,L2-listening,1,S,22,7,4,0,1,0,0,koolearn;xdf,1
business,22469,https://www.koolearn.com/dict/wd_22469.html,L2-listening,1,S,22,13,1,0,0,0,0,koolearn,0
calendar,23414,https://www.koolearn.com/dict/wd_23414.html,L3-xdf,1,S,22,4,4,0,0,0,0,koolearn;xdf,1
cholesterol,28382,https://www.koolearn.com/dict/wd_28382.html,L2-listening,1,S,22,7,1,0,0,0,0,koolearn;xdf,1
cinema,28977,https://www.koolearn.com/dict/wd_28977.html,L2-listening,1,S,22,14,0,0,0,0,0,koolearn,0
classic,29527,https://www.koolearn.com/dict/wd_29527.html,L2-reading,1,S,22,2,6,0,0,0,0,koolearn,0
cluster,30319,https://www.koolearn.com/dict/wd_30319.html,L3-xdf,1,S,22,1,4,0,0,0,0,koolearn;xdf,1
commerce,31925,https://www.koolearn.com/dict/wd_31925.html,L2-reading,1,S,22,3,5,1,0,0,0,koolearn;xdf,1
compose,32449,https://www.koolearn.com/dict/wd_32449.html,L3-xdf,1,S,22,3,4,0,0,0,0,koolearn;xdf,1
couple,35694,https://www.koolearn.com/dict/wd_35694.html,L3-xdf,1,S,22,3,3,1,0,0,0,koolearn;xdf,1
cover,35819,https://www.koolearn.com/dict/wd_35819.html,L3-xdf,1,S,22,4,4,0,0,0,0,koolearn;xdf,1
crush,37161,https://www.koolearn.com/dict/wd_37161.html,L3-xdf,1,S,22,3,3,0,1,0,0,koolearn;xdf,1
describe,41529,https://www.koolearn.com/dict/wd_41529.html,L2-listening,1,S,22,5,4,2,0,0,0,koolearn;xdf,1
designer,41622,https://www.koolearn.com/dict/wd_41622.html,L2-listening,1,S,22,10,2,1,3,0,0,koolearn,0
develop,42007,https://www.koolearn.com/dict/wd_42007.html,L3-xdf,1,S,22,2,3,3,0,0,0,koolearn;xdf,1
discussion,43716,https://www.koolearn.com/dict/wd_43716.html,L2-listening,1,S,22,12,3,1,0,0,0,koolearn,0
distance,44358,https://www.koolearn.com/dict/wd_44358.html,L2-listening,1,S,22,10,2,0,0,0,0,koolearn;xdf,1
divorce,44699,https://www.koolearn.com/dict/wd_44699.html,L2-listening,1,S,22,11,0,0,0,0,0,koolearn,0
donkey,45350,https://www.koolearn.com/dict/wd_45350.html,L2-listening,1,S,22,12,2,0,2,0,0,koolearn,0
dust,47217,https://www.koolearn.com/dict/wd_47217.html,L2-listening,1,S,22,11,3,0,0,0,0,koolearn,0
effectively,48268,https://www.koolearn.com/dict/wd_48268.html,L2-listening,1,S,22,7,3,3,1,0,0,koolearn,0
embed,49224,https://www.koolearn.com/dict/wd_49224.html,L2-listening,1,S,22,6,4,0,0,0,0,koolearn;xdf,1
enable,49713,https://www.koolearn.com/dict/wd_49713.html,L2-reading,1,S,22,2,5,3,1,0,0,koolearn;xdf,1
energetic,50134,https://www.koolearn.com/dict/wd_50134.html,L3-xdf,1,S,22,4,1,1,1,0,0,koolearn;xdf,1
entire,50692,https://www.koolearn.com/dict/wd_50692.html,L2-reading,1,S,22,2,7,0,2,0,0,koolearn;xdf,1
equation,51294,https://www.koolearn.com/dict/wd_51294.html,L3-xdf,1,S,22,0,4,3,1,0,0,koolearn;xdf,1
expect,53316,https://www.koolearn.com/dict/wd_53316.html,L2-reading,1,S,22,1,9,0,2,0,0,koolearn,0
extent,53674,https://www.koolearn.com/dict/wd_53674.html,L3-xdf,1,S,22,2,2,1,0,0,0,koolearn;xdf,1
factual,54218,https://www.koolearn.com/dict/wd_54218.html,L2-listening,1,S,22,5,4,0,0,0,0,koolearn;xdf,1
fluctuation,58024,https://www.koolearn.com/dict/wd_58024.html,L2-writing,1,S,22,2,3,5,0,0,0,koolearn;xdf,1
force,58840,https://www.koolearn.com/dict/wd_58840.html,L2-reading,1,S,22,1,5,1,0,0,0,koolearn;xdf,1
fortnight,59319,https://www.koolearn.com/dict/wd_59319.html,L2-listening,1,S,22,12,0,0,1,0,0,koolearn;xdf,1
fraction,59571,https://www.koolearn.com/dict/wd_59571.html,L3-xdf,1,S,22,0,4,0,0,0,0,koolearn;xdf,1
framework,59649,https://www.koolearn.com/dict/wd_59649.html,L2-reading,1,S,22,1,5,1,0,0,0,koolearn,0
furnace,61007,https://www.koolearn.com/dict/wd_61007.html,L2-listening,1,S,22,6,4,0,0,0,0,koolearn;xdf,1
furthermore,61049,https://www.koolearn.com/dict/wd_61049.html,L2-reading,1,S,22,2,5,2,0,0,0,koolearn,0
galaxy,61382,https://www.koolearn.com/dict/wd_61382.html,L2-listening,1,S,22,7,3,0,0,0,0,koolearn;xdf,1
grammar,65374,https://www.koolearn.com/dict/wd_65374.html,L2-listening,1,S,22,9,2,3,1,0,0,koolearn,0
harmony,68315,https://www.koolearn.com/dict/wd_68315.html,L1-base-L1,1,S,22,1,0,4,1,1,1,koolearn;xdf,1
height,69491,https://www.koolearn.com/dict/wd_69491.html,L2-listening,1,S,22,8,4,1,0,0,0,koolearn;xdf,1
hemisphere,69796,https://www.koolearn.com/dict/wd_69796.html,L2-reading,1,S,22,1,6,0,0,0,0,koolearn;xdf,1
historic,70958,https://www.koolearn.com/dict/wd_70958.html,L1-base-L2,1,S,22,3,3,4,0,1,2,koolearn;xdf,1
homestay,71569,https://www.koolearn.com/dict/wd_71569.html,L2-listening,1,S,22,10,0,0,0,0,0,koolearn;xdf,1
housing,72407,https://www.koolearn.com/dict/wd_72407.html,L2-listening,1,S,22,10,1,4,1,0,0,koolearn,0
hurricane,72896,https://www.koolearn.com/dict/wd_72896.html,L2-listening,1,S,22,5,3,0,1,0,0,koolearn;xdf,1
illusion,74325,https://www.koolearn.com/dict/wd_74325.html,L1-base-L1,1,S,22,1,2,1,0,1,1,koolearn;xdf,1
imply,74929,https://www.koolearn.com/dict/wd_74929.html,L2-reading,1,S,22,0,8,1,0,0,0,koolearn,0
independence,76590,https://www.koolearn.com/dict/wd_76590.html,L3-xdf,1,S,22,4,4,1,2,0,0,koolearn;xdf,1
inflict,77227,https://www.koolearn.com/dict/wd_77227.html,L3-xdf,1,S,22,0,3,2,0,0,0,koolearn;xdf,1
installment,78011,https://www.koolearn.com/dict/wd_78011.html,L2-reading,1,S,22,3,13,0,0,0,0,koolearn;xdf,1
jam,80388,https://www.koolearn.com/dict/wd_80388.html,L2-listening,1,S,22,12,2,0,0,0,0,koolearn,0
locate,87991,https://www.koolearn.com/dict/wd_87991.html,L3-xdf,1,S,22,2,4,3,1,0,0,koolearn;xdf,1
magnetic,90091,https://www.koolearn.com/dict/wd_90091.html,L2-reading,1,S,22,0,11,0,0,0,0,koolearn;xdf,1
male,90759,https://www.koolearn.com/dict/wd_90759.html,L2-listening,1,S,22,12,2,0,0,0,0,koolearn,0
masterpiece,92127,https://www.koolearn.com/dict/wd_92127.html,L2-reading,1,S,22,3,5,0,2,0,0,koolearn,0
memorise,93321,https://www.koolearn.com/dict/wd_93321.html,L2-writing,1,S,22,3,3,6,0,0,0,koolearn;xdf,1
metabolism,93840,https://www.koolearn.com/dict/wd_93840.html,L2-listening,1,S,22,8,2,0,1,0,0,koolearn,0
mine,94940,https://www.koolearn.com/dict/wd_94940.html,L2-listening,1,S,22,13,3,0,0,0,0,koolearn,0
modification,96079,https://www.koolearn.com/dict/wd_96079.html,L2-reading,1,S,22,4,8,0,0,0,0,koolearn;xdf,1
musical,98340,https://www.koolearn.com/dict/wd_98340.html,L2-listening,1,S,22,6,2,0,4,0,0,koolearn,0
naive,98913,https://www.koolearn.com/dict/wd_98913.html,L1-base-L3,1,S,22,0,2,4,1,1,3,koolearn;xdf,1
narrative,99114,https://www.koolearn.com/dict/wd_99114.html,L2-reading,1,S,22,0,7,0,0,0,0,koolearn,0
newsletter,100409,https://www.koolearn.com/dict/wd_100409.html,L2-listening,1,S,22,13,1,0,0,0,0,koolearn;xdf,1
newspaper,100414,https://www.koolearn.com/dict/wd_100414.html,L2-listening,1,S,22,14,0,1,0,0,0,koolearn,0
nocturnal,101104,https://www.koolearn.com/dict/wd_101104.html,L2-reading,1,S,22,0,12,0,0,0,0,koolearn;xdf,1
novelty,102146,https://www.koolearn.com/dict/wd_102146.html,L2-reading,1,S,22,0,5,0,1,0,0,koolearn,0
occasionally,102978,https://www.koolearn.com/dict/wd_102978.html,L2-reading,1,S,22,3,5,0,0,0,0,koolearn;xdf,1
online,104491,https://www.koolearn.com/dict/wd_104491.html,L2-listening,1,S,22,9,1,3,0,0,0,koolearn,0
operate,104760,https://www.koolearn.com/dict/wd_104760.html,L2-reading,1,S,22,2,7,0,0,0,0,koolearn;xdf,1
overhead,106792,https://www.koolearn.com/dict/wd_106792.html,L2-listening,1,S,22,13,2,0,0,0,0,koolearn;xdf,1
ownership,107278,https://www.koolearn.com/dict/wd_107278.html,L2-listening,1,S,22,5,3,2,0,0,0,koolearn,0
parental,108692,https://www.koolearn.com/dict/wd_108692.html,L2-listening,1,S,22,8,0,1,1,0,0,koolearn;xdf,1
parliament,108807,https://www.koolearn.com/dict/wd_108807.html,L2-listening,1,S,22,6,2,0,0,0,0,koolearn;xdf,1
passionate,109184,https://www.koolearn.com/dict/wd_109184.html,L3-xdf,1,S,22,1,0,1,2,0,0,koolearn;xdf,1
penetrate,110309,https://www.koolearn.com/dict/wd_110309.html,L2-reading,1,S,22,4,5,0,0,0,0,koolearn,0
pianist,112309,https://www.koolearn.com/dict/wd_112309.html,L2-listening,1,S,22,13,0,0,1,0,0,koolearn,0
post,115575,https://www.koolearn.com/dict/wd_115575.html,L2-listening,1,S,22,9,4,0,1,0,0,koolearn,0
poultry,115940,https://www.koolearn.com/dict/wd_115940.html,L2-listening,1,S,22,10,0,0,1,0,0,koolearn;xdf,1
pragmatic,116150,https://www.koolearn.com/dict/wd_116150.html,L3-xdf,1,S,22,0,4,1,2,0,0,koolearn;xdf,1
precipitation,116393,https://www.koolearn.com/dict/wd_116393.html,L2-reading,1,S,22,3,5,0,1,0,0,koolearn;xdf,1
produce,117889,https://www.koolearn.com/dict/wd_117889.html,L2-reading,1,S,22,4,5,4,0,0,0,koolearn,0
progress,118082,https://www.koolearn.com/dict/wd_118082.html,L2-reading,1,S,22,2,7,4,0,0,0,koolearn,0
punishment,119706,https://www.koolearn.com/dict/wd_119706.html,L2-writing,1,S,22,0,2,6,0,0,0,koolearn,0
quiz,121084,https://www.koolearn.com/dict/wd_121084.html,L2-listening,1,S,22,7,0,0,4,0,0,koolearn,0
raise,121631,https://www.koolearn.com/dict/wd_121631.html,L1-base-L2,1,S,22,1,3,3,0,1,2,koolearn,0
recognition,123006,https://www.koolearn.com/dict/wd_123006.html,L2-reading,1,S,22,4,6,3,2,0,0,koolearn;xdf,1
refine,123756,https://www.koolearn.com/dict/wd_123756.html,L1-base-L1,1,S,22,0,4,3,0,1,1,koolearn,0
regional,124046,https://www.koolearn.com/dict/wd_124046.html,L2-listening,1,S,22,9,3,0,0,0,0,koolearn;xdf,1
remove,124791,https://www.koolearn.com/dict/wd_124791.html,L3-xdf,1,S,22,2,2,3,0,0,0,koolearn;xdf,1
renewable,124873,https://www.koolearn.com/dict/wd_124873.html,L2-reading,1,S,22,0,5,3,0,0,0,koolearn;xdf,1
renewal,124877,https://www.koolearn.com/dict/wd_124877.html,L2-listening,1,S,22,9,0,0,1,0,0,koolearn;xdf,1
repel,125048,https://www.koolearn.com/dict/wd_125048.html,L1-base-L1,1,S,22,0,4,0,0,1,1,koolearn;xdf,1
ridiculous,126946,https://www.koolearn.com/dict/wd_126946.html,L3-xdf,1,S,22,0,1,3,2,0,0,koolearn;xdf,1
scan,130721,https://www.koolearn.com/dict/wd_130721.html,L2-reading,1,S,22,1,7,0,0,0,0,koolearn;xdf,1
self-esteem,132711,https://www.koolearn.com/dict/wd_132711.html,L2-writing,1,S,22,2,2,7,2,0,0,koolearn;xdf,1
serial,133444,https://www.koolearn.com/dict/wd_133444.html,L2-listening,1,S,22,8,3,0,1,0,0,koolearn;xdf,1
slightly,137217,https://www.koolearn.com/dict/wd_137217.html,L2-reading,1,S,22,1,5,4,2,0,0,koolearn,0
slope,137358,https://www.koolearn.com/dict/wd_137358.html,L3-xdf,1,S,22,3,3,0,1,0,0,koolearn;xdf,1
snap,137907,https://www.koolearn.com/dict/wd_137907.html,L2-listening,1,S,22,5,1,0,2,0,0,koolearn;xdf,1
space,139563,https://www.koolearn.com/dict/wd_139563.html,L2-listening,1,S,22,8,3,0,0,0,0,koolearn,0
special,139858,https://www.koolearn.com/dict/wd_139858.html,L2-listening,1,S,22,11,4,0,0,0,0,koolearn,0
specimen,139927,https://www.koolearn.com/dict/wd_139927.html,L1-base-L1,1,S,22,0,3,0,1,1,1,koolearn;xdf,1
spectrum,139977,https://www.koolearn.com/dict/wd_139977.html,L2-reading,1,S,22,0,6,0,1,0,0,koolearn;xdf,1
sphere,140167,https://www.koolearn.com/dict/wd_140167.html,L2-listening,1,S,22,5,2,1,0,0,0,koolearn;xdf,1
steak,142075,https://www.koolearn.com/dict/wd_142075.html,L2-listening,1,S,22,12,3,0,0,0,0,koolearn,0
stimulation,142631,https://www.koolearn.com/dict/wd_142631.html,L2-listening,1,S,22,6,3,1,1,0,0,koolearn,0
stitch,142714,https://www.koolearn.com/dict/wd_142714.html,L2-listening,1,S,22,11,1,0,0,0,0,koolearn;xdf,1
stressful,143403,https://www.koolearn.com/dict/wd_143403.html,L2-listening,1,S,22,7,2,2,3,0,0,koolearn,0
style,143901,https://www.koolearn.com/dict/wd_143901.html,L2-listening,1,S,22,7,2,1,0,0,0,koolearn,0
tile,151380,https://www.koolearn.com/dict/wd_151380.html,L2-listening,1,S,22,12,2,0,0,0,0,koolearn,0
trail,153796,https://www.koolearn.com/dict/wd_153796.html,L2-listening,1,S,22,7,2,0,0,0,0,koolearn,0
trash,154273,https://www.koolearn.com/dict/wd_154273.html,L1-base-L2,1,S,22,3,3,0,2,1,2,koolearn,0
via,161716,https://www.koolearn.com/dict/wd_161716.html,L1-base-L2,1,S,22,1,4,1,3,1,2,koolearn,0
weakness,164126,https://www.koolearn.com/dict/wd_164126.html,L2-listening,1,S,22,5,3,2,0,0,0,koolearn;xdf,1
workload,166680,https://www.koolearn.com/dict/wd_166680.html,L2-listening,1,S,22,11,0,3,1,0,0,koolearn,0
abrupt,809,https://www.koolearn.com/dict/wd_809.html,L2-reading,1,S,21,0,6,0,0,0,0,koolearn,0
absurd,985,https://www.koolearn.com/dict/wd_985.html,L1-base-L1,1,S,21,0,1,3,3,1,1,koolearn;xdf,1
activity,1971,https://www.koolearn.com/dict/wd_1971.html,L2-listening,1,S,21,12,3,0,0,0,0,koolearn,0
acupuncture,2029,https://www.koolearn.com/dict/wd_2029.html,L2-listening,1,S,21,9,1,0,0,0,0,koolearn;xdf,1
addition,2169,https://www.koolearn.com/dict/wd_2169.html,L2-listening,1,S,21,5,3,0,0,0,0,koolearn;xdf,1
adjacent,2342,https://www.koolearn.com/dict/wd_2342.html,L3-xdf,1,S,21,0,2,2,0,0,0,koolearn;xdf,1
adolescence,2533,https://www.koolearn.com/dict/wd_2533.html,L1-base-L2,1,S,21,1,3,0,0,1,2,koolearn;xdf,1
advertise,2754,https://www.koolearn.com/dict/wd_2754.html,L2-reading,1,S,21,3,5,2,1,0,0,koolearn;xdf,1
affluent,3106,https://www.koolearn.com/dict/wd_3106.html,L1-base-L3,1,S,21,0,2,3,3,1,3,koolearn;xdf,1
afford,3108,https://www.koolearn.com/dict/wd_3108.html,L3-xdf,1,S,21,3,4,2,1,0,0,koolearn;xdf,1
agenda,3352,https://www.koolearn.com/dict/wd_3352.html,L2-reading,1,S,21,3,5,0,0,0,0,koolearn;xdf,1
apparently,7948,https://www.koolearn.com/dict/wd_7948.html,L3-xdf,1,S,21,2,4,0,4,0,0,koolearn;xdf,1
art,9233,https://www.koolearn.com/dict/wd_9233.html,L2-listening,1,S,21,8,3,1,1,0,0,koolearn,0
ascertain,9619,https://www.koolearn.com/dict/wd_9619.html,L3-xdf,1,S,21,0,3,0,0,0,0,koolearn;xdf,1
asthma,10234,https://www.koolearn.com/dict/wd_10234.html,L2-listening,1,S,21,8,1,1,1,0,0,koolearn;xdf,1
attract,11009,https://www.koolearn.com/dict/wd_11009.html,L3-xdf,1,S,21,1,3,4,0,0,0,koolearn;xdf,1
audio,11105,https://www.koolearn.com/dict/wd_11105.html,L2-listening,1,S,21,8,4,0,1,0,0,koolearn;xdf,1
avenue,11680,https://www.koolearn.com/dict/wd_11680.html,L2-listening,1,S,21,11,0,0,0,0,0,koolearn;xdf,1
bloom,18370,https://www.koolearn.com/dict/wd_18370.html,L2-listening,1,S,21,6,1,0,3,0,0,koolearn;xdf,1
board,18684,https://www.koolearn.com/dict/wd_18684.html,L2-listening,1,S,21,9,1,0,0,0,0,koolearn;xdf,1
boom,19362,https://www.koolearn.com/dict/wd_19362.html,L2-reading,1,S,21,1,5,3,0,0,0,koolearn,0
bucket,21644,https://www.koolearn.com/dict/wd_21644.html,L2-listening,1,S,21,5,0,0,0,0,0,koolearn;xdf,1
bungalow,22094,https://www.koolearn.com/dict/wd_22094.html,L2-listening,1,S,21,9,0,0,3,0,0,koolearn;xdf,1
butterfly,22628,https://www.koolearn.com/dict/wd_22628.html,L2-listening,1,S,21,12,0,0,0,0,0,koolearn,0
catastrophe,25556,https://www.koolearn.com/dict/wd_25556.html,L1-base-L2,1,S,21,1,2,1,1,1,2,koolearn;xdf,1
catastrophic,25558,https://www.koolearn.com/dict/wd_25558.html,L2-reading,1,S,21,0,8,0,0,0,0,koolearn;xdf,1
celebration,26145,https://www.koolearn.com/dict/wd_26145.html,L2-listening,1,S,21,5,3,0,2,0,0,koolearn,0
civil,29283,https://www.koolearn.com/dict/wd_29283.html,L3-xdf,1,S,21,1,3,1,0,0,0,koolearn;xdf,1
communicate,32113,https://www.koolearn.com/dict/wd_32113.html,L2-reading,1,S,21,0,5,1,1,0,0,koolearn,0
compel,32276,https://www.koolearn.com/dict/wd_32276.html,L3-xdf,1,S,21,1,3,0,0,0,0,koolearn;xdf,1
consist,33557,https://www.koolearn.com/dict/wd_33557.html,L2-reading,1,S,21,3,5,0,0,0,0,koolearn;xdf,1
contaminant,33820,https://www.koolearn.com/dict/wd_33820.html,L2-listening,1,S,21,11,3,0,0,0,0,koolearn,0
contrary,34061,https://www.koolearn.com/dict/wd_34061.html,L1-base-L1,1,S,21,0,4,1,0,1,1,koolearn;xdf,1
cope with,34475,https://www.koolearn.com/dict/wd_34475.html,L2-writing,1,S,21,4,3,5,3,0,0,koolearn,0
cupboard,37627,https://www.koolearn.com/dict/wd_37627.html,L2-listening,1,S,21,13,2,0,1,0,0,koolearn,0
defeat,40102,https://www.koolearn.com/dict/wd_40102.html,L2-reading,1,S,21,1,5,0,2,0,0,koolearn;xdf,1
degenerate,40354,https://www.koolearn.com/dict/wd_40354.html,L3-xdf,1,S,21,0,2,3,0,0,0,koolearn;xdf,1
denote,41015,https://www.koolearn.com/dict/wd_41015.html,L3-xdf,1,S,21,1,3,1,0,0,0,koolearn;xdf,1
departure,41160,https://www.koolearn.com/dict/wd_41160.html,L1-base-L2,1,S,21,3,4,0,0,1,2,koolearn;xdf,1
development,42020,https://www.koolearn.com/dict/wd_42020.html,L2-listening,1,S,21,5,3,2,0,0,0,koolearn,0
discriminate,43687,https://www.koolearn.com/dict/wd_43687.html,L3-xdf,1,S,21,0,3,2,0,0,0,koolearn;xdf,1
duty,47266,https://www.koolearn.com/dict/wd_47266.html,L2-listening,1,S,21,10,3,2,0,0,0,koolearn,0
dwelling,47314,https://www.koolearn.com/dict/wd_47314.html,L2-listening,1,S,21,6,4,1,0,0,0,koolearn,0
equip,51335,https://www.koolearn.com/dict/wd_51335.html,L2-reading,1,S,21,3,7,1,0,0,0,koolearn;xdf,1
fabulous,54081,https://www.koolearn.com/dict/wd_54081.html,L1-base-L2,1,S,21,0,3,0,3,1,2,koolearn;xdf,1
fade,54242,https://www.koolearn.com/dict/wd_54242.html,L3-xdf,1,S,21,0,3,3,0,0,0,koolearn;xdf,1
fake,54399,https://www.koolearn.com/dict/wd_54399.html,L2-listening,1,S,21,6,3,0,0,0,0,koolearn;xdf,1
fault,55111,https://www.koolearn.com/dict/wd_55111.html,L2-listening,1,S,21,5,2,0,0,0,0,koolearn;xdf,1
fibre,55978,https://www.koolearn.com/dict/wd_55978.html,L3-xdf,1,S,21,3,4,0,0,0,0,koolearn;xdf,1
fridge,60111,https://www.koolearn.com/dict/wd_60111.html,L2-listening,1,S,21,10,0,0,1,0,0,koolearn,0
frustrate,60529,https://www.koolearn.com/dict/wd_60529.html,L3-xdf,1,S,21,1,0,3,2,0,0,koolearn;xdf,1
furnish,61010,https://www.koolearn.com/dict/wd_61010.html,L3-xdf,1,S,21,3,4,1,1,0,0,koolearn;xdf,1
garden,61784,https://www.koolearn.com/dict/wd_61784.html,L2-listening,1,S,21,12,0,3,0,0,0,koolearn,0
geology,62671,https://www.koolearn.com/dict/wd_62671.html,L2-listening,1,S,21,12,1,0,0,0,0,koolearn;xdf,1
glacier,63651,https://www.koolearn.com/dict/wd_63651.html,L2-listening,1,S,21,5,3,2,0,0,0,koolearn;xdf,1
gross,66214,https://www.koolearn.com/dict/wd_66214.html,L1-base-L1,1,S,21,1,1,0,3,1,1,koolearn;xdf,1
hence,69879,https://www.koolearn.com/dict/wd_69879.html,L2-reading,1,S,21,1,6,1,0,0,0,koolearn;xdf,1
hierarchy,70472,https://www.koolearn.com/dict/wd_70472.html,L3-xdf,1,S,21,1,3,4,1,0,0,koolearn;xdf,1
hiking,70714,https://www.koolearn.com/dict/wd_70714.html,L2-listening,1,S,21,14,2,0,2,0,0,koolearn,0
holiday,71355,https://www.koolearn.com/dict/wd_71355.html,L2-listening,1,S,21,14,0,0,0,0,0,koolearn,0
incur,76494,https://www.koolearn.com/dict/wd_76494.html,L1-base-L2,1,S,21,1,2,2,0,1,2,koolearn;xdf,1
injure,77568,https://www.koolearn.com/dict/wd_77568.html,L2-listening,1,S,21,5,3,0,0,0,0,koolearn,0
inspection,77969,https://www.koolearn.com/dict/wd_77969.html,L2-reading,1,S,21,1,7,1,0,0,0,koolearn,0
insulation,78142,https://www.koolearn.com/dict/wd_78142.html,L2-listening,1,S,21,10,1,0,0,0,0,koolearn;xdf,1
intensity,78303,https://www.koolearn.com/dict/wd_78303.html,L2-reading,1,S,21,0,8,1,0,0,0,koolearn;xdf,1
interference,78473,https://www.koolearn.com/dict/wd_78473.html,L2-reading,1,S,21,1,9,3,0,0,0,koolearn,0
introduction,79089,https://www.koolearn.com/dict/wd_79089.html,L2-listening,1,S,21,11,2,0,0,0,0,koolearn;xdf,1
jacket,80260,https://www.koolearn.com/dict/wd_80260.html,L2-listening,1,S,21,12,1,0,1,0,0,koolearn,0
jungle,81598,https://www.koolearn.com/dict/wd_81598.html,L3-xdf,1,S,21,3,3,2,2,0,0,koolearn;xdf,1
lamp,84276,https://www.koolearn.com/dict/wd_84276.html,L2-listening,1,S,21,13,1,0,0,0,0,koolearn,0
language,84467,https://www.koolearn.com/dict/wd_84467.html,L2-listening,1,S,21,10,2,2,0,0,0,koolearn,0
legend,85766,https://www.koolearn.com/dict/wd_85766.html,L1-base-L1,1,S,21,3,2,0,4,1,1,koolearn,0
logic,88159,https://www.koolearn.com/dict/wd_88159.html,L3-xdf,1,S,21,0,4,1,0,0,0,koolearn;xdf,1
mainstream,90314,https://www.koolearn.com/dict/wd_90314.html,L3-xdf,1,S,21,1,4,0,0,0,0,koolearn;xdf,1
manager,91047,https://www.koolearn.com/dict/wd_91047.html,L2-listening,1,S,21,12,1,0,0,0,0,koolearn,0
maturity,92370,https://www.koolearn.com/dict/wd_92370.html,L2-listening,1,S,21,12,0,0,1,0,0,koolearn;xdf,1
medieval,92910,https://www.koolearn.com/dict/wd_92910.html,L3-xdf,1,S,21,2,4,0,0,0,0,koolearn;xdf,1
microscope,94396,https://www.koolearn.com/dict/wd_94396.html,L2-listening,1,S,21,8,2,0,0,0,0,koolearn;xdf,1
multiple,98022,https://www.koolearn.com/dict/wd_98022.html,L3-xdf,1,S,21,1,3,0,0,0,0,koolearn;xdf,1
nest,100047,https://www.koolearn.com/dict/wd_100047.html,L2-listening,1,S,21,8,4,1,0,0,0,koolearn,0
obey,102690,https://www.koolearn.com/dict/wd_102690.html,L2-reading,1,S,21,1,10,1,1,0,0,koolearn,0
official,103512,https://www.koolearn.com/dict/wd_103512.html,L2-reading,1,S,21,2,10,0,0,0,0,koolearn,0
optical,104948,https://www.koolearn.com/dict/wd_104948.html,L2-reading,1,S,21,4,5,0,0,0,0,koolearn;xdf,1
originate,105345,https://www.koolearn.com/dict/wd_105345.html,L2-reading,1,S,21,3,6,0,1,0,0,koolearn;xdf,1
particle,108980,https://www.koolearn.com/dict/wd_108980.html,L2-reading,1,S,21,1,5,0,0,0,0,koolearn;xdf,1
passport,109206,https://www.koolearn.com/dict/wd_109206.html,L2-listening,1,S,21,11,1,0,0,0,0,koolearn;xdf,1
pirate,113103,https://www.koolearn.com/dict/wd_113103.html,L2-listening,1,S,21,6,1,3,0,0,0,koolearn;xdf,1
politics,114766,https://www.koolearn.com/dict/wd_114766.html,L2-listening,1,S,21,12,3,0,0,0,0,koolearn,0
port,115397,https://www.koolearn.com/dict/wd_115397.html,L2-listening,1,S,21,9,0,0,2,0,0,koolearn,0
power,116015,https://www.koolearn.com/dict/wd_116015.html,L2-listening,1,S,21,8,1,0,3,0,0,koolearn,0
presence,116942,https://www.koolearn.com/dict/wd_116942.html,L2-reading,1,S,21,2,7,0,0,0,0,koolearn;xdf,1
productive,117917,https://www.koolearn.com/dict/wd_117917.html,L2-writing,1,S,21,1,3,5,0,0,0,koolearn;xdf,1
rapidly,121952,https://www.koolearn.com/dict/wd_121952.html,L2-listening,1,S,21,6,3,2,0,0,0,koolearn,0
rat,122054,https://www.koolearn.com/dict/wd_122054.html,L2-listening,1,S,21,11,2,0,0,0,0,koolearn,0
recession,122894,https://www.koolearn.com/dict/wd_122894.html,L3-xdf,1,S,21,0,3,0,0,0,0,koolearn;xdf,1
refectory,123692,https://www.koolearn.com/dict/wd_123692.html,L2-listening,1,S,21,12,0,0,1,0,0,koolearn;xdf,1
rental,124928,https://www.koolearn.com/dict/wd_124928.html,L2-listening,1,S,21,10,0,0,0,0,0,koolearn;xdf,1
reproduction,125289,https://www.koolearn.com/dict/wd_125289.html,L2-reading,1,S,21,2,8,0,1,0,0,koolearn,0
robbery,127549,https://www.koolearn.com/dict/wd_127549.html,L2-listening,1,S,21,9,1,0,0,0,0,koolearn,0
selective,132594,https://www.koolearn.com/dict/wd_132594.html,L2-reading,1,S,21,3,7,0,0,0,0,koolearn,0
sensational,133152,https://www.koolearn.com/dict/wd_133152.html,L3-xdf,1,S,21,4,0,1,3,0,0,koolearn;xdf,1
sensory,133207,https://www.koolearn.com/dict/wd_133207.html,L2-reading,1,S,21,1,8,0,0,0,0,koolearn;xdf,1
skin,136689,https://www.koolearn.com/dict/wd_136689.html,L2-listening,1,S,21,14,0,0,0,0,0,koolearn,0
slip,137263,https://www.koolearn.com/dict/wd_137263.html,L2-listening,1,S,21,11,0,0,0,0,0,koolearn;xdf,1
smell,137656,https://www.koolearn.com/dict/wd_137656.html,L2-listening,1,S,21,9,2,0,0,0,0,koolearn;xdf,1
split,140559,https://www.koolearn.com/dict/wd_140559.html,L3-xdf,1,S,21,2,4,0,0,0,0,koolearn;xdf,1
starve,141846,https://www.koolearn.com/dict/wd_141846.html,L2-reading,1,S,21,1,8,1,1,0,0,koolearn;xdf,1
statue,141971,https://www.koolearn.com/dict/wd_141971.html,L1-base-L2,1,S,21,0,1,1,3,1,2,koolearn;xdf,1
steel,142148,https://www.koolearn.com/dict/wd_142148.html,L2-listening,1,S,21,7,2,0,0,0,0,koolearn,0
stick,142487,https://www.koolearn.com/dict/wd_142487.html,L2-listening,1,S,21,9,0,1,2,0,0,koolearn;xdf,1
suggestion,144777,https://www.koolearn.com/dict/wd_144777.html,L2-listening,1,S,21,8,4,1,0,0,0,koolearn,0
sum,144947,https://www.koolearn.com/dict/wd_144947.html,L2-reading,1,S,21,4,5,1,0,0,0,koolearn,0
tape,147900,https://www.koolearn.com/dict/wd_147900.html,L2-listening,1,S,21,10,0,1,2,0,0,koolearn,0
thereby,150312,https://www.koolearn.com/dict/wd_150312.html,L3-xdf,1,S,21,1,2,3,0,0,0,koolearn;xdf,1
tram,153871,https://www.koolearn.com/dict/wd_153871.html,L2-listening,1,S,21,11,3,0,0,0,0,koolearn;xdf,1
trunk,155389,https://www.koolearn.com/dict/wd_155389.html,L3-xdf,1,S,21,3,4,0,2,0,0,koolearn;xdf,1
trustworthy,155439,https://www.koolearn.com/dict/wd_155439.html,L3-xdf,1,S,21,0,0,4,4,0,0,koolearn;xdf,1
vitality,162397,https://www.koolearn.com/dict/wd_162397.html,L2-listening,1,S,21,5,0,3,3,0,0,koolearn;xdf,1
vocational,162583,https://www.koolearn.com/dict/wd_162583.html,L2-listening,1,S,21,9,0,0,0,0,0,koolearn;xdf,1
waitress,163186,https://www.koolearn.com/dict/wd_163186.html,L2-listening,1,S,21,14,0,0,2,0,0,koolearn,0
wander,163402,https://www.koolearn.com/dict/wd_163402.html,L1-base-L1,1,S,21,4,1,1,3,1,1,koolearn;xdf,1
waterproof,163923,https://www.koolearn.com/dict/wd_163923.html,L2-listening,1,S,21,7,1,0,1,0,0,koolearn;xdf,1
website,164277,https://www.koolearn.com/dict/wd_164277.html,L2-listening,1,S,21,13,0,3,1,0,0,koolearn,0
wilderness,165540,https://www.koolearn.com/dict/wd_165540.html,L2-reading,1,S,21,2,7,0,0,0,0,koolearn,0
accountable,1332,https://www.koolearn.com/dict/wd_1332.html,L2-listening,1,S,20,8,0,0,0,0,0,koolearn,0
acoustic,1711,https://www.koolearn.com/dict/wd_1711.html,L3-xdf,1,S,20,1,2,0,3,0,0,koolearn;xdf,1
advantageous,2698,https://www.koolearn.com/dict/wd_2698.html,L2-reading,1,S,20,0,7,0,1,0,0,koolearn;xdf,1
adventurous,2724,https://www.koolearn.com/dict/wd_2724.html,L3-xdf,1,S,20,0,4,0,2,0,0,koolearn;xdf,1
agreement,3593,https://www.koolearn.com/dict/wd_3593.html,L2-listening,1,S,20,6,2,0,1,0,0,koolearn,0
aim,3742,https://www.koolearn.com/dict/wd_3742.html,L2-listening,1,S,20,11,2,0,0,0,0,koolearn,0
alternate,5158,https://www.koolearn.com/dict/wd_5158.html,L2-reading,1,S,20,1,5,0,0,0,0,koolearn;xdf,1
ambiguity,5413,https://www.koolearn.com/dict/wd_5413.html,L3-xdf,1,S,20,0,4,0,0,0,0,koolearn;xdf,1
aquarium,8320,https://www.koolearn.com/dict/wd_8320.html,L2-listening,1,S,20,13,0,0,1,0,0,koolearn;xdf,1
attention,10942,https://www.koolearn.com/dict/wd_10942.html,L2-listening,1,S,20,7,4,1,0,0,0,koolearn;xdf,1
attraction,11017,https://www.koolearn.com/dict/wd_11017.html,L3-xdf,1,S,20,2,4,0,0,0,0,koolearn;xdf,1
awkward,11872,https://www.koolearn.com/dict/wd_11872.html,L1-base-L1,1,S,20,0,3,2,2,1,1,koolearn,0
balloon,12889,https://www.koolearn.com/dict/wd_12889.html,L2-listening,1,S,20,13,0,0,0,0,0,koolearn,0
basis,13798,https://www.koolearn.com/dict/wd_13798.html,L2-listening,1,S,20,9,4,0,0,0,0,koolearn;xdf,1
behalf,15697,https://www.koolearn.com/dict/wd_15697.html,L1-base-L1,1,S,20,0,0,1,0,1,1,koolearn;xdf,1
blade,17841,https://www.koolearn.com/dict/wd_17841.html,L2-listening,1,S,20,6,4,0,0,0,0,koolearn;xdf,1
bone,19192,https://www.koolearn.com/dict/wd_19192.html,L2-listening,1,S,20,11,0,0,0,0,0,koolearn,0
brilliant,20939,https://www.koolearn.com/dict/wd_20939.html,L3-xdf,1,S,20,2,1,0,3,0,0,koolearn;xdf,1
camp,23798,https://www.koolearn.com/dict/wd_23798.html,L2-listening,1,S,20,14,0,0,0,0,0,koolearn,0
cast,25368,https://www.koolearn.com/dict/wd_25368.html,L1-base-L1,1,S,20,2,1,0,1,1,1,koolearn;xdf,1
cease,26066,https://www.koolearn.com/dict/wd_26066.html,L3-xdf,1,S,20,1,2,1,0,0,0,koolearn;xdf,1
century,26446,https://www.koolearn.com/dict/wd_26446.html,L2-listening,1,S,20,10,2,0,0,0,0,koolearn,0
chill,27953,https://www.koolearn.com/dict/wd_27953.html,L3-xdf,1,S,20,4,3,0,1,0,0,koolearn;xdf,1
clarity,29491,https://www.koolearn.com/dict/wd_29491.html,L2-listening,1,S,20,8,0,1,0,0,0,koolearn;xdf,1
collect,31237,https://www.koolearn.com/dict/wd_31237.html,L2-writing,1,S,20,3,4,5,0,0,0,koolearn;xdf,1
college,31271,https://www.koolearn.com/dict/wd_31271.html,L2-listening,1,S,20,13,0,0,0,0,0,koolearn,0
composition,32473,https://www.koolearn.com/dict/wd_32473.html,L2-listening,1,S,20,7,4,0,0,0,0,koolearn;xdf,1
condition,32917,https://www.koolearn.com/dict/wd_32917.html,L2-listening,1,S,20,8,1,0,0,0,0,koolearn;xdf,1
cotton,35354,https://www.koolearn.com/dict/wd_35354.html,L2-listening,1,S,20,12,2,0,2,0,0,koolearn,0
cough,35423,https://www.koolearn.com/dict/wd_35423.html,L2-listening,1,S,20,14,2,0,0,0,0,koolearn,0
cushion,37922,https://www.koolearn.com/dict/wd_37922.html,L2-listening,1,S,20,9,3,0,0,0,0,koolearn,0
dangerous,38790,https://www.koolearn.com/dict/wd_38790.html,L2-listening,1,S,20,9,0,0,1,0,0,koolearn,0
deficit,40193,https://www.koolearn.com/dict/wd_40193.html,L2-reading,1,S,20,0,5,0,0,0,0,koolearn;xdf,1
deliberate,40547,https://www.koolearn.com/dict/wd_40547.html,L1-base-L1,1,S,20,1,1,0,0,1,1,koolearn;xdf,1
depletion,41224,https://www.koolearn.com/dict/wd_41224.html,L3-xdf,1,S,20,3,2,2,2,0,0,koolearn;xdf,1
dictation,42552,https://www.koolearn.com/dict/wd_42552.html,L2-listening,1,S,20,11,0,0,0,0,0,koolearn;xdf,1
dormitory,45495,https://www.koolearn.com/dict/wd_45495.html,L2-listening,1,S,20,7,0,0,3,0,0,koolearn;xdf,1
doubt,45700,https://www.koolearn.com/dict/wd_45700.html,L2-reading,1,S,20,1,5,1,1,0,0,koolearn,0
drum,46670,https://www.koolearn.com/dict/wd_46670.html,L2-listening,1,S,20,11,0,0,0,0,0,koolearn;xdf,1
ecological,47900,https://www.koolearn.com/dict/wd_47900.html,L2-reading,1,S,20,0,6,1,2,0,0,koolearn;xdf,1
emphasis,49541,https://www.koolearn.com/dict/wd_49541.html,L2-reading,1,S,20,0,6,2,1,0,0,koolearn;xdf,1
enroll,50486,https://www.koolearn.com/dict/wd_50486.html,L2-listening,1,S,20,8,3,0,0,0,0,koolearn;xdf,1
eradicate,51391,https://www.koolearn.com/dict/wd_51391.html,L2-listening,1,S,20,7,0,0,0,0,0,koolearn,0
establishment,51860,https://www.koolearn.com/dict/wd_51860.html,L2-reading,1,S,20,0,7,0,2,0,0,koolearn,0
execute,52988,https://www.koolearn.com/dict/wd_52988.html,L3-xdf,1,S,20,0,4,0,0,0,0,koolearn;xdf,1
failure,54308,https://www.koolearn.com/dict/wd_54308.html,L2-listening,1,S,20,10,3,1,0,0,0,koolearn,0
favourite,55190,https://www.koolearn.com/dict/wd_55190.html,L2-listening,1,S,20,9,2,0,1,0,0,koolearn;xdf,1
federal,55333,https://www.koolearn.com/dict/wd_55333.html,L2-reading,1,S,20,0,5,1,0,0,0,koolearn;xdf,1
feeble,55365,https://www.koolearn.com/dict/wd_55365.html,L1-base-L1,1,S,20,1,4,0,0,1,1,koolearn;xdf,1
flavour,57479,https://www.koolearn.com/dict/wd_57479.html,L3-xdf,1,S,20,4,1,0,1,0,0,koolearn;xdf,1
forecast,58897,https://www.koolearn.com/dict/wd_58897.html,L1-base-L3,1,S,20,2,2,1,0,1,3,koolearn;xdf,1
forestry,59074,https://www.koolearn.com/dict/wd_59074.html,L2-listening,1,S,20,11,1,0,0,0,0,koolearn,0
freeze,59930,https://www.koolearn.com/dict/wd_59930.html,L2-reading,1,S,20,1,9,0,1,0,0,koolearn,0
glue,64089,https://www.koolearn.com/dict/wd_64089.html,L3-xdf,1,S,20,4,0,0,2,0,0,koolearn;xdf,1
gossip,65096,https://www.koolearn.com/dict/wd_65096.html,L2-writing,1,S,20,0,1,6,0,0,0,koolearn,0
health,69114,https://www.koolearn.com/dict/wd_69114.html,L2-listening,1,S,20,8,4,1,0,0,0,koolearn,0
hollow,71395,https://www.koolearn.com/dict/wd_71395.html,L3-xdf,1,S,20,4,4,0,0,0,0,koolearn;xdf,1
hormone,71984,https://www.koolearn.com/dict/wd_71984.html,L2-reading,1,S,20,2,5,0,0,0,0,koolearn,0
hospital,72147,https://www.koolearn.com/dict/wd_72147.html,L2-listening,1,S,20,12,1,0,0,0,0,koolearn,0
humble,72691,https://www.koolearn.com/dict/wd_72691.html,L3-xdf,1,S,20,1,4,0,0,0,0,koolearn;xdf,1
hygiene,73230,https://www.koolearn.com/dict/wd_73230.html,L1-base-L2,1,S,20,2,2,0,0,1,2,koolearn,0
immunity,74594,https://www.koolearn.com/dict/wd_74594.html,L2-reading,1,S,20,1,9,2,1,0,0,koolearn,0
impetus,74850,https://www.koolearn.com/dict/wd_74850.html,L3-xdf,1,S,20,0,4,0,0,0,0,koolearn;xdf,1
impression,75043,https://www.koolearn.com/dict/wd_75043.html,L2-reading,1,S,20,3,6,0,1,0,0,koolearn;xdf,1
impulse,75123,https://www.koolearn.com/dict/wd_75123.html,L3-xdf,1,S,20,0,4,1,1,0,0,koolearn;xdf,1
in advance,75217,https://www.koolearn.com/dict/wd_75217.html,L2-listening,1,S,20,10,2,0,1,0,0,koolearn,0
inflation,77208,https://www.koolearn.com/dict/wd_77208.html,L3-xdf,1,S,20,0,3,0,0,0,0,koolearn;xdf,1
infringe,77334,https://www.koolearn.com/dict/wd_77334.html,L2-writing,1,S,20,0,1,5,0,0,0,koolearn;xdf,1
instruct,78089,https://www.koolearn.com/dict/wd_78089.html,L2-reading,1,S,20,4,5,0,0,0,0,koolearn;xdf,1
intervene,78888,https://www.koolearn.com/dict/wd_78888.html,L1-base-L3,1,S,20,0,4,0,2,1,3,koolearn;xdf,1
jogging,81102,https://www.koolearn.com/dict/wd_81102.html,L2-listening,1,S,20,7,2,2,2,0,0,koolearn,0
koala,83430,https://www.koolearn.com/dict/wd_83430.html,L2-listening,1,S,20,14,1,0,2,0,0,koolearn,0
legitimacy,85812,https://www.koolearn.com/dict/wd_85812.html,L2-reading,1,S,20,0,7,0,0,0,0,koolearn;xdf,1
liable,86416,https://www.koolearn.com/dict/wd_86416.html,L1-base-L1,1,S,20,0,4,0,0,1,1,koolearn,0
lid,86590,https://www.koolearn.com/dict/wd_86590.html,L2-listening,1,S,20,10,1,0,0,0,0,koolearn,0
likewise,86945,https://www.koolearn.com/dict/wd_86945.html,L2-writing,1,S,20,0,3,5,0,0,0,koolearn,0
linen,87203,https://www.koolearn.com/dict/wd_87203.html,L2-listening,1,S,20,5,3,0,0,0,0,koolearn;xdf,1
mass media,92032,https://www.koolearn.com/dict/wd_92032.html,L2-listening,1,S,20,9,3,0,0,0,0,koolearn,0
mat,92175,https://www.koolearn.com/dict/wd_92175.html,L2-listening,1,S,20,14,0,0,0,0,0,koolearn,0
merge,93577,https://www.koolearn.com/dict/wd_93577.html,L3-xdf,1,S,20,2,3,0,0,0,0,koolearn;xdf,1
meteorological,93997,https://www.koolearn.com/dict/wd_93997.html,L2-reading,1,S,20,2,8,2,0,0,0,koolearn,0
minimize,95051,https://www.koolearn.com/dict/wd_95051.html,L2-reading,1,S,20,0,6,2,0,0,0,koolearn,0
misleading,95513,https://www.koolearn.com/dict/wd_95513.html,L2-writing,1,S,20,2,1,6,3,0,0,koolearn,0
motive,97313,https://www.koolearn.com/dict/wd_97313.html,L2-reading,1,S,20,1,8,0,0,0,0,koolearn;xdf,1
musician,98355,https://www.koolearn.com/dict/wd_98355.html,L2-listening,1,S,20,8,2,1,2,0,0,koolearn,0
mysterious,98749,https://www.koolearn.com/dict/wd_98749.html,L2-reading,1,S,20,2,8,0,3,0,0,koolearn;xdf,1
necessity,99591,https://www.koolearn.com/dict/wd_99591.html,L3-xdf,1,S,20,2,4,1,3,0,0,koolearn;xdf,1
negotiate,99759,https://www.koolearn.com/dict/wd_99759.html,L1-base-L2,1,S,20,2,4,0,1,1,2,koolearn;xdf,1
notice,102058,https://www.koolearn.com/dict/wd_102058.html,L2-listening,1,S,20,7,4,0,0,0,0,koolearn,0
objection,102724,https://www.koolearn.com/dict/wd_102724.html,L2-reading,1,S,20,2,9,0,0,0,0,koolearn;xdf,1
ocean,103048,https://www.koolearn.com/dict/wd_103048.html,L2-listening,1,S,20,10,1,0,0,0,0,koolearn,0
overseas,106995,https://www.koolearn.com/dict/wd_106995.html,L2-listening,1,S,20,10,1,0,0,0,0,koolearn;xdf,1
paper,108279,https://www.koolearn.com/dict/wd_108279.html,L2-listening,1,S,20,13,1,0,0,0,0,koolearn,0
parent,108687,https://www.koolearn.com/dict/wd_108687.html,L2-listening,1,S,20,8,1,1,0,0,0,koolearn,0
pet,111335,https://www.koolearn.com/dict/wd_111335.html,L2-listening,1,S,20,12,0,0,0,0,0,koolearn,0
piano,112311,https://www.koolearn.com/dict/wd_112311.html,L2-listening,1,S,20,13,0,0,1,0,0,koolearn,0
pioneer,113017,https://www.koolearn.com/dict/wd_113017.html,L2-reading,1,S,20,1,6,0,0,0,0,koolearn,0
poisonous,114583,https://www.koolearn.com/dict/wd_114583.html,L3-xdf,1,S,20,4,0,2,3,0,0,koolearn;xdf,1
popular,115289,https://www.koolearn.com/dict/wd_115289.html,L2-listening,1,S,20,6,2,2,0,0,0,koolearn,0
possess,115555,https://www.koolearn.com/dict/wd_115555.html,L2-reading,1,S,20,1,8,0,0,0,0,koolearn;xdf,1
possession,115560,https://www.koolearn.com/dict/wd_115560.html,L3-xdf,1,S,20,1,3,0,0,0,0,koolearn;xdf,1
prediction,116514,https://www.koolearn.com/dict/wd_116514.html,L2-reading,1,S,20,0,7,0,0,0,0,koolearn;xdf,1
premium,116745,https://www.koolearn.com/dict/wd_116745.html,L3-xdf,1,S,20,2,4,0,0,0,0,koolearn;xdf,1
prime,117434,https://www.koolearn.com/dict/wd_117434.html,L3-xdf,1,S,20,2,4,2,0,0,0,koolearn;xdf,1
prosperity,118589,https://www.koolearn.com/dict/wd_118589.html,L2-writing,1,S,20,0,1,6,0,0,0,koolearn,0
pupil,119759,https://www.koolearn.com/dict/wd_119759.html,L2-listening,1,S,20,7,3,0,0,0,0,koolearn,0
radiator,121327,https://www.koolearn.com/dict/wd_121327.html,L2-listening,1,S,20,15,1,0,0,0,0,koolearn,0
radio,121352,https://www.koolearn.com/dict/wd_121352.html,L2-listening,1,S,20,9,3,1,0,0,0,koolearn,0
rank,121874,https://www.koolearn.com/dict/wd_121874.html,L2-listening,1,S,20,6,4,0,0,0,0,koolearn;xdf,1
ratio,122122,https://www.koolearn.com/dict/wd_122122.html,L3-xdf,1,S,20,2,2,1,0,0,0,koolearn;xdf,1
reaction,122404,https://www.koolearn.com/dict/wd_122404.html,L2-reading,1,S,20,0,6,2,0,0,0,koolearn,0
reckon,122963,https://www.koolearn.com/dict/wd_122963.html,L2-reading,1,S,20,3,5,0,1,0,0,koolearn;xdf,1
relation,124443,https://www.koolearn.com/dict/wd_124443.html,L2-listening,1,S,20,7,4,0,0,0,0,koolearn;xdf,1
removal,124790,https://www.koolearn.com/dict/wd_124790.html,L2-listening,1,S,20,7,3,0,0,0,0,koolearn;xdf,1
rigorous,127113,https://www.koolearn.com/dict/wd_127113.html,L1-base-L1,1,S,20,2,4,1,1,1,1,koolearn;xdf,1
salad,129528,https://www.koolearn.com/dict/wd_129528.html,L2-listening,1,S,20,15,0,0,0,0,0,koolearn,0
salt,129717,https://www.koolearn.com/dict/wd_129717.html,L2-listening,1,S,20,12,0,1,0,0,0,koolearn,0
sanction,129916,https://www.koolearn.com/dict/wd_129916.html,L3-xdf,1,S,20,0,4,0,0,0,0,koolearn;xdf,1
scar,130783,https://www.koolearn.com/dict/wd_130783.html,L2-listening,1,S,20,12,0,0,0,0,0,koolearn,0
scene,130914,https://www.koolearn.com/dict/wd_130914.html,L2-reading,1,S,20,3,6,1,0,0,0,koolearn,0
scientist,131167,https://www.koolearn.com/dict/wd_131167.html,L2-listening,1,S,20,11,2,0,1,0,0,koolearn,0
season,132008,https://www.koolearn.com/dict/wd_132008.html,L2-listening,1,S,20,8,2,0,2,0,0,koolearn,0
seasonal,132014,https://www.koolearn.com/dict/wd_132014.html,L2-listening,1,S,20,7,1,0,1,0,0,koolearn;xdf,1
sedentary,132315,https://www.koolearn.com/dict/wd_132315.html,L3-xdf,1,S,20,1,0,4,2,0,0,koolearn;xdf,1
seed,132390,https://www.koolearn.com/dict/wd_132390.html,L2-listening,1,S,20,6,4,1,0,0,0,koolearn,0
select,132583,https://www.koolearn.com/dict/wd_132583.html,L3-xdf,1,S,20,3,4,1,0,0,0,koolearn;xdf,1
shelf,134458,https://www.koolearn.com/dict/wd_134458.html,L2-listening,1,S,20,11,1,0,0,0,0,koolearn,0
significance,135788,https://www.koolearn.com/dict/wd_135788.html,L2-reading,1,S,20,1,7,2,0,0,0,koolearn;xdf,1
slight,137209,https://www.koolearn.com/dict/wd_137209.html,L2-reading,1,S,20,1,5,3,0,0,0,koolearn;xdf,1
society,138478,https://www.koolearn.com/dict/wd_138478.html,L2-reading,1,S,20,1,9,3,1,0,0,koolearn,0
sole,138768,https://www.koolearn.com/dict/wd_138768.html,L1-base-L1,1,S,20,0,4,2,0,1,1,koolearn;xdf,1
sprawl,140841,https://www.koolearn.com/dict/wd_140841.html,L3-xdf,1,S,20,1,4,0,1,0,0,koolearn;xdf,1
spray,140847,https://www.koolearn.com/dict/wd_140847.html,L2-reading,1,S,20,1,5,0,0,0,0,koolearn;xdf,1
spread,140857,https://www.koolearn.com/dict/wd_140857.html,L2-reading,1,S,20,2,6,2,1,0,0,koolearn,0
static,141923,https://www.koolearn.com/dict/wd_141923.html,L2-reading,1,S,20,2,6,0,0,0,0,koolearn;xdf,1
stride,143463,https://www.koolearn.com/dict/wd_143463.html,L2-reading,1,S,20,0,10,0,1,0,0,koolearn,0
study,143781,https://www.koolearn.com/dict/wd_143781.html,L2-listening,1,S,20,10,1,0,0,0,0,koolearn,0
stunning,143843,https://www.koolearn.com/dict/wd_143843.html,L2-listening,1,S,20,7,1,3,2,0,0,koolearn,0
superiority,145307,https://www.koolearn.com/dict/wd_145307.html,L2-reading,1,S,20,1,7,1,2,0,0,koolearn,0
swing,146267,https://www.koolearn.com/dict/wd_146267.html,L3-xdf,1,S,20,3,2,0,2,0,0,koolearn;xdf,1
symphony,146535,https://www.koolearn.com/dict/wd_146535.html,L2-listening,1,S,20,6,1,0,1,0,0,koolearn;xdf,1
system,146783,https://www.koolearn.com/dict/wd_146783.html,L2-listening,1,S,20,11,1,3,0,0,0,koolearn,0
telecommunication,148712,https://www.koolearn.com/dict/wd_148712.html,L2-writing,1,S,20,1,3,7,0,0,0,koolearn,0
tempt,149019,https://www.koolearn.com/dict/wd_149019.html,L3-xdf,1,S,20,1,4,1,0,0,0,koolearn;xdf,1
test,149514,https://www.koolearn.com/dict/wd_149514.html,L2-listening,1,S,20,6,3,0,0,0,0,koolearn,0
tip,151680,https://www.koolearn.com/dict/wd_151680.html,L2-listening,1,S,20,5,2,2,0,0,0,koolearn,0
tongue,152738,https://www.koolearn.com/dict/wd_152738.html,L2-listening,1,S,20,5,4,0,1,0,0,koolearn,0
topic,152968,https://www.koolearn.com/dict/wd_152968.html,L2-listening,1,S,20,6,2,2,0,0,0,koolearn,0
triumph,155031,https://www.koolearn.com/dict/wd_155031.html,L2-reading,1,S,20,0,5,0,2,0,0,koolearn,0
village,162007,https://www.koolearn.com/dict/wd_162007.html,L2-listening,1,S,20,9,1,3,0,0,0,koolearn,0
wax,164016,https://www.koolearn.com/dict/wd_164016.html,L2-listening,1,S,20,10,1,0,0,0,0,koolearn;xdf,1
wholesome,165323,https://www.koolearn.com/dict/wd_165323.html,L1-base-L1,1,S,20,0,4,2,2,1,1,koolearn,0
wind,165674,https://www.koolearn.com/dict/wd_165674.html,L2-listening,1,S,20,9,1,3,0,0,0,koolearn,0
withstand,166214,https://www.koolearn.com/dict/wd_166214.html,L1-base-L1,1,S,20,0,3,3,0,1,1,koolearn;xdf,1
accomplishment,1287,https://www.koolearn.com/dict/wd_1287.html,L2-reading,1,S,19,0,5,1,0,0,0,koolearn,0
accounting,1340,https://www.koolearn.com/dict/wd_1340.html,L2-listening,1,S,19,7,4,1,1,0,0,koolearn,0
affection,3037,https://www.koolearn.com/dict/wd_3037.html,L1-base-L2,1,S,19,0,4,2,0,1,2,koolearn,0
ailment,3734,https://www.koolearn.com/dict/wd_3734.html,L1-base-L2,1,S,19,1,2,0,0,1,2,koolearn;xdf,1
alert,4364,https://www.koolearn.com/dict/wd_4364.html,L1-base-L1,1,S,19,2,4,2,1,1,1,koolearn;xdf,1
animal,6636,https://www.koolearn.com/dict/wd_6636.html,L2-listening,1,S,19,9,0,0,0,0,0,koolearn,0
aptitude,8292,https://www.koolearn.com/dict/wd_8292.html,L3-xdf,1,S,19,3,3,3,0,0,0,koolearn;xdf,1
Arctic,8679,https://www.koolearn.com/dict/wd_8679.html,L1-base-L1,1,S,19,3,2,0,1,1,1,koolearn,0
arena,8734,https://www.koolearn.com/dict/wd_8734.html,L2-listening,1,S,19,5,2,0,0,0,0,koolearn,0
availability,11624,https://www.koolearn.com/dict/wd_11624.html,L2-reading,1,S,19,2,5,3,0,0,0,koolearn;xdf,1
back,12209,https://www.koolearn.com/dict/wd_12209.html,L2-listening,1,S,19,6,3,0,0,0,0,koolearn,0
backpack,12370,https://www.koolearn.com/dict/wd_12370.html,L2-listening,1,S,19,11,1,0,3,0,0,koolearn,0
bank,13110,https://www.koolearn.com/dict/wd_13110.html,L2-listening,1,S,19,11,1,0,0,0,0,koolearn,0
bath,13930,https://www.koolearn.com/dict/wd_13930.html,L2-listening,1,S,19,9,1,0,0,0,0,koolearn,0
bend,16026,https://www.koolearn.com/dict/wd_16026.html,L1-base-L1,1,S,19,2,1,3,2,1,1,koolearn,0
bicycle,16799,https://www.koolearn.com/dict/wd_16799.html,L2-listening,1,S,19,9,0,2,0,0,0,koolearn,0
boast,18731,https://www.koolearn.com/dict/wd_18731.html,L3-xdf,1,S,19,1,1,0,2,0,0,koolearn;xdf,1
book,19297,https://www.koolearn.com/dict/wd_19297.html,L2-listening,1,S,19,10,1,0,0,0,0,koolearn,0
booth,19415,https://www.koolearn.com/dict/wd_19415.html,L1-base-L1,1,S,19,4,1,0,0,1,1,koolearn;xdf,1
bound,19807,https://www.koolearn.com/dict/wd_19807.html,L3-xdf,1,S,19,4,3,0,0,0,0,koolearn;xdf,1
breeze,20679,https://www.koolearn.com/dict/wd_20679.html,L1-base-L1,1,S,19,0,0,0,4,1,1,koolearn;xdf,1
bridge,20838,https://www.koolearn.com/dict/wd_20838.html,L2-listening,1,S,19,8,1,3,0,0,0,koolearn,0
calm,23611,https://www.koolearn.com/dict/wd_23611.html,L3-xdf,1,S,19,4,2,0,2,0,0,koolearn;xdf,1
canoe,24105,https://www.koolearn.com/dict/wd_24105.html,L2-listening,1,S,19,7,2,0,0,0,0,koolearn;xdf,1
carpenter,24976,https://www.koolearn.com/dict/wd_24976.html,L2-listening,1,S,19,9,1,0,0,0,0,koolearn,0
checklist,27446,https://www.koolearn.com/dict/wd_27446.html,L2-listening,1,S,19,13,0,0,0,0,0,koolearn,0
chess,27689,https://www.koolearn.com/dict/wd_27689.html,L2-listening,1,S,19,7,4,0,2,0,0,koolearn,0
chin,28006,https://www.koolearn.com/dict/wd_28006.html,L2-listening,1,S,19,11,0,0,0,0,0,koolearn,0
circuit,29053,https://www.koolearn.com/dict/wd_29053.html,L2-reading,1,S,19,1,8,0,0,0,0,koolearn,0
citizen,29221,https://www.koolearn.com/dict/wd_29221.html,L2-listening,1,S,19,6,1,3,0,0,0,koolearn,0
commentary,31917,https://www.koolearn.com/dict/wd_31917.html,L2-listening,1,S,19,5,3,0,1,0,0,koolearn;xdf,1
company,32203,https://www.koolearn.com/dict/wd_32203.html,L2-listening,1,S,19,8,2,0,1,0,0,koolearn,0
comparable,32209,https://www.koolearn.com/dict/wd_32209.html,L2-reading,1,S,19,2,6,0,0,0,0,koolearn;xdf,1
compassionate,32263,https://www.koolearn.com/dict/wd_32263.html,L3-xdf,1,S,19,4,1,2,2,0,0,koolearn;xdf,1
confirmation,33104,https://www.koolearn.com/dict/wd_33104.html,L2-listening,1,S,19,10,2,0,0,0,0,koolearn;xdf,1
conjunction,33331,https://www.koolearn.com/dict/wd_33331.html,L3-xdf,1,S,19,2,2,0,0,0,0,koolearn;xdf,1
constituent,33661,https://www.koolearn.com/dict/wd_33661.html,L3-xdf,1,S,19,0,4,0,0,0,0,koolearn;xdf,1
contemplate,33834,https://www.koolearn.com/dict/wd_33834.html,L1-base-L1,1,S,19,0,1,0,2,1,1,koolearn;xdf,1
conversely,34226,https://www.koolearn.com/dict/wd_34226.html,L2-writing,1,S,19,0,2,5,0,0,0,koolearn;xdf,1
copper,34518,https://www.koolearn.com/dict/wd_34518.html,L2-listening,1,S,19,8,4,0,0,0,0,koolearn,0
corpus,34957,https://www.koolearn.com/dict/wd_34957.html,L3-xdf,1,S,19,1,4,1,0,0,0,koolearn;xdf,1
cosmetic,35179,https://www.koolearn.com/dict/wd_35179.html,L2-listening,1,S,19,7,2,1,4,0,0,koolearn,0
cost,35234,https://www.koolearn.com/dict/wd_35234.html,L2-listening,1,S,19,9,1,0,0,0,0,koolearn,0
credit card,36373,https://www.koolearn.com/dict/wd_36373.html,L2-listening,1,S,19,12,1,0,0,0,0,koolearn,0
crust,37170,https://www.koolearn.com/dict/wd_37170.html,L3-xdf,1,S,19,4,3,0,0,0,0,koolearn;xdf,1
daily,38571,https://www.koolearn.com/dict/wd_38571.html,L2-listening,1,S,19,8,1,3,0,0,0,koolearn,0
deceive,39643,https://www.koolearn.com/dict/wd_39643.html,L3-xdf,1,S,19,0,2,0,1,0,0,koolearn;xdf,1
destiny,41771,https://www.koolearn.com/dict/wd_41771.html,L3-xdf,1,S,19,0,3,3,0,0,0,koolearn;xdf,1
diagram,42283,https://www.koolearn.com/dict/wd_42283.html,L3-xdf,1,S,19,0,2,1,0,0,0,koolearn;xdf,1
dietary,42653,https://www.koolearn.com/dict/wd_42653.html,L2-listening,1,S,19,5,0,1,0,0,0,koolearn;xdf,1
disastrous,43454,https://www.koolearn.com/dict/wd_43454.html,L2-reading,1,S,19,0,5,0,3,0,0,koolearn;xdf,1
duplicate,47139,https://www.koolearn.com/dict/wd_47139.html,L1-base-L2,1,S,19,3,3,0,0,1,2,koolearn;xdf,1
dweller,47312,https://www.koolearn.com/dict/wd_47312.html,L2-listening,1,S,19,7,2,1,0,0,0,koolearn;xdf,1
elevate,48896,https://www.koolearn.com/dict/wd_48896.html,L3-xdf,1,S,19,0,4,1,0,0,0,koolearn;xdf,1
elite,48970,https://www.koolearn.com/dict/wd_48970.html,L1-base-L3,1,S,19,1,2,1,1,1,3,koolearn;xdf,1
emulate,49678,https://www.koolearn.com/dict/wd_49678.html,L2-reading,1,S,19,0,5,0,1,0,0,koolearn;xdf,1
enact,49719,https://www.koolearn.com/dict/wd_49719.html,L3-xdf,1,S,19,0,0,4,2,0,0,koolearn;xdf,1
enjoyable,50353,https://www.koolearn.com/dict/wd_50353.html,L2-listening,1,S,19,5,0,0,2,0,0,koolearn;xdf,1
entertain,50649,https://www.koolearn.com/dict/wd_50649.html,L3-xdf,1,S,19,3,2,2,0,0,0,koolearn;xdf,1
error,51573,https://www.koolearn.com/dict/wd_51573.html,L2-reading,1,S,19,1,7,1,0,0,0,koolearn,0
event,52481,https://www.koolearn.com/dict/wd_52481.html,L2-listening,1,S,19,10,2,0,0,0,0,koolearn;xdf,1
exercise,53064,https://www.koolearn.com/dict/wd_53064.html,L2-listening,1,S,19,9,1,1,0,0,0,koolearn,0
eyesight,54009,https://www.koolearn.com/dict/wd_54009.html,L2-listening,1,S,19,10,0,1,0,0,0,koolearn;xdf,1
factory,54207,https://www.koolearn.com/dict/wd_54207.html,L2-listening,1,S,19,12,0,1,0,0,0,koolearn,0
fold,58383,https://www.koolearn.com/dict/wd_58383.html,L3-xdf,1,S,19,2,0,4,0,0,0,koolearn;xdf,1
glossary,64008,https://www.koolearn.com/dict/wd_64008.html,L2-listening,1,S,19,6,3,0,0,0,0,koolearn;xdf,1
green,65823,https://www.koolearn.com/dict/wd_65823.html,L2-listening,1,S,19,8,1,3,1,0,0,koolearn,0
guest,66589,https://www.koolearn.com/dict/wd_66589.html,L2-listening,1,S,19,11,0,0,2,0,0,koolearn,0
haul,68551,https://www.koolearn.com/dict/wd_68551.html,L3-xdf,1,S,19,2,2,0,0,0,0,koolearn;xdf,1
headache,69005,https://www.koolearn.com/dict/wd_69005.html,L2-listening,1,S,19,12,1,0,0,0,0,koolearn,0
healthy,69146,https://www.koolearn.com/dict/wd_69146.html,L2-listening,1,S,19,6,3,2,0,0,0,koolearn,0
hotel,72250,https://www.koolearn.com/dict/wd_72250.html,L2-listening,1,S,19,12,0,1,0,0,0,koolearn,0
hunt,72843,https://www.koolearn.com/dict/wd_72843.html,L2-listening,1,S,19,9,1,0,2,0,0,koolearn,0
ignorant,74150,https://www.koolearn.com/dict/wd_74150.html,L3-xdf,1,S,19,0,3,2,1,0,0,koolearn;xdf,1
immediately,74498,https://www.koolearn.com/dict/wd_74498.html,L2-reading,1,S,19,1,9,0,2,0,0,koolearn;xdf,1
impossible,74983,https://www.koolearn.com/dict/wd_74983.html,L2-listening,1,S,19,8,3,1,0,0,0,koolearn;xdf,1
improvement,75090,https://www.koolearn.com/dict/wd_75090.html,L2-listening,1,S,19,6,2,0,2,0,0,koolearn;xdf,1
in terms of,75706,https://www.koolearn.com/dict/wd_75706.html,L2-writing,1,S,19,1,3,6,4,0,0,koolearn,0
inhibit,77480,https://www.koolearn.com/dict/wd_77480.html,L1-base-L3,1,S,19,0,4,1,0,1,3,koolearn;xdf,1
insert,77862,https://www.koolearn.com/dict/wd_77862.html,L1-base-L1,1,S,19,2,1,1,1,1,1,koolearn;xdf,1
irony,79639,https://www.koolearn.com/dict/wd_79639.html,L2-reading,1,S,19,1,7,0,1,0,0,koolearn;xdf,1
jealous,80606,https://www.koolearn.com/dict/wd_80606.html,L1-base-L2,1,S,19,0,1,1,1,1,2,koolearn;xdf,1
journey,81299,https://www.koolearn.com/dict/wd_81299.html,L2-listening,1,S,19,6,1,3,1,0,0,koolearn,0
key,82545,https://www.koolearn.com/dict/wd_82545.html,L2-listening,1,S,19,6,3,3,0,0,0,koolearn,0
lab,83732,https://www.koolearn.com/dict/wd_83732.html,L2-listening,1,S,19,11,0,0,0,0,0,koolearn,0
landlord,84408,https://www.koolearn.com/dict/wd_84408.html,L2-listening,1,S,19,11,0,1,0,0,0,koolearn,0
law,85093,https://www.koolearn.com/dict/wd_85093.html,L2-listening,1,S,19,10,2,3,0,0,0,koolearn,0
leap,85444,https://www.koolearn.com/dict/wd_85444.html,L1-base-L1,1,S,19,1,2,0,0,1,1,koolearn;xdf,1
lethal,86166,https://www.koolearn.com/dict/wd_86166.html,L3-xdf,1,S,19,1,3,0,0,0,0,koolearn;xdf,1
line,87138,https://www.koolearn.com/dict/wd_87138.html,L2-listening,1,S,19,8,1,0,1,0,0,koolearn,0
lock,88010,https://www.koolearn.com/dict/wd_88010.html,L2-listening,1,S,19,10,1,1,0,0,0,koolearn,0
magic,90034,https://www.koolearn.com/dict/wd_90034.html,L2-listening,1,S,19,8,0,0,1,0,0,koolearn;xdf,1
marble,91500,https://www.koolearn.com/dict/wd_91500.html,L3-xdf,1,S,19,4,3,0,0,0,0,koolearn;xdf,1
march,91517,https://www.koolearn.com/dict/wd_91517.html,L2-listening,1,S,19,6,2,0,1,0,0,koolearn,0
market,91680,https://www.koolearn.com/dict/wd_91680.html,L2-listening,1,S,19,9,1,1,0,0,0,koolearn,0
mask,91986,https://www.koolearn.com/dict/wd_91986.html,L2-listening,1,S,19,6,0,3,2,0,0,koolearn,0
meat,92708,https://www.koolearn.com/dict/wd_92708.html,L2-listening,1,S,19,9,0,0,0,0,0,koolearn,0
mill,94741,https://www.koolearn.com/dict/wd_94741.html,L2-listening,1,S,19,13,1,0,0,0,0,koolearn,0
molecule,96234,https://www.koolearn.com/dict/wd_96234.html,L2-reading,1,S,19,3,5,0,0,0,0,koolearn;xdf,1
money,96415,https://www.koolearn.com/dict/wd_96415.html,L2-listening,1,S,19,7,0,1,0,0,0,koolearn,0
nasty,99193,https://www.koolearn.com/dict/wd_99193.html,L1-base-L1,1,S,19,1,3,0,0,1,1,koolearn;xdf,1
nationality,99273,https://www.koolearn.com/dict/wd_99273.html,L2-listening,1,S,19,6,0,3,1,0,0,koolearn;xdf,1
navigate,99444,https://www.koolearn.com/dict/wd_99444.html,L2-listening,1,S,19,5,3,0,0,0,0,koolearn,0
noise,101157,https://www.koolearn.com/dict/wd_101157.html,L2-listening,1,S,19,11,1,0,0,0,0,koolearn,0
nominal,101210,https://www.koolearn.com/dict/wd_101210.html,L3-xdf,1,S,19,4,1,0,0,0,0,koolearn;xdf,1
occupant,103014,https://www.koolearn.com/dict/wd_103014.html,L2-listening,1,S,19,10,4,0,0,0,0,koolearn,0
offender,103459,https://www.koolearn.com/dict/wd_103459.html,L2-writing,1,S,19,0,3,6,2,0,0,koolearn,0
orthodox,105477,https://www.koolearn.com/dict/wd_105477.html,L1-base-L3,1,S,19,0,2,0,0,1,3,koolearn;xdf,1
otherwise,105788,https://www.koolearn.com/dict/wd_105788.html,L3-xdf,1,S,19,4,1,3,1,0,0,koolearn;xdf,1
overdraft,106664,https://www.koolearn.com/dict/wd_106664.html,L2-listening,1,S,19,12,0,0,0,0,0,koolearn;xdf,1
overweight,107179,https://www.koolearn.com/dict/wd_107179.html,L3-xdf,1,S,19,4,0,1,2,0,0,koolearn;xdf,1
pack,107500,https://www.koolearn.com/dict/wd_107500.html,L2-listening,1,S,19,6,4,1,0,0,0,koolearn;xdf,1
park,108765,https://www.koolearn.com/dict/wd_108765.html,L2-listening,1,S,19,11,0,0,0,0,0,koolearn,0
percent,110611,https://www.koolearn.com/dict/wd_110611.html,L2-listening,1,S,19,9,0,2,0,0,0,koolearn,0
physiological,112248,https://www.koolearn.com/dict/wd_112248.html,L2-reading,1,S,19,0,7,0,0,0,0,koolearn,0
plagiarism,113383,https://www.koolearn.com/dict/wd_113383.html,L2-listening,1,S,19,9,2,0,1,0,0,koolearn;xdf,1
pneumonia,114363,https://www.koolearn.com/dict/wd_114363.html,L2-listening,1,S,19,8,1,1,0,0,0,koolearn,0
point,114517,https://www.koolearn.com/dict/wd_114517.html,L2-listening,1,S,19,11,1,0,0,0,0,koolearn;xdf,1
polar,114614,https://www.koolearn.com/dict/wd_114614.html,L1-base-L1,1,S,19,2,4,0,0,1,1,koolearn,0
possibility,115569,https://www.koolearn.com/dict/wd_115569.html,L2-listening,1,S,19,5,3,1,0,0,0,koolearn,0
preparation,116803,https://www.koolearn.com/dict/wd_116803.html,L3-xdf,1,S,19,3,3,0,2,0,0,koolearn;xdf,1
protect,118646,https://www.koolearn.com/dict/wd_118646.html,L1-base-L1,1,S,19,0,3,2,2,1,1,koolearn,0
question,120837,https://www.koolearn.com/dict/wd_120837.html,L2-listening,1,S,19,8,3,0,0,0,0,koolearn,0
regard,123988,https://www.koolearn.com/dict/wd_123988.html,L2-reading,1,S,19,1,6,1,1,0,0,koolearn,0
rehabilitate,124193,https://www.koolearn.com/dict/wd_124193.html,L3-xdf,1,S,19,0,3,4,0,0,0,koolearn;xdf,1
relevance,124512,https://www.koolearn.com/dict/wd_124512.html,L3-xdf,1,S,19,4,3,0,0,0,0,koolearn;xdf,1
repeat,125034,https://www.koolearn.com/dict/wd_125034.html,L2-listening,1,S,19,5,1,0,2,0,0,koolearn,0
rescue,125446,https://www.koolearn.com/dict/wd_125446.html,L3-xdf,1,S,19,4,1,0,0,0,0,koolearn;xdf,1
residential,125564,https://www.koolearn.com/dict/wd_125564.html,L2-reading,1,S,19,3,6,0,0,0,0,koolearn;xdf,1
restaurant,125804,https://www.koolearn.com/dict/wd_125804.html,L2-listening,1,S,19,10,1,1,0,0,0,koolearn,0
revival,126451,https://www.koolearn.com/dict/wd_126451.html,L2-reading,1,S,19,1,7,0,0,0,0,koolearn;xdf,1
rocket,127645,https://www.koolearn.com/dict/wd_127645.html,L2-listening,1,S,19,7,2,1,0,0,0,koolearn,0
role,127765,https://www.koolearn.com/dict/wd_127765.html,L2-listening,1,S,19,6,2,1,0,0,0,koolearn,0
sail,129460,https://www.koolearn.com/dict/wd_129460.html,L2-listening,1,S,19,6,3,0,0,0,0,koolearn,0
sailing,129472,https://www.koolearn.com/dict/wd_129472.html,L2-listening,1,S,19,10,0,0,1,0,0,koolearn,0
sale,129562,https://www.koolearn.com/dict/wd_129562.html,L2-listening,1,S,19,11,0,0,0,0,0,koolearn,0
scenic,130923,https://www.koolearn.com/dict/wd_130923.html,L2-reading,1,S,19,0,9,0,4,0,0,koolearn,0
serious,133483,https://www.koolearn.com/dict/wd_133483.html,L2-listening,1,S,19,7,4,2,0,0,0,koolearn,0
shape,134205,https://www.koolearn.com/dict/wd_134205.html,L2-listening,1,S,19,5,2,3,0,0,0,koolearn,0
shoulder,135119,https://www.koolearn.com/dict/wd_135119.html,L2-writing,1,S,19,2,1,5,0,0,0,koolearn,0
shrewd,135251,https://www.koolearn.com/dict/wd_135251.html,L1-base-L1,1,S,19,0,1,0,0,1,1,koolearn;xdf,1
signpost,135813,https://www.koolearn.com/dict/wd_135813.html,L2-listening,1,S,19,8,0,0,0,0,0,koolearn;xdf,1
slogan,137343,https://www.koolearn.com/dict/wd_137343.html,L3-xdf,1,S,19,3,4,1,1,0,0,koolearn;xdf,1
solicitor,138821,https://www.koolearn.com/dict/wd_138821.html,L2-reading,1,S,19,0,6,0,0,0,0,koolearn;xdf,1
specification,139912,https://www.koolearn.com/dict/wd_139912.html,L3-xdf,1,S,19,0,4,0,0,0,0,koolearn;xdf,1
sponge,140645,https://www.koolearn.com/dict/wd_140645.html,L3-xdf,1,S,19,4,1,0,1,0,0,koolearn;xdf,1
spring,140887,https://www.koolearn.com/dict/wd_140887.html,L2-listening,1,S,19,5,4,0,0,0,0,koolearn;xdf,1
star,141724,https://www.koolearn.com/dict/wd_141724.html,L2-listening,1,S,19,9,1,0,0,0,0,koolearn,0
stone,142868,https://www.koolearn.com/dict/wd_142868.html,L2-listening,1,S,19,10,1,1,0,0,0,koolearn,0
stripe,143562,https://www.koolearn.com/dict/wd_143562.html,L2-listening,1,S,19,8,1,0,1,0,0,koolearn;xdf,1
substitution,144443,https://www.koolearn.com/dict/wd_144443.html,L2-reading,1,S,19,0,5,4,0,0,0,koolearn;xdf,1
superb,145196,https://www.koolearn.com/dict/wd_145196.html,L3-xdf,1,S,19,2,3,0,2,0,0,koolearn;xdf,1
surrender,145741,https://www.koolearn.com/dict/wd_145741.html,L2-reading,1,S,19,0,6,0,1,0,0,koolearn,0
sympathy,146527,https://www.koolearn.com/dict/wd_146527.html,L2-reading,1,S,19,3,6,2,3,0,0,koolearn;xdf,1
syrup,146776,https://www.koolearn.com/dict/wd_146776.html,L2-listening,1,S,19,15,0,0,0,0,0,koolearn,0
textile,149697,https://www.koolearn.com/dict/wd_149697.html,L2-reading,1,S,19,4,8,0,0,0,0,koolearn;xdf,1
therefore,150314,https://www.koolearn.com/dict/wd_150314.html,L3-xdf,1,S,19,4,1,1,0,0,0,koolearn;xdf,1
toilet,152536,https://www.koolearn.com/dict/wd_152536.html,L2-listening,1,S,19,11,1,0,0,0,0,koolearn,0
top,152887,https://www.koolearn.com/dict/wd_152887.html,L2-listening,1,S,19,7,2,0,0,0,0,koolearn,0
transplant,154176,https://www.koolearn.com/dict/wd_154176.html,L3-xdf,1,S,19,0,1,0,1,0,0,koolearn;xdf,1
trek,154464,https://www.koolearn.com/dict/wd_154464.html,L2-listening,1,S,19,7,2,0,0,0,0,koolearn;xdf,1
trick,154695,https://www.koolearn.com/dict/wd_154695.html,L2-listening,1,S,19,5,3,0,1,0,0,koolearn;xdf,1
trolley,155111,https://www.koolearn.com/dict/wd_155111.html,L2-listening,1,S,19,7,2,0,0,0,0,koolearn,0
turnover,155997,https://www.koolearn.com/dict/wd_155997.html,L3-xdf,1,S,19,0,2,1,0,0,0,koolearn;xdf,1
unexpected,157943,https://www.koolearn.com/dict/wd_157943.html,L2-reading,1,S,19,2,7,0,0,0,0,koolearn;xdf,1
unfortunately,158059,https://www.koolearn.com/dict/wd_158059.html,L3-xdf,1,S,19,3,2,1,3,0,0,koolearn;xdf,1
unrealistic,158903,https://www.koolearn.com/dict/wd_158903.html,L2-writing,1,S,19,3,1,5,1,0,0,koolearn;xdf,1
vegetable,161062,https://www.koolearn.com/dict/wd_161062.html,L2-listening,1,S,19,11,3,0,1,0,0,koolearn,0
velvet,161159,https://www.koolearn.com/dict/wd_161159.html,L2-listening,1,S,19,13,0,0,2,0,0,koolearn,0
vet,161665,https://www.koolearn.com/dict/wd_161665.html,L2-listening,1,S,19,10,0,0,0,0,0,koolearn;xdf,1
visitor,162345,https://www.koolearn.com/dict/wd_162345.html,L2-listening,1,S,19,7,3,3,0,0,0,koolearn,0
wasp,163718,https://www.koolearn.com/dict/wd_163718.html,L2-listening,1,S,19,12,0,0,0,0,0,koolearn,0
wetland,164745,https://www.koolearn.com/dict/wd_164745.html,L2-listening,1,S,19,14,3,0,0,0,0,koolearn,0
accuse,1442,https://www.koolearn.com/dict/wd_1442.html,L1-base-L1,1,S,18,0,1,0,1,1,1,koolearn,0
action,1923,https://www.koolearn.com/dict/wd_1923.html,L2-listening,1,S,18,6,3,0,0,0,0,koolearn,0
adhere,2281,https://www.koolearn.com/dict/wd_2281.html,L3-xdf,1,S,18,1,1,0,0,0,0,koolearn;xdf,1
ancestral,6186,https://www.koolearn.com/dict/wd_6186.html,L2-reading,1,S,18,0,8,0,0,0,0,koolearn;xdf,1
anthropologist,7139,https://www.koolearn.com/dict/wd_7139.html,L2-reading,1,S,18,1,8,1,0,0,0,koolearn;xdf,1
appetite,8022,https://www.koolearn.com/dict/wd_8022.html,L1-base-L1,1,S,18,1,2,0,1,1,1,koolearn;xdf,1
appliance,8059,https://www.koolearn.com/dict/wd_8059.html,L3-xdf,1,S,18,3,0,1,1,0,0,koolearn;xdf,1
appreciation,8164,https://www.koolearn.com/dict/wd_8164.html,L2-reading,1,S,18,0,5,2,2,0,0,koolearn,0
arduous,8705,https://www.koolearn.com/dict/wd_8705.html,L2-writing,1,S,18,0,3,5,1,0,0,koolearn,0
artefact,9248,https://www.koolearn.com/dict/wd_9248.html,L3-xdf,1,S,18,2,4,0,1,0,0,koolearn;xdf,1
assimilate,10073,https://www.koolearn.com/dict/wd_10073.html,L3-xdf,1,S,18,0,0,4,0,0,0,koolearn;xdf,1
behaviour,15721,https://www.koolearn.com/dict/wd_15721.html,L2-listening,1,S,18,6,4,2,0,0,0,koolearn,0
blind,18130,https://www.koolearn.com/dict/wd_18130.html,L2-listening,1,S,18,9,1,0,1,0,0,koolearn,0
bold,19014,https://www.koolearn.com/dict/wd_19014.html,L1-base-L1,1,S,18,2,2,0,0,1,1,koolearn;xdf,1
brand,20285,https://www.koolearn.com/dict/wd_20285.html,L3-xdf,1,S,18,0,0,1,2,0,0,koolearn;xdf,1
bulk,21889,https://www.koolearn.com/dict/wd_21889.html,L1-base-L2,1,S,18,1,3,1,0,1,2,koolearn;xdf,1
bulletin,21946,https://www.koolearn.com/dict/wd_21946.html,L1-base-L1,1,S,18,4,1,0,1,1,1,koolearn;xdf,1
bunch,22065,https://www.koolearn.com/dict/wd_22065.html,L1-base-L1,1,S,18,3,0,0,2,1,1,koolearn;xdf,1
burst,22369,https://www.koolearn.com/dict/wd_22369.html,L3-xdf,1,S,18,1,3,0,0,0,0,koolearn;xdf,1
candle,23970,https://www.koolearn.com/dict/wd_23970.html,L2-listening,1,S,18,11,0,0,0,0,0,koolearn,0
capability,24233,https://www.koolearn.com/dict/wd_24233.html,L2-reading,1,S,18,2,6,1,1,0,0,koolearn,0
carbohydrate,24559,https://www.koolearn.com/dict/wd_24559.html,L2-listening,1,S,18,8,0,0,2,0,0,koolearn,0
casualty,25462,https://www.koolearn.com/dict/wd_25462.html,L3-xdf,1,S,18,1,0,2,1,0,0,koolearn;xdf,1
ceiling,26121,https://www.koolearn.com/dict/wd_26121.html,L2-listening,1,S,18,5,3,0,2,0,0,koolearn,0
cell,26175,https://www.koolearn.com/dict/wd_26175.html,L2-reading,1,S,18,4,5,2,0,0,0,koolearn;xdf,1
censorship,26265,https://www.koolearn.com/dict/wd_26265.html,L2-writing,1,S,18,1,0,8,1,0,0,koolearn,0
cheque,27629,https://www.koolearn.com/dict/wd_27629.html,L2-listening,1,S,18,10,1,0,0,0,0,koolearn,0
chief,27858,https://www.koolearn.com/dict/wd_27858.html,L2-reading,1,S,18,0,5,1,0,0,0,koolearn;xdf,1
circus,29149,https://www.koolearn.com/dict/wd_29149.html,L2-listening,1,S,18,7,0,0,1,0,0,koolearn;xdf,1
clarify,29481,https://www.koolearn.com/dict/wd_29481.html,L1-base-L1,1,S,18,2,2,0,0,1,1,koolearn;xdf,1
clothing,30186,https://www.koolearn.com/dict/wd_30186.html,L2-listening,1,S,18,11,0,1,0,0,0,koolearn,0
cognition,30957,https://www.koolearn.com/dict/wd_30957.html,L2-reading,1,S,18,3,8,0,0,0,0,koolearn;xdf,1
cohesion,31002,https://www.koolearn.com/dict/wd_31002.html,L3-xdf,1,S,18,1,2,3,1,0,0,koolearn;xdf,1
conclude,32818,https://www.koolearn.com/dict/wd_32818.html,L3-xdf,1,S,18,3,2,0,0,0,0,koolearn;xdf,1
conformity,33155,https://www.koolearn.com/dict/wd_33155.html,L2-listening,1,S,18,5,0,3,0,0,0,koolearn;xdf,1
congress,33264,https://www.koolearn.com/dict/wd_33264.html,L2-listening,1,S,18,6,2,0,0,0,0,koolearn;xdf,1
consequently,33505,https://www.koolearn.com/dict/wd_33505.html,L2-reading,1,S,18,1,5,1,0,0,0,koolearn;xdf,1
constraint,33686,https://www.koolearn.com/dict/wd_33686.html,L2-reading,1,S,18,1,5,4,0,0,0,koolearn,0
continuity,33956,https://www.koolearn.com/dict/wd_33956.html,L2-reading,1,S,18,0,6,0,0,0,0,koolearn;xdf,1
coordinator,34448,https://www.koolearn.com/dict/wd_34448.html,L2-listening,1,S,18,8,4,0,0,0,0,koolearn;xdf,1
costly,35290,https://www.koolearn.com/dict/wd_35290.html,L2-listening,1,S,18,8,2,0,1,0,0,koolearn,0
crater,36227,https://www.koolearn.com/dict/wd_36227.html,L3-xdf,1,S,18,3,3,0,0,0,0,koolearn;xdf,1
cream,36299,https://www.koolearn.com/dict/wd_36299.html,L2-listening,1,S,18,9,0,0,0,0,0,koolearn,0
criticism,36737,https://www.koolearn.com/dict/wd_36737.html,L2-reading,1,S,18,0,10,0,0,0,0,koolearn,0
cube,37352,https://www.koolearn.com/dict/wd_37352.html,L2-reading,1,S,18,0,5,0,0,0,0,koolearn;xdf,1
digestion,42758,https://www.koolearn.com/dict/wd_42758.html,L2-listening,1,S,18,5,0,2,0,0,0,koolearn,0
dioxide,43123,https://www.koolearn.com/dict/wd_43123.html,L2-listening,1,S,18,9,3,0,0,0,0,koolearn;xdf,1
disadvantage,43368,https://www.koolearn.com/dict/wd_43368.html,L3-xdf,1,S,18,4,2,1,0,0,0,koolearn;xdf,1
discover,43655,https://www.koolearn.com/dict/wd_43655.html,L3-xdf,1,S,18,3,3,0,2,0,0,koolearn;xdf,1
discovery,43663,https://www.koolearn.com/dict/wd_43663.html,L2-listening,1,S,18,6,3,0,0,0,0,koolearn;xdf,1
distant,44364,https://www.koolearn.com/dict/wd_44364.html,L2-listening,1,S,18,6,4,0,0,0,0,koolearn,0
drill,46360,https://www.koolearn.com/dict/wd_46360.html,L1-base-L1,1,S,18,3,3,0,0,1,1,koolearn;xdf,1
echo,47848,https://www.koolearn.com/dict/wd_47848.html,L2-reading,1,S,18,0,5,0,0,0,0,koolearn,0
encompass,49853,https://www.koolearn.com/dict/wd_49853.html,L2-reading,1,S,18,0,5,0,1,0,0,koolearn;xdf,1
equity,51360,https://www.koolearn.com/dict/wd_51360.html,L2-reading,1,S,18,1,7,0,0,0,0,koolearn;xdf,1
eruption,51607,https://www.koolearn.com/dict/wd_51607.html,L1-base-L2,1,S,18,4,4,0,0,1,2,koolearn;xdf,1
escalate,51656,https://www.koolearn.com/dict/wd_51656.html,L3-xdf,1,S,18,0,4,0,1,0,0,koolearn;xdf,1
evil,52596,https://www.koolearn.com/dict/wd_52596.html,L1-base-L1,1,S,18,0,2,3,0,1,1,koolearn,0
expensive,53385,https://www.koolearn.com/dict/wd_53385.html,L2-listening,1,S,18,8,0,1,0,0,0,koolearn,0
falcon,54415,https://www.koolearn.com/dict/wd_54415.html,L2-listening,1,S,18,14,0,0,0,0,0,koolearn,0
farming,54852,https://www.koolearn.com/dict/wd_54852.html,L2-listening,1,S,18,11,1,0,0,0,0,koolearn,0
flip,57716,https://www.koolearn.com/dict/wd_57716.html,L3-xdf,1,S,18,0,3,3,0,0,0,koolearn;xdf,1
foreign,58946,https://www.koolearn.com/dict/wd_58946.html,L2-listening,1,S,18,8,3,0,1,0,0,koolearn,0
forest,59057,https://www.koolearn.com/dict/wd_59057.html,L2-listening,1,S,18,9,1,1,0,0,0,koolearn,0
formality,59198,https://www.koolearn.com/dict/wd_59198.html,L3-xdf,1,S,18,1,4,0,0,0,0,koolearn;xdf,1
forthcoming,59301,https://www.koolearn.com/dict/wd_59301.html,L3-xdf,1,S,18,1,3,1,0,0,0,koolearn;xdf,1
furious,60991,https://www.koolearn.com/dict/wd_60991.html,L3-xdf,1,S,18,0,1,0,1,0,0,koolearn;xdf,1
genre,62566,https://www.koolearn.com/dict/wd_62566.html,L1-base-L3,1,S,18,3,4,0,2,1,3,koolearn,0
gifted,63277,https://www.koolearn.com/dict/wd_63277.html,L2-reading,1,S,18,0,8,1,2,0,0,koolearn,0
gorilla,65059,https://www.koolearn.com/dict/wd_65059.html,L2-listening,1,S,18,7,0,0,0,0,0,koolearn;xdf,1
govern,65163,https://www.koolearn.com/dict/wd_65163.html,L3-xdf,1,S,18,0,3,0,0,0,0,koolearn;xdf,1
grass,65580,https://www.koolearn.com/dict/wd_65580.html,L2-listening,1,S,18,9,3,0,0,0,0,koolearn,0
group,66309,https://www.koolearn.com/dict/wd_66309.html,L2-listening,1,S,18,9,0,2,2,0,0,koolearn,0
handy,67916,https://www.koolearn.com/dict/wd_67916.html,L2-listening,1,S,18,9,0,0,4,0,0,koolearn;xdf,1
herbivorous,70025,https://www.koolearn.com/dict/wd_70025.html,L2-listening,1,S,18,13,0,0,0,0,0,koolearn,0
hike,70708,https://www.koolearn.com/dict/wd_70708.html,L2-listening,1,S,18,7,1,0,1,0,0,koolearn;xdf,1
hire,70891,https://www.koolearn.com/dict/wd_70891.html,L2-reading,1,S,18,2,5,1,0,0,0,koolearn;xdf,1
hive,71053,https://www.koolearn.com/dict/wd_71053.html,L2-listening,1,S,18,8,0,0,1,0,0,koolearn;xdf,1
immigrant,74521,https://www.koolearn.com/dict/wd_74521.html,L1-base-L2,1,S,18,2,2,3,0,1,2,koolearn;xdf,1
in accordance with,75211,https://www.koolearn.com/dict/wd_75211.html,L2-reading,1,S,18,3,7,0,0,0,0,koolearn;xdf,1
incident,76190,https://www.koolearn.com/dict/wd_76190.html,L3-xdf,1,S,18,2,3,0,0,0,0,koolearn;xdf,1
individuality,76770,https://www.koolearn.com/dict/wd_76770.html,L2-writing,1,S,18,1,0,6,3,0,0,koolearn,0
Internet,78698,https://www.koolearn.com/dict/wd_78698.html,L2-listening,1,S,18,11,1,2,0,0,0,koolearn,0
intersection,78828,https://www.koolearn.com/dict/wd_78828.html,L2-listening,1,S,18,5,1,0,0,0,0,koolearn;xdf,1
inundate,79163,https://www.koolearn.com/dict/wd_79163.html,L3-xdf,1,S,18,3,0,2,1,0,0,koolearn;xdf,1
invaluable,79205,https://www.koolearn.com/dict/wd_79205.html,L3-xdf,1,S,18,1,4,2,1,0,0,koolearn;xdf,1
jeopardize,80712,https://www.koolearn.com/dict/wd_80712.html,L2-reading,1,S,18,0,9,1,1,0,0,koolearn,0
land,84340,https://www.koolearn.com/dict/wd_84340.html,L2-listening,1,S,18,7,1,0,0,0,0,koolearn,0
landfill,84382,https://www.koolearn.com/dict/wd_84382.html,L3-xdf,1,S,18,4,2,0,1,0,0,koolearn;xdf,1
leadership,85335,https://www.koolearn.com/dict/wd_85335.html,L2-listening,1,S,18,7,2,0,1,0,0,koolearn;xdf,1
legacy,85718,https://www.koolearn.com/dict/wd_85718.html,L3-xdf,1,S,18,1,4,1,0,0,0,koolearn;xdf,1
librarian,86513,https://www.koolearn.com/dict/wd_86513.html,L2-listening,1,S,18,12,0,0,2,0,0,koolearn,0
lion,87315,https://www.koolearn.com/dict/wd_87315.html,L2-listening,1,S,18,14,0,0,0,0,0,koolearn,0
locality,87981,https://www.koolearn.com/dict/wd_87981.html,L2-reading,1,S,18,0,5,1,0,0,0,koolearn;xdf,1
main,90266,https://www.koolearn.com/dict/wd_90266.html,L2-listening,1,S,18,9,3,0,0,0,0,koolearn,0
match,92183,https://www.koolearn.com/dict/wd_92183.html,L3-xdf,1,S,18,3,4,2,0,0,0,koolearn;xdf,1
maternal,92233,https://www.koolearn.com/dict/wd_92233.html,L1-base-L2,1,S,18,0,2,1,1,1,2,koolearn;xdf,1
meal,92622,https://www.koolearn.com/dict/wd_92622.html,L2-listening,1,S,18,8,0,3,0,0,0,koolearn,0
merely,93570,https://www.koolearn.com/dict/wd_93570.html,L3-xdf,1,S,18,3,4,0,0,0,0,koolearn;xdf,1
migratory,94606,https://www.koolearn.com/dict/wd_94606.html,L2-listening,1,S,18,10,3,0,0,0,0,koolearn;xdf,1
millennium,94761,https://www.koolearn.com/dict/wd_94761.html,L3-xdf,1,S,18,0,3,2,0,0,0,koolearn;xdf,1
minimise,95049,https://www.koolearn.com/dict/wd_95049.html,L2-reading,1,S,18,0,8,2,0,0,0,koolearn;xdf,1
mining,95064,https://www.koolearn.com/dict/wd_95064.html,L2-listening,1,S,18,9,3,0,0,0,0,koolearn,0
misconception,95365,https://www.koolearn.com/dict/wd_95365.html,L2-reading,1,S,18,0,6,0,0,0,0,koolearn;xdf,1
mount,97426,https://www.koolearn.com/dict/wd_97426.html,L3-xdf,1,S,18,0,3,2,0,0,0,koolearn;xdf,1
mountain,97436,https://www.koolearn.com/dict/wd_97436.html,L2-listening,1,S,18,10,0,1,0,0,0,koolearn,0
nervous,100026,https://www.koolearn.com/dict/wd_100026.html,L2-listening,1,S,18,7,1,1,1,0,0,koolearn,0
notoriety,102085,https://www.koolearn.com/dict/wd_102085.html,L2-reading,1,S,18,0,11,0,0,0,0,koolearn;xdf,1
number,102382,https://www.koolearn.com/dict/wd_102382.html,L2-listening,1,S,18,6,3,2,0,0,0,koolearn,0
nut,102491,https://www.koolearn.com/dict/wd_102491.html,L2-listening,1,S,18,11,0,0,1,0,0,koolearn,0
nutritional,102527,https://www.koolearn.com/dict/wd_102527.html,L2-reading,1,S,18,2,7,0,0,0,0,koolearn;xdf,1
obsession,102859,https://www.koolearn.com/dict/wd_102859.html,L3-xdf,1,S,18,0,1,3,0,0,0,koolearn;xdf,1
offset,103547,https://www.koolearn.com/dict/wd_103547.html,L3-xdf,1,S,18,0,3,4,1,0,0,koolearn;xdf,1
opera,104747,https://www.koolearn.com/dict/wd_104747.html,L1-base-L3,1,S,18,3,1,0,0,1,3,koolearn,0
organize,105266,https://www.koolearn.com/dict/wd_105266.html,L2-reading,1,S,18,2,5,0,2,0,0,koolearn;xdf,1
outskirts,106333,https://www.koolearn.com/dict/wd_106333.html,L2-listening,1,S,18,9,0,0,0,0,0,koolearn,0
oven,106474,https://www.koolearn.com/dict/wd_106474.html,L2-listening,1,S,18,8,0,0,1,0,0,koolearn,0
ozone,107413,https://www.koolearn.com/dict/wd_107413.html,L2-listening,1,S,18,5,1,0,2,0,0,koolearn;xdf,1
passenger,109148,https://www.koolearn.com/dict/wd_109148.html,L2-listening,1,S,18,11,0,0,0,0,0,koolearn,0
perimeter,110832,https://www.koolearn.com/dict/wd_110832.html,L3-xdf,1,S,18,2,2,0,0,0,0,koolearn;xdf,1
peripheral,110875,https://www.koolearn.com/dict/wd_110875.html,L2-reading,1,S,18,0,10,0,0,0,0,koolearn;xdf,1
philosopher,111766,https://www.koolearn.com/dict/wd_111766.html,L2-listening,1,S,18,9,2,0,0,0,0,koolearn,0
pill,112716,https://www.koolearn.com/dict/wd_112716.html,L2-listening,1,S,18,12,0,0,0,0,0,koolearn,0
pitch,113198,https://www.koolearn.com/dict/wd_113198.html,L3-xdf,1,S,18,2,2,0,1,0,0,koolearn;xdf,1
plan,113449,https://www.koolearn.com/dict/wd_113449.html,L2-listening,1,S,18,9,1,0,0,0,0,koolearn,0
pleasure,113917,https://www.koolearn.com/dict/wd_113917.html,L2-listening,1,S,18,6,0,0,3,0,0,koolearn,0
pledge,113943,https://www.koolearn.com/dict/wd_113943.html,L1-base-L1,1,S,18,4,0,2,0,1,1,koolearn;xdf,1
plus,114276,https://www.koolearn.com/dict/wd_114276.html,L2-listening,1,S,18,7,0,1,0,0,0,koolearn;xdf,1
pool,115196,https://www.koolearn.com/dict/wd_115196.html,L2-listening,1,S,18,5,0,4,2,0,0,koolearn,0
pot,115790,https://www.koolearn.com/dict/wd_115790.html,L2-listening,1,S,18,9,0,0,1,0,0,koolearn,0
precedent,116349,https://www.koolearn.com/dict/wd_116349.html,L3-xdf,1,S,18,0,4,0,0,0,0,koolearn;xdf,1
pregnancy,116643,https://www.koolearn.com/dict/wd_116643.html,L3-xdf,1,S,18,1,4,0,0,0,0,koolearn;xdf,1
prestige,117114,https://www.koolearn.com/dict/wd_117114.html,L1-base-L1,1,S,18,3,2,0,1,1,1,koolearn,0
programme,118073,https://www.koolearn.com/dict/wd_118073.html,L2-listening,1,S,18,6,0,2,1,0,0,koolearn,0
psychiatrist,119071,https://www.koolearn.com/dict/wd_119071.html,L2-listening,1,S,18,8,4,0,0,0,0,koolearn,0
publish,119323,https://www.koolearn.com/dict/wd_119323.html,L2-reading,1,S,18,2,5,1,0,0,0,koolearn,0
puzzle,120206,https://www.koolearn.com/dict/wd_120206.html,L2-reading,1,S,18,0,10,0,0,0,0,koolearn,0
regime,124034,https://www.koolearn.com/dict/wd_124034.html,L2-reading,1,S,18,0,5,1,0,0,0,koolearn,0
regularly,124170,https://www.koolearn.com/dict/wd_124170.html,L2-listening,1,S,18,8,2,0,0,0,0,koolearn,0
relate,124433,https://www.koolearn.com/dict/wd_124433.html,L2-reading,1,S,18,0,5,0,0,0,0,koolearn;xdf,1
rely on,124610,https://www.koolearn.com/dict/wd_124610.html,L2-reading,1,S,18,2,9,3,0,0,0,koolearn,0
renowned,124921,https://www.koolearn.com/dict/wd_124921.html,L1-base-L1,1,S,18,2,1,0,3,1,1,koolearn,0
ruin,128719,https://www.koolearn.com/dict/wd_128719.html,L2-reading,1,S,18,0,9,0,2,0,0,koolearn,0
sacred,129257,https://www.koolearn.com/dict/wd_129257.html,L1-base-L1,1,S,18,0,4,0,0,1,1,koolearn,0
safeguard,129359,https://www.koolearn.com/dict/wd_129359.html,L1-base-L1,1,S,18,1,1,1,0,1,1,koolearn,0
seafood,131919,https://www.koolearn.com/dict/wd_131919.html,L2-listening,1,S,18,14,0,0,0,0,0,koolearn,0
series,133469,https://www.koolearn.com/dict/wd_133469.html,L3-xdf,1,S,18,4,2,0,0,0,0,koolearn;xdf,1
sex,133880,https://www.koolearn.com/dict/wd_133880.html,L2-listening,1,S,18,7,0,2,0,0,0,koolearn,0
shatter,134304,https://www.koolearn.com/dict/wd_134304.html,L1-base-L1,1,S,18,0,3,0,0,1,1,koolearn;xdf,1
similarly,136022,https://www.koolearn.com/dict/wd_136022.html,L2-reading,1,S,18,0,7,1,0,0,0,koolearn;xdf,1
sincere,136135,https://www.koolearn.com/dict/wd_136135.html,L3-xdf,1,S,18,0,2,0,1,0,0,koolearn;xdf,1
sleek,137057,https://www.koolearn.com/dict/wd_137057.html,L2-listening,1,S,18,5,2,0,3,0,0,koolearn;xdf,1
smash,137623,https://www.koolearn.com/dict/wd_137623.html,L1-base-L1,1,S,18,2,2,0,3,1,1,koolearn,0
specifically,139911,https://www.koolearn.com/dict/wd_139911.html,L2-reading,1,S,18,0,7,1,2,0,0,koolearn,0
speculation,139988,https://www.koolearn.com/dict/wd_139988.html,L3-xdf,1,S,18,1,3,0,0,0,0,koolearn;xdf,1
speech,139998,https://www.koolearn.com/dict/wd_139998.html,L2-listening,1,S,18,9,3,1,0,0,0,koolearn,0
spiral,140391,https://www.koolearn.com/dict/wd_140391.html,L2-listening,1,S,18,7,0,0,0,0,0,koolearn;xdf,1
step,142294,https://www.koolearn.com/dict/wd_142294.html,L2-listening,1,S,18,6,1,0,2,0,0,koolearn,0
strive,143581,https://www.koolearn.com/dict/wd_143581.html,L1-base-L1,1,S,18,0,2,3,0,1,1,koolearn,0
successful,144572,https://www.koolearn.com/dict/wd_144572.html,L2-listening,1,S,18,7,4,0,1,0,0,koolearn,0
suicide,144792,https://www.koolearn.com/dict/wd_144792.html,L2-reading,1,S,18,0,6,0,0,0,0,koolearn,0
summit,145012,https://www.koolearn.com/dict/wd_145012.html,L1-base-L1,1,S,18,3,0,1,0,1,1,koolearn;xdf,1
talented,147551,https://www.koolearn.com/dict/wd_147551.html,L2-reading,1,S,18,1,5,1,3,0,0,koolearn,0
tender,149078,https://www.koolearn.com/dict/wd_149078.html,L3-xdf,1,S,18,3,1,2,1,0,0,koolearn;xdf,1
tent,149207,https://www.koolearn.com/dict/wd_149207.html,L2-listening,1,S,18,11,0,0,1,0,0,koolearn,0
threshold,150849,https://www.koolearn.com/dict/wd_150849.html,L1-base-L1,1,S,18,0,1,2,0,1,1,koolearn;xdf,1
toaster,152424,https://www.koolearn.com/dict/wd_152424.html,L2-listening,1,S,18,14,0,0,1,0,0,koolearn,0
transformation,154032,https://www.koolearn.com/dict/wd_154032.html,L2-reading,1,S,18,0,5,3,1,0,0,koolearn,0
treaty,154423,https://www.koolearn.com/dict/wd_154423.html,L2-listening,1,S,18,5,1,0,0,0,0,koolearn,0
triple,154936,https://www.koolearn.com/dict/wd_154936.html,L3-xdf,1,S,18,2,2,2,0,0,0,koolearn;xdf,1
unveil,159508,https://www.koolearn.com/dict/wd_159508.html,L3-xdf,1,S,18,0,2,3,0,0,0,koolearn;xdf,1
update,159707,https://www.koolearn.com/dict/wd_159707.html,L1-base-L3,1,S,18,4,3,1,0,1,3,koolearn,0
vague,160523,https://www.koolearn.com/dict/wd_160523.html,L1-base-L1,1,S,18,1,4,0,1,1,1,koolearn;xdf,1
veterinarian,161671,https://www.koolearn.com/dict/wd_161671.html,L2-listening,1,S,18,6,0,0,3,0,0,koolearn;xdf,1
vibrant,161747,https://www.koolearn.com/dict/wd_161747.html,L3-xdf,1,S,18,1,0,3,4,0,0,koolearn;xdf,1
voucher,162850,https://www.koolearn.com/dict/wd_162850.html,L2-listening,1,S,18,5,1,0,1,0,0,koolearn,0
weird,164443,https://www.koolearn.com/dict/wd_164443.html,L2-reading,1,S,18,0,5,0,2,0,0,koolearn,0
wheelchair,164895,https://www.koolearn.com/dict/wd_164895.html,L2-listening,1,S,18,10,1,0,0,0,0,koolearn;xdf,1
wreck,166942,https://www.koolearn.com/dict/wd_166942.html,L2-reading,1,S,18,0,6,2,0,0,0,koolearn,0
zone,168302,https://www.koolearn.com/dict/wd_168302.html,L2-listening,1,S,18,5,3,0,0,0,0,koolearn;xdf,1
absolute,870,https://www.koolearn.com/dict/wd_870.html,L2-reading,1,S,17,1,6,0,0,0,0,koolearn;xdf,1
academy,1067,https://www.koolearn.com/dict/wd_1067.html,L2-reading,1,S,17,3,8,0,0,0,0,koolearn,0
acclaim,1232,https://www.koolearn.com/dict/wd_1232.html,L3-xdf,1,S,17,3,3,1,0,0,0,koolearn;xdf,1
acid rain,1614,https://www.koolearn.com/dict/wd_1614.html,L2-listening,1,S,17,5,1,1,3,0,0,koolearn,0
actor,1978,https://www.koolearn.com/dict/wd_1978.html,L2-listening,1,S,17,10,0,0,0,0,0,koolearn,0
addiction,2159,https://www.koolearn.com/dict/wd_2159.html,L2-writing,1,S,17,1,1,5,1,0,0,koolearn;xdf,1
aerial,2872,https://www.koolearn.com/dict/wd_2872.html,L2-listening,1,S,17,9,0,0,0,0,0,koolearn,0
affordable,3113,https://www.koolearn.com/dict/wd_3113.html,L2-reading,1,S,17,0,5,3,2,0,0,koolearn,0
alarming,4186,https://www.koolearn.com/dict/wd_4186.html,L2-reading,1,S,17,0,5,1,0,0,0,koolearn,0
alley,4823,https://www.koolearn.com/dict/wd_4823.html,L2-listening,1,S,17,13,0,0,0,0,0,koolearn;xdf,1
anatomy,6173,https://www.koolearn.com/dict/wd_6173.html,L1-base-L2,1,S,17,3,2,0,0,1,2,koolearn;xdf,1
announce,6796,https://www.koolearn.com/dict/wd_6796.html,L2-reading,1,S,17,1,7,0,0,0,0,koolearn;xdf,1
announcement,6798,https://www.koolearn.com/dict/wd_6798.html,L2-listening,1,S,17,5,3,0,0,0,0,koolearn,0
Antarctica,7004,https://www.koolearn.com/dict/wd_7004.html,L2-listening,1,S,17,11,1,0,0,0,0,koolearn,0
appalling,7927,https://www.koolearn.com/dict/wd_7927.html,L2-listening,1,S,17,6,0,0,0,0,0,koolearn,0
apt,8283,https://www.koolearn.com/dict/wd_8283.html,L1-base-L2,1,S,17,0,4,0,0,1,2,koolearn;xdf,1
astray,10270,https://www.koolearn.com/dict/wd_10270.html,L3-xdf,1,S,17,2,0,2,1,0,0,koolearn;xdf,1
automatically,11525,https://www.koolearn.com/dict/wd_11525.html,L3-xdf,1,S,17,1,4,2,1,0,0,koolearn;xdf,1
beard,15149,https://www.koolearn.com/dict/wd_15149.html,L2-listening,1,S,17,12,0,0,0,0,0,koolearn,0
beautiful,15273,https://www.koolearn.com/dict/wd_15273.html,L2-listening,1,S,17,7,1,3,0,0,0,koolearn,0
bedsit,15486,https://www.koolearn.com/dict/wd_15486.html,L2-listening,1,S,17,14,0,0,0,0,0,koolearn,0
beginner,15657,https://www.koolearn.com/dict/wd_15657.html,L2-listening,1,S,17,11,1,0,0,0,0,koolearn,0
belt,15960,https://www.koolearn.com/dict/wd_15960.html,L2-listening,1,S,17,9,1,0,0,0,0,koolearn;xdf,1
bind,17145,https://www.koolearn.com/dict/wd_17145.html,L3-xdf,1,S,17,0,2,0,0,0,0,koolearn;xdf,1
biologist,17287,https://www.koolearn.com/dict/wd_17287.html,L2-listening,1,S,17,7,4,0,0,0,0,koolearn,0
bottom,19703,https://www.koolearn.com/dict/wd_19703.html,L1-base-L1,1,S,17,3,4,3,0,1,1,koolearn,0
broad,21112,https://www.koolearn.com/dict/wd_21112.html,L2-listening,1,S,17,6,2,0,0,0,0,koolearn,0
brutal,21521,https://www.koolearn.com/dict/wd_21521.html,L1-base-L1,1,S,17,0,1,0,1,1,1,koolearn;xdf,1
bush,22424,https://www.koolearn.com/dict/wd_22424.html,L2-listening,1,S,17,7,1,0,2,0,0,koolearn,0
calculation,23387,https://www.koolearn.com/dict/wd_23387.html,L2-reading,1,S,17,4,5,0,0,0,0,koolearn,0
chamber,26882,https://www.koolearn.com/dict/wd_26882.html,L3-xdf,1,S,17,3,3,0,0,0,0,koolearn;xdf,1
champion,26925,https://www.koolearn.com/dict/wd_26925.html,L2-listening,1,S,17,5,0,0,0,0,0,koolearn;xdf,1
chancellor,26952,https://www.koolearn.com/dict/wd_26952.html,L2-listening,1,S,17,13,0,0,0,0,0,koolearn;xdf,1
chef,27529,https://www.koolearn.com/dict/wd_27529.html,L2-listening,1,S,17,7,0,0,2,0,0,koolearn;xdf,1
chicken,27813,https://www.koolearn.com/dict/wd_27813.html,L2-listening,1,S,17,11,0,0,0,0,0,koolearn,0
choice,28327,https://www.koolearn.com/dict/wd_28327.html,L2-listening,1,S,17,7,1,0,0,0,0,koolearn,0
civilization,29317,https://www.koolearn.com/dict/wd_29317.html,L3-xdf,1,S,17,0,4,1,1,0,0,koolearn;xdf,1
coarse,30503,https://www.koolearn.com/dict/wd_30503.html,L1-base-L1,1,S,17,2,2,0,0,1,1,koolearn;xdf,1
collaboration,31197,https://www.koolearn.com/dict/wd_31197.html,L3-xdf,1,S,17,1,4,0,0,0,0,koolearn;xdf,1
collision,31321,https://www.koolearn.com/dict/wd_31321.html,L3-xdf,1,S,17,0,2,2,1,0,0,koolearn;xdf,1
comic,31821,https://www.koolearn.com/dict/wd_31821.html,L3-xdf,1,S,17,3,0,0,0,0,0,koolearn;xdf,1
comprehension,32509,https://www.koolearn.com/dict/wd_32509.html,L2-reading,1,S,17,4,5,0,0,0,0,koolearn;xdf,1
consciousness,33465,https://www.koolearn.com/dict/wd_33465.html,L2-reading,1,S,17,0,7,0,0,0,0,koolearn,0
considerate,33536,https://www.koolearn.com/dict/wd_33536.html,L1-base-L1,1,S,17,1,1,1,4,1,1,koolearn,0
contradiction,34027,https://www.koolearn.com/dict/wd_34027.html,L3-xdf,1,S,17,0,3,2,0,0,0,koolearn;xdf,1
counter,35506,https://www.koolearn.com/dict/wd_35506.html,L1-base-L3,1,S,17,1,2,0,0,1,3,koolearn;xdf,1
creation,36335,https://www.koolearn.com/dict/wd_36335.html,L3-xdf,1,S,17,4,2,0,0,0,0,koolearn;xdf,1
crew,36543,https://www.koolearn.com/dict/wd_36543.html,L3-xdf,1,S,17,3,1,0,0,0,0,koolearn;xdf,1
date,39012,https://www.koolearn.com/dict/wd_39012.html,L2-listening,1,S,17,7,1,0,0,0,0,koolearn,0
deception,39683,https://www.koolearn.com/dict/wd_39683.html,L1-base-L2,1,S,17,4,1,0,1,1,2,koolearn;xdf,1
definitive,40232,https://www.koolearn.com/dict/wd_40232.html,L2-reading,1,S,17,0,6,0,0,0,0,koolearn,0
delta,40674,https://www.koolearn.com/dict/wd_40674.html,L2-reading,1,S,17,3,5,0,1,0,0,koolearn;xdf,1
derelict,41403,https://www.koolearn.com/dict/wd_41403.html,L2-listening,1,S,17,5,3,0,1,0,0,koolearn;xdf,1
destructive,41792,https://www.koolearn.com/dict/wd_41792.html,L2-reading,1,S,17,1,6,0,1,0,0,koolearn;xdf,1
disagree,43383,https://www.koolearn.com/dict/wd_43383.html,L1-base-L2,1,S,17,2,2,0,0,1,2,koolearn;xdf,1
disruptive,44235,https://www.koolearn.com/dict/wd_44235.html,L2-reading,1,S,17,0,6,2,1,0,0,koolearn;xdf,1
diversify,44601,https://www.koolearn.com/dict/wd_44601.html,L1-base-L2,1,S,17,2,4,2,1,1,2,koolearn;xdf,1
dose,45532,https://www.koolearn.com/dict/wd_45532.html,L3-xdf,1,S,17,2,2,0,0,0,0,koolearn;xdf,1
double,45594,https://www.koolearn.com/dict/wd_45594.html,L1-base-L2,1,S,17,4,3,2,0,1,2,koolearn,0
drive,46417,https://www.koolearn.com/dict/wd_46417.html,L2-listening,1,S,17,6,2,0,0,0,0,koolearn,0
due to,46898,https://www.koolearn.com/dict/wd_46898.html,L2-reading,1,S,17,2,5,3,1,0,0,koolearn,0
effort,48330,https://www.koolearn.com/dict/wd_48330.html,L3-xdf,1,S,17,1,3,1,0,0,0,koolearn;xdf,1
electric,48674,https://www.koolearn.com/dict/wd_48674.html,L2-listening,1,S,17,6,1,0,0,0,0,koolearn,0
elephant,48884,https://www.koolearn.com/dict/wd_48884.html,L2-listening,1,S,17,10,0,0,1,0,0,koolearn,0
eminent,49458,https://www.koolearn.com/dict/wd_49458.html,L1-base-L1,1,S,17,1,2,1,0,1,1,koolearn;xdf,1
emperor,49537,https://www.koolearn.com/dict/wd_49537.html,L2-listening,1,S,17,6,1,0,0,0,0,koolearn;xdf,1
entice,50685,https://www.koolearn.com/dict/wd_50685.html,L3-xdf,1,S,17,0,3,1,0,0,0,koolearn;xdf,1
escalator,51661,https://www.koolearn.com/dict/wd_51661.html,L2-listening,1,S,17,7,0,0,2,0,0,koolearn;xdf,1
excitement,52867,https://www.koolearn.com/dict/wd_52867.html,L2-listening,1,S,17,6,1,0,2,0,0,koolearn;xdf,1
extrovert,53884,https://www.koolearn.com/dict/wd_53884.html,L3-xdf,1,S,17,2,2,0,2,0,0,koolearn;xdf,1
fairly,54365,https://www.koolearn.com/dict/wd_54365.html,L2-reading,1,S,17,2,5,0,1,0,0,koolearn;xdf,1
fire,56675,https://www.koolearn.com/dict/wd_56675.html,L2-listening,1,S,17,7,1,0,0,0,0,koolearn,0
firewood,56787,https://www.koolearn.com/dict/wd_56787.html,L2-listening,1,S,17,10,1,0,0,0,0,koolearn,0
firework,56788,https://www.koolearn.com/dict/wd_56788.html,L2-listening,1,S,17,5,3,0,3,0,0,koolearn,0
fishing,56959,https://www.koolearn.com/dict/wd_56959.html,L2-listening,1,S,17,10,1,0,1,0,0,koolearn,0
footprint,58656,https://www.koolearn.com/dict/wd_58656.html,L2-listening,1,S,17,10,0,2,0,0,0,koolearn,0
forum,59350,https://www.koolearn.com/dict/wd_59350.html,L1-base-L2,1,S,17,1,1,0,1,1,2,koolearn;xdf,1
fragrance,59615,https://www.koolearn.com/dict/wd_59615.html,L1-base-L1,1,S,17,1,1,0,4,1,1,koolearn;xdf,1
freshman,60053,https://www.koolearn.com/dict/wd_60053.html,L2-listening,1,S,17,13,0,0,1,0,0,koolearn,0
fruit,60482,https://www.koolearn.com/dict/wd_60482.html,L2-listening,1,S,17,8,3,0,0,0,0,koolearn,0
fulfil,60664,https://www.koolearn.com/dict/wd_60664.html,L3-xdf,1,S,17,3,2,4,0,0,0,koolearn;xdf,1
globalization,63927,https://www.koolearn.com/dict/wd_63927.html,L2-writing,1,S,17,0,1,6,1,0,0,koolearn,0
gold,64670,https://www.koolearn.com/dict/wd_64670.html,L2-listening,1,S,17,10,0,0,1,0,0,koolearn,0
granite,65477,https://www.koolearn.com/dict/wd_65477.html,L3-xdf,1,S,17,4,2,0,0,0,0,koolearn;xdf,1
graph,65536,https://www.koolearn.com/dict/wd_65536.html,L3-xdf,1,S,17,3,4,1,0,0,0,koolearn;xdf,1
gratitude,65628,https://www.koolearn.com/dict/wd_65628.html,L1-base-L1,1,S,17,0,3,0,0,1,1,koolearn,0
guilty,66675,https://www.koolearn.com/dict/wd_66675.html,L3-xdf,1,S,17,1,0,1,0,0,0,koolearn;xdf,1
guitar,66694,https://www.koolearn.com/dict/wd_66694.html,L2-listening,1,S,17,9,0,0,0,0,0,koolearn,0
handicraft,67834,https://www.koolearn.com/dict/wd_67834.html,L2-listening,1,S,17,5,2,0,0,0,0,koolearn,0
harm,68280,https://www.koolearn.com/dict/wd_68280.html,L1-base-L1,1,S,17,1,3,1,0,1,1,koolearn,0
hesitation,70216,https://www.koolearn.com/dict/wd_70216.html,L2-reading,1,S,17,3,6,0,0,0,0,koolearn;xdf,1
hide,70438,https://www.koolearn.com/dict/wd_70438.html,L2-listening,1,S,17,6,1,2,2,0,0,koolearn;xdf,1
history,70974,https://www.koolearn.com/dict/wd_70974.html,L2-listening,1,S,17,9,2,0,0,0,0,koolearn,0
hockey,71156,https://www.koolearn.com/dict/wd_71156.html,L2-listening,1,S,17,6,1,0,1,0,0,koolearn;xdf,1
hook,71859,https://www.koolearn.com/dict/wd_71859.html,L3-xdf,1,S,17,3,0,3,0,0,0,koolearn;xdf,1
hospitable,72144,https://www.koolearn.com/dict/wd_72144.html,L1-base-L1,1,S,17,1,0,1,4,1,1,koolearn;xdf,1
ideology,73982,https://www.koolearn.com/dict/wd_73982.html,L2-writing,1,S,17,0,1,5,0,0,0,koolearn,0
impoverished,75002,https://www.koolearn.com/dict/wd_75002.html,L3-xdf,1,S,17,0,1,3,0,0,0,koolearn;xdf,1
impress,75033,https://www.koolearn.com/dict/wd_75033.html,L3-xdf,1,S,17,1,2,1,0,0,0,koolearn;xdf,1
incompatible,76316,https://www.koolearn.com/dict/wd_76316.html,L3-xdf,1,S,17,1,2,3,1,0,0,koolearn;xdf,1
indifferent,76676,https://www.koolearn.com/dict/wd_76676.html,L3-xdf,1,S,17,1,1,3,1,0,0,koolearn;xdf,1
industrious,76912,https://www.koolearn.com/dict/wd_76912.html,L3-xdf,1,S,17,1,0,4,4,0,0,koolearn;xdf,1
inform,77263,https://www.koolearn.com/dict/wd_77263.html,L3-xdf,1,S,17,4,4,0,0,0,0,koolearn;xdf,1
introvert,79116,https://www.koolearn.com/dict/wd_79116.html,L3-xdf,1,S,17,2,2,0,2,0,0,koolearn;xdf,1
involvement,79389,https://www.koolearn.com/dict/wd_79389.html,L2-reading,1,S,17,0,8,4,0,0,0,koolearn,0
keyboard,82569,https://www.koolearn.com/dict/wd_82569.html,L2-listening,1,S,17,9,1,0,0,0,0,koolearn,0
landlady,84402,https://www.koolearn.com/dict/wd_84402.html,L2-listening,1,S,17,12,0,0,0,0,0,koolearn,0
lessen,86106,https://www.koolearn.com/dict/wd_86106.html,L2-listening,1,S,17,5,4,1,0,0,0,koolearn,0
light,86771,https://www.koolearn.com/dict/wd_86771.html,L2-listening,1,S,17,7,0,0,0,0,0,koolearn,0
long-term,88371,https://www.koolearn.com/dict/wd_88371.html,L3-xdf,1,S,17,3,3,1,0,0,0,koolearn;xdf,1
longevity,88391,https://www.koolearn.com/dict/wd_88391.html,L2-reading,1,S,17,0,5,1,1,0,0,koolearn,0
lower,89004,https://www.koolearn.com/dict/wd_89004.html,L1-base-L1,1,S,17,2,0,2,0,1,1,koolearn;xdf,1
machine,89799,https://www.koolearn.com/dict/wd_89799.html,L2-listening,1,S,17,7,3,0,0,0,0,koolearn,0
mainly,90306,https://www.koolearn.com/dict/wd_90306.html,L2-reading,1,S,17,2,8,1,0,0,0,koolearn;xdf,1
maltreat,90910,https://www.koolearn.com/dict/wd_90910.html,L1-base-L3,1,S,17,0,0,2,1,1,3,koolearn;xdf,1
mean,92634,https://www.koolearn.com/dict/wd_92634.html,L2-reading,1,S,17,1,5,2,1,0,0,koolearn,0
memorable,93299,https://www.koolearn.com/dict/wd_93299.html,L3-xdf,1,S,17,1,2,3,6,0,0,koolearn;xdf,1
mileage,94645,https://www.koolearn.com/dict/wd_94645.html,L2-listening,1,S,17,13,0,0,0,0,0,koolearn,0
motor,97326,https://www.koolearn.com/dict/wd_97326.html,L2-listening,1,S,17,5,4,0,0,0,0,koolearn,0
multimedia,97989,https://www.koolearn.com/dict/wd_97989.html,L2-listening,1,S,17,8,2,0,3,0,0,koolearn,0
murder,98197,https://www.koolearn.com/dict/wd_98197.html,L2-listening,1,S,17,5,0,1,1,0,0,koolearn;xdf,1
mystery,98752,https://www.koolearn.com/dict/wd_98752.html,L2-reading,1,S,17,2,5,0,1,0,0,koolearn,0
notice board,102059,https://www.koolearn.com/dict/wd_102059.html,L2-listening,1,S,17,13,0,0,0,0,0,koolearn;xdf,1
obese,102687,https://www.koolearn.com/dict/wd_102687.html,L2-writing,1,S,17,0,3,6,1,0,0,koolearn,0
observer,102851,https://www.koolearn.com/dict/wd_102851.html,L2-reading,1,S,17,3,6,0,0,0,0,koolearn,0
occurrence,103042,https://www.koolearn.com/dict/wd_103042.html,L2-reading,1,S,17,3,5,0,1,0,0,koolearn,0
office,103487,https://www.koolearn.com/dict/wd_103487.html,L2-listening,1,S,17,6,2,0,0,0,0,koolearn,0
outlet,106179,https://www.koolearn.com/dict/wd_106179.html,L2-listening,1,S,17,5,2,0,0,0,0,koolearn,0
overview,107170,https://www.koolearn.com/dict/wd_107170.html,L2-listening,1,S,17,5,2,0,0,0,0,koolearn;xdf,1
palm,107915,https://www.koolearn.com/dict/wd_107915.html,L2-listening,1,S,17,5,0,0,2,0,0,koolearn,0
parasite,108598,https://www.koolearn.com/dict/wd_108598.html,L2-listening,1,S,17,6,3,0,0,0,0,koolearn,0
partial,108954,https://www.koolearn.com/dict/wd_108954.html,L3-xdf,1,S,17,2,2,0,0,0,0,koolearn;xdf,1
pepper,110539,https://www.koolearn.com/dict/wd_110539.html,L3-xdf,1,S,17,4,2,0,1,0,0,koolearn;xdf,1
pharmacy,111600,https://www.koolearn.com/dict/wd_111600.html,L2-listening,1,S,17,10,2,0,0,0,0,koolearn,0
physically,112221,https://www.koolearn.com/dict/wd_112221.html,L2-listening,1,S,17,8,0,1,1,0,0,koolearn,0
pizza,113304,https://www.koolearn.com/dict/wd_113304.html,L2-listening,1,S,17,9,0,1,0,0,0,koolearn,0
place,113332,https://www.koolearn.com/dict/wd_113332.html,L2-listening,1,S,17,8,0,1,1,0,0,koolearn,0
plagiarise,113382,https://www.koolearn.com/dict/wd_113382.html,L2-reading,1,S,17,0,7,0,0,0,0,koolearn;xdf,1
poison,114571,https://www.koolearn.com/dict/wd_114571.html,L3-xdf,1,S,17,3,3,0,0,0,0,koolearn;xdf,1
pour,115959,https://www.koolearn.com/dict/wd_115959.html,L2-reading,1,S,17,1,5,1,0,0,0,koolearn;xdf,1
precarious,116330,https://www.koolearn.com/dict/wd_116330.html,L1-base-L2,1,S,17,0,2,0,0,1,2,koolearn;xdf,1
preferable,116593,https://www.koolearn.com/dict/wd_116593.html,L3-xdf,1,S,17,0,3,1,1,0,0,koolearn;xdf,1
problem,117758,https://www.koolearn.com/dict/wd_117758.html,L2-listening,1,S,17,8,1,1,0,0,0,koolearn,0
propagate,118331,https://www.koolearn.com/dict/wd_118331.html,L3-xdf,1,S,17,0,4,0,0,0,0,koolearn;xdf,1
recipient,122925,https://www.koolearn.com/dict/wd_122925.html,L3-xdf,1,S,17,0,4,0,0,0,0,koolearn;xdf,1
reel,123627,https://www.koolearn.com/dict/wd_123627.html,L3-xdf,1,S,17,4,4,0,0,0,0,koolearn;xdf,1
refer to,123699,https://www.koolearn.com/dict/wd_123699.html,L2-reading,1,S,17,2,9,0,0,0,0,koolearn,0
refrain,123874,https://www.koolearn.com/dict/wd_123874.html,L1-base-L1,1,S,17,0,2,0,0,1,1,koolearn;xdf,1
remind,124698,https://www.koolearn.com/dict/wd_124698.html,L3-xdf,1,S,17,2,1,0,0,0,0,koolearn;xdf,1
resent,125501,https://www.koolearn.com/dict/wd_125501.html,L3-xdf,1,S,17,0,1,0,1,0,0,koolearn;xdf,1
resit,125645,https://www.koolearn.com/dict/wd_125645.html,L2-listening,1,S,17,13,0,0,0,0,0,koolearn;xdf,1
respiratory,125737,https://www.koolearn.com/dict/wd_125737.html,L1-base-L2,1,S,17,0,2,2,2,1,2,koolearn,0
restrain,125849,https://www.koolearn.com/dict/wd_125849.html,L1-base-L1,1,S,17,0,1,3,0,1,1,koolearn;xdf,1
revolutionary,126487,https://www.koolearn.com/dict/wd_126487.html,L2-reading,1,S,17,1,7,0,1,0,0,koolearn,0
revolve,126498,https://www.koolearn.com/dict/wd_126498.html,L2-reading,1,S,17,0,5,3,0,0,0,koolearn;xdf,1
river,127414,https://www.koolearn.com/dict/wd_127414.html,L2-listening,1,S,17,9,0,0,0,0,0,koolearn,0
satisfaction,130361,https://www.koolearn.com/dict/wd_130361.html,L2-listening,1,S,17,5,0,2,2,0,0,koolearn,0
scream,131525,https://www.koolearn.com/dict/wd_131525.html,L3-xdf,1,S,17,1,4,0,4,0,0,koolearn;xdf,1
size,136504,https://www.koolearn.com/dict/wd_136504.html,L2-listening,1,S,17,11,0,0,0,0,0,koolearn,0
skip,136729,https://www.koolearn.com/dict/wd_136729.html,L3-xdf,1,S,17,1,0,0,1,0,0,koolearn;xdf,1
slaughter,136999,https://www.koolearn.com/dict/wd_136999.html,L1-base-L2,1,S,17,1,2,1,0,1,2,koolearn,0
slice,137161,https://www.koolearn.com/dict/wd_137161.html,L3-xdf,1,S,17,0,3,0,0,0,0,koolearn;xdf,1
smelly,137668,https://www.koolearn.com/dict/wd_137668.html,L2-listening,1,S,17,11,0,0,0,0,0,koolearn,0
Spanish,139667,https://www.koolearn.com/dict/wd_139667.html,L2-listening,1,S,17,11,0,0,0,0,0,koolearn,0
spectator,139952,https://www.koolearn.com/dict/wd_139952.html,L3-xdf,1,S,17,1,3,0,2,0,0,koolearn;xdf,1
spontaneous,140674,https://www.koolearn.com/dict/wd_140674.html,L1-base-L2,1,S,17,0,3,1,1,1,2,koolearn,0
statistical,141959,https://www.koolearn.com/dict/wd_141959.html,L2-reading,1,S,17,0,6,0,0,0,0,koolearn,0
stipulate,142691,https://www.koolearn.com/dict/wd_142691.html,L3-xdf,1,S,17,0,1,2,0,0,0,koolearn;xdf,1
stir,142697,https://www.koolearn.com/dict/wd_142697.html,L1-base-L1,1,S,17,1,3,2,1,1,1,koolearn;xdf,1
strap,143210,https://www.koolearn.com/dict/wd_143210.html,L1-base-L1,1,S,17,4,1,0,0,1,1,koolearn;xdf,1
street,143335,https://www.koolearn.com/dict/wd_143335.html,L2-listening,1,S,17,7,1,0,0,0,0,koolearn,0
succeed,144559,https://www.koolearn.com/dict/wd_144559.html,L2-reading,1,S,17,1,5,0,0,0,0,koolearn;xdf,1
suppose,145513,https://www.koolearn.com/dict/wd_145513.html,L2-reading,1,S,17,1,5,0,2,0,0,koolearn;xdf,1
swap,145999,https://www.koolearn.com/dict/wd_145999.html,L3-xdf,1,S,17,1,3,0,0,0,0,koolearn;xdf,1
swift,146217,https://www.koolearn.com/dict/wd_146217.html,L2-reading,1,S,17,0,7,0,0,0,0,koolearn;xdf,1
tease,148493,https://www.koolearn.com/dict/wd_148493.html,L1-base-L1,1,S,17,0,1,0,1,1,1,koolearn;xdf,1
tedious,148601,https://www.koolearn.com/dict/wd_148601.html,L3-xdf,1,S,17,0,1,1,2,0,0,koolearn;xdf,1
television,148865,https://www.koolearn.com/dict/wd_148865.html,L2-listening,1,S,17,10,0,1,0,0,0,koolearn,0
tense,149181,https://www.koolearn.com/dict/wd_149181.html,L2-reading,1,S,17,0,6,0,0,0,0,koolearn;xdf,1
tower,153439,https://www.koolearn.com/dict/wd_153439.html,L2-listening,1,S,17,10,0,0,0,0,0,koolearn,0
train,153815,https://www.koolearn.com/dict/wd_153815.html,L2-listening,1,S,17,8,2,1,0,0,0,koolearn,0
translate,154101,https://www.koolearn.com/dict/wd_154101.html,L1-base-L1,1,S,17,4,2,1,0,1,1,koolearn;xdf,1
tray,154353,https://www.koolearn.com/dict/wd_154353.html,L2-listening,1,S,17,7,3,0,0,0,0,koolearn,0
treatise,154417,https://www.koolearn.com/dict/wd_154417.html,L2-reading,1,S,17,1,7,0,0,0,0,koolearn;xdf,1
underpin,157637,https://www.koolearn.com/dict/wd_157637.html,L3-xdf,1,S,17,2,3,0,0,0,0,koolearn;xdf,1
unpredictable,158827,https://www.koolearn.com/dict/wd_158827.html,L2-reading,1,S,17,0,8,1,0,0,0,koolearn,0
usage,160206,https://www.koolearn.com/dict/wd_160206.html,L2-listening,1,S,17,6,3,1,0,0,0,koolearn,0
utterance,160368,https://www.koolearn.com/dict/wd_160368.html,L3-xdf,1,S,17,0,4,0,0,0,0,koolearn;xdf,1
valley,160624,https://www.koolearn.com/dict/wd_160624.html,L2-listening,1,S,17,5,1,1,2,0,0,koolearn,0
vice versa,161789,https://www.koolearn.com/dict/wd_161789.html,L2-listening,1,S,17,6,1,3,0,0,0,koolearn;xdf,1
waiter,163179,https://www.koolearn.com/dict/wd_163179.html,L2-listening,1,S,17,12,0,0,0,0,0,koolearn,0
wardrobe,163518,https://www.koolearn.com/dict/wd_163518.html,L2-listening,1,S,17,7,0,0,2,0,0,koolearn,0
weave,164231,https://www.koolearn.com/dict/wd_164231.html,L2-listening,1,S,17,5,2,1,1,0,0,koolearn,0
weekend,164346,https://www.koolearn.com/dict/wd_164346.html,L2-listening,1,S,17,12,0,0,0,0,0,koolearn,0
worthy,166836,https://www.koolearn.com/dict/wd_166836.html,L2-listening,1,S,17,5,0,0,0,0,0,koolearn;xdf,1
absence,841,https://www.koolearn.com/dict/wd_841.html,L2-reading,1,S,16,2,6,0,2,0,0,koolearn,0
acceptable,1170,https://www.koolearn.com/dict/wd_1170.html,L3-xdf,1,S,16,1,3,1,0,0,0,koolearn;xdf,1
account for,1320,https://www.koolearn.com/dict/wd_1320.html,L2-reading,1,S,16,0,5,4,1,0,0,koolearn,0
active,1948,https://www.koolearn.com/dict/wd_1948.html,L2-reading,1,S,16,1,6,2,0,0,0,koolearn,0
aerobics,2901,https://www.koolearn.com/dict/wd_2901.html,L3-xdf,1,S,16,4,0,0,0,0,0,koolearn;xdf,1
agile,3455,https://www.koolearn.com/dict/wd_3455.html,L1-base-L2,1,S,16,0,0,0,3,1,2,koolearn;xdf,1
agricultural,3604,https://www.koolearn.com/dict/wd_3604.html,L2-listening,1,S,16,5,0,2,0,0,0,koolearn,0
airport,4053,https://www.koolearn.com/dict/wd_4053.html,L2-listening,1,S,16,8,1,0,0,0,0,koolearn,0
aisle,4094,https://www.koolearn.com/dict/wd_4094.html,L1-base-L1,1,S,16,4,1,0,0,1,1,koolearn;xdf,1
alleviate,4816,https://www.koolearn.com/dict/wd_4816.html,L3-xdf,1,S,16,0,1,4,0,0,0,koolearn;xdf,1
ankle,6708,https://www.koolearn.com/dict/wd_6708.html,L2-listening,1,S,16,9,0,0,0,0,0,koolearn,0
appraisal,8145,https://www.koolearn.com/dict/wd_8145.html,L3-xdf,1,S,16,1,3,0,1,0,0,koolearn;xdf,1
arithmetic,8910,https://www.koolearn.com/dict/wd_8910.html,L3-xdf,1,S,16,1,4,0,0,0,0,koolearn;xdf,1
arrow,9195,https://www.koolearn.com/dict/wd_9195.html,L2-listening,1,S,16,8,1,0,0,0,0,koolearn,0
attendant,10933,https://www.koolearn.com/dict/wd_10933.html,L2-listening,1,S,16,8,1,0,3,0,0,koolearn,0
auditory,11148,https://www.koolearn.com/dict/wd_11148.html,L2-reading,1,S,16,0,7,0,0,0,0,koolearn,0
avalanche,11634,https://www.koolearn.com/dict/wd_11634.html,L1-base-L2,1,S,16,3,2,0,0,1,2,koolearn;xdf,1
bar,13244,https://www.koolearn.com/dict/wd_13244.html,L2-listening,1,S,16,6,1,0,0,0,0,koolearn;xdf,1
barely,13382,https://www.koolearn.com/dict/wd_13382.html,L3-xdf,1,S,16,1,2,1,2,0,0,koolearn;xdf,1
base,13673,https://www.koolearn.com/dict/wd_13673.html,L2-listening,1,S,16,5,3,0,0,0,0,koolearn,0
belief,15820,https://www.koolearn.com/dict/wd_15820.html,L2-reading,1,S,16,0,6,0,1,0,0,koolearn;xdf,1
beneath,16062,https://www.koolearn.com/dict/wd_16062.html,L3-xdf,1,S,16,3,2,0,0,0,0,koolearn;xdf,1
biased,16699,https://www.koolearn.com/dict/wd_16699.html,L3-xdf,1,S,16,0,0,4,2,0,0,koolearn;xdf,1
biography,17266,https://www.koolearn.com/dict/wd_17266.html,L2-listening,1,S,16,6,0,0,0,0,0,koolearn;xdf,1
bowl,19931,https://www.koolearn.com/dict/wd_19931.html,L2-listening,1,S,16,12,0,0,0,0,0,koolearn,0
breeding,20671,https://www.koolearn.com/dict/wd_20671.html,L2-listening,1,S,16,7,2,0,0,0,0,koolearn,0
bronze,21300,https://www.koolearn.com/dict/wd_21300.html,L2-listening,1,S,16,5,1,0,1,0,0,koolearn,0
building,21838,https://www.koolearn.com/dict/wd_21838.html,L2-listening,1,S,16,10,0,0,0,0,0,koolearn,0
calibrate,23439,https://www.koolearn.com/dict/wd_23439.html,L3-xdf,1,S,16,0,4,0,0,0,0,koolearn;xdf,1
captive,24456,https://www.koolearn.com/dict/wd_24456.html,L3-xdf,1,S,16,1,4,1,0,0,0,koolearn;xdf,1
caravan,24529,https://www.koolearn.com/dict/wd_24529.html,L2-listening,1,S,16,10,0,0,0,0,0,koolearn,0
case study,25230,https://www.koolearn.com/dict/wd_25230.html,L2-listening,1,S,16,10,1,0,0,0,0,koolearn,0
cautious,25896,https://www.koolearn.com/dict/wd_25896.html,L2-listening,1,S,16,5,1,0,0,0,0,koolearn;xdf,1
chase,27277,https://www.koolearn.com/dict/wd_27277.html,L3-xdf,1,S,16,2,1,0,1,0,0,koolearn;xdf,1
cheerful,27488,https://www.koolearn.com/dict/wd_27488.html,L2-listening,1,S,16,8,1,0,0,0,0,koolearn,0
chocolate,28316,https://www.koolearn.com/dict/wd_28316.html,L2-listening,1,S,16,9,0,0,1,0,0,koolearn,0
circular,29068,https://www.koolearn.com/dict/wd_29068.html,L2-listening,1,S,16,6,3,0,0,0,0,koolearn,0
clash,29500,https://www.koolearn.com/dict/wd_29500.html,L1-base-L1,1,S,16,1,0,0,3,1,1,koolearn;xdf,1
clear,29682,https://www.koolearn.com/dict/wd_29682.html,L2-listening,1,S,16,7,1,1,0,0,0,koolearn,0
clever,29809,https://www.koolearn.com/dict/wd_29809.html,L2-listening,1,S,16,9,1,0,1,0,0,koolearn,0
clumsy,30306,https://www.koolearn.com/dict/wd_30306.html,L1-base-L1,1,S,16,0,0,0,2,1,1,koolearn;xdf,1
comet,31797,https://www.koolearn.com/dict/wd_31797.html,L3-xdf,1,S,16,4,4,0,0,0,0,koolearn;xdf,1
compelling,32279,https://www.koolearn.com/dict/wd_32279.html,L2-reading,1,S,16,0,5,1,0,0,0,koolearn,0
complexity,32403,https://www.koolearn.com/dict/wd_32403.html,L2-reading,1,S,16,0,5,0,0,0,0,koolearn;xdf,1
concentrate on,32696,https://www.koolearn.com/dict/wd_32696.html,L2-writing,1,S,16,2,1,5,4,0,0,koolearn,0
configuration,33084,https://www.koolearn.com/dict/wd_33084.html,L3-xdf,1,S,16,0,4,0,0,0,0,koolearn;xdf,1
constantly,33644,https://www.koolearn.com/dict/wd_33644.html,L3-xdf,1,S,16,1,1,1,3,0,0,koolearn;xdf,1
convict,34278,https://www.koolearn.com/dict/wd_34278.html,L1-base-L1,1,S,16,0,3,0,0,1,1,koolearn,0
cosmic,35188,https://www.koolearn.com/dict/wd_35188.html,L3-xdf,1,S,16,1,4,0,0,0,0,koolearn;xdf,1
cosmopolitan,35215,https://www.koolearn.com/dict/wd_35215.html,L3-xdf,1,S,16,1,0,1,1,0,0,koolearn;xdf,1
craftsman,36084,https://www.koolearn.com/dict/wd_36084.html,L2-listening,1,S,16,7,2,0,1,0,0,koolearn,0
criticise,36736,https://www.koolearn.com/dict/wd_36736.html,L2-reading,1,S,16,2,6,0,0,0,0,koolearn;xdf,1
crude,37071,https://www.koolearn.com/dict/wd_37071.html,L3-xdf,1,S,16,2,2,0,0,0,0,koolearn;xdf,1
cumulative,37588,https://www.koolearn.com/dict/wd_37588.html,L3-xdf,1,S,16,0,4,0,0,0,0,koolearn;xdf,1
curly,37771,https://www.koolearn.com/dict/wd_37771.html,L2-listening,1,S,16,8,0,0,1,0,0,koolearn;xdf,1
curtail,37855,https://www.koolearn.com/dict/wd_37855.html,L3-xdf,1,S,16,0,3,0,0,0,0,koolearn;xdf,1
decision,39747,https://www.koolearn.com/dict/wd_39747.html,L2-listening,1,S,16,6,1,3,0,0,0,koolearn,0
defence,40126,https://www.koolearn.com/dict/wd_40126.html,L1-base-L2,1,S,16,4,2,1,0,1,2,koolearn;xdf,1
defend,40133,https://www.koolearn.com/dict/wd_40133.html,L1-base-L1,1,S,16,1,2,0,2,1,1,koolearn,0
delinquency,40600,https://www.koolearn.com/dict/wd_40600.html,L3-xdf,1,S,16,1,0,2,0,0,0,koolearn;xdf,1
desperate,41706,https://www.koolearn.com/dict/wd_41706.html,L3-xdf,1,S,16,3,1,1,0,0,0,koolearn;xdf,1
detective,41845,https://www.koolearn.com/dict/wd_41845.html,L2-reading,1,S,16,0,6,0,0,0,0,koolearn;xdf,1
deterrent,41895,https://www.koolearn.com/dict/wd_41895.html,L2-writing,1,S,16,0,2,6,0,0,0,koolearn,0
dictate,42547,https://www.koolearn.com/dict/wd_42547.html,L1-base-L1,1,S,16,1,3,0,0,1,1,koolearn,0
directory,43298,https://www.koolearn.com/dict/wd_43298.html,L3-xdf,1,S,16,1,4,0,0,0,0,koolearn;xdf,1
disappear,43406,https://www.koolearn.com/dict/wd_43406.html,L1-base-L1,1,S,16,3,1,2,0,1,1,koolearn,0
disco,43557,https://www.koolearn.com/dict/wd_43557.html,L2-listening,1,S,16,12,0,0,0,0,0,koolearn,0
disdain,43719,https://www.koolearn.com/dict/wd_43719.html,L3-xdf,1,S,16,0,3,0,0,0,0,koolearn;xdf,1
divide,44637,https://www.koolearn.com/dict/wd_44637.html,L2-reading,1,S,16,3,5,0,0,0,0,koolearn;xdf,1
embody,49266,https://www.koolearn.com/dict/wd_49266.html,L3-xdf,1,S,16,0,1,0,0,0,0,koolearn;xdf,1
enlighten,50380,https://www.koolearn.com/dict/wd_50380.html,L1-base-L3,1,S,16,0,0,3,3,1,3,koolearn;xdf,1
erect,51430,https://www.koolearn.com/dict/wd_51430.html,L1-base-L1,1,S,16,2,3,3,0,1,1,koolearn,0
esteem,51872,https://www.koolearn.com/dict/wd_51872.html,L1-base-L1,1,S,16,0,2,0,0,1,1,koolearn;xdf,1
evolutionary,52634,https://www.koolearn.com/dict/wd_52634.html,L2-reading,1,S,16,3,6,0,0,0,0,koolearn,0
examination,52722,https://www.koolearn.com/dict/wd_52722.html,L2-listening,1,S,16,7,2,0,0,0,0,koolearn,0
example,52738,https://www.koolearn.com/dict/wd_52738.html,L2-listening,1,S,16,7,2,0,0,0,0,koolearn,0
exhausted,53113,https://www.koolearn.com/dict/wd_53113.html,L2-reading,1,S,16,0,8,0,1,0,0,koolearn,0
expression,53575,https://www.koolearn.com/dict/wd_53575.html,L2-reading,1,S,16,0,5,2,0,0,0,koolearn,0
extracurricular,53792,https://www.koolearn.com/dict/wd_53792.html,L1-base-L3,1,S,16,3,1,2,0,1,3,koolearn;xdf,1
exuberant,53897,https://www.koolearn.com/dict/wd_53897.html,L1-base-L2,1,S,16,0,1,0,0,1,2,koolearn;xdf,1
federation,55353,https://www.koolearn.com/dict/wd_55353.html,L2-reading,1,S,16,0,5,0,0,0,0,koolearn;xdf,1
fiber,55959,https://www.koolearn.com/dict/wd_55959.html,L2-listening,1,S,16,7,2,1,1,0,0,koolearn,0
flute,58151,https://www.koolearn.com/dict/wd_58151.html,L2-listening,1,S,16,9,0,0,3,0,0,koolearn,0
foam,58269,https://www.koolearn.com/dict/wd_58269.html,L3-xdf,1,S,16,3,2,0,0,0,0,koolearn;xdf,1
formative,59214,https://www.koolearn.com/dict/wd_59214.html,L2-reading,1,S,16,0,6,1,1,0,0,koolearn,0
freezer,59939,https://www.koolearn.com/dict/wd_59939.html,L2-listening,1,S,16,9,1,0,0,0,0,koolearn,0
fruitful,60508,https://www.koolearn.com/dict/wd_60508.html,L1-base-L1,1,S,16,0,2,2,1,1,1,koolearn;xdf,1
gas,61911,https://www.koolearn.com/dict/wd_61911.html,L2-listening,1,S,16,5,1,0,0,0,0,koolearn,0
glass,63741,https://www.koolearn.com/dict/wd_63741.html,L2-listening,1,S,16,10,0,0,0,0,0,koolearn,0
glimpse,63865,https://www.koolearn.com/dict/wd_63865.html,L3-xdf,1,S,16,1,2,0,0,0,0,koolearn;xdf,1
glorious,63995,https://www.koolearn.com/dict/wd_63995.html,L3-xdf,1,S,16,0,2,0,3,0,0,koolearn;xdf,1
greenhouse,65879,https://www.koolearn.com/dict/wd_65879.html,L2-listening,1,S,16,5,3,2,0,0,0,koolearn,0
groan,66152,https://www.koolearn.com/dict/wd_66152.html,L1-base-L1,1,S,16,0,3,0,0,1,1,koolearn;xdf,1
ground,66261,https://www.koolearn.com/dict/wd_66261.html,L2-listening,1,S,16,8,3,0,0,0,0,koolearn,0
habitual,67122,https://www.koolearn.com/dict/wd_67122.html,L2-reading,1,S,16,0,5,0,0,0,0,koolearn;xdf,1
hamper,67710,https://www.koolearn.com/dict/wd_67710.html,L1-base-L2,1,S,16,0,2,2,1,1,2,koolearn;xdf,1
handbook,67798,https://www.koolearn.com/dict/wd_67798.html,L2-listening,1,S,16,8,1,0,0,0,0,koolearn,0
headphone,69061,https://www.koolearn.com/dict/wd_69061.html,L2-listening,1,S,16,8,3,0,0,0,0,koolearn,0
horse,72060,https://www.koolearn.com/dict/wd_72060.html,L2-listening,1,S,16,11,0,0,0,0,0,koolearn,0
hostility,72186,https://www.koolearn.com/dict/wd_72186.html,L3-xdf,1,S,16,1,0,4,1,0,0,koolearn;xdf,1
hunting,72855,https://www.koolearn.com/dict/wd_72855.html,L2-listening,1,S,16,9,2,0,1,0,0,koolearn,0
hybrid,73017,https://www.koolearn.com/dict/wd_73017.html,L3-xdf,1,S,16,1,1,3,0,0,0,koolearn;xdf,1
iceberg,73794,https://www.koolearn.com/dict/wd_73794.html,L2-listening,1,S,16,7,1,1,0,0,0,koolearn,0
inclusive,76267,https://www.koolearn.com/dict/wd_76267.html,L1-base-L3,1,S,16,2,3,0,1,1,3,koolearn;xdf,1
initially,77539,https://www.koolearn.com/dict/wd_77539.html,L2-reading,1,S,16,0,8,2,0,0,0,koolearn,0
inner,77643,https://www.koolearn.com/dict/wd_77643.html,L2-reading,1,S,16,0,5,1,0,0,0,koolearn,0
insignificant,77907,https://www.koolearn.com/dict/wd_77907.html,L1-base-L1,1,S,16,2,3,1,0,1,1,koolearn;xdf,1
intend,78276,https://www.koolearn.com/dict/wd_78276.html,L2-reading,1,S,16,2,5,0,0,0,0,koolearn;xdf,1
introduce,79081,https://www.koolearn.com/dict/wd_79081.html,L3-xdf,1,S,16,2,2,0,0,0,0,koolearn;xdf,1
intuition,79142,https://www.koolearn.com/dict/wd_79142.html,L1-base-L2,1,S,16,0,3,0,1,1,2,koolearn,0
irritate,79751,https://www.koolearn.com/dict/wd_79751.html,L1-base-L1,1,S,16,1,3,0,1,1,1,koolearn;xdf,1
jazz,80580,https://www.koolearn.com/dict/wd_80580.html,L2-listening,1,S,16,7,0,0,1,0,0,koolearn,0
jewelry,80842,https://www.koolearn.com/dict/wd_80842.html,L2-listening,1,S,16,7,1,0,2,0,0,koolearn,0
kindergarten,82880,https://www.koolearn.com/dict/wd_82880.html,L2-listening,1,S,16,8,1,0,1,0,0,koolearn;xdf,1
knife,83248,https://www.koolearn.com/dict/wd_83248.html,L2-listening,1,S,16,10,0,0,0,0,0,koolearn,0
ladder,84004,https://www.koolearn.com/dict/wd_84004.html,L2-listening,1,S,16,9,0,0,0,0,0,koolearn,0
load,87808,https://www.koolearn.com/dict/wd_87808.html,L3-xdf,1,S,16,1,3,0,1,0,0,koolearn;xdf,1
lunar,89305,https://www.koolearn.com/dict/wd_89305.html,L3-xdf,1,S,16,3,2,0,0,0,0,koolearn;xdf,1
magnitude,90153,https://www.koolearn.com/dict/wd_90153.html,L1-base-L2,1,S,16,1,2,0,1,1,2,koolearn;xdf,1
mane,91135,https://www.koolearn.com/dict/wd_91135.html,L2-listening,1,S,16,14,0,0,0,0,0,koolearn,0
meadow,92608,https://www.koolearn.com/dict/wd_92608.html,L1-base-L1,1,S,16,4,0,0,3,1,1,koolearn;xdf,1
meaningful,92654,https://www.koolearn.com/dict/wd_92654.html,L3-xdf,1,S,16,2,2,4,1,0,0,koolearn;xdf,1
metaphor,93934,https://www.koolearn.com/dict/wd_93934.html,L3-xdf,1,S,16,2,2,0,0,0,0,koolearn;xdf,1
milestone,94651,https://www.koolearn.com/dict/wd_94651.html,L2-reading,1,S,16,1,5,0,1,0,0,koolearn;xdf,1
mime,94861,https://www.koolearn.com/dict/wd_94861.html,L2-listening,1,S,16,11,0,0,0,0,0,koolearn;xdf,1
mock,95976,https://www.koolearn.com/dict/wd_95976.html,L2-listening,1,S,16,5,0,0,0,0,0,koolearn;xdf,1
moderately,96036,https://www.koolearn.com/dict/wd_96036.html,L3-xdf,1,S,16,1,3,4,0,0,0,koolearn;xdf,1
monthly,96759,https://www.koolearn.com/dict/wd_96759.html,L2-listening,1,S,16,9,0,0,0,0,0,koolearn,0
mortgage,97128,https://www.koolearn.com/dict/wd_97128.html,L2-listening,1,S,16,7,1,1,0,0,0,koolearn,0
muddle,97761,https://www.koolearn.com/dict/wd_97761.html,L2-listening,1,S,16,5,1,0,0,0,0,koolearn;xdf,1
music,98328,https://www.koolearn.com/dict/wd_98328.html,L2-listening,1,S,16,7,0,3,0,0,0,koolearn,0
narrator,99120,https://www.koolearn.com/dict/wd_99120.html,L2-listening,1,S,16,5,2,0,2,0,0,koolearn;xdf,1
novice,102154,https://www.koolearn.com/dict/wd_102154.html,L3-xdf,1,S,16,0,3,0,0,0,0,koolearn;xdf,1
obscene,102808,https://www.koolearn.com/dict/wd_102808.html,L3-xdf,1,S,16,0,0,2,2,0,0,koolearn;xdf,1
optic,104942,https://www.koolearn.com/dict/wd_104942.html,L2-listening,1,S,16,10,0,0,0,0,0,koolearn;xdf,1
ostrich,105753,https://www.koolearn.com/dict/wd_105753.html,L2-listening,1,S,16,11,0,0,0,0,0,koolearn,0
outweigh,106427,https://www.koolearn.com/dict/wd_106427.html,L3-xdf,1,S,16,1,0,3,0,0,0,koolearn;xdf,1
payable,109668,https://www.koolearn.com/dict/wd_109668.html,L2-listening,1,S,16,6,1,0,0,0,0,koolearn;xdf,1
perplex,111061,https://www.koolearn.com/dict/wd_111061.html,L1-base-L1,1,S,16,1,0,2,0,1,1,koolearn;xdf,1
pharmaceutical,111584,https://www.koolearn.com/dict/wd_111584.html,L2-reading,1,S,16,0,6,1,0,0,0,koolearn,0
photographer,112000,https://www.koolearn.com/dict/wd_112000.html,L2-listening,1,S,16,5,4,0,1,0,0,koolearn,0
picture,112480,https://www.koolearn.com/dict/wd_112480.html,L2-listening,1,S,16,6,3,0,0,0,0,koolearn,0
pillow,112739,https://www.koolearn.com/dict/wd_112739.html,L2-listening,1,S,16,9,0,0,0,0,0,koolearn,0
pine,112859,https://www.koolearn.com/dict/wd_112859.html,L1-base-L2,1,S,16,3,0,0,1,1,2,koolearn;xdf,1
playground,113847,https://www.koolearn.com/dict/wd_113847.html,L2-listening,1,S,16,10,0,0,0,0,0,koolearn,0
police,114682,https://www.koolearn.com/dict/wd_114682.html,L2-listening,1,S,16,8,3,0,0,0,0,koolearn,0
pollinate,114797,https://www.koolearn.com/dict/wd_114797.html,L2-listening,1,S,16,6,0,0,0,0,0,koolearn;xdf,1
portrait,115476,https://www.koolearn.com/dict/wd_115476.html,L1-base-L1,1,S,16,3,1,0,2,1,1,koolearn,0
pound,115948,https://www.koolearn.com/dict/wd_115948.html,L2-listening,1,S,16,9,1,0,0,0,0,koolearn,0
predominant,116536,https://www.koolearn.com/dict/wd_116536.html,L1-base-L2,1,S,16,4,1,0,0,1,2,koolearn;xdf,1
preferential,116600,https://www.koolearn.com/dict/wd_116600.html,L2-reading,1,S,16,0,6,3,1,0,0,koolearn,0
prepare,116809,https://www.koolearn.com/dict/wd_116809.html,L2-listening,1,S,16,5,2,1,0,0,0,koolearn;xdf,1
prerequisite,116892,https://www.koolearn.com/dict/wd_116892.html,L1-base-L3,1,S,16,4,2,2,2,1,3,koolearn;xdf,1
prevalence,117225,https://www.koolearn.com/dict/wd_117225.html,L3-xdf,1,S,16,0,3,2,2,0,0,koolearn;xdf,1
prize,117687,https://www.koolearn.com/dict/wd_117687.html,L2-listening,1,S,16,9,0,0,0,0,0,koolearn,0
probability,117727,https://www.koolearn.com/dict/wd_117727.html,L3-xdf,1,S,16,1,4,0,1,0,0,koolearn;xdf,1
propel,118344,https://www.koolearn.com/dict/wd_118344.html,L3-xdf,1,S,16,0,4,0,0,0,0,koolearn;xdf,1
prospective,118579,https://www.koolearn.com/dict/wd_118579.html,L3-xdf,1,S,16,0,3,0,0,0,0,koolearn;xdf,1
provisional,118848,https://www.koolearn.com/dict/wd_118848.html,L1-base-L1,1,S,16,4,3,0,0,1,1,koolearn,0
provoke,118866,https://www.koolearn.com/dict/wd_118866.html,L1-base-L1,1,S,16,0,1,1,0,1,1,koolearn,0
punish,119699,https://www.koolearn.com/dict/wd_119699.html,L2-writing,1,S,16,0,1,5,0,0,0,koolearn,0
puppet,119767,https://www.koolearn.com/dict/wd_119767.html,L2-listening,1,S,16,6,1,0,0,0,0,koolearn,0
quantitative,120613,https://www.koolearn.com/dict/wd_120613.html,L2-listening,1,S,16,5,4,0,0,0,0,koolearn,0
rain,121577,https://www.koolearn.com/dict/wd_121577.html,L2-listening,1,S,16,7,0,0,0,0,0,koolearn,0
rather than,122104,https://www.koolearn.com/dict/wd_122104.html,L2-reading,1,S,16,1,8,3,0,0,0,koolearn,0
readily,122459,https://www.koolearn.com/dict/wd_122459.html,L2-reading,1,S,16,1,6,0,0,0,0,koolearn,0
reiterate,124362,https://www.koolearn.com/dict/wd_124362.html,L3-xdf,1,S,16,0,3,3,0,0,0,koolearn;xdf,1
related,124436,https://www.koolearn.com/dict/wd_124436.html,L2-listening,1,S,16,6,1,0,0,0,0,koolearn,0
representation,125220,https://www.koolearn.com/dict/wd_125220.html,L2-reading,1,S,16,2,5,0,0,0,0,koolearn,0
reputable,125354,https://www.koolearn.com/dict/wd_125354.html,L3-xdf,1,S,16,0,3,0,0,0,0,koolearn;xdf,1
resign,125587,https://www.koolearn.com/dict/wd_125587.html,L3-xdf,1,S,16,1,2,0,0,0,0,koolearn;xdf,1
return,126218,https://www.koolearn.com/dict/wd_126218.html,L2-listening,1,S,16,9,1,0,0,0,0,koolearn,0
righteous,127071,https://www.koolearn.com/dict/wd_127071.html,L3-xdf,1,S,16,0,0,2,1,0,0,koolearn;xdf,1
Russian,129042,https://www.koolearn.com/dict/wd_129042.html,L2-listening,1,S,16,8,0,0,0,0,0,koolearn,0
sandwich,130003,https://www.koolearn.com/dict/wd_130003.html,L2-listening,1,S,16,8,0,0,1,0,0,koolearn,0
scare,130803,https://www.koolearn.com/dict/wd_130803.html,L3-xdf,1,S,16,1,2,1,0,0,0,koolearn;xdf,1
sceptical,130941,https://www.koolearn.com/dict/wd_130941.html,L2-reading,1,S,16,2,5,0,1,0,0,koolearn;xdf,1
schooling,131103,https://www.koolearn.com/dict/wd_131103.html,L2-writing,1,S,16,0,1,5,0,0,0,koolearn,0
scratch,131496,https://www.koolearn.com/dict/wd_131496.html,L3-xdf,1,S,16,2,2,0,0,0,0,koolearn;xdf,1
sensitivity,133193,https://www.koolearn.com/dict/wd_133193.html,L2-reading,1,S,16,0,6,0,1,0,0,koolearn,0
silly,135932,https://www.koolearn.com/dict/wd_135932.html,L2-reading,1,S,16,0,7,0,0,0,0,koolearn,0
simplify,136089,https://www.koolearn.com/dict/wd_136089.html,L1-base-L1,1,S,16,1,4,0,1,1,1,koolearn;xdf,1
situate,136456,https://www.koolearn.com/dict/wd_136456.html,L2-reading,1,S,16,2,5,1,1,0,0,koolearn,0
slander,136930,https://www.koolearn.com/dict/wd_136930.html,L3-xdf,1,S,16,0,0,1,0,0,0,koolearn;xdf,1
sledge,137048,https://www.koolearn.com/dict/wd_137048.html,L2-listening,1,S,16,5,3,0,0,0,0,koolearn;xdf,1
snake,137888,https://www.koolearn.com/dict/wd_137888.html,L2-listening,1,S,16,8,0,0,0,0,0,koolearn,0
snobbish,138103,https://www.koolearn.com/dict/wd_138103.html,L3-xdf,1,S,16,0,0,1,3,0,0,koolearn;xdf,1
sophisticate,139180,https://www.koolearn.com/dict/wd_139180.html,L2-reading,1,S,16,1,9,0,0,0,0,koolearn;xdf,1
sorrow,139278,https://www.koolearn.com/dict/wd_139278.html,L3-xdf,1,S,16,0,4,0,1,0,0,koolearn;xdf,1
speed,140012,https://www.koolearn.com/dict/wd_140012.html,L2-listening,1,S,16,8,2,0,0,0,0,koolearn,0
spoon,140700,https://www.koolearn.com/dict/wd_140700.html,L2-listening,1,S,16,13,0,0,0,0,0,koolearn,0
spur,141010,https://www.koolearn.com/dict/wd_141010.html,L1-base-L1,1,S,16,0,1,1,0,1,1,koolearn;xdf,1
squirrel,141242,https://www.koolearn.com/dict/wd_141242.html,L2-listening,1,S,16,11,0,0,0,0,0,koolearn,0
story,143040,https://www.koolearn.com/dict/wd_143040.html,L2-listening,1,S,16,6,2,0,0,0,0,koolearn,0
subsidiary,144374,https://www.koolearn.com/dict/wd_144374.html,L2-reading,1,S,16,0,5,1,0,0,0,koolearn;xdf,1
succumb,144611,https://www.koolearn.com/dict/wd_144611.html,L2-reading,1,S,16,2,7,0,0,0,0,koolearn;xdf,1
symbolism,146493,https://www.koolearn.com/dict/wd_146493.html,L2-reading,1,S,16,0,6,0,0,0,0,koolearn;xdf,1
tangible,147780,https://www.koolearn.com/dict/wd_147780.html,L1-base-L2,1,S,16,0,3,2,0,1,2,koolearn,0
tariff,148002,https://www.koolearn.com/dict/wd_148002.html,L3-xdf,1,S,16,0,2,1,1,0,0,koolearn;xdf,1
thrifty,150863,https://www.koolearn.com/dict/wd_150863.html,L1-base-L1,1,S,16,0,0,0,0,1,1,koolearn;xdf,1
time,151440,https://www.koolearn.com/dict/wd_151440.html,L2-listening,1,S,16,10,0,0,0,0,0,koolearn,0
torch,153040,https://www.koolearn.com/dict/wd_153040.html,L2-listening,1,S,16,8,1,0,0,0,0,koolearn,0
tourist attraction,153367,https://www.koolearn.com/dict/wd_153367.html,L2-listening,1,S,16,6,0,4,3,0,0,koolearn,0
tractor,153647,https://www.koolearn.com/dict/wd_153647.html,L2-listening,1,S,16,11,0,0,0,0,0,koolearn,0
trip,154915,https://www.koolearn.com/dict/wd_154915.html,L2-listening,1,S,16,10,0,0,0,0,0,koolearn,0
trouble,155219,https://www.koolearn.com/dict/wd_155219.html,L2-listening,1,S,16,6,4,1,0,0,0,koolearn,0
turbine,155827,https://www.koolearn.com/dict/wd_155827.html,L2-reading,1,S,16,3,5,1,0,0,0,koolearn;xdf,1
uncomfortable,157247,https://www.koolearn.com/dict/wd_157247.html,L2-listening,1,S,16,6,0,0,0,0,0,koolearn,0
underlie,157603,https://www.koolearn.com/dict/wd_157603.html,L2-reading,1,S,16,0,8,0,0,0,0,koolearn,0
urbanisation,160000,https://www.koolearn.com/dict/wd_160000.html,L2-writing,1,S,16,0,3,5,0,0,0,koolearn,0
useless,160233,https://www.koolearn.com/dict/wd_160233.html,L2-listening,1,S,16,6,1,0,0,0,0,koolearn,0
vacant,160424,https://www.koolearn.com/dict/wd_160424.html,L1-base-L1,1,S,16,4,4,0,0,1,1,koolearn;xdf,1
variant,160845,https://www.koolearn.com/dict/wd_160845.html,L3-xdf,1,S,16,0,4,0,0,0,0,koolearn;xdf,1
velocity,161150,https://www.koolearn.com/dict/wd_161150.html,L3-xdf,1,S,16,0,3,0,0,0,0,koolearn;xdf,1
verify,161438,https://www.koolearn.com/dict/wd_161438.html,L1-base-L1,1,S,16,1,4,0,0,1,1,koolearn;xdf,1
vicious,161821,https://www.koolearn.com/dict/wd_161821.html,L1-base-L1,1,S,16,0,1,0,1,1,1,koolearn;xdf,1
viewpoint,161950,https://www.koolearn.com/dict/wd_161950.html,L2-listening,1,S,16,8,0,0,1,0,0,koolearn;xdf,1
waist,163148,https://www.koolearn.com/dict/wd_163148.html,L2-listening,1,S,16,7,0,0,0,0,0,koolearn;xdf,1
weigh,164399,https://www.koolearn.com/dict/wd_164399.html,L2-reading,1,S,16,0,5,0,0,0,0,koolearn;xdf,1
willing,165605,https://www.koolearn.com/dict/wd_165605.html,L3-xdf,1,S,16,1,1,1,0,0,0,koolearn;xdf,1
willow,165613,https://www.koolearn.com/dict/wd_165613.html,L2-listening,1,S,16,9,0,0,3,0,0,koolearn,0
wise,166014,https://www.koolearn.com/dict/wd_166014.html,L2-listening,1,S,16,7,1,0,0,0,0,koolearn,0
withdrawal,166150,https://www.koolearn.com/dict/wd_166150.html,L1-base-L3,1,S,16,3,4,2,1,1,3,koolearn,0
wonder,166369,https://www.koolearn.com/dict/wd_166369.html,L2-reading,1,S,16,1,5,1,0,0,0,koolearn;xdf,1
woodland,166442,https://www.koolearn.com/dict/wd_166442.html,L2-listening,1,S,16,9,2,0,0,0,0,koolearn,0
wound,166863,https://www.koolearn.com/dict/wd_166863.html,L2-listening,1,S,16,7,1,0,0,0,0,koolearn,0
a couple of,68,https://www.koolearn.com/dict/wd_68.html,L2-listening,1,S,15,6,0,3,2,0,0,koolearn,0
abide,575,https://www.koolearn.com/dict/wd_575.html,L1-base-L1,1,S,15,0,0,3,0,1,1,koolearn;xdf,1
absent,846,https://www.koolearn.com/dict/wd_846.html,L3-xdf,1,S,15,4,4,0,0,0,0,koolearn;xdf,1
accent,1150,https://www.koolearn.com/dict/wd_1150.html,L2-listening,1,S,15,5,1,0,2,0,0,koolearn,0
actual,1984,https://www.koolearn.com/dict/wd_1984.html,L2-reading,1,S,15,3,5,0,0,0,0,koolearn;xdf,1
aggregate,3411,https://www.koolearn.com/dict/wd_3411.html,L1-base-L2,1,S,15,2,1,1,0,1,2,koolearn,0
air,3770,https://www.koolearn.com/dict/wd_3770.html,L2-listening,1,S,15,8,0,1,1,0,0,koolearn,0
albeit,4219,https://www.koolearn.com/dict/wd_4219.html,L3-xdf,1,S,15,0,3,1,1,0,0,koolearn;xdf,1
alcohol,4289,https://www.koolearn.com/dict/wd_4289.html,L3-xdf,1,S,15,2,1,0,1,0,0,koolearn;xdf,1
alienate,4496,https://www.koolearn.com/dict/wd_4496.html,L3-xdf,1,S,15,0,1,0,0,0,0,koolearn;xdf,1
amass,5345,https://www.koolearn.com/dict/wd_5345.html,L1-base-L2,1,S,15,0,4,0,0,1,2,koolearn;xdf,1
amazing,5367,https://www.koolearn.com/dict/wd_5367.html,L2-listening,1,S,15,6,1,0,2,0,0,koolearn,0
ash,9684,https://www.koolearn.com/dict/wd_9684.html,L2-listening,1,S,15,5,4,0,0,0,0,koolearn;xdf,1
auction,11078,https://www.koolearn.com/dict/wd_11078.html,L1-base-L2,1,S,15,0,3,0,0,1,2,koolearn,0
aviation,11745,https://www.koolearn.com/dict/wd_11745.html,L3-xdf,1,S,15,0,4,0,0,0,0,koolearn;xdf,1
balanced,12722,https://www.koolearn.com/dict/wd_12722.html,L2-writing,1,S,15,1,1,5,1,0,0,koolearn,0
ballet,12866,https://www.koolearn.com/dict/wd_12866.html,L2-listening,1,S,15,5,0,0,1,0,0,koolearn,0
bamboo,12976,https://www.koolearn.com/dict/wd_12976.html,L3-xdf,1,S,15,0,3,0,3,0,0,koolearn;xdf,1
banking,13161,https://www.koolearn.com/dict/wd_13161.html,L2-listening,1,S,15,10,0,1,0,0,0,koolearn,0
bark,13444,https://www.koolearn.com/dict/wd_13444.html,L2-listening,1,S,15,6,2,0,0,0,0,koolearn;xdf,1
beetle,15573,https://www.koolearn.com/dict/wd_15573.html,L2-listening,1,S,15,6,2,0,2,0,0,koolearn,0
beginning,15659,https://www.koolearn.com/dict/wd_15659.html,L2-listening,1,S,15,6,0,0,0,0,0,koolearn,0
besides,16350,https://www.koolearn.com/dict/wd_16350.html,L3-xdf,1,S,15,3,1,2,1,0,0,koolearn;xdf,1
betray,16516,https://www.koolearn.com/dict/wd_16516.html,L1-base-L1,1,S,15,1,2,0,1,1,1,koolearn;xdf,1
bewilder,16599,https://www.koolearn.com/dict/wd_16599.html,L1-base-L1,1,S,15,1,2,0,0,1,1,koolearn;xdf,1
bird,17399,https://www.koolearn.com/dict/wd_17399.html,L2-listening,1,S,15,9,0,0,0,0,0,koolearn,0
blaze,18008,https://www.koolearn.com/dict/wd_18008.html,L3-xdf,1,S,15,1,2,0,1,0,0,koolearn;xdf,1
boutique,19868,https://www.koolearn.com/dict/wd_19868.html,L2-listening,1,S,15,7,1,0,4,0,0,koolearn,0
bump,22035,https://www.koolearn.com/dict/wd_22035.html,L1-base-L1,1,S,15,1,2,0,0,1,1,koolearn;xdf,1
bury,22402,https://www.koolearn.com/dict/wd_22402.html,L2-listening,1,S,15,8,0,0,0,0,0,koolearn;xdf,1
cage,23236,https://www.koolearn.com/dict/wd_23236.html,L2-listening,1,S,15,9,0,0,0,0,0,koolearn,0
calf,23431,https://www.koolearn.com/dict/wd_23431.html,L3-xdf,1,S,15,4,1,0,0,0,0,koolearn;xdf,1
campsite,23850,https://www.koolearn.com/dict/wd_23850.html,L2-listening,1,S,15,10,1,0,0,0,0,koolearn,0
captivity,24459,https://www.koolearn.com/dict/wd_24459.html,L3-xdf,1,S,15,0,2,1,0,0,0,koolearn;xdf,1
cardiovascular,24720,https://www.koolearn.com/dict/wd_24720.html,L3-xdf,1,S,15,2,1,1,1,0,0,koolearn;xdf,1
carrot,25055,https://www.koolearn.com/dict/wd_25055.html,L2-listening,1,S,15,6,0,0,1,0,0,koolearn,0
catalyst,25521,https://www.koolearn.com/dict/wd_25521.html,L2-reading,1,S,15,0,5,0,0,0,0,koolearn,0
centigrade,26326,https://www.koolearn.com/dict/wd_26326.html,L2-listening,1,S,15,6,0,0,0,0,0,koolearn;xdf,1
charter,27249,https://www.koolearn.com/dict/wd_27249.html,L3-xdf,1,S,15,0,2,0,0,0,0,koolearn;xdf,1
chat,27315,https://www.koolearn.com/dict/wd_27315.html,L2-listening,1,S,15,9,0,0,1,0,0,koolearn,0
church,28798,https://www.koolearn.com/dict/wd_28798.html,L2-listening,1,S,15,9,1,0,0,0,0,koolearn,0
climatic,29859,https://www.koolearn.com/dict/wd_29859.html,L2-reading,1,S,15,2,5,0,0,0,0,koolearn;xdf,1
coexist,30875,https://www.koolearn.com/dict/wd_30875.html,L2-writing,1,S,15,0,1,5,0,0,0,koolearn;xdf,1
collate,31223,https://www.koolearn.com/dict/wd_31223.html,L3-xdf,1,S,15,4,2,0,0,0,0,koolearn;xdf,1
compliment,32426,https://www.koolearn.com/dict/wd_32426.html,L1-base-L1,1,S,15,1,1,0,2,1,1,koolearn;xdf,1
conceptual,32727,https://www.koolearn.com/dict/wd_32727.html,L2-reading,1,S,15,0,6,0,0,0,0,koolearn;xdf,1
conductor,32976,https://www.koolearn.com/dict/wd_32976.html,L2-listening,1,S,15,5,4,0,0,0,0,koolearn,0
connection,33380,https://www.koolearn.com/dict/wd_33380.html,L2-reading,1,S,15,1,5,0,0,0,0,koolearn;xdf,1
consideration,33539,https://www.koolearn.com/dict/wd_33539.html,L2-reading,1,S,15,1,6,0,0,0,0,koolearn;xdf,1
consignment,33552,https://www.koolearn.com/dict/wd_33552.html,L2-listening,1,S,15,5,0,0,0,0,0,koolearn;xdf,1
constitution,33668,https://www.koolearn.com/dict/wd_33668.html,L2-reading,1,S,15,1,5,0,0,0,0,koolearn;xdf,1
contempt,33848,https://www.koolearn.com/dict/wd_33848.html,L3-xdf,1,S,15,0,1,0,0,0,0,koolearn;xdf,1
continental,33909,https://www.koolearn.com/dict/wd_33909.html,L3-xdf,1,S,15,4,1,0,1,0,0,koolearn;xdf,1
count,35477,https://www.koolearn.com/dict/wd_35477.html,L2-reading,1,S,15,2,5,0,0,0,0,koolearn,0
country,35660,https://www.koolearn.com/dict/wd_35660.html,L2-listening,1,S,15,9,0,0,0,0,0,koolearn,0
courtship,35773,https://www.koolearn.com/dict/wd_35773.html,L2-reading,1,S,15,0,8,0,0,0,0,koolearn;xdf,1
currently,37813,https://www.koolearn.com/dict/wd_37813.html,L2-listening,1,S,15,6,0,0,2,0,0,koolearn;xdf,1
decipher,39741,https://www.koolearn.com/dict/wd_39741.html,L3-xdf,1,S,15,0,3,0,0,0,0,koolearn;xdf,1
decisive,39758,https://www.koolearn.com/dict/wd_39758.html,L1-base-L1,1,S,15,0,3,0,0,1,1,koolearn;xdf,1
denounce,41022,https://www.koolearn.com/dict/wd_41022.html,L1-base-L2,1,S,15,0,4,0,0,1,2,koolearn,0
dental,41049,https://www.koolearn.com/dict/wd_41049.html,L2-reading,1,S,15,0,9,0,0,0,0,koolearn,0
depend,41169,https://www.koolearn.com/dict/wd_41169.html,L3-xdf,1,S,15,2,4,0,0,0,0,koolearn;xdf,1
depend on,41170,https://www.koolearn.com/dict/wd_41170.html,L2-reading,1,S,15,2,6,3,1,0,0,koolearn,0
deputy,41361,https://www.koolearn.com/dict/wd_41361.html,L3-xdf,1,S,15,4,0,0,0,0,0,koolearn;xdf,1
descendant,41511,https://www.koolearn.com/dict/wd_41511.html,L1-base-L1,1,S,15,0,2,4,0,1,1,koolearn,0
difference,42676,https://www.koolearn.com/dict/wd_42676.html,L2-listening,1,S,15,5,3,1,0,0,0,koolearn,0
diffuse,42718,https://www.koolearn.com/dict/wd_42718.html,L3-xdf,1,S,15,0,3,0,0,0,0,koolearn;xdf,1
dining room,43038,https://www.koolearn.com/dict/wd_43038.html,L2-listening,1,S,15,8,0,0,0,0,0,koolearn,0
diving,44669,https://www.koolearn.com/dict/wd_44669.html,L2-listening,1,S,15,9,0,0,2,0,0,koolearn,0
drawer,46169,https://www.koolearn.com/dict/wd_46169.html,L2-listening,1,S,15,8,3,0,0,0,0,koolearn,0
dropout,46578,https://www.koolearn.com/dict/wd_46578.html,L2-listening,1,S,15,7,0,0,2,0,0,koolearn,0
dwindle,47321,https://www.koolearn.com/dict/wd_47321.html,L2-reading,1,S,15,0,5,0,0,0,0,koolearn;xdf,1
edible,48114,https://www.koolearn.com/dict/wd_48114.html,L1-base-L3,1,S,15,0,2,0,1,1,3,koolearn;xdf,1
embezzlement,49240,https://www.koolearn.com/dict/wd_49240.html,L2-listening,1,S,15,6,0,0,0,0,0,koolearn;xdf,1
encyclopaedia,49906,https://www.koolearn.com/dict/wd_49906.html,L2-reading,1,S,15,3,8,0,0,0,0,koolearn,0
engrave,50302,https://www.koolearn.com/dict/wd_50302.html,L3-xdf,1,S,15,4,2,0,0,0,0,koolearn;xdf,1
entail,50576,https://www.koolearn.com/dict/wd_50576.html,L1-base-L3,1,S,15,3,1,0,0,1,3,koolearn;xdf,1
entry,50805,https://www.koolearn.com/dict/wd_50805.html,L1-base-L1,1,S,15,3,1,0,0,1,1,koolearn,0
erupt,51604,https://www.koolearn.com/dict/wd_51604.html,L1-base-L2,1,S,15,0,4,0,1,1,2,koolearn,0
explosive,53506,https://www.koolearn.com/dict/wd_53506.html,L2-reading,1,S,15,1,5,0,0,0,0,koolearn;xdf,1
faith,54387,https://www.koolearn.com/dict/wd_54387.html,L3-xdf,1,S,15,1,3,0,0,0,0,koolearn;xdf,1
final,56448,https://www.koolearn.com/dict/wd_56448.html,L2-listening,1,S,15,6,1,2,0,0,0,koolearn,0
finger,56571,https://www.koolearn.com/dict/wd_56571.html,L2-listening,1,S,15,10,0,0,0,0,0,koolearn,0
flee,57532,https://www.koolearn.com/dict/wd_57532.html,L3-xdf,1,S,15,1,4,0,0,0,0,koolearn;xdf,1
float,57767,https://www.koolearn.com/dict/wd_57767.html,L1-base-L1,1,S,15,1,2,0,2,1,1,koolearn,0
flock,57805,https://www.koolearn.com/dict/wd_57805.html,L2-listening,1,S,15,6,1,0,0,0,0,koolearn,0
flour,57943,https://www.koolearn.com/dict/wd_57943.html,L2-listening,1,S,15,8,0,0,0,0,0,koolearn,0
fly,58181,https://www.koolearn.com/dict/wd_58181.html,L2-listening,1,S,15,7,0,0,0,0,0,koolearn,0
for the sake of,58774,https://www.koolearn.com/dict/wd_58774.html,L3-xdf,1,S,15,1,3,1,0,0,0,koolearn;xdf,1
foresee,59027,https://www.koolearn.com/dict/wd_59027.html,L3-xdf,1,S,15,0,0,0,0,0,0,koolearn;xdf,1
foul,59424,https://www.koolearn.com/dict/wd_59424.html,L3-xdf,1,S,15,2,2,1,0,0,0,koolearn;xdf,1
frugal,60477,https://www.koolearn.com/dict/wd_60477.html,L1-base-L2,1,S,15,0,3,0,4,1,2,koolearn,0
further,61041,https://www.koolearn.com/dict/wd_61041.html,L2-listening,1,S,15,6,4,0,0,0,0,koolearn,0
futile,61116,https://www.koolearn.com/dict/wd_61116.html,L1-base-L1,1,S,15,0,1,0,0,1,1,koolearn;xdf,1
future,61122,https://www.koolearn.com/dict/wd_61122.html,L2-listening,1,S,15,7,1,0,0,0,0,koolearn,0
giant,63195,https://www.koolearn.com/dict/wd_63195.html,L1-base-L1,1,S,15,1,4,0,0,1,1,koolearn,0
glide,63852,https://www.koolearn.com/dict/wd_63852.html,L3-xdf,1,S,15,0,1,0,1,0,0,koolearn;xdf,1
grab,65230,https://www.koolearn.com/dict/wd_65230.html,L1-base-L1,1,S,15,0,2,0,0,1,1,koolearn;xdf,1
grocery,66162,https://www.koolearn.com/dict/wd_66162.html,L2-listening,1,S,15,7,1,0,0,0,0,koolearn;xdf,1
haphazard,68026,https://www.koolearn.com/dict/wd_68026.html,L3-xdf,1,S,15,1,1,0,0,0,0,koolearn;xdf,1
harassment,68090,https://www.koolearn.com/dict/wd_68090.html,L1-base-L2,1,S,15,0,0,3,0,1,2,koolearn,0
headline,69045,https://www.koolearn.com/dict/wd_69045.html,L3-xdf,1,S,15,0,1,0,1,0,0,koolearn;xdf,1
heal,69105,https://www.koolearn.com/dict/wd_69105.html,L3-xdf,1,S,15,1,3,0,0,0,0,koolearn;xdf,1
hearing,69168,https://www.koolearn.com/dict/wd_69168.html,L2-listening,1,S,15,6,0,0,0,0,0,koolearn,0
heavy,69316,https://www.koolearn.com/dict/wd_69316.html,L2-listening,1,S,15,6,0,1,0,0,0,koolearn,0
hen,69872,https://www.koolearn.com/dict/wd_69872.html,L2-listening,1,S,15,12,0,0,0,0,0,koolearn,0
herbivore,70024,https://www.koolearn.com/dict/wd_70024.html,L2-reading,1,S,15,4,5,0,0,0,0,koolearn;xdf,1
hit,70979,https://www.koolearn.com/dict/wd_70979.html,L2-listening,1,S,15,6,2,0,2,0,0,koolearn,0
horror,72049,https://www.koolearn.com/dict/wd_72049.html,L1-base-L2,1,S,15,3,1,0,1,1,2,koolearn;xdf,1
ignite,74130,https://www.koolearn.com/dict/wd_74130.html,L1-base-L2,1,S,15,0,3,3,0,1,2,koolearn,0
imagine,74383,https://www.koolearn.com/dict/wd_74383.html,L3-xdf,1,S,15,2,4,0,0,0,0,koolearn;xdf,1
implicit,74902,https://www.koolearn.com/dict/wd_74902.html,L1-base-L2,1,S,15,0,4,1,0,1,2,koolearn,0
inaugurate,76068,https://www.koolearn.com/dict/wd_76068.html,L1-base-L1,1,S,15,0,3,0,0,1,1,koolearn;xdf,1
induction,76846,https://www.koolearn.com/dict/wd_76846.html,L3-xdf,1,S,15,4,3,0,0,0,0,koolearn;xdf,1
ingenuity,77384,https://www.koolearn.com/dict/wd_77384.html,L1-base-L2,1,S,15,0,3,2,0,1,2,koolearn;xdf,1
input,77751,https://www.koolearn.com/dict/wd_77751.html,L3-xdf,1,S,15,2,3,1,0,0,0,koolearn;xdf,1
insulate,78136,https://www.koolearn.com/dict/wd_78136.html,L3-xdf,1,S,15,0,3,0,0,0,0,koolearn;xdf,1
intention,78312,https://www.koolearn.com/dict/wd_78312.html,L1-base-L2,1,S,15,2,0,0,0,1,2,koolearn;xdf,1
internship,78719,https://www.koolearn.com/dict/wd_78719.html,L2-listening,1,S,15,8,0,0,1,0,0,koolearn;xdf,1
inventory,79244,https://www.koolearn.com/dict/wd_79244.html,L3-xdf,1,S,15,2,0,0,0,0,0,koolearn;xdf,1
invoice,79361,https://www.koolearn.com/dict/wd_79361.html,L2-listening,1,S,15,5,0,0,0,0,0,koolearn;xdf,1
island,79826,https://www.koolearn.com/dict/wd_79826.html,L2-listening,1,S,15,8,1,0,0,0,0,koolearn,0
jail,80357,https://www.koolearn.com/dict/wd_80357.html,L1-base-L1,1,S,15,3,0,3,0,1,1,koolearn,0
kettle,82531,https://www.koolearn.com/dict/wd_82531.html,L2-listening,1,S,15,7,3,0,1,0,0,koolearn,0
lead to,85311,https://www.koolearn.com/dict/wd_85311.html,L2-writing,1,S,15,1,0,6,2,0,0,koolearn;xdf,1
lesson,86114,https://www.koolearn.com/dict/wd_86114.html,L2-listening,1,S,15,8,1,0,0,0,0,koolearn,0
libel,86443,https://www.koolearn.com/dict/wd_86443.html,L3-xdf,1,S,15,0,1,1,1,0,0,koolearn;xdf,1
loose,88559,https://www.koolearn.com/dict/wd_88559.html,L3-xdf,1,S,15,0,2,0,1,0,0,koolearn;xdf,1
luggage,89198,https://www.koolearn.com/dict/wd_89198.html,L1-base-L1,1,S,15,4,2,0,0,1,1,koolearn;xdf,1
magical,90048,https://www.koolearn.com/dict/wd_90048.html,L2-listening,1,S,15,6,1,0,0,0,0,koolearn,0
make up,90646,https://www.koolearn.com/dict/wd_90646.html,L2-reading,1,S,15,0,5,3,2,0,0,koolearn,0
mantle,91364,https://www.koolearn.com/dict/wd_91364.html,L3-xdf,1,S,15,3,2,0,0,0,0,koolearn;xdf,1
materialistic,92221,https://www.koolearn.com/dict/wd_92221.html,L3-xdf,1,S,15,1,1,4,3,0,0,koolearn;xdf,1
mattress,92348,https://www.koolearn.com/dict/wd_92348.html,L2-listening,1,S,15,7,0,0,0,0,0,koolearn;xdf,1
Mediterranean,92928,https://www.koolearn.com/dict/wd_92928.html,L2-reading,1,S,15,3,6,0,0,0,0,koolearn;xdf,1
mention,93477,https://www.koolearn.com/dict/wd_93477.html,L3-xdf,1,S,15,3,2,0,0,0,0,koolearn;xdf,1
mile,94644,https://www.koolearn.com/dict/wd_94644.html,L2-listening,1,S,15,11,0,0,0,0,0,koolearn,0
milk,94701,https://www.koolearn.com/dict/wd_94701.html,L2-listening,1,S,15,6,2,0,0,0,0,koolearn,0
mite,95772,https://www.koolearn.com/dict/wd_95772.html,L2-listening,1,S,15,11,0,0,0,0,0,koolearn;xdf,1
moustache,97506,https://www.koolearn.com/dict/wd_97506.html,L2-listening,1,S,15,12,0,0,1,0,0,koolearn,0
narrow,99122,https://www.koolearn.com/dict/wd_99122.html,L2-reading,1,S,15,0,5,2,0,0,0,koolearn,0
neck,99594,https://www.koolearn.com/dict/wd_99594.html,L2-listening,1,S,15,10,0,0,0,0,0,koolearn,0
night,100634,https://www.koolearn.com/dict/wd_100634.html,L2-listening,1,S,15,6,2,0,0,0,0,koolearn,0
nursing,102476,https://www.koolearn.com/dict/wd_102476.html,L2-listening,1,S,15,13,0,0,0,0,0,koolearn,0
nylon,102575,https://www.koolearn.com/dict/wd_102575.html,L2-listening,1,S,15,5,3,0,0,0,0,koolearn,0
officer,103509,https://www.koolearn.com/dict/wd_103509.html,L2-listening,1,S,15,8,1,0,0,0,0,koolearn,0
ointment,103684,https://www.koolearn.com/dict/wd_103684.html,L2-listening,1,S,15,12,0,0,0,0,0,koolearn,0
ongoing,104478,https://www.koolearn.com/dict/wd_104478.html,L3-xdf,1,S,15,1,1,1,0,0,0,koolearn;xdf,1
opposition,104892,https://www.koolearn.com/dict/wd_104892.html,L2-reading,1,S,15,0,8,0,0,0,0,koolearn,0
oversee,106999,https://www.koolearn.com/dict/wd_106999.html,L3-xdf,1,S,15,3,3,0,0,0,0,koolearn;xdf,1
pair,107725,https://www.koolearn.com/dict/wd_107725.html,L2-listening,1,S,15,6,2,0,0,0,0,koolearn,0
part-time,108930,https://www.koolearn.com/dict/wd_108930.html,L2-listening,1,S,15,7,0,0,1,0,0,koolearn,0
particularly,108997,https://www.koolearn.com/dict/wd_108997.html,L3-xdf,1,S,15,4,3,0,1,0,0,koolearn;xdf,1
pay,109609,https://www.koolearn.com/dict/wd_109609.html,L2-listening,1,S,15,7,1,0,0,0,0,koolearn,0
perennial,110687,https://www.koolearn.com/dict/wd_110687.html,L1-base-L3,1,S,15,0,4,0,1,1,3,koolearn,0
performer,110756,https://www.koolearn.com/dict/wd_110756.html,L2-listening,1,S,15,9,0,0,0,0,0,koolearn,0
perk,110934,https://www.koolearn.com/dict/wd_110934.html,L2-listening,1,S,15,11,0,0,0,0,0,koolearn,0
pervasive,111275,https://www.koolearn.com/dict/wd_111275.html,L3-xdf,1,S,15,0,1,0,0,0,0,koolearn;xdf,1
photo,111947,https://www.koolearn.com/dict/wd_111947.html,L2-listening,1,S,15,7,2,0,0,0,0,koolearn,0
picturesque,112494,https://www.koolearn.com/dict/wd_112494.html,L3-xdf,1,S,15,0,1,0,2,0,0,koolearn;xdf,1
placement,113352,https://www.koolearn.com/dict/wd_113352.html,L2-listening,1,S,15,8,0,0,0,0,0,koolearn,0
pleasant,113899,https://www.koolearn.com/dict/wd_113899.html,L2-listening,1,S,15,7,2,0,0,0,0,koolearn,0
plenty of,113980,https://www.koolearn.com/dict/wd_113980.html,L2-reading,1,S,15,2,8,3,0,0,0,koolearn,0
pliable,114030,https://www.koolearn.com/dict/wd_114030.html,L1-base-L3,1,S,15,4,0,0,0,1,3,koolearn;xdf,1
porch,115341,https://www.koolearn.com/dict/wd_115341.html,L2-listening,1,S,15,5,0,0,2,0,0,koolearn,0
powder,115996,https://www.koolearn.com/dict/wd_115996.html,L2-listening,1,S,15,5,1,0,0,0,0,koolearn,0
precisely,116401,https://www.koolearn.com/dict/wd_116401.html,L2-reading,1,S,15,1,5,1,0,0,0,koolearn,0
predominate,116538,https://www.koolearn.com/dict/wd_116538.html,L3-xdf,1,S,15,0,3,0,0,0,0,koolearn;xdf,1
prefer,116590,https://www.koolearn.com/dict/wd_116590.html,L2-reading,1,S,15,1,8,0,0,0,0,koolearn,0
projector,118126,https://www.koolearn.com/dict/wd_118126.html,L2-listening,1,S,15,5,3,0,0,0,0,koolearn,0
protection,118655,https://www.koolearn.com/dict/wd_118655.html,L1-base-L1,1,S,15,4,3,0,0,1,1,koolearn,0
protocol,118721,https://www.koolearn.com/dict/wd_118721.html,L1-base-L3,1,S,15,0,0,3,1,1,3,koolearn,0
proximity,118898,https://www.koolearn.com/dict/wd_118898.html,L3-xdf,1,S,15,3,0,0,0,0,0,koolearn;xdf,1
rainforest,121607,https://www.koolearn.com/dict/wd_121607.html,L2-listening,1,S,15,7,2,0,1,0,0,koolearn,0
rampant,121770,https://www.koolearn.com/dict/wd_121770.html,L3-xdf,1,S,15,0,0,2,0,0,0,koolearn;xdf,1
recruitment,123223,https://www.koolearn.com/dict/wd_123223.html,L2-reading,1,S,15,3,5,2,0,0,0,koolearn,0
rectangular,123238,https://www.koolearn.com/dict/wd_123238.html,L3-xdf,1,S,15,3,3,0,0,0,0,koolearn;xdf,1
refrigerator,123905,https://www.koolearn.com/dict/wd_123905.html,L2-listening,1,S,15,10,0,0,0,0,0,koolearn;xdf,1
regarding,124000,https://www.koolearn.com/dict/wd_124000.html,L3-xdf,1,S,15,2,4,1,0,0,0,koolearn;xdf,1
repatriate,125014,https://www.koolearn.com/dict/wd_125014.html,L3-xdf,1,S,15,0,3,0,0,0,0,koolearn;xdf,1
respectively,125724,https://www.koolearn.com/dict/wd_125724.html,L1-base-L2,1,S,15,0,4,1,0,1,2,koolearn,0
retailer,125957,https://www.koolearn.com/dict/wd_125957.html,L3-xdf,1,S,15,2,3,3,0,0,0,koolearn;xdf,1
saturate,130378,https://www.koolearn.com/dict/wd_130378.html,L3-xdf,1,S,15,1,2,0,0,0,0,koolearn;xdf,1
sea,131843,https://www.koolearn.com/dict/wd_131843.html,L2-listening,1,S,15,7,1,0,0,0,0,koolearn,0
seasoned,132020,https://www.koolearn.com/dict/wd_132020.html,L2-listening,1,S,15,10,0,0,0,0,0,koolearn,0
second-hand,132151,https://www.koolearn.com/dict/wd_132151.html,L2-listening,1,S,15,9,2,0,1,0,0,koolearn,0
secrete,132214,https://www.koolearn.com/dict/wd_132214.html,L2-reading,1,S,15,0,9,0,1,0,0,koolearn,0
seduce,132335,https://www.koolearn.com/dict/wd_132335.html,L3-xdf,1,S,15,0,0,0,1,0,0,koolearn;xdf,1
set,133655,https://www.koolearn.com/dict/wd_133655.html,L2-reading,1,S,15,3,6,0,0,0,0,koolearn,0
sewer,133872,https://www.koolearn.com/dict/wd_133872.html,L2-listening,1,S,15,7,4,0,0,0,0,koolearn,0
ship,134699,https://www.koolearn.com/dict/wd_134699.html,L2-listening,1,S,15,6,1,0,0,0,0,koolearn,0
shoe,134850,https://www.koolearn.com/dict/wd_134850.html,L2-listening,1,S,15,7,1,0,0,0,0,koolearn,0
signify,135801,https://www.koolearn.com/dict/wd_135801.html,L2-reading,1,S,15,0,7,2,0,0,0,koolearn,0
sink,136250,https://www.koolearn.com/dict/wd_136250.html,L2-listening,1,S,15,5,0,0,1,0,0,koolearn,0
skiing,136649,https://www.koolearn.com/dict/wd_136649.html,L2-listening,1,S,15,9,3,0,0,0,0,koolearn,0
sleep,137067,https://www.koolearn.com/dict/wd_137067.html,L2-listening,1,S,15,8,0,0,0,0,0,koolearn,0
slippery,137296,https://www.koolearn.com/dict/wd_137296.html,L3-xdf,1,S,15,1,2,0,0,0,0,koolearn;xdf,1
soak,138323,https://www.koolearn.com/dict/wd_138323.html,L3-xdf,1,S,15,0,2,0,1,0,0,koolearn;xdf,1
solidify,138847,https://www.koolearn.com/dict/wd_138847.html,L2-reading,1,S,15,0,6,0,0,0,0,koolearn;xdf,1
spine,140342,https://www.koolearn.com/dict/wd_140342.html,L3-xdf,1,S,15,3,2,0,0,0,0,koolearn;xdf,1
splendid,140521,https://www.koolearn.com/dict/wd_140521.html,L3-xdf,1,S,15,1,0,1,1,0,0,koolearn;xdf,1
stair,141458,https://www.koolearn.com/dict/wd_141458.html,L2-listening,1,S,15,9,0,0,0,0,0,koolearn,0
strand,143186,https://www.koolearn.com/dict/wd_143186.html,L3-xdf,1,S,15,4,0,0,0,0,0,koolearn;xdf,1
strong,143621,https://www.koolearn.com/dict/wd_143621.html,L2-listening,1,S,15,6,4,0,0,0,0,koolearn,0
stubborn,143734,https://www.koolearn.com/dict/wd_143734.html,L1-base-L1,1,S,15,0,2,0,3,1,1,koolearn,0
submarine,144224,https://www.koolearn.com/dict/wd_144224.html,L2-listening,1,S,15,5,2,0,0,0,0,koolearn;xdf,1
subordinate,144280,https://www.koolearn.com/dict/wd_144280.html,L1-base-L1,1,S,15,0,1,2,0,1,1,koolearn;xdf,1
subscription,144343,https://www.koolearn.com/dict/wd_144343.html,L2-listening,1,S,15,7,2,0,0,0,0,koolearn;xdf,1
success,144568,https://www.koolearn.com/dict/wd_144568.html,L2-reading,1,S,15,2,6,2,0,0,0,koolearn,0
suggest,144771,https://www.koolearn.com/dict/wd_144771.html,L3-xdf,1,S,15,2,4,1,0,0,0,koolearn;xdf,1
suite,144816,https://www.koolearn.com/dict/wd_144816.html,L2-listening,1,S,15,8,0,0,1,0,0,koolearn,0
surround,145756,https://www.koolearn.com/dict/wd_145756.html,L1-base-L1,1,S,15,1,3,1,0,1,1,koolearn;xdf,1
table,146884,https://www.koolearn.com/dict/wd_146884.html,L2-listening,1,S,15,7,0,2,0,0,0,koolearn,0
tank,147809,https://www.koolearn.com/dict/wd_147809.html,L2-listening,1,S,15,7,1,0,0,0,0,koolearn,0
team,148439,https://www.koolearn.com/dict/wd_148439.html,L2-listening,1,S,15,7,0,1,0,0,0,koolearn,0
teamwork,148457,https://www.koolearn.com/dict/wd_148457.html,L2-listening,1,S,15,9,0,0,1,0,0,koolearn;xdf,1
text,149688,https://www.koolearn.com/dict/wd_149688.html,L2-listening,1,S,15,6,0,1,2,0,0,koolearn,0
timid,151551,https://www.koolearn.com/dict/wd_151551.html,L1-base-L1,1,S,15,0,2,0,2,1,1,koolearn;xdf,1
toothache,152861,https://www.koolearn.com/dict/wd_152861.html,L2-listening,1,S,15,10,0,0,0,0,0,koolearn,0
total,153215,https://www.koolearn.com/dict/wd_153215.html,L2-listening,1,S,15,6,1,0,0,0,0,koolearn,0
toxin,153516,https://www.koolearn.com/dict/wd_153516.html,L2-listening,1,S,15,6,0,0,0,0,0,koolearn;xdf,1
tribal,154625,https://www.koolearn.com/dict/wd_154625.html,L3-xdf,1,S,15,3,2,0,0,0,0,koolearn;xdf,1
tribute,154653,https://www.koolearn.com/dict/wd_154653.html,L2-listening,1,S,15,7,0,0,0,0,0,koolearn;xdf,1
underline,157605,https://www.koolearn.com/dict/wd_157605.html,L3-xdf,1,S,15,1,1,3,0,0,0,koolearn;xdf,1
understanding,157695,https://www.koolearn.com/dict/wd_157695.html,L2-listening,1,S,15,6,2,1,1,0,0,koolearn;xdf,1
undoubtedly,157822,https://www.koolearn.com/dict/wd_157822.html,L3-xdf,1,S,15,0,2,0,1,0,0,koolearn;xdf,1
utensil,160311,https://www.koolearn.com/dict/wd_160311.html,L2-listening,1,S,15,11,1,0,0,0,0,koolearn,0
vanity,160768,https://www.koolearn.com/dict/wd_160768.html,L1-base-L1,1,S,15,0,0,4,2,1,1,koolearn,0
versus,161535,https://www.koolearn.com/dict/wd_161535.html,L1-base-L2,1,S,15,1,0,0,0,1,2,koolearn;xdf,1
wedding,164287,https://www.koolearn.com/dict/wd_164287.html,L2-listening,1,S,15,9,0,0,0,0,0,koolearn,0
world,166711,https://www.koolearn.com/dict/wd_166711.html,L2-listening,1,S,15,8,0,0,0,0,0,koolearn,0
wrap,166902,https://www.koolearn.com/dict/wd_166902.html,L3-xdf,1,S,15,0,1,0,2,0,0,koolearn;xdf,1
wrinkle,166991,https://www.koolearn.com/dict/wd_166991.html,L2-listening,1,S,15,5,1,0,2,0,0,koolearn;xdf,1
administrative,2450,https://www.koolearn.com/dict/wd_2450.html,L2-listening,1,S,14,5,4,0,0,0,0,koolearn;xdf,1
admire,2471,https://www.koolearn.com/dict/wd_2471.html,L1-base-L1,1,S,14,0,2,3,0,1,1,koolearn,0
alienation,4501,https://www.koolearn.com/dict/wd_4501.html,L3-xdf,1,S,14,1,2,3,0,0,0,koolearn;xdf,1
allow,4926,https://www.koolearn.com/dict/wd_4926.html,L1-base-L1,1,S,14,2,4,2,0,1,1,koolearn,0
altruistic,5225,https://www.koolearn.com/dict/wd_5225.html,L1-base-L1,1,S,14,0,4,0,0,1,1,koolearn;xdf,1
amplify,5846,https://www.koolearn.com/dict/wd_5846.html,L3-xdf,1,S,14,1,2,0,0,0,0,koolearn;xdf,1
annoy,6805,https://www.koolearn.com/dict/wd_6805.html,L1-base-L1,1,S,14,0,0,0,0,1,1,koolearn;xdf,1
art gallery,9238,https://www.koolearn.com/dict/wd_9238.html,L2-listening,1,S,14,10,0,1,0,0,0,koolearn,0
artery,9274,https://www.koolearn.com/dict/wd_9274.html,L3-xdf,1,S,14,0,2,0,0,0,0,koolearn;xdf,1
assurance,10179,https://www.koolearn.com/dict/wd_10179.html,L1-base-L2,1,S,14,0,4,1,0,1,2,koolearn;xdf,1
axe,11897,https://www.koolearn.com/dict/wd_11897.html,L2-listening,1,S,14,9,2,0,0,0,0,koolearn,0
batch,13894,https://www.koolearn.com/dict/wd_13894.html,L3-xdf,1,S,14,0,3,0,0,0,0,koolearn;xdf,1
bet,16457,https://www.koolearn.com/dict/wd_16457.html,L3-xdf,1,S,14,2,0,0,0,0,0,koolearn;xdf,1
bid,16807,https://www.koolearn.com/dict/wd_16807.html,L3-xdf,1,S,14,0,1,0,0,0,0,koolearn;xdf,1
bleak,18035,https://www.koolearn.com/dict/wd_18035.html,L1-base-L1,1,S,14,0,0,0,1,1,1,koolearn;xdf,1
blonde,18283,https://www.koolearn.com/dict/wd_18283.html,L3-xdf,1,S,14,1,0,0,4,0,0,koolearn;xdf,1
blood,18287,https://www.koolearn.com/dict/wd_18287.html,L2-listening,1,S,14,5,0,0,0,0,0,koolearn,0
bounce,19793,https://www.koolearn.com/dict/wd_19793.html,L1-base-L1,1,S,14,0,3,0,0,1,1,koolearn;xdf,1
brittle,21094,https://www.koolearn.com/dict/wd_21094.html,L3-xdf,1,S,14,0,1,0,0,0,0,koolearn;xdf,1
browse,21419,https://www.koolearn.com/dict/wd_21419.html,L3-xdf,1,S,14,3,1,1,1,0,0,koolearn;xdf,1
button,22650,https://www.koolearn.com/dict/wd_22650.html,L2-listening,1,S,14,5,3,0,0,0,0,koolearn,0
bypass,22913,https://www.koolearn.com/dict/wd_22913.html,L3-xdf,1,S,14,1,3,0,0,0,0,koolearn;xdf,1
camouflage,23793,https://www.koolearn.com/dict/wd_23793.html,L3-xdf,1,S,14,1,4,0,0,0,0,koolearn;xdf,1
cancer,23936,https://www.koolearn.com/dict/wd_23936.html,L2-reading,1,S,14,1,5,0,0,0,0,koolearn,0
Cantonese,24189,https://www.koolearn.com/dict/wd_24189.html,L2-listening,1,S,14,9,0,0,1,0,0,koolearn;xdf,1
canvas,24207,https://www.koolearn.com/dict/wd_24207.html,L1-base-L2,1,S,14,2,1,0,1,1,2,koolearn,0
cap,24224,https://www.koolearn.com/dict/wd_24224.html,L3-xdf,1,S,14,2,2,0,0,0,0,koolearn;xdf,1
carving,25185,https://www.koolearn.com/dict/wd_25185.html,L2-listening,1,S,14,9,1,0,0,0,0,koolearn,0
cent,26276,https://www.koolearn.com/dict/wd_26276.html,L2-listening,1,S,14,11,1,0,0,0,0,koolearn,0
ceramic,26485,https://www.koolearn.com/dict/wd_26485.html,L3-xdf,1,S,14,1,1,0,0,0,0,koolearn;xdf,1
chorus,28517,https://www.koolearn.com/dict/wd_28517.html,L3-xdf,1,S,14,0,1,0,1,0,0,koolearn;xdf,1
civilisation,29312,https://www.koolearn.com/dict/wd_29312.html,L2-reading,1,S,14,1,7,1,0,0,0,koolearn,0
cleaner,29658,https://www.koolearn.com/dict/wd_29658.html,L2-listening,1,S,14,9,1,0,1,0,0,koolearn,0
combustion,31615,https://www.koolearn.com/dict/wd_31615.html,L3-xdf,1,S,14,1,0,1,0,0,0,koolearn;xdf,1
comparatively,32222,https://www.koolearn.com/dict/wd_32222.html,L3-xdf,1,S,14,1,1,1,1,0,0,koolearn;xdf,1
conception,32721,https://www.koolearn.com/dict/wd_32721.html,L3-xdf,1,S,14,0,3,1,2,0,0,koolearn;xdf,1
condense,32900,https://www.koolearn.com/dict/wd_32900.html,L1-base-L1,1,S,14,1,1,3,0,1,1,koolearn;xdf,1
connect,33368,https://www.koolearn.com/dict/wd_33368.html,L3-xdf,1,S,14,3,2,2,0,0,0,koolearn;xdf,1
consent,33490,https://www.koolearn.com/dict/wd_33490.html,L1-base-L2,1,S,14,0,1,2,0,1,2,koolearn,0
converse,34224,https://www.koolearn.com/dict/wd_34224.html,L1-base-L2,1,S,14,0,2,0,2,1,2,koolearn;xdf,1
conversion,34231,https://www.koolearn.com/dict/wd_34231.html,L3-xdf,1,S,14,0,4,0,0,0,0,koolearn;xdf,1
corn,34783,https://www.koolearn.com/dict/wd_34783.html,L2-listening,1,S,14,8,0,0,0,0,0,koolearn,0
coupon,35706,https://www.koolearn.com/dict/wd_35706.html,L3-xdf,1,S,14,1,0,0,3,0,0,koolearn;xdf,1
creep,36419,https://www.koolearn.com/dict/wd_36419.html,L2-listening,1,S,14,5,0,0,0,0,0,koolearn;xdf,1
crown,37025,https://www.koolearn.com/dict/wd_37025.html,L3-xdf,1,S,14,1,2,0,0,0,0,koolearn;xdf,1
curry,37831,https://www.koolearn.com/dict/wd_37831.html,L2-listening,1,S,14,6,0,0,0,0,0,koolearn;xdf,1
cutlery,38101,https://www.koolearn.com/dict/wd_38101.html,L2-listening,1,S,14,10,0,0,0,0,0,koolearn,0
dean,39382,https://www.koolearn.com/dict/wd_39382.html,L2-listening,1,S,14,7,0,0,1,0,0,koolearn;xdf,1
dearth,39405,https://www.koolearn.com/dict/wd_39405.html,L3-xdf,1,S,14,0,1,2,0,0,0,koolearn;xdf,1
defense,40148,https://www.koolearn.com/dict/wd_40148.html,L1-base-L1,1,S,14,4,1,2,0,1,1,koolearn,0
depress,41312,https://www.koolearn.com/dict/wd_41312.html,L3-xdf,1,S,14,1,4,0,0,0,0,koolearn;xdf,1
detain,41826,https://www.koolearn.com/dict/wd_41826.html,L2-reading,1,S,14,0,8,0,0,0,0,koolearn,0
detergent,41864,https://www.koolearn.com/dict/wd_41864.html,L3-xdf,1,S,14,4,0,0,0,0,0,koolearn;xdf,1
disparate,44063,https://www.koolearn.com/dict/wd_44063.html,L2-reading,1,S,14,0,9,0,0,0,0,koolearn,0
displace,44109,https://www.koolearn.com/dict/wd_44109.html,L3-xdf,1,S,14,0,3,1,0,0,0,koolearn;xdf,1
disturbance,44495,https://www.koolearn.com/dict/wd_44495.html,L3-xdf,1,S,14,4,2,0,0,0,0,koolearn;xdf,1
dollar,45161,https://www.koolearn.com/dict/wd_45161.html,L2-listening,1,S,14,11,0,0,0,0,0,koolearn,0
downtown,45882,https://www.koolearn.com/dict/wd_45882.html,L2-listening,1,S,14,8,0,1,0,0,0,koolearn,0
dull,46964,https://www.koolearn.com/dict/wd_46964.html,L1-base-L1,1,S,14,2,1,0,1,1,1,koolearn;xdf,1
eagle,47499,https://www.koolearn.com/dict/wd_47499.html,L2-listening,1,S,14,7,2,0,0,0,0,koolearn,0
electrical,48708,https://www.koolearn.com/dict/wd_48708.html,L3-xdf,1,S,14,2,3,0,0,0,0,koolearn;xdf,1
embryo,49340,https://www.koolearn.com/dict/wd_49340.html,L3-xdf,1,S,14,1,2,0,0,0,0,koolearn;xdf,1
empire,49553,https://www.koolearn.com/dict/wd_49553.html,L3-xdf,1,S,14,2,2,0,0,0,0,koolearn;xdf,1
endeavour,49970,https://www.koolearn.com/dict/wd_49970.html,L3-xdf,1,S,14,1,0,1,0,0,0,koolearn;xdf,1
engross,50307,https://www.koolearn.com/dict/wd_50307.html,L1-base-L2,1,S,14,0,3,1,0,1,2,koolearn;xdf,1
enlist,50387,https://www.koolearn.com/dict/wd_50387.html,L3-xdf,1,S,14,0,0,0,0,0,0,koolearn;xdf,1
enrollment,50491,https://www.koolearn.com/dict/wd_50491.html,L2-listening,1,S,14,10,2,2,1,0,0,koolearn,0
enrolment,50493,https://www.koolearn.com/dict/wd_50493.html,L2-reading,1,S,14,3,5,0,0,0,0,koolearn;xdf,1
envy,50897,https://www.koolearn.com/dict/wd_50897.html,L1-base-L1,1,S,14,0,3,0,3,1,1,koolearn,0
ethic,52028,https://www.koolearn.com/dict/wd_52028.html,L2-listening,1,S,14,6,0,1,0,0,0,koolearn,0
even,52442,https://www.koolearn.com/dict/wd_52442.html,L2-listening,1,S,14,5,4,1,0,0,0,koolearn,0
examine,52728,https://www.koolearn.com/dict/wd_52728.html,L3-xdf,1,S,14,1,3,0,0,0,0,koolearn;xdf,1
except,52793,https://www.koolearn.com/dict/wd_52793.html,L3-xdf,1,S,14,2,4,0,0,0,0,koolearn;xdf,1
expire,53430,https://www.koolearn.com/dict/wd_53430.html,L1-base-L1,1,S,14,3,0,0,0,1,1,koolearn;xdf,1
extremely,53863,https://www.koolearn.com/dict/wd_53863.html,L3-xdf,1,S,14,2,2,0,2,0,0,koolearn;xdf,1
February,55309,https://www.koolearn.com/dict/wd_55309.html,L2-listening,1,S,14,6,0,0,1,0,0,koolearn,0
fence,55617,https://www.koolearn.com/dict/wd_55617.html,L2-listening,1,S,14,5,0,0,2,0,0,koolearn,0
food,58545,https://www.koolearn.com/dict/wd_58545.html,L2-listening,1,S,14,6,0,0,0,0,0,koolearn,0
football,58604,https://www.koolearn.com/dict/wd_58604.html,L2-listening,1,S,14,7,0,0,1,0,0,koolearn,0
frog,60276,https://www.koolearn.com/dict/wd_60276.html,L2-listening,1,S,14,9,0,0,0,0,0,koolearn,0
gauge,62103,https://www.koolearn.com/dict/wd_62103.html,L3-xdf,1,S,14,0,1,0,0,0,0,koolearn;xdf,1
gill,63343,https://www.koolearn.com/dict/wd_63343.html,L3-xdf,1,S,14,3,3,0,0,0,0,koolearn;xdf,1
glove,64039,https://www.koolearn.com/dict/wd_64039.html,L2-listening,1,S,14,6,0,0,0,0,0,koolearn;xdf,1
harbor,68094,https://www.koolearn.com/dict/wd_68094.html,L2-reading,1,S,14,1,5,1,0,0,0,koolearn,0
haven,68833,https://www.koolearn.com/dict/wd_68833.html,L2-listening,1,S,14,5,0,0,0,0,0,koolearn,0
heating,69280,https://www.koolearn.com/dict/wd_69280.html,L2-listening,1,S,14,11,1,0,0,0,0,koolearn,0
herbal,70009,https://www.koolearn.com/dict/wd_70009.html,L2-reading,1,S,14,1,5,0,0,0,0,koolearn;xdf,1
hesitate,70211,https://www.koolearn.com/dict/wd_70211.html,L1-base-L1,1,S,14,0,4,1,0,1,1,koolearn;xdf,1
hobby,71133,https://www.koolearn.com/dict/wd_71133.html,L2-listening,1,S,14,7,0,1,0,0,0,koolearn,0
holistic,71374,https://www.koolearn.com/dict/wd_71374.html,L3-xdf,1,S,14,0,1,0,0,0,0,koolearn;xdf,1
horrible,72037,https://www.koolearn.com/dict/wd_72037.html,L1-base-L1,1,S,14,1,2,0,0,1,1,koolearn,0
humane,72664,https://www.koolearn.com/dict/wd_72664.html,L1-base-L2,1,S,14,1,1,2,0,1,2,koolearn;xdf,1
idea,73911,https://www.koolearn.com/dict/wd_73911.html,L2-listening,1,S,14,6,2,0,0,0,0,koolearn,0
industrialise,76902,https://www.koolearn.com/dict/wd_76902.html,L2-reading,1,S,14,1,5,0,0,0,0,koolearn;xdf,1
inspiring,77991,https://www.koolearn.com/dict/wd_77991.html,L2-listening,1,S,14,7,1,0,3,0,0,koolearn;xdf,1
interest rate,78448,https://www.koolearn.com/dict/wd_78448.html,L2-listening,1,S,14,9,0,0,0,0,0,koolearn,0
interface,78460,https://www.koolearn.com/dict/wd_78460.html,L3-xdf,1,S,14,2,2,0,1,0,0,koolearn;xdf,1
interfere with,78470,https://www.koolearn.com/dict/wd_78470.html,L2-writing,1,S,14,1,4,5,1,0,0,koolearn,0
irrelevant,79684,https://www.koolearn.com/dict/wd_79684.html,L3-xdf,1,S,14,1,4,0,0,0,0,koolearn;xdf,1
irritable,79747,https://www.koolearn.com/dict/wd_79747.html,L2-listening,1,S,14,7,0,0,0,0,0,koolearn;xdf,1
jargon,80488,https://www.koolearn.com/dict/wd_80488.html,L2-listening,1,S,14,6,1,0,1,0,0,koolearn;xdf,1
judgement,81405,https://www.koolearn.com/dict/wd_81405.html,L2-reading,1,S,14,1,7,0,0,0,0,koolearn,0
judicious,81432,https://www.koolearn.com/dict/wd_81432.html,L1-base-L2,1,S,14,1,3,1,0,1,2,koolearn;xdf,1
lake,84137,https://www.koolearn.com/dict/wd_84137.html,L2-listening,1,S,14,8,0,0,0,0,0,koolearn,0
lease,85498,https://www.koolearn.com/dict/wd_85498.html,L2-listening,1,S,14,5,0,0,0,0,0,koolearn;xdf,1
leopard,86028,https://www.koolearn.com/dict/wd_86028.html,L2-listening,1,S,14,6,0,0,1,0,0,koolearn;xdf,1
lighting,86850,https://www.koolearn.com/dict/wd_86850.html,L2-listening,1,S,14,5,2,0,1,0,0,koolearn,0
linger,87221,https://www.koolearn.com/dict/wd_87221.html,L1-base-L1,1,S,14,1,2,0,0,1,1,koolearn;xdf,1
literary,87528,https://www.koolearn.com/dict/wd_87528.html,L1-base-L3,1,S,14,1,4,0,0,1,3,koolearn,0
liver,87720,https://www.koolearn.com/dict/wd_87720.html,L3-xdf,1,S,14,1,1,0,0,0,0,koolearn;xdf,1
loop,88544,https://www.koolearn.com/dict/wd_88544.html,L3-xdf,1,S,14,2,0,3,1,0,0,koolearn;xdf,1
magnetism,90110,https://www.koolearn.com/dict/wd_90110.html,L2-reading,1,S,14,0,7,0,0,0,0,koolearn,0
mail,90227,https://www.koolearn.com/dict/wd_90227.html,L2-listening,1,S,14,7,0,0,0,0,0,koolearn,0
mandatory,91109,https://www.koolearn.com/dict/wd_91109.html,L1-base-L2,1,S,14,1,2,1,0,1,2,koolearn,0
map,91441,https://www.koolearn.com/dict/wd_91441.html,L2-listening,1,S,14,6,1,1,0,0,0,koolearn,0
marvellous,91935,https://www.koolearn.com/dict/wd_91935.html,L3-xdf,1,S,14,2,1,0,1,0,0,koolearn;xdf,1
meanwhile,92672,https://www.koolearn.com/dict/wd_92672.html,L3-xdf,1,S,14,1,0,3,0,0,0,koolearn;xdf,1
mentality,93469,https://www.koolearn.com/dict/wd_93469.html,L2-writing,1,S,14,0,1,7,0,0,0,koolearn,0
mere,93568,https://www.koolearn.com/dict/wd_93568.html,L2-reading,1,S,14,0,5,0,0,0,0,koolearn;xdf,1
mess,93776,https://www.koolearn.com/dict/wd_93776.html,L3-xdf,1,S,14,0,3,0,0,0,0,koolearn;xdf,1
minister,95079,https://www.koolearn.com/dict/wd_95079.html,L3-xdf,1,S,14,1,2,0,0,0,0,koolearn;xdf,1
mouse,97483,https://www.koolearn.com/dict/wd_97483.html,L2-listening,1,S,14,7,0,3,0,0,0,koolearn,0
naughty,99392,https://www.koolearn.com/dict/wd_99392.html,L1-base-L2,1,S,14,0,0,3,2,1,2,koolearn,0
neighbour,99792,https://www.koolearn.com/dict/wd_99792.html,L2-listening,1,S,14,6,4,1,0,0,0,koolearn,0
nerve,100004,https://www.koolearn.com/dict/wd_100004.html,L3-xdf,1,S,14,2,1,0,0,0,0,koolearn;xdf,1
north,101794,https://www.koolearn.com/dict/wd_101794.html,L2-listening,1,S,14,9,0,0,0,0,0,koolearn,0
noticeable,102062,https://www.koolearn.com/dict/wd_102062.html,L1-base-L1,1,S,14,2,3,2,1,1,1,koolearn;xdf,1
offer,103470,https://www.koolearn.com/dict/wd_103470.html,L2-listening,1,S,14,6,1,0,0,0,0,koolearn,0
orchard,105104,https://www.koolearn.com/dict/wd_105104.html,L2-listening,1,S,14,9,0,0,0,0,0,koolearn,0
outfit,106102,https://www.koolearn.com/dict/wd_106102.html,L1-base-L1,1,S,14,3,1,0,3,1,1,koolearn,0
overwhelm,107181,https://www.koolearn.com/dict/wd_107181.html,L1-base-L3,1,S,14,0,3,3,1,1,3,koolearn;xdf,1
pal,107755,https://www.koolearn.com/dict/wd_107755.html,L2-listening,1,S,14,12,0,0,1,0,0,koolearn,0
path,109356,https://www.koolearn.com/dict/wd_109356.html,L2-listening,1,S,14,5,1,1,2,0,0,koolearn,0
person,111123,https://www.koolearn.com/dict/wd_111123.html,L2-listening,1,S,14,7,2,0,0,0,0,koolearn,0
pillar,112722,https://www.koolearn.com/dict/wd_112722.html,L2-reading,1,S,14,0,5,1,2,0,0,koolearn,0
pond,115113,https://www.koolearn.com/dict/wd_115113.html,L2-listening,1,S,14,7,0,0,2,0,0,koolearn,0
preposition,116842,https://www.koolearn.com/dict/wd_116842.html,L2-listening,1,S,14,7,0,0,0,0,0,koolearn,0
preventative,117243,https://www.koolearn.com/dict/wd_117243.html,L2-reading,1,S,14,0,5,0,0,0,0,koolearn;xdf,1
prodigy,117880,https://www.koolearn.com/dict/wd_117880.html,L1-base-L1,1,S,14,0,3,0,0,1,1,koolearn,0
promise,118209,https://www.koolearn.com/dict/wd_118209.html,L3-xdf,1,S,14,2,3,0,0,0,0,koolearn;xdf,1
prove,118798,https://www.koolearn.com/dict/wd_118798.html,L1-base-L1,1,S,14,1,4,1,0,1,1,koolearn,0
provided,118822,https://www.koolearn.com/dict/wd_118822.html,L3-xdf,1,S,14,2,4,0,0,0,0,koolearn;xdf,1
psychiatric,119070,https://www.koolearn.com/dict/wd_119070.html,L2-listening,1,S,14,8,0,0,0,0,0,koolearn;xdf,1
query,120827,https://www.koolearn.com/dict/wd_120827.html,L2-listening,1,S,14,5,2,0,0,0,0,koolearn,0
quota,121115,https://www.koolearn.com/dict/wd_121115.html,L3-xdf,1,S,14,1,2,0,0,0,0,koolearn;xdf,1
rage,121486,https://www.koolearn.com/dict/wd_121486.html,L1-base-L1,1,S,14,0,3,0,0,1,1,koolearn,0
reading,122462,https://www.koolearn.com/dict/wd_122462.html,L2-listening,1,S,14,8,0,0,0,0,0,koolearn,0
recorder,123154,https://www.koolearn.com/dict/wd_123154.html,L2-listening,1,S,14,10,0,0,0,0,0,koolearn,0
rectangle,123237,https://www.koolearn.com/dict/wd_123237.html,L3-xdf,1,S,14,4,0,0,0,0,0,koolearn;xdf,1
reflection,123784,https://www.koolearn.com/dict/wd_123784.html,L2-reading,1,S,14,1,6,0,1,0,0,koolearn,0
refresh,123886,https://www.koolearn.com/dict/wd_123886.html,L3-xdf,1,S,14,0,0,2,4,0,0,koolearn;xdf,1
relish,124575,https://www.koolearn.com/dict/wd_124575.html,L1-base-L2,1,S,14,0,3,0,1,1,2,koolearn,0
relocate,124588,https://www.koolearn.com/dict/wd_124588.html,L2-writing,1,S,14,2,1,5,0,0,0,koolearn;xdf,1
repertoire,125070,https://www.koolearn.com/dict/wd_125070.html,L1-base-L3,1,S,14,0,3,0,0,1,3,koolearn;xdf,1
rice,126814,https://www.koolearn.com/dict/wd_126814.html,L2-listening,1,S,14,8,0,0,0,0,0,koolearn,0
rim,127134,https://www.koolearn.com/dict/wd_127134.html,L3-xdf,1,S,14,2,3,0,0,0,0,koolearn;xdf,1
ring,127172,https://www.koolearn.com/dict/wd_127172.html,L2-listening,1,S,14,5,0,0,2,0,0,koolearn,0
rubber,128551,https://www.koolearn.com/dict/wd_128551.html,L2-listening,1,S,14,8,0,0,0,0,0,koolearn,0
ruthless,129093,https://www.koolearn.com/dict/wd_129093.html,L3-xdf,1,S,14,0,1,0,0,0,0,koolearn;xdf,1
sausage,130453,https://www.koolearn.com/dict/wd_130453.html,L3-xdf,1,S,14,4,1,0,1,0,0,koolearn;xdf,1
sensor,133200,https://www.koolearn.com/dict/wd_133200.html,L2-reading,1,S,14,0,6,0,3,0,0,koolearn,0
sheep,134399,https://www.koolearn.com/dict/wd_134399.html,L2-listening,1,S,14,9,0,0,0,0,0,koolearn,0
shore,134969,https://www.koolearn.com/dict/wd_134969.html,L2-listening,1,S,14,5,0,0,0,0,0,koolearn;xdf,1
short,134985,https://www.koolearn.com/dict/wd_134985.html,L2-listening,1,S,14,6,0,0,0,0,0,koolearn,0
shrub,135327,https://www.koolearn.com/dict/wd_135327.html,L3-xdf,1,S,14,0,3,0,0,0,0,koolearn;xdf,1
side effect,135544,https://www.koolearn.com/dict/wd_135544.html,L2-listening,1,S,14,7,1,0,2,0,0,koolearn,0
silent,135845,https://www.koolearn.com/dict/wd_135845.html,L2-listening,1,S,14,5,3,0,0,0,0,koolearn,0
silt,135942,https://www.koolearn.com/dict/wd_135942.html,L3-xdf,1,S,14,2,3,0,0,0,0,koolearn;xdf,1
simple,136057,https://www.koolearn.com/dict/wd_136057.html,L2-listening,1,S,14,6,2,0,0,0,0,koolearn,0
simplistic,136093,https://www.koolearn.com/dict/wd_136093.html,L2-reading,1,S,14,0,5,0,0,0,0,koolearn;xdf,1
simultaneously,136121,https://www.koolearn.com/dict/wd_136121.html,L3-xdf,1,S,14,1,1,1,0,0,0,koolearn;xdf,1
skim,136666,https://www.koolearn.com/dict/wd_136666.html,L3-xdf,1,S,14,3,1,0,0,0,0,koolearn;xdf,1
smart,137597,https://www.koolearn.com/dict/wd_137597.html,L2-listening,1,S,14,6,0,0,1,0,0,koolearn;xdf,1
solitary,138878,https://www.koolearn.com/dict/wd_138878.html,L1-base-L3,1,S,14,1,1,1,1,1,3,koolearn,0
sophomore,139188,https://www.koolearn.com/dict/wd_139188.html,L2-listening,1,S,14,10,0,1,2,0,0,koolearn,0
sore,139240,https://www.koolearn.com/dict/wd_139240.html,L3-xdf,1,S,14,2,0,0,0,0,0,koolearn;xdf,1
south,139468,https://www.koolearn.com/dict/wd_139468.html,L2-listening,1,S,14,9,0,0,0,0,0,koolearn,0
specialty,139897,https://www.koolearn.com/dict/wd_139897.html,L3-xdf,1,S,14,0,0,3,2,0,0,koolearn;xdf,1
specify,139921,https://www.koolearn.com/dict/wd_139921.html,L1-base-L1,1,S,14,0,2,0,0,1,1,koolearn;xdf,1
spice,140212,https://www.koolearn.com/dict/wd_140212.html,L1-base-L2,1,S,14,1,1,1,2,1,2,koolearn;xdf,1
stain,141449,https://www.koolearn.com/dict/wd_141449.html,L3-xdf,1,S,14,2,3,0,0,0,0,koolearn;xdf,1
stake,141467,https://www.koolearn.com/dict/wd_141467.html,L3-xdf,1,S,14,1,0,0,0,0,0,koolearn;xdf,1
starter,141823,https://www.koolearn.com/dict/wd_141823.html,L2-listening,1,S,14,11,0,0,1,0,0,koolearn,0
steep,142185,https://www.koolearn.com/dict/wd_142185.html,L3-xdf,1,S,14,1,3,0,0,0,0,koolearn;xdf,1
stiff,142549,https://www.koolearn.com/dict/wd_142549.html,L1-base-L1,1,S,14,3,1,1,1,1,1,koolearn;xdf,1
storm,143018,https://www.koolearn.com/dict/wd_143018.html,L1-base-L1,1,S,14,3,1,0,0,1,1,koolearn,0
stove,143069,https://www.koolearn.com/dict/wd_143069.html,L2-listening,1,S,14,6,0,0,0,0,0,koolearn;xdf,1
stuffy,143804,https://www.koolearn.com/dict/wd_143804.html,L2-listening,1,S,14,7,1,0,1,0,0,koolearn;xdf,1
sturdy,143878,https://www.koolearn.com/dict/wd_143878.html,L1-base-L1,1,S,14,4,1,0,2,1,1,koolearn,0
subliminal,144208,https://www.koolearn.com/dict/wd_144208.html,L3-xdf,1,S,14,0,0,2,0,0,0,koolearn;xdf,1
succession,144575,https://www.koolearn.com/dict/wd_144575.html,L3-xdf,1,S,14,2,3,0,0,0,0,koolearn;xdf,1
suffice,144709,https://www.koolearn.com/dict/wd_144709.html,L1-base-L2,1,S,14,0,4,0,0,1,2,koolearn;xdf,1
suitcase,144813,https://www.koolearn.com/dict/wd_144813.html,L3-xdf,1,S,14,2,4,0,1,0,0,koolearn;xdf,1
sunlight,145122,https://www.koolearn.com/dict/wd_145122.html,L2-listening,1,S,14,7,3,0,0,0,0,koolearn,0
superstitious,145393,https://www.koolearn.com/dict/wd_145393.html,L3-xdf,1,S,14,0,0,0,2,0,0,koolearn;xdf,1
suspense,145832,https://www.koolearn.com/dict/wd_145832.html,L1-base-L3,1,S,14,1,2,0,2,1,3,koolearn,0
swallow,145950,https://www.koolearn.com/dict/wd_145950.html,L3-xdf,1,S,14,3,1,0,1,0,0,koolearn;xdf,1
sweater,146088,https://www.koolearn.com/dict/wd_146088.html,L2-listening,1,S,14,10,0,0,0,0,0,koolearn,0
swell,146190,https://www.koolearn.com/dict/wd_146190.html,L3-xdf,1,S,14,2,2,0,0,0,0,koolearn;xdf,1
telephone,148790,https://www.koolearn.com/dict/wd_148790.html,L2-listening,1,S,14,8,0,0,0,0,0,koolearn,0
terminology,149364,https://www.koolearn.com/dict/wd_149364.html,L3-xdf,1,S,14,1,4,0,1,0,0,koolearn;xdf,1
thermal,150337,https://www.koolearn.com/dict/wd_150337.html,L1-base-L3,1,S,14,0,2,0,0,1,3,koolearn;xdf,1
thoughtful,150745,https://www.koolearn.com/dict/wd_150745.html,L3-xdf,1,S,14,0,1,0,4,0,0,koolearn;xdf,1
thunderstorm,151083,https://www.koolearn.com/dict/wd_151083.html,L2-listening,1,S,14,6,2,0,0,0,0,koolearn,0
ticket,151202,https://www.koolearn.com/dict/wd_151202.html,L2-listening,1,S,14,7,1,0,0,0,0,koolearn,0
tilt,151408,https://www.koolearn.com/dict/wd_151408.html,L1-base-L1,1,S,14,0,1,0,0,1,1,koolearn;xdf,1
tortoise,153162,https://www.koolearn.com/dict/wd_153162.html,L3-xdf,1,S,14,3,3,0,1,0,0,koolearn;xdf,1
tranquil,153919,https://www.koolearn.com/dict/wd_153919.html,L1-base-L1,1,S,14,0,0,0,3,1,1,koolearn,0
treadmill,154374,https://www.koolearn.com/dict/wd_154374.html,L3-xdf,1,S,14,3,2,0,1,0,0,koolearn;xdf,1
trespass,154547,https://www.koolearn.com/dict/wd_154547.html,L1-base-L3,1,S,14,0,0,0,0,1,3,koolearn;xdf,1
twilight,156223,https://www.koolearn.com/dict/wd_156223.html,L1-base-L1,1,S,14,4,1,3,0,1,1,koolearn,0
underneath,157622,https://www.koolearn.com/dict/wd_157622.html,L2-listening,1,S,14,5,0,0,0,0,0,koolearn;xdf,1
universe,158448,https://www.koolearn.com/dict/wd_158448.html,L3-xdf,1,S,14,0,4,0,0,0,0,koolearn;xdf,1
utilise,160329,https://www.koolearn.com/dict/wd_160329.html,L3-xdf,1,S,14,3,1,2,0,0,0,koolearn;xdf,1
ventilation,161275,https://www.koolearn.com/dict/wd_161275.html,L3-xdf,1,S,14,2,0,0,0,0,0,koolearn;xdf,1
videotape,161908,https://www.koolearn.com/dict/wd_161908.html,L2-listening,1,S,14,9,0,0,2,0,0,koolearn,0
virtuous,162255,https://www.koolearn.com/dict/wd_162255.html,L1-base-L1,1,S,14,0,2,0,0,1,1,koolearn;xdf,1
volleyball,162702,https://www.koolearn.com/dict/wd_162702.html,L2-listening,1,S,14,8,0,0,1,0,0,koolearn,0
vomit,162779,https://www.koolearn.com/dict/wd_162779.html,L3-xdf,1,S,14,1,1,0,0,0,0,koolearn;xdf,1
vulgar,162940,https://www.koolearn.com/dict/wd_162940.html,L1-base-L1,1,S,14,0,0,0,0,1,1,koolearn;xdf,1
walking,163280,https://www.koolearn.com/dict/wd_163280.html,L2-listening,1,S,14,8,1,0,0,0,0,koolearn,0
warm,163554,https://www.koolearn.com/dict/wd_163554.html,L2-listening,1,S,14,7,0,0,0,0,0,koolearn,0
water,163799,https://www.koolearn.com/dict/wd_163799.html,L2-listening,1,S,14,8,0,0,0,0,0,koolearn,0
weekly,164353,https://www.koolearn.com/dict/wd_164353.html,L2-listening,1,S,14,8,0,0,0,0,0,koolearn,0
west,164689,https://www.koolearn.com/dict/wd_164689.html,L2-listening,1,S,14,9,0,0,0,0,0,koolearn,0
wheat,164864,https://www.koolearn.com/dict/wd_164864.html,L2-listening,1,S,14,7,1,0,1,0,0,koolearn,0
whole,165298,https://www.koolearn.com/dict/wd_165298.html,L2-listening,1,S,14,6,1,0,0,0,0,koolearn,0
wide,165413,https://www.koolearn.com/dict/wd_165413.html,L2-listening,1,S,14,7,1,1,0,0,0,koolearn,0
wire,165952,https://www.koolearn.com/dict/wd_165952.html,L3-xdf,1,S,14,2,1,0,0,0,0,koolearn;xdf,1
wool,166490,https://www.koolearn.com/dict/wd_166490.html,L2-listening,1,S,14,6,2,0,0,0,0,koolearn,0
accountancy,1334,https://www.koolearn.com/dict/wd_1334.html,L2-listening,1,S,13,5,3,0,0,0,0,koolearn;xdf,1
acquaint,1755,https://www.koolearn.com/dict/wd_1755.html,L3-xdf,1,S,13,0,0,0,0,0,0,koolearn;xdf,1
acquaintance,1758,https://www.koolearn.com/dict/wd_1758.html,L3-xdf,1,S,13,0,0,0,3,0,0,koolearn;xdf,1
adjustment,2412,https://www.koolearn.com/dict/wd_2412.html,L2-reading,1,S,13,1,5,1,0,0,0,koolearn,0
alliance,4834,https://www.koolearn.com/dict/wd_4834.html,L1-base-L1,1,S,13,0,1,3,0,1,1,koolearn,0
analogous,6052,https://www.koolearn.com/dict/wd_6052.html,L1-base-L2,1,S,13,1,1,1,0,1,2,koolearn;xdf,1
anchor,6191,https://www.koolearn.com/dict/wd_6191.html,L3-xdf,1,S,13,0,4,0,1,0,0,koolearn;xdf,1
anecdotal,6355,https://www.koolearn.com/dict/wd_6355.html,L3-xdf,1,S,13,1,1,0,0,0,0,koolearn;xdf,1
antiquated,7452,https://www.koolearn.com/dict/wd_7452.html,L1-base-L2,1,S,13,0,1,0,0,1,2,koolearn;xdf,1
application form,8075,https://www.koolearn.com/dict/wd_8075.html,L2-listening,1,S,13,8,1,0,0,0,0,koolearn,0
archive,8648,https://www.koolearn.com/dict/wd_8648.html,L3-xdf,1,S,13,4,0,0,0,0,0,koolearn;xdf,1
arrival,9165,https://www.koolearn.com/dict/wd_9165.html,L2-listening,1,S,13,7,1,0,0,0,0,koolearn,0
arrogance,9184,https://www.koolearn.com/dict/wd_9184.html,L1-base-L2,1,S,13,0,0,2,0,1,2,koolearn;xdf,1
arrogant,9186,https://www.koolearn.com/dict/wd_9186.html,L1-base-L2,1,S,13,0,2,0,1,1,2,koolearn,0
artificial intelligence,9359,https://www.koolearn.com/dict/wd_9359.html,L2-writing,1,S,13,0,1,5,2,0,0,koolearn,0
astronomical,10310,https://www.koolearn.com/dict/wd_10310.html,L1-base-L3,1,S,13,1,3,2,0,1,3,koolearn,0
audit,11128,https://www.koolearn.com/dict/wd_11128.html,L3-xdf,1,S,13,0,1,0,1,0,0,koolearn;xdf,1
barrel,13561,https://www.koolearn.com/dict/wd_13561.html,L3-xdf,1,S,13,1,0,0,0,0,0,koolearn;xdf,1
beak,15034,https://www.koolearn.com/dict/wd_15034.html,L2-listening,1,S,13,6,3,0,0,0,0,koolearn,0
bedroom,15476,https://www.koolearn.com/dict/wd_15476.html,L2-listening,1,S,13,7,0,0,0,0,0,koolearn,0
birth,17476,https://www.koolearn.com/dict/wd_17476.html,L2-listening,1,S,13,6,0,0,0,0,0,koolearn,0
boat,18741,https://www.koolearn.com/dict/wd_18741.html,L2-listening,1,S,13,6,0,0,0,0,0,koolearn,0
bowling,19947,https://www.koolearn.com/dict/wd_19947.html,L2-listening,1,S,13,11,1,0,0,0,0,koolearn,0
breakfast,20562,https://www.koolearn.com/dict/wd_20562.html,L2-listening,1,S,13,6,0,0,0,0,0,koolearn,0
British,21077,https://www.koolearn.com/dict/wd_21077.html,L2-listening,1,S,13,9,0,0,0,0,0,koolearn,0
bronchitis,21274,https://www.koolearn.com/dict/wd_21274.html,L3-xdf,1,S,13,1,2,0,0,0,0,koolearn;xdf,1
brood,21314,https://www.koolearn.com/dict/wd_21314.html,L3-xdf,1,S,13,0,1,0,0,0,0,koolearn;xdf,1
bruise,21444,https://www.koolearn.com/dict/wd_21444.html,L2-listening,1,S,13,5,0,0,0,0,0,koolearn,0
buffalo,21747,https://www.koolearn.com/dict/wd_21747.html,L3-xdf,1,S,13,4,0,0,1,0,0,koolearn;xdf,1
bullet,21943,https://www.koolearn.com/dict/wd_21943.html,L3-xdf,1,S,13,4,0,0,0,0,0,koolearn;xdf,1
bureaucracy,22193,https://www.koolearn.com/dict/wd_22193.html,L3-xdf,1,S,13,0,1,0,0,0,0,koolearn;xdf,1
burgeon,22208,https://www.koolearn.com/dict/wd_22208.html,L3-xdf,1,S,13,1,0,0,0,0,0,koolearn;xdf,1
canyon,24216,https://www.koolearn.com/dict/wd_24216.html,L2-listening,1,S,13,6,1,0,0,0,0,koolearn,0
cartography,25140,https://www.koolearn.com/dict/wd_25140.html,L2-listening,1,S,13,5,3,0,0,0,0,koolearn,0
catering,25685,https://www.koolearn.com/dict/wd_25685.html,L2-listening,1,S,13,6,1,0,0,0,0,koolearn,0
caution,25888,https://www.koolearn.com/dict/wd_25888.html,L3-xdf,1,S,13,1,1,1,0,0,0,koolearn;xdf,1
certain,26599,https://www.koolearn.com/dict/wd_26599.html,L2-reading,1,S,13,1,6,0,0,0,0,koolearn,0
chance,26941,https://www.koolearn.com/dict/wd_26941.html,L2-listening,1,S,13,7,3,0,0,0,0,koolearn,0
cheat,27397,https://www.koolearn.com/dict/wd_27397.html,L3-xdf,1,S,13,3,0,0,0,0,0,koolearn;xdf,1
chick,27802,https://www.koolearn.com/dict/wd_27802.html,L2-listening,1,S,13,11,0,0,0,0,0,koolearn,0
chop,28427,https://www.koolearn.com/dict/wd_28427.html,L2-listening,1,S,13,6,0,0,1,0,0,koolearn,0
clinical,29903,https://www.koolearn.com/dict/wd_29903.html,L3-xdf,1,S,13,1,1,0,0,0,0,koolearn;xdf,1
cloakroom,29982,https://www.koolearn.com/dict/wd_29982.html,L2-listening,1,S,13,8,0,0,0,0,0,koolearn;xdf,1
cloth,30164,https://www.koolearn.com/dict/wd_30164.html,L2-listening,1,S,13,7,0,0,0,0,0,koolearn,0
clutch,30327,https://www.koolearn.com/dict/wd_30327.html,L1-base-L1,1,S,13,0,2,0,1,1,1,koolearn;xdf,1
coconut,30743,https://www.koolearn.com/dict/wd_30743.html,L2-listening,1,S,13,5,2,0,1,0,0,koolearn,0
collateral,31225,https://www.koolearn.com/dict/wd_31225.html,L3-xdf,1,S,13,3,3,1,0,0,0,koolearn;xdf,1
comfort,31805,https://www.koolearn.com/dict/wd_31805.html,L1-base-L1,1,S,13,1,2,3,1,1,1,koolearn,0
concede,32673,https://www.koolearn.com/dict/wd_32673.html,L1-base-L2,1,S,13,0,1,0,0,1,2,koolearn;xdf,1
conquest,33438,https://www.koolearn.com/dict/wd_33438.html,L2-listening,1,S,13,8,1,0,0,0,0,koolearn;xdf,1
contend,33856,https://www.koolearn.com/dict/wd_33856.html,L1-base-L2,1,S,13,0,4,0,0,1,2,koolearn,0
contingent,33926,https://www.koolearn.com/dict/wd_33926.html,L2-reading,1,S,13,0,8,0,0,0,0,koolearn,0
corporal,34915,https://www.koolearn.com/dict/wd_34915.html,L3-xdf,1,S,13,0,2,0,0,0,0,koolearn;xdf,1
counselor,35473,https://www.koolearn.com/dict/wd_35473.html,L2-listening,1,S,13,5,3,0,0,0,0,koolearn,0
county,35680,https://www.koolearn.com/dict/wd_35680.html,L2-listening,1,S,13,5,0,0,0,0,0,koolearn;xdf,1
crisp,36675,https://www.koolearn.com/dict/wd_36675.html,L3-xdf,1,S,13,2,2,0,1,0,0,koolearn;xdf,1
crowd,37009,https://www.koolearn.com/dict/wd_37009.html,L1-base-L1,1,S,13,2,2,0,2,1,1,koolearn,0
current account,37797,https://www.koolearn.com/dict/wd_37797.html,L2-listening,1,S,13,11,0,0,0,0,0,koolearn,0
detour,41925,https://www.koolearn.com/dict/wd_41925.html,L3-xdf,1,S,13,1,0,2,0,0,0,koolearn;xdf,1
digestive,42759,https://www.koolearn.com/dict/wd_42759.html,L2-listening,1,S,13,5,1,0,0,0,0,koolearn;xdf,1
discretion,43680,https://www.koolearn.com/dict/wd_43680.html,L1-base-L2,1,S,13,0,0,1,0,1,2,koolearn;xdf,1
dismantle,43986,https://www.koolearn.com/dict/wd_43986.html,L3-xdf,1,S,13,1,2,1,1,0,0,koolearn;xdf,1
disregard,44211,https://www.koolearn.com/dict/wd_44211.html,L3-xdf,1,S,13,0,1,0,0,0,0,koolearn;xdf,1
doctor,44941,https://www.koolearn.com/dict/wd_44941.html,L2-listening,1,S,13,8,0,0,0,0,0,koolearn,0
domestic violence,45237,https://www.koolearn.com/dict/wd_45237.html,L2-writing,1,S,13,2,0,6,0,0,0,koolearn,0
domesticate,45241,https://www.koolearn.com/dict/wd_45241.html,L2-reading,1,S,13,1,5,0,0,0,0,koolearn;xdf,1
driver,46456,https://www.koolearn.com/dict/wd_46456.html,L2-listening,1,S,13,8,0,0,0,0,0,koolearn,0
earthquake,47621,https://www.koolearn.com/dict/wd_47621.html,L3-xdf,1,S,13,3,2,1,0,0,0,koolearn;xdf,1
east,47658,https://www.koolearn.com/dict/wd_47658.html,L2-listening,1,S,13,10,0,0,0,0,0,koolearn,0
edit,48135,https://www.koolearn.com/dict/wd_48135.html,L1-base-L1,1,S,13,1,3,0,0,1,1,koolearn,0
empty,49653,https://www.koolearn.com/dict/wd_49653.html,L2-listening,1,S,13,7,0,0,0,0,0,koolearn,0
enclose,49834,https://www.koolearn.com/dict/wd_49834.html,L1-base-L1,1,S,13,3,1,0,0,1,1,koolearn;xdf,1
encode,49842,https://www.koolearn.com/dict/wd_49842.html,L3-xdf,1,S,13,0,3,0,0,0,0,koolearn;xdf,1
enforcement,50199,https://www.koolearn.com/dict/wd_50199.html,L1-base-L2,1,S,13,0,3,2,0,1,2,koolearn,0
envisage,50886,https://www.koolearn.com/dict/wd_50886.html,L3-xdf,1,S,13,0,0,1,0,0,0,koolearn;xdf,1
established,51855,https://www.koolearn.com/dict/wd_51855.html,L2-reading,1,S,13,1,8,1,0,0,0,koolearn,0
ethereal,52011,https://www.koolearn.com/dict/wd_52011.html,L3-xdf,1,S,13,0,3,0,0,0,0,koolearn;xdf,1
evaporation,52426,https://www.koolearn.com/dict/wd_52426.html,L2-listening,1,S,13,8,1,0,0,0,0,koolearn,0
exchange rate,52834,https://www.koolearn.com/dict/wd_52834.html,L2-listening,1,S,13,9,0,0,0,0,0,koolearn,0
explorer,53500,https://www.koolearn.com/dict/wd_53500.html,L3-xdf,1,S,13,3,3,0,0,0,0,koolearn;xdf,1
fall,54429,https://www.koolearn.com/dict/wd_54429.html,L1-base-L2,1,S,13,1,2,2,1,1,2,koolearn,0
farm,54838,https://www.koolearn.com/dict/wd_54838.html,L2-listening,1,S,13,9,0,0,0,0,0,koolearn,0
farmer,54848,https://www.koolearn.com/dict/wd_54848.html,L2-listening,1,S,13,7,0,0,0,0,0,koolearn,0
favour,55182,https://www.koolearn.com/dict/wd_55182.html,L2-reading,1,S,13,1,6,0,0,0,0,koolearn;xdf,1
finding,56532,https://www.koolearn.com/dict/wd_56532.html,L2-listening,1,S,13,6,2,0,0,0,0,koolearn,0
fireplace,56768,https://www.koolearn.com/dict/wd_56768.html,L2-listening,1,S,13,7,0,0,0,0,0,koolearn,0
fish,56918,https://www.koolearn.com/dict/wd_56918.html,L2-listening,1,S,13,6,0,0,0,0,0,koolearn,0
fit,57028,https://www.koolearn.com/dict/wd_57028.html,L2-reading,1,S,13,2,6,0,0,0,0,koolearn,0
fixed,57107,https://www.koolearn.com/dict/wd_57107.html,L2-listening,1,S,13,6,2,0,0,0,0,koolearn,0
floor,57842,https://www.koolearn.com/dict/wd_57842.html,L2-listening,1,S,13,6,0,0,0,0,0,koolearn,0
flora,57877,https://www.koolearn.com/dict/wd_57877.html,L2-listening,1,S,13,6,0,0,0,0,0,koolearn;xdf,1
follow,58469,https://www.koolearn.com/dict/wd_58469.html,L1-base-L1,1,S,13,0,2,0,0,1,1,koolearn,0
footbridge,58622,https://www.koolearn.com/dict/wd_58622.html,L2-listening,1,S,13,8,2,0,0,0,0,koolearn,0
formation,59212,https://www.koolearn.com/dict/wd_59212.html,L2-reading,1,S,13,0,7,0,0,0,0,koolearn,0
formidable,59236,https://www.koolearn.com/dict/wd_59236.html,L1-base-L1,1,S,13,1,0,0,0,1,1,koolearn;xdf,1
free,59811,https://www.koolearn.com/dict/wd_59811.html,L2-listening,1,S,13,6,2,0,0,0,0,koolearn,0
frontier,60394,https://www.koolearn.com/dict/wd_60394.html,L1-base-L1,1,S,13,0,3,0,0,1,1,koolearn;xdf,1
gamble,61548,https://www.koolearn.com/dict/wd_61548.html,L1-base-L1,1,S,13,0,1,1,0,1,1,koolearn;xdf,1
glossy,64026,https://www.koolearn.com/dict/wd_64026.html,L3-xdf,1,S,13,0,3,1,4,0,0,koolearn;xdf,1
goods,64942,https://www.koolearn.com/dict/wd_64942.html,L2-listening,1,S,13,7,0,0,0,0,0,koolearn,0
gorge,65039,https://www.koolearn.com/dict/wd_65039.html,L3-xdf,1,S,13,3,0,1,0,0,0,koolearn;xdf,1
grid,65986,https://www.koolearn.com/dict/wd_65986.html,L3-xdf,1,S,13,2,3,0,1,0,0,koolearn;xdf,1
grim,66040,https://www.koolearn.com/dict/wd_66040.html,L1-base-L1,1,S,13,0,1,0,0,1,1,koolearn;xdf,1
grip,66090,https://www.koolearn.com/dict/wd_66090.html,L3-xdf,1,S,13,3,1,0,0,0,0,koolearn;xdf,1
gymnasium,66972,https://www.koolearn.com/dict/wd_66972.html,L2-listening,1,S,13,5,0,0,1,0,0,koolearn,0
have access to,68669,https://www.koolearn.com/dict/wd_68669.html,L2-writing,1,S,13,2,0,6,1,0,0,koolearn,0
hilarious,70722,https://www.koolearn.com/dict/wd_70722.html,L1-base-L2,1,S,13,0,0,0,4,1,2,koolearn,0
homework,71578,https://www.koolearn.com/dict/wd_71578.html,L2-writing,1,S,13,0,0,5,0,0,0,koolearn,0
house,72315,https://www.koolearn.com/dict/wd_72315.html,L2-listening,1,S,13,5,0,1,0,0,0,koolearn,0
imbalance,74406,https://www.koolearn.com/dict/wd_74406.html,L2-reading,1,S,13,0,6,0,0,0,0,koolearn,0
immature,74485,https://www.koolearn.com/dict/wd_74485.html,L1-base-L1,1,S,13,0,3,1,1,1,1,koolearn,0
impart,74688,https://www.koolearn.com/dict/wd_74688.html,L3-xdf,1,S,13,0,1,4,1,0,0,koolearn;xdf,1
imperial,74793,https://www.koolearn.com/dict/wd_74793.html,L2-reading,1,S,13,0,5,0,1,0,0,koolearn,0
inactive,75990,https://www.koolearn.com/dict/wd_75990.html,L2-reading,1,S,13,0,7,0,0,0,0,koolearn;xdf,1
infect,77080,https://www.koolearn.com/dict/wd_77080.html,L1-base-L1,1,S,13,0,4,0,0,1,1,koolearn,0
infer,77106,https://www.koolearn.com/dict/wd_77106.html,L1-base-L2,1,S,13,0,1,1,0,1,2,koolearn;xdf,1
influenza,77247,https://www.koolearn.com/dict/wd_77247.html,L3-xdf,1,S,13,3,3,0,0,0,0,koolearn;xdf,1
information desk,77281,https://www.koolearn.com/dict/wd_77281.html,L2-listening,1,S,13,8,0,0,0,0,0,koolearn,0
inhumane,77495,https://www.koolearn.com/dict/wd_77495.html,L2-writing,1,S,13,0,0,5,0,0,0,koolearn;xdf,1
insane,77797,https://www.koolearn.com/dict/wd_77797.html,L3-xdf,1,S,13,1,0,0,1,0,0,koolearn;xdf,1
intent,78310,https://www.koolearn.com/dict/wd_78310.html,L3-xdf,1,S,13,0,1,0,0,0,0,koolearn;xdf,1
introverted,79117,https://www.koolearn.com/dict/wd_79117.html,L2-reading,1,S,13,0,6,1,1,0,0,koolearn,0
inviolable,79333,https://www.koolearn.com/dict/wd_79333.html,L1-base-L1,1,S,13,0,0,2,0,1,1,koolearn;xdf,1
invoke,79366,https://www.koolearn.com/dict/wd_79366.html,L1-base-L2,1,S,13,0,1,1,0,1,2,koolearn;xdf,1
irritation,79756,https://www.koolearn.com/dict/wd_79756.html,L3-xdf,1,S,13,4,0,0,0,0,0,koolearn;xdf,1
January,80456,https://www.koolearn.com/dict/wd_80456.html,L2-listening,1,S,13,6,0,0,0,0,0,koolearn,0
Japanese,80464,https://www.koolearn.com/dict/wd_80464.html,L2-listening,1,S,13,7,0,0,0,0,0,koolearn,0
jeans,80618,https://www.koolearn.com/dict/wd_80618.html,L2-listening,1,S,13,9,0,0,0,0,0,koolearn,0
jerk,80730,https://www.koolearn.com/dict/wd_80730.html,L3-xdf,1,S,13,0,3,0,0,0,0,koolearn;xdf,1
joke,81183,https://www.koolearn.com/dict/wd_81183.html,L2-listening,1,S,13,5,1,0,0,0,0,koolearn,0
juice,81474,https://www.koolearn.com/dict/wd_81474.html,L2-listening,1,S,13,9,0,0,0,0,0,koolearn,0
king,82928,https://www.koolearn.com/dict/wd_82928.html,L2-listening,1,S,13,7,0,0,0,0,0,koolearn,0
large-scale,84649,https://www.koolearn.com/dict/wd_84649.html,L2-listening,1,S,13,5,4,0,0,0,0,koolearn;xdf,1
larva,84699,https://www.koolearn.com/dict/wd_84699.html,L3-xdf,1,S,13,2,3,0,0,0,0,koolearn;xdf,1
letter,86185,https://www.koolearn.com/dict/wd_86185.html,L2-listening,1,S,13,6,0,0,0,0,0,koolearn,0
levy,86353,https://www.koolearn.com/dict/wd_86353.html,L1-base-L2,1,S,13,1,1,2,1,1,2,koolearn,0
lexical,86379,https://www.koolearn.com/dict/wd_86379.html,L2-reading,1,S,13,0,6,1,1,0,0,koolearn,0
lime,87017,https://www.koolearn.com/dict/wd_87017.html,L3-xdf,1,S,13,3,2,0,0,0,0,koolearn;xdf,1
litre,87609,https://www.koolearn.com/dict/wd_87609.html,L2-listening,1,S,13,7,0,0,0,0,0,koolearn,0
living room,87754,https://www.koolearn.com/dict/wd_87754.html,L2-listening,1,S,13,8,0,0,0,0,0,koolearn,0
lizard,87777,https://www.koolearn.com/dict/wd_87777.html,L2-listening,1,S,13,7,2,0,0,0,0,koolearn,0
loath,87877,https://www.koolearn.com/dict/wd_87877.html,L3-xdf,1,S,13,0,2,0,0,0,0,koolearn;xdf,1
longitude,88406,https://www.koolearn.com/dict/wd_88406.html,L1-base-L1,1,S,13,3,1,0,0,1,1,koolearn;xdf,1
malfunction,90799,https://www.koolearn.com/dict/wd_90799.html,L2-reading,1,S,13,0,7,0,0,0,0,koolearn,0
mandate,91102,https://www.koolearn.com/dict/wd_91102.html,L1-base-L3,1,S,13,0,3,0,0,1,3,koolearn,0
manoeuvre,91313,https://www.koolearn.com/dict/wd_91313.html,L3-xdf,1,S,13,1,4,1,0,0,0,koolearn;xdf,1
may,92473,https://www.koolearn.com/dict/wd_92473.html,L2-listening,1,S,13,6,0,0,0,0,0,koolearn,0
mechanic,92745,https://www.koolearn.com/dict/wd_92745.html,L3-xdf,1,S,13,1,0,0,1,0,0,koolearn;xdf,1
message,93786,https://www.koolearn.com/dict/wd_93786.html,L2-listening,1,S,13,5,1,1,0,0,0,koolearn,0
meticulous,94078,https://www.koolearn.com/dict/wd_94078.html,L1-base-L3,1,S,13,0,1,1,1,1,3,koolearn,0
metro,94117,https://www.koolearn.com/dict/wd_94117.html,L2-listening,1,S,13,7,0,0,2,0,0,koolearn;xdf,1
ministry,95094,https://www.koolearn.com/dict/wd_95094.html,L3-xdf,1,S,13,0,0,1,0,0,0,koolearn;xdf,1
mix,95831,https://www.koolearn.com/dict/wd_95831.html,L1-base-L1,1,S,13,0,3,3,0,1,1,koolearn,0
moist,96171,https://www.koolearn.com/dict/wd_96171.html,L3-xdf,1,S,13,0,0,0,1,0,0,koolearn;xdf,1
motif,97282,https://www.koolearn.com/dict/wd_97282.html,L2-reading,1,S,13,0,8,0,0,0,0,koolearn,0
multinational,98000,https://www.koolearn.com/dict/wd_98000.html,L3-xdf,1,S,13,4,0,3,0,0,0,koolearn;xdf,1
myriad,98712,https://www.koolearn.com/dict/wd_98712.html,L1-base-L2,1,S,13,0,2,0,0,1,2,koolearn,0
nap,99019,https://www.koolearn.com/dict/wd_99019.html,L2-listening,1,S,13,7,0,0,1,0,0,koolearn,0
negotiation,99764,https://www.koolearn.com/dict/wd_99764.html,L2-reading,1,S,13,0,5,0,0,0,0,koolearn,0
nickel,100526,https://www.koolearn.com/dict/wd_100526.html,L3-xdf,1,S,13,4,2,0,0,0,0,koolearn;xdf,1
niggle,100624,https://www.koolearn.com/dict/wd_100624.html,L2-listening,1,S,13,7,0,0,0,0,0,koolearn;xdf,1
notify,102074,https://www.koolearn.com/dict/wd_102074.html,L3-xdf,1,S,13,1,4,0,0,0,0,koolearn;xdf,1
offence,103455,https://www.koolearn.com/dict/wd_103455.html,L1-base-L2,1,S,13,1,2,3,0,1,2,koolearn,0
opaque,104642,https://www.koolearn.com/dict/wd_104642.html,L1-base-L2,1,S,13,0,2,0,0,1,2,koolearn;xdf,1
operator,104793,https://www.koolearn.com/dict/wd_104793.html,L2-reading,1,S,13,1,5,0,0,0,0,koolearn,0
ore,105187,https://www.koolearn.com/dict/wd_105187.html,L2-listening,1,S,13,6,1,0,0,0,0,koolearn,0
ornament,105383,https://www.koolearn.com/dict/wd_105383.html,L3-xdf,1,S,13,2,1,0,1,0,0,koolearn;xdf,1
painkiller,107698,https://www.koolearn.com/dict/wd_107698.html,L2-listening,1,S,13,10,0,0,0,0,0,koolearn,0
parking,108773,https://www.koolearn.com/dict/wd_108773.html,L2-listening,1,S,13,7,1,0,0,0,0,koolearn,0
particulate,108999,https://www.koolearn.com/dict/wd_108999.html,L3-xdf,1,S,13,3,3,0,0,0,0,koolearn;xdf,1
passage,109130,https://www.koolearn.com/dict/wd_109130.html,L2-listening,1,S,13,7,0,0,0,0,0,koolearn,0
password,109211,https://www.koolearn.com/dict/wd_109211.html,L2-listening,1,S,13,7,1,0,0,0,0,koolearn,0
patronage,109459,https://www.koolearn.com/dict/wd_109459.html,L3-xdf,1,S,13,0,3,0,0,0,0,koolearn;xdf,1
pavement,109549,https://www.koolearn.com/dict/wd_109549.html,L3-xdf,1,S,13,4,0,0,0,0,0,koolearn;xdf,1
photocopier,111970,https://www.koolearn.com/dict/wd_111970.html,L2-listening,1,S,13,7,3,0,1,0,0,koolearn,0
pie,112509,https://www.koolearn.com/dict/wd_112509.html,L2-listening,1,S,13,8,0,2,0,0,0,koolearn,0
possible,115570,https://www.koolearn.com/dict/wd_115570.html,L2-listening,1,S,13,5,1,0,0,0,0,koolearn,0
posture,115780,https://www.koolearn.com/dict/wd_115780.html,L3-xdf,1,S,13,0,2,0,0,0,0,koolearn;xdf,1
precede,116344,https://www.koolearn.com/dict/wd_116344.html,L1-base-L3,1,S,13,0,3,0,0,1,3,koolearn;xdf,1
pretend,117150,https://www.koolearn.com/dict/wd_117150.html,L3-xdf,1,S,13,1,2,0,0,0,0,koolearn;xdf,1
primary school,117421,https://www.koolearn.com/dict/wd_117421.html,L2-listening,1,S,13,7,1,0,1,0,0,koolearn,0
printer,117558,https://www.koolearn.com/dict/wd_117558.html,L2-listening,1,S,13,8,0,0,0,0,0,koolearn,0
printing,117564,https://www.koolearn.com/dict/wd_117564.html,L2-listening,1,S,13,11,0,0,0,0,0,koolearn,0
prior to,117578,https://www.koolearn.com/dict/wd_117578.html,L2-reading,1,S,13,0,6,0,2,0,0,koolearn,0
processor,117806,https://www.koolearn.com/dict/wd_117806.html,L2-reading,1,S,13,0,5,0,0,0,0,koolearn;xdf,1
proclaim,117808,https://www.koolearn.com/dict/wd_117808.html,L3-xdf,1,S,13,0,0,0,0,0,0,koolearn;xdf,1
program,118063,https://www.koolearn.com/dict/wd_118063.html,L2-listening,1,S,13,5,2,1,0,0,0,koolearn,0
prohibitive,118102,https://www.koolearn.com/dict/wd_118102.html,L3-xdf,1,S,13,0,4,0,0,0,0,koolearn;xdf,1
prominence,118199,https://www.koolearn.com/dict/wd_118199.html,L3-xdf,1,S,13,0,3,0,0,0,0,koolearn;xdf,1
puncture,119681,https://www.koolearn.com/dict/wd_119681.html,L2-reading,1,S,13,0,6,0,0,0,0,koolearn,0
queen,120766,https://www.koolearn.com/dict/wd_120766.html,L2-listening,1,S,13,6,0,0,0,0,0,koolearn,0
quest,120831,https://www.koolearn.com/dict/wd_120831.html,L1-base-L1,1,S,13,1,2,0,0,1,1,koolearn,0
raw material,122267,https://www.koolearn.com/dict/wd_122267.html,L2-listening,1,S,13,7,2,0,0,0,0,koolearn;xdf,1
ray,122288,https://www.koolearn.com/dict/wd_122288.html,L2-listening,1,S,13,7,0,0,0,0,0,koolearn,0
realise,122545,https://www.koolearn.com/dict/wd_122545.html,L2-reading,1,S,13,1,5,3,0,0,0,koolearn,0
remuneration,124810,https://www.koolearn.com/dict/wd_124810.html,L3-xdf,1,S,13,1,2,0,0,0,0,koolearn;xdf,1
researcher,125468,https://www.koolearn.com/dict/wd_125468.html,L2-listening,1,S,13,5,2,0,0,0,0,koolearn,0
ripple,127287,https://www.koolearn.com/dict/wd_127287.html,L1-base-L1,1,S,13,0,2,3,0,1,1,koolearn,0
risky,127361,https://www.koolearn.com/dict/wd_127361.html,L1-base-L1,1,S,13,2,0,0,0,1,1,koolearn,0
road,127464,https://www.koolearn.com/dict/wd_127464.html,L2-listening,1,S,13,7,0,0,0,0,0,koolearn,0
roast,127522,https://www.koolearn.com/dict/wd_127522.html,L2-listening,1,S,13,5,0,0,0,0,0,koolearn;xdf,1
rumour,128802,https://www.koolearn.com/dict/wd_128802.html,L3-xdf,1,S,13,0,2,0,0,0,0,koolearn;xdf,1
safari,129343,https://www.koolearn.com/dict/wd_129343.html,L2-listening,1,S,13,9,1,0,2,0,0,koolearn,0
sandal,129939,https://www.koolearn.com/dict/wd_129939.html,L2-listening,1,S,13,10,0,0,1,0,0,koolearn,0
sauce,130407,https://www.koolearn.com/dict/wd_130407.html,L2-listening,1,S,13,7,2,0,0,0,0,koolearn,0
scarcely,130793,https://www.koolearn.com/dict/wd_130793.html,L2-listening,1,S,13,6,1,0,0,0,0,koolearn,0
school,131071,https://www.koolearn.com/dict/wd_131071.html,L2-listening,1,S,13,5,2,0,0,0,0,koolearn,0
scrupulous,131690,https://www.koolearn.com/dict/wd_131690.html,L1-base-L2,1,S,13,0,1,0,0,1,2,koolearn;xdf,1
segregate,132496,https://www.koolearn.com/dict/wd_132496.html,L1-base-L3,1,S,13,0,0,1,1,1,3,koolearn;xdf,1
self-sufficient,132805,https://www.koolearn.com/dict/wd_132805.html,L2-listening,1,S,13,6,3,0,0,0,0,koolearn,0
sentence,133226,https://www.koolearn.com/dict/wd_133226.html,L2-listening,1,S,13,6,0,0,0,0,0,koolearn,0
several,133829,https://www.koolearn.com/dict/wd_133829.html,L2-listening,1,S,13,7,1,0,0,0,0,koolearn,0
shutter,135412,https://www.koolearn.com/dict/wd_135412.html,L3-xdf,1,S,13,4,0,0,1,0,0,koolearn;xdf,1
simplicity,136084,https://www.koolearn.com/dict/wd_136084.html,L2-reading,1,S,13,0,5,0,0,0,0,koolearn;xdf,1
single,136182,https://www.koolearn.com/dict/wd_136182.html,L2-listening,1,S,13,6,1,0,0,0,0,koolearn,0
sinister,136245,https://www.koolearn.com/dict/wd_136245.html,L3-xdf,1,S,13,1,1,0,0,0,0,koolearn;xdf,1
skeptical,136575,https://www.koolearn.com/dict/wd_136575.html,L1-base-L2,1,S,13,0,3,0,0,1,2,koolearn,0
smoke,137733,https://www.koolearn.com/dict/wd_137733.html,L2-listening,1,S,13,6,1,0,0,0,0,koolearn,0
solar energy,138718,https://www.koolearn.com/dict/wd_138718.html,L2-listening,1,S,13,5,2,4,0,0,0,koolearn,0
solemn,138786,https://www.koolearn.com/dict/wd_138786.html,L3-xdf,1,S,13,0,1,0,2,0,0,koolearn;xdf,1
spotlight,140807,https://www.koolearn.com/dict/wd_140807.html,L2-listening,1,S,13,5,1,0,2,0,0,koolearn,0
sticky,142541,https://www.koolearn.com/dict/wd_142541.html,L3-xdf,1,S,13,0,3,0,1,0,0,koolearn;xdf,1
straight,143116,https://www.koolearn.com/dict/wd_143116.html,L1-base-L2,1,S,13,2,1,0,1,1,2,koolearn,0
stream,143314,https://www.koolearn.com/dict/wd_143314.html,L3-xdf,1,S,13,3,1,0,0,0,0,koolearn;xdf,1
stringent,143539,https://www.koolearn.com/dict/wd_143539.html,L3-xdf,1,S,13,0,0,3,0,0,0,koolearn;xdf,1
supermarket,145320,https://www.koolearn.com/dict/wd_145320.html,L2-listening,1,S,13,6,0,0,1,0,0,koolearn,0
surroundings,145759,https://www.koolearn.com/dict/wd_145759.html,L2-listening,1,S,13,6,2,0,0,0,0,koolearn;xdf,1
swan,145971,https://www.koolearn.com/dict/wd_145971.html,L2-listening,1,S,13,8,1,0,0,0,0,koolearn,0
tag,147056,https://www.koolearn.com/dict/wd_147056.html,L3-xdf,1,S,13,0,2,0,1,0,0,koolearn;xdf,1
tail,147094,https://www.koolearn.com/dict/wd_147094.html,L2-listening,1,S,13,5,1,0,0,0,0,koolearn,0
tax revenue,148277,https://www.koolearn.com/dict/wd_148277.html,L2-writing,1,S,13,0,0,9,2,0,0,koolearn,0
tennis court,149147,https://www.koolearn.com/dict/wd_149147.html,L2-listening,1,S,13,10,1,0,0,0,0,koolearn,0
testimony,149567,https://www.koolearn.com/dict/wd_149567.html,L1-base-L2,1,S,13,4,3,0,0,1,2,koolearn,0
thrill,150864,https://www.koolearn.com/dict/wd_150864.html,L3-xdf,1,S,13,1,1,0,2,0,0,koolearn;xdf,1
thriller,150866,https://www.koolearn.com/dict/wd_150866.html,L2-listening,1,S,13,8,0,0,2,0,0,koolearn,0
tighten,151344,https://www.koolearn.com/dict/wd_151344.html,L3-xdf,1,S,13,0,1,1,0,0,0,koolearn;xdf,1
topple,153011,https://www.koolearn.com/dict/wd_153011.html,L3-xdf,1,S,13,0,3,0,0,0,0,koolearn;xdf,1
torment,153066,https://www.koolearn.com/dict/wd_153066.html,L1-base-L1,1,S,13,0,0,0,0,1,1,koolearn;xdf,1
touching,153316,https://www.koolearn.com/dict/wd_153316.html,L2-listening,1,S,13,6,1,0,3,0,0,koolearn,0
town,153458,https://www.koolearn.com/dict/wd_153458.html,L2-listening,1,S,13,7,0,0,0,0,0,koolearn,0
tranquility,153921,https://www.koolearn.com/dict/wd_153921.html,L1-base-L2,1,S,13,1,3,0,0,1,2,koolearn;xdf,1
transient,154066,https://www.koolearn.com/dict/wd_154066.html,L1-base-L1,1,S,13,0,3,0,0,1,1,koolearn;xdf,1
travel agency,154300,https://www.koolearn.com/dict/wd_154300.html,L2-listening,1,S,13,10,0,0,0,0,0,koolearn,0
uneasy,157871,https://www.koolearn.com/dict/wd_157871.html,L3-xdf,1,S,13,0,0,2,0,0,0,koolearn;xdf,1
vain,160534,https://www.koolearn.com/dict/wd_160534.html,L1-base-L1,1,S,13,0,0,0,0,1,1,koolearn,0
veteran,161668,https://www.koolearn.com/dict/wd_161668.html,L1-base-L1,1,S,13,0,3,1,0,1,1,koolearn,0
violin,162153,https://www.koolearn.com/dict/wd_162153.html,L2-listening,1,S,13,7,0,0,1,0,0,koolearn,0
wasteland,163750,https://www.koolearn.com/dict/wd_163750.html,L2-listening,1,S,13,6,0,0,1,0,0,koolearn,0
wedge,164307,https://www.koolearn.com/dict/wd_164307.html,L3-xdf,1,S,13,1,3,0,0,0,0,koolearn;xdf,1
Wednesday,164320,https://www.koolearn.com/dict/wd_164320.html,L2-listening,1,S,13,7,0,0,0,0,0,koolearn,0
weekday,164344,https://www.koolearn.com/dict/wd_164344.html,L2-listening,1,S,13,11,0,0,0,0,0,koolearn,0
wood,166404,https://www.koolearn.com/dict/wd_166404.html,L2-listening,1,S,13,6,0,0,0,0,0,koolearn,0
workaholic,166632,https://www.koolearn.com/dict/wd_166632.html,L3-xdf,1,S,13,2,0,4,2,0,0,koolearn;xdf,1
absenteeism,857,https://www.koolearn.com/dict/wd_857.html,L3-xdf,1,S,12,1,3,0,0,0,0,koolearn;xdf,1
acceptance,1173,https://www.koolearn.com/dict/wd_1173.html,L1-base-L1,1,S,12,2,4,0,0,1,1,koolearn,0
acre,1804,https://www.koolearn.com/dict/wd_1804.html,L2-listening,1,S,12,5,2,0,0,0,0,koolearn,0
acrobatic,1823,https://www.koolearn.com/dict/wd_1823.html,L3-xdf,1,S,12,3,0,0,1,0,0,koolearn;xdf,1
adaptable,2103,https://www.koolearn.com/dict/wd_2103.html,L2-reading,1,S,12,0,7,0,1,0,0,koolearn,0
addict,2153,https://www.koolearn.com/dict/wd_2153.html,L3-xdf,1,S,12,1,1,0,0,0,0,koolearn;xdf,1
agreeable,3587,https://www.koolearn.com/dict/wd_3587.html,L2-reading,1,S,12,0,8,0,0,0,0,koolearn,0
almost,5025,https://www.koolearn.com/dict/wd_5025.html,L2-listening,1,S,12,5,0,2,1,0,0,koolearn,0
ambassador,5381,https://www.koolearn.com/dict/wd_5381.html,L3-xdf,1,S,12,1,0,0,0,0,0,koolearn;xdf,1
anticipation,7264,https://www.koolearn.com/dict/wd_7264.html,L3-xdf,1,S,12,0,2,0,0,0,0,koolearn;xdf,1
appear,7969,https://www.koolearn.com/dict/wd_7969.html,L3-xdf,1,S,12,1,3,0,1,0,0,koolearn;xdf,1
apprentice,8177,https://www.koolearn.com/dict/wd_8177.html,L1-base-L1,1,S,12,0,2,0,0,1,1,koolearn,0
April,8267,https://www.koolearn.com/dict/wd_8267.html,L2-listening,1,S,12,6,0,0,0,0,0,koolearn,0
arable,8380,https://www.koolearn.com/dict/wd_8380.html,L1-base-L2,1,S,12,1,3,0,0,1,2,koolearn;xdf,1
arcade,8485,https://www.koolearn.com/dict/wd_8485.html,L2-listening,1,S,12,6,0,0,0,0,0,koolearn;xdf,1
argue,8816,https://www.koolearn.com/dict/wd_8816.html,L3-xdf,1,S,12,1,2,1,0,0,0,koolearn;xdf,1
arousal,9081,https://www.koolearn.com/dict/wd_9081.html,L3-xdf,1,S,12,0,4,0,0,0,0,koolearn;xdf,1
artifact,9342,https://www.koolearn.com/dict/wd_9342.html,L2-reading,1,S,12,0,6,0,0,0,0,koolearn,0
ascribe,9653,https://www.koolearn.com/dict/wd_9653.html,L3-xdf,1,S,12,0,2,0,0,0,0,koolearn;xdf,1
astronomer,10308,https://www.koolearn.com/dict/wd_10308.html,L2-reading,1,S,12,0,6,0,0,0,0,koolearn,0
atomic,10758,https://www.koolearn.com/dict/wd_10758.html,L3-xdf,1,S,12,0,0,0,0,0,0,koolearn;xdf,1
August,11183,https://www.koolearn.com/dict/wd_11183.html,L2-listening,1,S,12,6,0,0,0,0,0,koolearn,0
Australia,11287,https://www.koolearn.com/dict/wd_11287.html,L2-listening,1,S,12,8,0,0,0,0,0,koolearn,0
avenge,11669,https://www.koolearn.com/dict/wd_11669.html,L3-xdf,1,S,12,0,0,0,0,0,0,koolearn;xdf,1
baffle,12544,https://www.koolearn.com/dict/wd_12544.html,L1-base-L2,1,S,12,1,0,0,0,1,2,koolearn;xdf,1
barbaric,13288,https://www.koolearn.com/dict/wd_13288.html,L3-xdf,1,S,12,0,0,0,0,0,0,koolearn;xdf,1
bare,13363,https://www.koolearn.com/dict/wd_13363.html,L3-xdf,1,S,12,1,0,0,1,0,0,koolearn;xdf,1
barge,13412,https://www.koolearn.com/dict/wd_13412.html,L3-xdf,1,S,12,1,2,0,0,0,0,koolearn;xdf,1
bat,13883,https://www.koolearn.com/dict/wd_13883.html,L2-listening,1,S,12,5,1,0,0,0,0,koolearn,0
bead,15012,https://www.koolearn.com/dict/wd_15012.html,L3-xdf,1,S,12,1,2,0,1,0,0,koolearn;xdf,1
bent,16155,https://www.koolearn.com/dict/wd_16155.html,L3-xdf,1,S,12,2,2,0,0,0,0,koolearn;xdf,1
blunt,18622,https://www.koolearn.com/dict/wd_18622.html,L1-base-L1,1,S,12,0,1,0,1,1,1,koolearn;xdf,1
booming,19376,https://www.koolearn.com/dict/wd_19376.html,L3-xdf,1,S,12,1,0,2,0,0,0,koolearn;xdf,1
boot,19403,https://www.koolearn.com/dict/wd_19403.html,L2-listening,1,S,12,5,0,0,0,0,0,koolearn;xdf,1
bow,19888,https://www.koolearn.com/dict/wd_19888.html,L3-xdf,1,S,12,3,1,0,0,0,0,koolearn;xdf,1
bracelet,20074,https://www.koolearn.com/dict/wd_20074.html,L2-listening,1,S,12,6,0,1,3,0,0,koolearn,0
bud,21694,https://www.koolearn.com/dict/wd_21694.html,L3-xdf,1,S,12,1,2,0,0,0,0,koolearn;xdf,1
capsize,24416,https://www.koolearn.com/dict/wd_24416.html,L3-xdf,1,S,12,0,3,0,0,0,0,koolearn;xdf,1
care,24734,https://www.koolearn.com/dict/wd_24734.html,L2-listening,1,S,12,7,1,0,0,0,0,koolearn,0
cellular,26199,https://www.koolearn.com/dict/wd_26199.html,L2-reading,1,S,12,0,5,0,0,0,0,koolearn,0
centre,26386,https://www.koolearn.com/dict/wd_26386.html,L2-listening,1,S,12,5,1,2,0,0,0,koolearn,0
chunk,28787,https://www.koolearn.com/dict/wd_28787.html,L3-xdf,1,S,12,0,1,0,1,0,0,koolearn;xdf,1
civic,29275,https://www.koolearn.com/dict/wd_29275.html,L2-reading,1,S,12,0,7,0,0,0,0,koolearn,0
clip,29935,https://www.koolearn.com/dict/wd_29935.html,L3-xdf,1,S,12,1,0,0,1,0,0,koolearn;xdf,1
coffee,30893,https://www.koolearn.com/dict/wd_30893.html,L2-listening,1,S,12,5,0,1,0,0,0,koolearn,0
comply,32435,https://www.koolearn.com/dict/wd_32435.html,L1-base-L2,1,S,12,0,2,0,0,1,2,koolearn;xdf,1
comply with,32436,https://www.koolearn.com/dict/wd_32436.html,L2-reading,1,S,12,1,6,1,1,0,0,koolearn,0
congested,33224,https://www.koolearn.com/dict/wd_33224.html,L2-reading,1,S,12,1,6,1,1,0,0,koolearn;xdf,1
consistency,33564,https://www.koolearn.com/dict/wd_33564.html,L2-reading,1,S,12,2,5,0,0,0,0,koolearn,0
cord,34674,https://www.koolearn.com/dict/wd_34674.html,L1-base-L2,1,S,12,3,0,0,0,1,2,koolearn;xdf,1
corresponding,35025,https://www.koolearn.com/dict/wd_35025.html,L2-reading,1,S,12,0,6,1,0,0,0,koolearn,0
cot,35310,https://www.koolearn.com/dict/wd_35310.html,L2-listening,1,S,12,10,0,0,0,0,0,koolearn,0
counterproductive,35614,https://www.koolearn.com/dict/wd_35614.html,L3-xdf,1,S,12,0,4,4,0,0,0,koolearn;xdf,1
courtyard,35775,https://www.koolearn.com/dict/wd_35775.html,L2-listening,1,S,12,5,0,0,4,0,0,koolearn,0
cruel,37079,https://www.koolearn.com/dict/wd_37079.html,L3-xdf,1,S,12,2,0,3,0,0,0,koolearn;xdf,1
crusade,37150,https://www.koolearn.com/dict/wd_37150.html,L1-base-L2,1,S,12,0,4,0,0,1,2,koolearn;xdf,1
danger,38786,https://www.koolearn.com/dict/wd_38786.html,L2-listening,1,S,12,6,0,0,0,0,0,koolearn,0
dark,38889,https://www.koolearn.com/dict/wd_38889.html,L2-listening,1,S,12,6,0,0,0,0,0,koolearn,0
dash,38960,https://www.koolearn.com/dict/wd_38960.html,L3-xdf,1,S,12,0,0,0,0,0,0,koolearn;xdf,1
December,39656,https://www.koolearn.com/dict/wd_39656.html,L2-listening,1,S,12,6,0,0,0,0,0,koolearn,0
defendant,40138,https://www.koolearn.com/dict/wd_40138.html,L3-xdf,1,S,12,0,0,1,0,0,0,koolearn;xdf,1
denomination,41009,https://www.koolearn.com/dict/wd_41009.html,L3-xdf,1,S,12,3,0,0,0,0,0,koolearn;xdf,1
deploy,41233,https://www.koolearn.com/dict/wd_41233.html,L3-xdf,1,S,12,3,0,0,0,0,0,koolearn;xdf,1
dial,42292,https://www.koolearn.com/dict/wd_42292.html,L2-listening,1,S,12,5,1,0,0,0,0,koolearn,0
diesel,42639,https://www.koolearn.com/dict/wd_42639.html,L3-xdf,1,S,12,0,0,0,0,0,0,koolearn;xdf,1
dietician,42666,https://www.koolearn.com/dict/wd_42666.html,L2-listening,1,S,12,6,0,0,0,0,0,koolearn,0
disappointing,43416,https://www.koolearn.com/dict/wd_43416.html,L2-reading,1,S,12,1,5,0,0,0,0,koolearn;xdf,1
discomfort,43577,https://www.koolearn.com/dict/wd_43577.html,L2-listening,1,S,12,6,0,2,0,0,0,koolearn,0
dispersal,44093,https://www.koolearn.com/dict/wd_44093.html,L3-xdf,1,S,12,0,4,0,0,0,0,koolearn;xdf,1
disruption,44234,https://www.koolearn.com/dict/wd_44234.html,L2-reading,1,S,12,2,5,1,0,0,0,koolearn;xdf,1
doom,45399,https://www.koolearn.com/dict/wd_45399.html,L1-base-L1,1,S,12,0,0,0,0,1,1,koolearn;xdf,1
drainage,46063,https://www.koolearn.com/dict/wd_46063.html,L3-xdf,1,S,12,3,0,0,0,0,0,koolearn;xdf,1
dredge,46250,https://www.koolearn.com/dict/wd_46250.html,L3-xdf,1,S,12,3,4,0,0,0,0,koolearn;xdf,1
dubious,46817,https://www.koolearn.com/dict/wd_46817.html,L3-xdf,1,S,12,0,1,0,0,0,0,koolearn;xdf,1
dynamics,47379,https://www.koolearn.com/dict/wd_47379.html,L2-reading,1,S,12,0,6,0,0,0,0,koolearn,0
elucidate,49081,https://www.koolearn.com/dict/wd_49081.html,L1-base-L3,1,S,12,0,3,0,0,1,3,koolearn;xdf,1
encroach,49876,https://www.koolearn.com/dict/wd_49876.html,L3-xdf,1,S,12,0,0,1,0,0,0,koolearn;xdf,1
entirely,50697,https://www.koolearn.com/dict/wd_50697.html,L2-reading,1,S,12,0,5,1,0,0,0,koolearn,0
excavate,52764,https://www.koolearn.com/dict/wd_52764.html,L1-base-L2,1,S,12,1,2,0,0,1,2,koolearn;xdf,1
excel,52777,https://www.koolearn.com/dict/wd_52777.html,L2-reading,1,S,12,0,5,0,0,0,0,koolearn,0
excellent,52784,https://www.koolearn.com/dict/wd_52784.html,L3-xdf,1,S,12,2,0,0,1,0,0,koolearn;xdf,1
exhaustion,53117,https://www.koolearn.com/dict/wd_53117.html,L3-xdf,1,S,12,2,0,0,1,0,0,koolearn;xdf,1
exhaustive,53118,https://www.koolearn.com/dict/wd_53118.html,L3-xdf,1,S,12,0,4,0,0,0,0,koolearn;xdf,1
exist,53175,https://www.koolearn.com/dict/wd_53175.html,L3-xdf,1,S,12,2,4,0,0,0,0,koolearn;xdf,1
exorbitant,53236,https://www.koolearn.com/dict/wd_53236.html,L3-xdf,1,S,12,0,0,1,1,0,0,koolearn;xdf,1
exploitative,53485,https://www.koolearn.com/dict/wd_53485.html,L3-xdf,1,S,12,0,4,0,0,0,0,koolearn;xdf,1
farewell,54818,https://www.koolearn.com/dict/wd_54818.html,L3-xdf,1,S,12,2,0,0,0,0,0,koolearn;xdf,1
favor,55165,https://www.koolearn.com/dict/wd_55165.html,L1-base-L1,1,S,12,2,2,2,0,1,1,koolearn,0
fertiliser,55788,https://www.koolearn.com/dict/wd_55788.html,L2-reading,1,S,12,1,5,0,1,0,0,koolearn,0
fever,55914,https://www.koolearn.com/dict/wd_55914.html,L2-listening,1,S,12,7,0,0,0,0,0,koolearn,0
figure out,56236,https://www.koolearn.com/dict/wd_56236.html,L2-reading,1,S,12,1,5,1,2,0,0,koolearn,0
fin,56441,https://www.koolearn.com/dict/wd_56441.html,L2-listening,1,S,12,7,0,1,1,0,0,koolearn,0
finitude,56635,https://www.koolearn.com/dict/wd_56635.html,L3-xdf,1,S,12,0,4,0,0,0,0,koolearn;xdf,1
fluency,58029,https://www.koolearn.com/dict/wd_58029.html,L3-xdf,1,S,12,2,3,0,0,0,0,koolearn;xdf,1
food chain,58550,https://www.koolearn.com/dict/wd_58550.html,L2-listening,1,S,12,6,1,2,0,0,0,koolearn,0
foremost,58997,https://www.koolearn.com/dict/wd_58997.html,L1-base-L3,1,S,12,0,2,0,1,1,3,koolearn;xdf,1
French,59967,https://www.koolearn.com/dict/wd_59967.html,L2-listening,1,S,12,7,0,0,0,0,0,koolearn,0
gasoline,61967,https://www.koolearn.com/dict/wd_61967.html,L2-listening,1,S,12,6,0,1,0,0,0,koolearn,0
generally,62459,https://www.koolearn.com/dict/wd_62459.html,L2-reading,1,S,12,0,5,1,0,0,0,koolearn,0
grand,65400,https://www.koolearn.com/dict/wd_65400.html,L1-base-L2,1,S,12,1,0,0,0,1,2,koolearn;xdf,1
grin,66063,https://www.koolearn.com/dict/wd_66063.html,L3-xdf,1,S,12,0,1,0,0,0,0,koolearn;xdf,1
guided tour,66634,https://www.koolearn.com/dict/wd_66634.html,L2-listening,1,S,12,7,0,0,0,0,0,koolearn,0
gust,66886,https://www.koolearn.com/dict/wd_66886.html,L1-base-L2,1,S,12,3,1,0,0,1,2,koolearn,0
hammer,67680,https://www.koolearn.com/dict/wd_67680.html,L2-listening,1,S,12,5,1,0,0,0,0,koolearn,0
hamster,67718,https://www.koolearn.com/dict/wd_67718.html,L3-xdf,1,S,12,1,3,0,0,0,0,koolearn;xdf,1
handball,67792,https://www.koolearn.com/dict/wd_67792.html,L2-listening,1,S,12,11,0,0,0,0,0,koolearn,0
heading,69035,https://www.koolearn.com/dict/wd_69035.html,L2-listening,1,S,12,7,1,0,0,0,0,koolearn,0
heap,69148,https://www.koolearn.com/dict/wd_69148.html,L3-xdf,1,S,12,1,0,0,0,0,0,koolearn;xdf,1
heart,69181,https://www.koolearn.com/dict/wd_69181.html,L2-listening,1,S,12,7,0,0,0,0,0,koolearn,0
heir,69511,https://www.koolearn.com/dict/wd_69511.html,L1-base-L1,1,S,12,0,1,0,0,1,1,koolearn;xdf,1
helpful,69701,https://www.koolearn.com/dict/wd_69701.html,L2-listening,1,S,12,7,0,0,0,0,0,koolearn,0
hero,70145,https://www.koolearn.com/dict/wd_70145.html,L2-listening,1,S,12,6,0,0,0,0,0,koolearn,0
homogeneous,71631,https://www.koolearn.com/dict/wd_71631.html,L1-base-L3,1,S,12,0,1,1,0,1,3,koolearn;xdf,1
hurdle,72871,https://www.koolearn.com/dict/wd_72871.html,L3-xdf,1,S,12,2,1,0,0,0,0,koolearn;xdf,1
hurl,72880,https://www.koolearn.com/dict/wd_72880.html,L1-base-L1,1,S,12,0,1,0,0,1,1,koolearn;xdf,1
imperil,74805,https://www.koolearn.com/dict/wd_74805.html,L3-xdf,1,S,12,0,0,0,0,0,0,koolearn;xdf,1
in addition,75215,https://www.koolearn.com/dict/wd_75215.html,L3-xdf,1,S,12,2,1,1,0,0,0,koolearn;xdf,1
incline,76242,https://www.koolearn.com/dict/wd_76242.html,L1-base-L1,1,S,12,0,2,0,0,1,1,koolearn,0
inequality,76970,https://www.koolearn.com/dict/wd_76970.html,L2-writing,1,S,12,0,0,5,0,0,0,koolearn,0
infirmity,77186,https://www.koolearn.com/dict/wd_77186.html,L1-base-L3,1,S,12,0,4,0,0,1,3,koolearn;xdf,1
ingenious,77379,https://www.koolearn.com/dict/wd_77379.html,L1-base-L1,1,S,12,0,3,1,1,1,1,koolearn,0
inject,77550,https://www.koolearn.com/dict/wd_77550.html,L3-xdf,1,S,12,0,2,0,0,0,0,koolearn;xdf,1
ink,77580,https://www.koolearn.com/dict/wd_77580.html,L2-listening,1,S,12,6,0,0,0,0,0,koolearn,0
interdependent,78431,https://www.koolearn.com/dict/wd_78431.html,L2-writing,1,S,12,1,0,5,1,0,0,koolearn;xdf,1
introspection,79110,https://www.koolearn.com/dict/wd_79110.html,L3-xdf,1,S,12,0,2,0,0,0,0,koolearn;xdf,1
jeopardise,80711,https://www.koolearn.com/dict/wd_80711.html,L3-xdf,1,S,12,0,0,2,0,0,0,koolearn;xdf,1
July,81514,https://www.koolearn.com/dict/wd_81514.html,L2-listening,1,S,12,6,0,0,0,0,0,koolearn,0
June,81591,https://www.koolearn.com/dict/wd_81591.html,L2-listening,1,S,12,6,0,0,0,0,0,koolearn,0
keeper,82312,https://www.koolearn.com/dict/wd_82312.html,L2-listening,1,S,12,7,0,0,2,0,0,koolearn,0
kiosk,83003,https://www.koolearn.com/dict/wd_83003.html,L2-listening,1,S,12,8,0,0,0,0,0,koolearn,0
lateral,84854,https://www.koolearn.com/dict/wd_84854.html,L1-base-L3,1,S,12,1,0,0,0,1,3,koolearn;xdf,1
lax,85153,https://www.koolearn.com/dict/wd_85153.html,L3-xdf,1,S,12,0,0,1,0,0,0,koolearn;xdf,1
lean,85419,https://www.koolearn.com/dict/wd_85419.html,L2-listening,1,S,12,5,0,0,1,0,0,koolearn,0
lemon,85898,https://www.koolearn.com/dict/wd_85898.html,L2-listening,1,S,12,7,0,0,1,0,0,koolearn,0
liaise,86419,https://www.koolearn.com/dict/wd_86419.html,L2-listening,1,S,12,5,0,0,0,0,0,koolearn;xdf,1
likely,86936,https://www.koolearn.com/dict/wd_86936.html,L1-base-L2,1,S,12,0,0,0,0,1,2,koolearn,0
limited,87046,https://www.koolearn.com/dict/wd_87046.html,L3-xdf,1,S,12,3,4,0,0,0,0,koolearn;xdf,1
list,87472,https://www.koolearn.com/dict/wd_87472.html,L2-listening,1,S,12,5,0,0,0,0,0,koolearn,0
lodge,88095,https://www.koolearn.com/dict/wd_88095.html,L2-listening,1,S,12,6,1,0,0,0,0,koolearn,0
lunch,89325,https://www.koolearn.com/dict/wd_89325.html,L2-listening,1,S,12,7,0,0,0,0,0,koolearn,0
mall,90841,https://www.koolearn.com/dict/wd_90841.html,L3-xdf,1,S,12,3,0,0,0,0,0,koolearn;xdf,1
malleable,90846,https://www.koolearn.com/dict/wd_90846.html,L3-xdf,1,S,12,0,3,0,0,0,0,koolearn;xdf,1
malnutrition,90870,https://www.koolearn.com/dict/wd_90870.html,L1-base-L3,1,S,12,0,0,0,2,1,3,koolearn,0
mandarin,91094,https://www.koolearn.com/dict/wd_91094.html,L2-listening,1,S,12,6,0,0,2,0,0,koolearn;xdf,1
marketplace,91734,https://www.koolearn.com/dict/wd_91734.html,L3-xdf,1,S,12,2,2,0,1,0,0,koolearn;xdf,1
matching,92195,https://www.koolearn.com/dict/wd_92195.html,L2-listening,1,S,12,8,0,0,0,0,0,koolearn,0
meeting,93001,https://www.koolearn.com/dict/wd_93001.html,L2-listening,1,S,12,5,0,0,0,0,0,koolearn,0
methane,94017,https://www.koolearn.com/dict/wd_94017.html,L3-xdf,1,S,12,1,2,0,0,0,0,koolearn;xdf,1
microbiology,94289,https://www.koolearn.com/dict/wd_94289.html,L2-listening,1,S,12,7,0,0,0,0,0,koolearn;xdf,1
microphone,94384,https://www.koolearn.com/dict/wd_94384.html,L2-listening,1,S,12,8,1,0,0,0,0,koolearn,0
minibus,95016,https://www.koolearn.com/dict/wd_95016.html,L2-listening,1,S,12,8,0,0,0,0,0,koolearn,0
mishandle,95462,https://www.koolearn.com/dict/wd_95462.html,L2-reading,1,S,12,1,5,0,0,0,0,koolearn;xdf,1
molten,96289,https://www.koolearn.com/dict/wd_96289.html,L3-xdf,1,S,12,0,4,0,0,0,0,koolearn;xdf,1
mountainous,97457,https://www.koolearn.com/dict/wd_97457.html,L3-xdf,1,S,12,3,0,0,1,0,0,koolearn;xdf,1
naturally,99368,https://www.koolearn.com/dict/wd_99368.html,L3-xdf,1,S,12,2,1,1,1,0,0,koolearn;xdf,1
needle,99671,https://www.koolearn.com/dict/wd_99671.html,L2-listening,1,S,12,5,2,0,0,0,0,koolearn,0
neighbouring,99794,https://www.koolearn.com/dict/wd_99794.html,L2-listening,1,S,12,6,2,0,0,0,0,koolearn,0
nightmare,100678,https://www.koolearn.com/dict/wd_100678.html,L1-base-L2,1,S,12,3,0,0,0,1,2,koolearn;xdf,1
nominate,101221,https://www.koolearn.com/dict/wd_101221.html,L1-base-L1,1,S,12,1,2,0,0,1,1,koolearn,0
northeast,101810,https://www.koolearn.com/dict/wd_101810.html,L2-listening,1,S,12,8,0,0,0,0,0,koolearn,0
nose,101848,https://www.koolearn.com/dict/wd_101848.html,L2-listening,1,S,12,7,0,1,0,0,0,koolearn,0
notebook,102027,https://www.koolearn.com/dict/wd_102027.html,L2-listening,1,S,12,6,0,0,0,0,0,koolearn,0
November,102147,https://www.koolearn.com/dict/wd_102147.html,L2-listening,1,S,12,6,0,0,0,0,0,koolearn,0
oak,102616,https://www.koolearn.com/dict/wd_102616.html,L3-xdf,1,S,12,3,0,0,1,0,0,koolearn;xdf,1
obscurity,102827,https://www.koolearn.com/dict/wd_102827.html,L3-xdf,1,S,12,0,4,0,0,0,0,koolearn;xdf,1
obsolete,102870,https://www.koolearn.com/dict/wd_102870.html,L1-base-L2,1,S,12,1,3,2,1,1,2,koolearn,0
occupational,103017,https://www.koolearn.com/dict/wd_103017.html,L2-listening,1,S,12,6,1,1,0,0,0,koolearn,0
October,103152,https://www.koolearn.com/dict/wd_103152.html,L2-listening,1,S,12,6,0,0,0,0,0,koolearn,0
oculist,103182,https://www.koolearn.com/dict/wd_103182.html,L2-listening,1,S,12,12,0,0,0,0,0,koolearn,0
onion,104483,https://www.koolearn.com/dict/wd_104483.html,L2-listening,1,S,12,5,0,0,1,0,0,koolearn,0
onslaught,104529,https://www.koolearn.com/dict/wd_104529.html,L3-xdf,1,S,12,0,3,0,0,0,0,koolearn;xdf,1
ornamental,105384,https://www.koolearn.com/dict/wd_105384.html,L3-xdf,1,S,12,4,1,0,0,0,0,koolearn;xdf,1
other than,105781,https://www.koolearn.com/dict/wd_105781.html,L2-reading,1,S,12,0,6,0,3,0,0,koolearn,0
outlaw,106169,https://www.koolearn.com/dict/wd_106169.html,L3-xdf,1,S,12,0,0,0,2,0,0,koolearn;xdf,1
paint,107705,https://www.koolearn.com/dict/wd_107705.html,L2-listening,1,S,12,5,0,0,0,0,0,koolearn,0
pamphlet,108021,https://www.koolearn.com/dict/wd_108021.html,L3-xdf,1,S,12,2,2,0,0,0,0,koolearn;xdf,1
paralyse,108510,https://www.koolearn.com/dict/wd_108510.html,L2-reading,1,S,12,0,7,0,0,0,0,koolearn,0
penguin,110321,https://www.koolearn.com/dict/wd_110321.html,L2-listening,1,S,12,5,1,0,0,0,0,koolearn,0
periodic,110848,https://www.koolearn.com/dict/wd_110848.html,L2-reading,1,S,12,0,5,0,0,0,0,koolearn,0
perish,110896,https://www.koolearn.com/dict/wd_110896.html,L1-base-L2,1,S,12,0,2,0,0,1,2,koolearn,0
personalize,111169,https://www.koolearn.com/dict/wd_111169.html,L3-xdf,1,S,12,1,3,1,3,0,0,koolearn;xdf,1
pocket,114393,https://www.koolearn.com/dict/wd_114393.html,L2-listening,1,S,12,7,0,0,0,0,0,koolearn,0
pornography,115372,https://www.koolearn.com/dict/wd_115372.html,L2-writing,1,S,12,0,0,5,2,0,0,koolearn,0
potent,115838,https://www.koolearn.com/dict/wd_115838.html,L2-reading,1,S,12,0,5,0,0,0,0,koolearn,0
practically,116114,https://www.koolearn.com/dict/wd_116114.html,L3-xdf,1,S,12,0,1,1,2,0,0,koolearn;xdf,1
premier,116735,https://www.koolearn.com/dict/wd_116735.html,L3-xdf,1,S,12,1,2,0,0,0,0,koolearn;xdf,1
pretentious,117160,https://www.koolearn.com/dict/wd_117160.html,L3-xdf,1,S,12,0,1,2,0,0,0,koolearn;xdf,1
progressive,118089,https://www.koolearn.com/dict/wd_118089.html,L1-base-L1,1,S,12,0,3,2,0,1,1,koolearn,0
public transport,119299,https://www.koolearn.com/dict/wd_119299.html,L2-listening,1,S,12,6,1,2,1,0,0,koolearn,0
punch,119633,https://www.koolearn.com/dict/wd_119633.html,L3-xdf,1,S,12,1,4,0,0,0,0,koolearn;xdf,1
rabbit,121164,https://www.koolearn.com/dict/wd_121164.html,L2-listening,1,S,12,5,0,0,0,0,0,koolearn,0
ration,122129,https://www.koolearn.com/dict/wd_122129.html,L2-listening,1,S,12,5,1,1,0,0,0,koolearn;xdf,1
reasoning,122673,https://www.koolearn.com/dict/wd_122673.html,L2-reading,1,S,12,0,6,0,0,0,0,koolearn,0
recede,122841,https://www.koolearn.com/dict/wd_122841.html,L1-base-L2,1,S,12,0,4,0,0,1,2,koolearn,0
refer,123697,https://www.koolearn.com/dict/wd_123697.html,L3-xdf,1,S,12,2,4,0,0,0,0,koolearn;xdf,1
refinement,123758,https://www.koolearn.com/dict/wd_123758.html,L3-xdf,1,S,12,0,3,0,0,0,0,koolearn;xdf,1
reflective,123787,https://www.koolearn.com/dict/wd_123787.html,L2-listening,1,S,12,6,1,0,0,0,0,koolearn,0
refuse,123951,https://www.koolearn.com/dict/wd_123951.html,L1-base-L1,1,S,12,1,4,0,0,1,1,koolearn,0
refute,123969,https://www.koolearn.com/dict/wd_123969.html,L2-reading,1,S,12,0,5,0,0,0,0,koolearn,0
relentless,124506,https://www.koolearn.com/dict/wd_124506.html,L3-xdf,1,S,12,0,3,0,0,0,0,koolearn;xdf,1
remnant,124743,https://www.koolearn.com/dict/wd_124743.html,L1-base-L2,1,S,12,0,3,0,0,1,2,koolearn,0
reporter,125178,https://www.koolearn.com/dict/wd_125178.html,L2-listening,1,S,12,5,0,0,1,0,0,koolearn,0
retrenchment,126144,https://www.koolearn.com/dict/wd_126144.html,L3-xdf,1,S,12,0,3,0,0,0,0,koolearn;xdf,1
romance,127863,https://www.koolearn.com/dict/wd_127863.html,L2-listening,1,S,12,5,0,0,0,0,0,koolearn;xdf,1
rust,129052,https://www.koolearn.com/dict/wd_129052.html,L2-listening,1,S,12,6,1,0,0,0,0,koolearn,0
saving,130507,https://www.koolearn.com/dict/wd_130507.html,L2-listening,1,S,12,8,1,0,0,0,0,koolearn,0
Scotland,131375,https://www.koolearn.com/dict/wd_131375.html,L2-listening,1,S,12,9,0,0,0,0,0,koolearn,0
September,133318,https://www.koolearn.com/dict/wd_133318.html,L2-listening,1,S,12,6,0,0,0,0,0,koolearn,0
servant,133560,https://www.koolearn.com/dict/wd_133560.html,L2-listening,1,S,12,6,0,0,0,0,0,koolearn,0
severity,133849,https://www.koolearn.com/dict/wd_133849.html,L2-reading,1,S,12,0,7,0,0,0,0,koolearn,0
shipment,134718,https://www.koolearn.com/dict/wd_134718.html,L3-xdf,1,S,12,0,3,0,0,0,0,koolearn;xdf,1
shopping,134954,https://www.koolearn.com/dict/wd_134954.html,L2-listening,1,S,12,6,0,0,0,0,0,koolearn,0
skirt,136762,https://www.koolearn.com/dict/wd_136762.html,L2-listening,1,S,12,9,0,0,0,0,0,koolearn,0
spacecraft,139590,https://www.koolearn.com/dict/wd_139590.html,L3-xdf,1,S,12,0,3,0,0,0,0,koolearn;xdf,1
specialized,139889,https://www.koolearn.com/dict/wd_139889.html,L2-listening,1,S,12,8,0,0,0,0,0,koolearn,0
spectacle,139943,https://www.koolearn.com/dict/wd_139943.html,L1-base-L1,1,S,12,2,3,0,1,1,1,koolearn,0
spit,140461,https://www.koolearn.com/dict/wd_140461.html,L3-xdf,1,S,12,1,1,0,0,0,0,koolearn;xdf,1
stamp,141534,https://www.koolearn.com/dict/wd_141534.html,L3-xdf,1,S,12,4,1,0,0,0,0,koolearn;xdf,1
statistic,141958,https://www.koolearn.com/dict/wd_141958.html,L3-xdf,1,S,12,3,1,1,0,0,0,koolearn;xdf,1
storehouse,143002,https://www.koolearn.com/dict/wd_143002.html,L2-listening,1,S,12,10,0,0,0,0,0,koolearn,0
submerge,144232,https://www.koolearn.com/dict/wd_144232.html,L1-base-L1,1,S,12,0,4,0,0,1,1,koolearn;xdf,1
subsidise,144378,https://www.koolearn.com/dict/wd_144378.html,L3-xdf,1,S,12,1,4,2,0,0,0,koolearn;xdf,1
subtract,144509,https://www.koolearn.com/dict/wd_144509.html,L3-xdf,1,S,12,0,2,0,0,0,0,koolearn;xdf,1
subway,144550,https://www.koolearn.com/dict/wd_144550.html,L2-listening,1,S,12,6,0,0,1,0,0,koolearn,0
sugar,144745,https://www.koolearn.com/dict/wd_144745.html,L2-listening,1,S,12,7,0,0,0,0,0,koolearn,0
summarise,144969,https://www.koolearn.com/dict/wd_144969.html,L3-xdf,1,S,12,2,3,1,0,0,0,koolearn;xdf,1
supportive,145507,https://www.koolearn.com/dict/wd_145507.html,L2-listening,1,S,12,5,1,1,1,0,0,koolearn;xdf,1
surf,145616,https://www.koolearn.com/dict/wd_145616.html,L3-xdf,1,S,12,3,0,3,0,0,0,koolearn;xdf,1
surprise,145725,https://www.koolearn.com/dict/wd_145725.html,L2-listening,1,S,12,6,2,0,0,0,0,koolearn,0
swear,146062,https://www.koolearn.com/dict/wd_146062.html,L1-base-L1,1,S,12,0,0,0,0,1,1,koolearn;xdf,1
tea,148364,https://www.koolearn.com/dict/wd_148364.html,L2-listening,1,S,12,7,0,0,0,0,0,koolearn,0
technological,148562,https://www.koolearn.com/dict/wd_148562.html,L2-reading,1,S,12,0,5,2,0,0,0,koolearn,0
tensile,149192,https://www.koolearn.com/dict/wd_149192.html,L3-xdf,1,S,12,0,3,0,0,0,0,koolearn;xdf,1
theme park,150209,https://www.koolearn.com/dict/wd_150209.html,L2-listening,1,S,12,8,0,0,2,0,0,koolearn,0
thought,150739,https://www.koolearn.com/dict/wd_150739.html,L2-listening,1,S,12,6,1,0,0,0,0,koolearn,0
Thursday,151103,https://www.koolearn.com/dict/wd_151103.html,L2-listening,1,S,12,6,0,0,0,0,0,koolearn,0
tin,151576,https://www.koolearn.com/dict/wd_151576.html,L2-listening,1,S,12,7,2,0,0,0,0,koolearn,0
token,152566,https://www.koolearn.com/dict/wd_152566.html,L1-base-L1,1,S,12,0,0,0,0,1,1,koolearn,0
topography,152992,https://www.koolearn.com/dict/wd_152992.html,L2-listening,1,S,12,6,1,0,0,0,0,koolearn,0
traffic congestion,153757,https://www.koolearn.com/dict/wd_153757.html,L2-writing,1,S,12,0,0,5,3,0,0,koolearn,0
Tuesday,155627,https://www.koolearn.com/dict/wd_155627.html,L2-listening,1,S,12,6,0,0,0,0,0,koolearn,0
united,158401,https://www.koolearn.com/dict/wd_158401.html,L2-listening,1,S,12,6,3,0,0,0,0,koolearn,0
unity,158427,https://www.koolearn.com/dict/wd_158427.html,L2-reading,1,S,12,0,5,0,0,0,0,koolearn,0
unparalleled,158754,https://www.koolearn.com/dict/wd_158754.html,L3-xdf,1,S,12,0,3,1,1,0,0,koolearn;xdf,1
upright,159815,https://www.koolearn.com/dict/wd_159815.html,L1-base-L3,1,S,12,0,1,1,1,1,3,koolearn,0
upward,159927,https://www.koolearn.com/dict/wd_159927.html,L2-writing,1,S,12,1,1,5,1,0,0,koolearn,0
verification,161434,https://www.koolearn.com/dict/wd_161434.html,L3-xdf,1,S,12,0,3,0,1,0,0,koolearn;xdf,1
walk,163235,https://www.koolearn.com/dict/wd_163235.html,L2-listening,1,S,12,6,0,0,1,0,0,koolearn,0
week,164342,https://www.koolearn.com/dict/wd_164342.html,L2-listening,1,S,12,6,0,0,0,0,0,koolearn,0
word,166533,https://www.koolearn.com/dict/wd_166533.html,L2-listening,1,S,12,7,1,0,0,0,0,koolearn,0
work,166568,https://www.koolearn.com/dict/wd_166568.html,L1-base-L1,1,S,12,1,0,0,0,1,1,koolearn,0
writing,167040,https://www.koolearn.com/dict/wd_167040.html,L2-listening,1,S,12,6,0,0,0,0,0,koolearn,0
zebra,168025,https://www.koolearn.com/dict/wd_168025.html,L2-listening,1,S,12,5,0,0,1,0,0,koolearn,0
accredited,1386,https://www.koolearn.com/dict/wd_1386.html,L2-reading,1,S,11,0,7,0,0,0,0,koolearn,0
adoption,2554,https://www.koolearn.com/dict/wd_2554.html,L2-reading,1,S,11,0,6,0,0,0,0,koolearn,0
Africa,3169,https://www.koolearn.com/dict/wd_3169.html,L2-listening,1,S,11,7,0,0,0,0,0,koolearn,0
allure,4969,https://www.koolearn.com/dict/wd_4969.html,L3-xdf,1,S,11,0,0,0,0,0,0,koolearn;xdf,1
alteration,5144,https://www.koolearn.com/dict/wd_5144.html,L2-listening,1,S,11,8,1,0,0,0,0,koolearn,0
amend,5515,https://www.koolearn.com/dict/wd_5515.html,L1-base-L1,1,S,11,0,1,0,0,1,1,koolearn,0
apart,7666,https://www.koolearn.com/dict/wd_7666.html,L3-xdf,1,S,11,0,3,0,0,0,0,koolearn;xdf,1
applaud,8031,https://www.koolearn.com/dict/wd_8031.html,L1-base-L1,1,S,11,1,0,0,2,1,1,koolearn;xdf,1
applied,8089,https://www.koolearn.com/dict/wd_8089.html,L2-listening,1,S,11,6,1,0,0,0,0,koolearn,0
army,9043,https://www.koolearn.com/dict/wd_9043.html,L2-listening,1,S,11,6,1,0,0,0,0,koolearn,0
astrology,10297,https://www.koolearn.com/dict/wd_10297.html,L3-xdf,1,S,11,2,3,0,0,0,0,koolearn;xdf,1
asymmetry,10345,https://www.koolearn.com/dict/wd_10345.html,L3-xdf,1,S,11,1,1,0,0,0,0,koolearn;xdf,1
audio-visual,11112,https://www.koolearn.com/dict/wd_11112.html,L2-listening,1,S,11,5,0,0,2,0,0,koolearn,0
autocratic,11406,https://www.koolearn.com/dict/wd_11406.html,L1-base-L2,1,S,11,1,4,0,0,1,2,koolearn;xdf,1
automation,11528,https://www.koolearn.com/dict/wd_11528.html,L1-base-L3,1,S,11,0,3,3,2,1,3,koolearn,0
autonomous,11551,https://www.koolearn.com/dict/wd_11551.html,L1-base-L3,1,S,11,0,3,1,0,1,3,koolearn,0
bacterial,12458,https://www.koolearn.com/dict/wd_12458.html,L3-xdf,1,S,11,0,2,0,0,0,0,koolearn;xdf,1
baggage,12573,https://www.koolearn.com/dict/wd_12573.html,L1-base-L1,1,S,11,2,1,0,0,1,1,koolearn,0
bank statement,13148,https://www.koolearn.com/dict/wd_13148.html,L2-listening,1,S,11,7,0,0,0,0,0,koolearn,0
baseball,13700,https://www.koolearn.com/dict/wd_13700.html,L2-listening,1,S,11,5,0,0,1,0,0,koolearn,0
be consistent with,14382,https://www.koolearn.com/dict/wd_14382.html,L2-reading,1,S,11,0,8,3,0,0,0,koolearn,0
be subject to,14874,https://www.koolearn.com/dict/wd_14874.html,L2-reading,1,S,11,1,7,0,0,0,0,koolearn,0
beauty,15283,https://www.koolearn.com/dict/wd_15283.html,L2-listening,1,S,11,6,0,0,1,0,0,koolearn,0
behavioural,15722,https://www.koolearn.com/dict/wd_15722.html,L2-reading,1,S,11,0,5,2,0,0,0,koolearn,0
beyond,16623,https://www.koolearn.com/dict/wd_16623.html,L3-xdf,1,S,11,2,0,0,2,0,0,koolearn;xdf,1
blight,18119,https://www.koolearn.com/dict/wd_18119.html,L2-reading,1,S,11,0,9,0,0,0,0,koolearn,0
blouse,18411,https://www.koolearn.com/dict/wd_18411.html,L2-listening,1,S,11,7,0,0,1,0,0,koolearn,0
botanical garden,19632,https://www.koolearn.com/dict/wd_19632.html,L2-listening,1,S,11,10,0,0,0,0,0,koolearn,0
brass,20343,https://www.koolearn.com/dict/wd_20343.html,L2-listening,1,S,11,5,0,0,0,0,0,koolearn;xdf,1
bumper,22041,https://www.koolearn.com/dict/wd_22041.html,L2-listening,1,S,11,6,0,0,0,0,0,koolearn,0
calcium,23368,https://www.koolearn.com/dict/wd_23368.html,L3-xdf,1,S,11,2,1,0,0,0,0,koolearn;xdf,1
call slip,23527,https://www.koolearn.com/dict/wd_23527.html,L2-listening,1,S,11,8,0,0,0,0,0,koolearn,0
camping,23843,https://www.koolearn.com/dict/wd_23843.html,L2-listening,1,S,11,5,0,0,3,0,0,koolearn,0
certification,26615,https://www.koolearn.com/dict/wd_26615.html,L2-reading,1,S,11,1,6,0,1,0,0,koolearn,0
child,27899,https://www.koolearn.com/dict/wd_27899.html,L2-listening,1,S,11,6,0,1,0,0,0,koolearn,0
childcare,27914,https://www.koolearn.com/dict/wd_27914.html,L2-listening,1,S,11,5,3,0,0,0,0,koolearn,0
chimney,27993,https://www.koolearn.com/dict/wd_27993.html,L2-listening,1,S,11,5,0,0,2,0,0,koolearn,0
cigar,28909,https://www.koolearn.com/dict/wd_28909.html,L2-listening,1,S,11,7,0,0,0,0,0,koolearn,0
comedian,31780,https://www.koolearn.com/dict/wd_31780.html,L2-reading,1,S,11,3,5,0,0,0,0,koolearn,0
commemorate,31882,https://www.koolearn.com/dict/wd_31882.html,L1-base-L2,1,S,11,0,1,1,1,1,2,koolearn,0
commit a crime,31992,https://www.koolearn.com/dict/wd_31992.html,L2-writing,1,S,11,1,0,7,0,0,0,koolearn,0
conditioner,32924,https://www.koolearn.com/dict/wd_32924.html,L2-listening,1,S,11,6,0,0,0,0,0,koolearn;xdf,1
conscientious,33456,https://www.koolearn.com/dict/wd_33456.html,L1-base-L1,1,S,11,0,1,1,3,1,1,koolearn,0
consider,33531,https://www.koolearn.com/dict/wd_33531.html,L1-base-L1,1,S,11,0,4,2,0,1,1,koolearn,0
cookery,34353,https://www.koolearn.com/dict/wd_34353.html,L3-xdf,1,S,11,3,0,0,1,0,0,koolearn;xdf,1
cosmetics,35184,https://www.koolearn.com/dict/wd_35184.html,L2-listening,1,S,11,6,1,0,1,0,0,koolearn,0
cosy,35309,https://www.koolearn.com/dict/wd_35309.html,L1-base-L2,1,S,11,1,0,0,0,1,2,koolearn;xdf,1
crawl,36252,https://www.koolearn.com/dict/wd_36252.html,L3-xdf,1,S,11,1,0,0,0,0,0,koolearn;xdf,1
cup,37623,https://www.koolearn.com/dict/wd_37623.html,L2-listening,1,S,11,6,0,0,0,0,0,koolearn,0
cybercrime,38185,https://www.koolearn.com/dict/wd_38185.html,L2-writing,1,S,11,0,0,5,0,0,0,koolearn,0
cynical,38311,https://www.koolearn.com/dict/wd_38311.html,L1-base-L2,1,S,11,0,0,3,0,1,2,koolearn,0
decibel,39693,https://www.koolearn.com/dict/wd_39693.html,L2-listening,1,S,11,5,0,0,1,0,0,koolearn;xdf,1
delinquent,40601,https://www.koolearn.com/dict/wd_40601.html,L3-xdf,1,S,11,0,0,0,0,0,0,koolearn;xdf,1
demolition,40849,https://www.koolearn.com/dict/wd_40849.html,L2-listening,1,S,11,5,0,0,0,0,0,koolearn;xdf,1
dialogue,42330,https://www.koolearn.com/dict/wd_42330.html,L2-listening,1,S,11,5,1,0,1,0,0,koolearn,0
directly,43284,https://www.koolearn.com/dict/wd_43284.html,L2-listening,1,S,11,5,1,0,0,0,0,koolearn,0
dish,43822,https://www.koolearn.com/dict/wd_43822.html,L2-listening,1,S,11,7,0,0,0,0,0,koolearn,0
dot,45557,https://www.koolearn.com/dict/wd_45557.html,L3-xdf,1,S,11,1,2,0,0,0,0,koolearn;xdf,1
download,45851,https://www.koolearn.com/dict/wd_45851.html,L3-xdf,1,S,11,1,1,0,0,0,0,koolearn;xdf,1
dreadful,46208,https://www.koolearn.com/dict/wd_46208.html,L3-xdf,1,S,11,0,0,0,1,0,0,koolearn;xdf,1
driving,46466,https://www.koolearn.com/dict/wd_46466.html,L2-listening,1,S,11,6,0,1,0,0,0,koolearn,0
dwell,47307,https://www.koolearn.com/dict/wd_47307.html,L1-base-L1,1,S,11,1,1,1,0,1,1,koolearn;xdf,1
dye,47339,https://www.koolearn.com/dict/wd_47339.html,L1-base-L1,1,S,11,3,3,0,0,1,1,koolearn,0
elder,48620,https://www.koolearn.com/dict/wd_48620.html,L2-listening,1,S,11,7,0,1,1,0,0,koolearn,0
electron,48785,https://www.koolearn.com/dict/wd_48785.html,L2-reading,1,S,11,0,6,0,0,0,0,koolearn,0
electronics,48817,https://www.koolearn.com/dict/wd_48817.html,L2-listening,1,S,11,6,0,0,0,0,0,koolearn,0
elicit,48929,https://www.koolearn.com/dict/wd_48929.html,L1-base-L3,1,S,11,0,2,0,0,1,3,koolearn,0
emergent,49404,https://www.koolearn.com/dict/wd_49404.html,L2-reading,1,S,11,0,6,0,0,0,0,koolearn,0
endeavor,49964,https://www.koolearn.com/dict/wd_49964.html,L1-base-L1,1,S,11,0,3,4,0,1,1,koolearn,0
engagement,50219,https://www.koolearn.com/dict/wd_50219.html,L2-reading,1,S,11,0,7,0,1,0,0,koolearn,0
enigma,50333,https://www.koolearn.com/dict/wd_50333.html,L1-base-L2,1,S,11,1,3,0,0,1,2,koolearn;xdf,1
enquire,50451,https://www.koolearn.com/dict/wd_50451.html,L3-xdf,1,S,11,3,2,0,0,0,0,koolearn;xdf,1
eternal,51982,https://www.koolearn.com/dict/wd_51982.html,L1-base-L1,1,S,11,0,0,1,0,1,1,koolearn;xdf,1
evening,52469,https://www.koolearn.com/dict/wd_52469.html,L2-listening,1,S,11,5,0,0,0,0,0,koolearn,0
evenly,52477,https://www.koolearn.com/dict/wd_52477.html,L2-reading,1,S,11,0,6,1,0,0,0,koolearn,0
everlasting,52528,https://www.koolearn.com/dict/wd_52528.html,L1-base-L1,1,S,11,0,1,0,0,1,1,koolearn,0
exciting,52870,https://www.koolearn.com/dict/wd_52870.html,L2-listening,1,S,11,6,2,0,0,0,0,koolearn,0
exclusively,52906,https://www.koolearn.com/dict/wd_52906.html,L3-xdf,1,S,11,0,1,0,0,0,0,koolearn;xdf,1
execution,52994,https://www.koolearn.com/dict/wd_52994.html,L3-xdf,1,S,11,1,1,0,0,0,0,koolearn;xdf,1
expel,53363,https://www.koolearn.com/dict/wd_53363.html,L1-base-L1,1,S,11,1,1,2,0,1,1,koolearn;xdf,1
exposition,53545,https://www.koolearn.com/dict/wd_53545.html,L2-listening,1,S,11,8,0,0,1,0,0,koolearn,0
extravagance,53841,https://www.koolearn.com/dict/wd_53841.html,L3-xdf,1,S,11,0,3,0,0,0,0,koolearn;xdf,1
fasten,54981,https://www.koolearn.com/dict/wd_54981.html,L3-xdf,1,S,11,1,1,0,0,0,0,koolearn;xdf,1
fauna,55136,https://www.koolearn.com/dict/wd_55136.html,L3-xdf,1,S,11,4,1,0,0,0,0,koolearn;xdf,1
fellowship,55549,https://www.koolearn.com/dict/wd_55549.html,L2-listening,1,S,11,6,0,0,0,0,0,koolearn,0
fight,56192,https://www.koolearn.com/dict/wd_56192.html,L1-base-L2,1,S,11,1,2,2,1,1,2,koolearn,0
firefly,56755,https://www.koolearn.com/dict/wd_56755.html,L2-reading,1,S,11,2,5,0,0,0,0,koolearn,0
fitting,57064,https://www.koolearn.com/dict/wd_57064.html,L3-xdf,1,S,11,0,3,0,0,0,0,koolearn;xdf,1
flame,57247,https://www.koolearn.com/dict/wd_57247.html,L3-xdf,1,S,11,1,1,0,0,0,0,koolearn;xdf,1
flask,57360,https://www.koolearn.com/dict/wd_57360.html,L3-xdf,1,S,11,2,0,0,0,0,0,koolearn;xdf,1
flush,58135,https://www.koolearn.com/dict/wd_58135.html,L3-xdf,1,S,11,0,0,0,0,0,0,koolearn;xdf,1
forgo,59148,https://www.koolearn.com/dict/wd_59148.html,L3-xdf,1,S,11,1,3,0,0,0,0,koolearn;xdf,1
Friday,60109,https://www.koolearn.com/dict/wd_60109.html,L2-listening,1,S,11,5,0,0,0,0,0,koolearn,0
frightened,60158,https://www.koolearn.com/dict/wd_60158.html,L3-xdf,1,S,11,2,1,0,0,0,0,koolearn;xdf,1
frustrating,60532,https://www.koolearn.com/dict/wd_60532.html,L3-xdf,1,S,11,1,2,0,3,0,0,koolearn;xdf,1
gallop,61479,https://www.koolearn.com/dict/wd_61479.html,L3-xdf,1,S,11,4,0,0,0,0,0,koolearn;xdf,1
gang,61652,https://www.koolearn.com/dict/wd_61652.html,L3-xdf,1,S,11,0,0,0,0,0,0,koolearn;xdf,1
geometry,62693,https://www.koolearn.com/dict/wd_62693.html,L3-xdf,1,S,11,0,1,0,0,0,0,koolearn;xdf,1
giraffe,63458,https://www.koolearn.com/dict/wd_63458.html,L2-listening,1,S,11,8,0,0,1,0,0,koolearn,0
glitter,63901,https://www.koolearn.com/dict/wd_63901.html,L1-base-L1,1,S,11,0,0,0,1,1,1,koolearn;xdf,1
goat,64530,https://www.koolearn.com/dict/wd_64530.html,L2-listening,1,S,11,6,0,0,0,0,0,koolearn,0
grave,65643,https://www.koolearn.com/dict/wd_65643.html,L1-base-L1,1,S,11,0,3,0,0,1,1,koolearn,0
gulf,66711,https://www.koolearn.com/dict/wd_66711.html,L2-listening,1,S,11,6,0,0,0,0,0,koolearn,0
guy,66934,https://www.koolearn.com/dict/wd_66934.html,L2-listening,1,S,11,6,0,0,0,0,0,koolearn,0
handicapped,67830,https://www.koolearn.com/dict/wd_67830.html,L3-xdf,1,S,11,2,0,0,0,0,0,koolearn;xdf,1
hang,67921,https://www.koolearn.com/dict/wd_67921.html,L3-xdf,1,S,11,2,1,0,0,0,0,koolearn;xdf,1
hat,68486,https://www.koolearn.com/dict/wd_68486.html,L2-listening,1,S,11,6,0,0,0,0,0,koolearn,0
heighten,69493,https://www.koolearn.com/dict/wd_69493.html,L3-xdf,1,S,11,0,0,0,0,0,0,koolearn;xdf,1
heroine,70156,https://www.koolearn.com/dict/wd_70156.html,L2-listening,1,S,11,9,0,0,0,0,0,koolearn,0
hiccup,70413,https://www.koolearn.com/dict/wd_70413.html,L3-xdf,1,S,11,2,1,0,0,0,0,koolearn;xdf,1
hinge,70807,https://www.koolearn.com/dict/wd_70807.html,L3-xdf,1,S,11,1,1,3,0,0,0,koolearn;xdf,1
hour,72306,https://www.koolearn.com/dict/wd_72306.html,L2-listening,1,S,11,5,0,0,0,0,0,koolearn,0
housework,72406,https://www.koolearn.com/dict/wd_72406.html,L2-listening,1,S,11,5,0,2,1,0,0,koolearn,0
hover,72430,https://www.koolearn.com/dict/wd_72430.html,L1-base-L2,1,S,11,0,0,1,0,1,2,koolearn;xdf,1
however,72469,https://www.koolearn.com/dict/wd_72469.html,L3-xdf,1,S,11,2,0,3,0,0,0,koolearn;xdf,1
human,72639,https://www.koolearn.com/dict/wd_72639.html,L1-base-L2,1,S,11,1,2,1,0,1,2,koolearn,0
husbandry,72932,https://www.koolearn.com/dict/wd_72932.html,L2-listening,1,S,11,10,0,0,0,0,0,koolearn,0
imminent,74530,https://www.koolearn.com/dict/wd_74530.html,L1-base-L1,1,S,11,0,0,0,0,1,1,koolearn,0
immoral,74566,https://www.koolearn.com/dict/wd_74566.html,L1-base-L2,1,S,11,0,0,1,0,1,2,koolearn,0
in order to,75547,https://www.koolearn.com/dict/wd_75547.html,L2-writing,1,S,11,0,0,6,0,0,0,koolearn,0
inability,75976,https://www.koolearn.com/dict/wd_75976.html,L2-listening,1,S,11,6,0,0,1,0,0,koolearn,0
inalienable,76015,https://www.koolearn.com/dict/wd_76015.html,L3-xdf,1,S,11,0,0,0,0,0,0,koolearn;xdf,1
inborn,76082,https://www.koolearn.com/dict/wd_76082.html,L3-xdf,1,S,11,0,1,3,1,0,0,koolearn;xdf,1
incoming,76295,https://www.koolearn.com/dict/wd_76295.html,L2-listening,1,S,11,9,0,0,0,0,0,koolearn;xdf,1
incongruity,76342,https://www.koolearn.com/dict/wd_76342.html,L3-xdf,1,S,11,0,3,0,0,0,0,koolearn;xdf,1
incongruous,76343,https://www.koolearn.com/dict/wd_76343.html,L3-xdf,1,S,11,0,2,0,0,0,0,koolearn;xdf,1
indolent,76800,https://www.koolearn.com/dict/wd_76800.html,L3-xdf,1,S,11,0,0,0,1,0,0,koolearn;xdf,1
informant,77276,https://www.koolearn.com/dict/wd_77276.html,L3-xdf,1,S,11,0,4,0,0,0,0,koolearn;xdf,1
inscribe,77808,https://www.koolearn.com/dict/wd_77808.html,L1-base-L3,1,S,11,1,1,0,0,1,3,koolearn;xdf,1
insidious,77893,https://www.koolearn.com/dict/wd_77893.html,L3-xdf,1,S,11,0,0,0,1,0,0,koolearn;xdf,1
insure,78178,https://www.koolearn.com/dict/wd_78178.html,L1-base-L2,1,S,11,1,3,0,1,1,2,koolearn,0
invert,79263,https://www.koolearn.com/dict/wd_79263.html,L3-xdf,1,S,11,1,1,0,0,0,0,koolearn;xdf,1
ion,79451,https://www.koolearn.com/dict/wd_79451.html,L3-xdf,1,S,11,1,4,0,0,0,0,koolearn;xdf,1
joint account,81154,https://www.koolearn.com/dict/wd_81154.html,L2-listening,1,S,11,9,0,0,0,0,0,koolearn,0
just,81687,https://www.koolearn.com/dict/wd_81687.html,L1-base-L1,1,S,11,0,3,1,0,1,1,koolearn,0
lag,84068,https://www.koolearn.com/dict/wd_84068.html,L1-base-L2,1,S,11,1,0,0,0,1,2,koolearn;xdf,1
lamb,84179,https://www.koolearn.com/dict/wd_84179.html,L2-listening,1,S,11,7,0,0,1,0,0,koolearn,0
latest,84877,https://www.koolearn.com/dict/wd_84877.html,L2-listening,1,S,11,7,1,0,0,0,0,koolearn,0
lawsuit,85146,https://www.koolearn.com/dict/wd_85146.html,L3-xdf,1,S,11,1,0,0,2,0,0,koolearn;xdf,1
lender,85931,https://www.koolearn.com/dict/wd_85931.html,L2-listening,1,S,11,9,0,0,0,0,0,koolearn,0
lexicographer,86382,https://www.koolearn.com/dict/wd_86382.html,L3-xdf,1,S,11,1,4,0,0,0,0,koolearn;xdf,1
limestone,87030,https://www.koolearn.com/dict/wd_87030.html,L2-listening,1,S,11,5,1,0,0,0,0,koolearn;xdf,1
making,90689,https://www.koolearn.com/dict/wd_90689.html,L2-listening,1,S,11,7,2,0,0,0,0,koolearn,0
manuscript,91417,https://www.koolearn.com/dict/wd_91417.html,L1-base-L3,1,S,11,0,3,0,0,1,3,koolearn,0
maritime,91653,https://www.koolearn.com/dict/wd_91653.html,L3-xdf,1,S,11,1,0,0,0,0,0,koolearn;xdf,1
maximise,92450,https://www.koolearn.com/dict/wd_92450.html,L3-xdf,1,S,11,2,2,1,0,0,0,koolearn;xdf,1
meagre,92619,https://www.koolearn.com/dict/wd_92619.html,L3-xdf,1,S,11,0,1,0,0,0,0,koolearn;xdf,1
metabolic,93837,https://www.koolearn.com/dict/wd_93837.html,L2-reading,1,S,11,1,5,0,0,0,0,koolearn,0
miracle,95212,https://www.koolearn.com/dict/wd_95212.html,L1-base-L1,1,S,11,0,0,0,1,1,1,koolearn;xdf,1
missile,95635,https://www.koolearn.com/dict/wd_95635.html,L3-xdf,1,S,11,1,1,0,0,0,0,koolearn;xdf,1
Monday,96376,https://www.koolearn.com/dict/wd_96376.html,L2-listening,1,S,11,6,0,0,0,0,0,koolearn,0
monkey,96503,https://www.koolearn.com/dict/wd_96503.html,L2-listening,1,S,11,5,0,0,0,0,0,koolearn,0
month,96756,https://www.koolearn.com/dict/wd_96756.html,L2-listening,1,S,11,5,0,0,0,0,0,koolearn,0
mortal,97115,https://www.koolearn.com/dict/wd_97115.html,L2-reading,1,S,11,0,5,0,0,0,0,koolearn,0
motorway,97374,https://www.koolearn.com/dict/wd_97374.html,L2-reading,1,S,11,1,5,0,0,0,0,koolearn,0
movie,97576,https://www.koolearn.com/dict/wd_97576.html,L2-listening,1,S,11,6,0,0,0,0,0,koolearn,0
naked,98921,https://www.koolearn.com/dict/wd_98921.html,L3-xdf,1,S,11,0,1,0,0,0,0,koolearn;xdf,1
naught,99387,https://www.koolearn.com/dict/wd_99387.html,L2-listening,1,S,11,10,0,0,0,0,0,koolearn,0
northern,101817,https://www.koolearn.com/dict/wd_101817.html,L2-listening,1,S,11,8,0,0,0,0,0,koolearn,0
notwithstanding,102096,https://www.koolearn.com/dict/wd_102096.html,L1-base-L3,1,S,11,0,1,1,0,1,3,koolearn,0
oil,103617,https://www.koolearn.com/dict/wd_103617.html,L2-listening,1,S,11,6,0,0,0,0,0,koolearn,0
overfill,106732,https://www.koolearn.com/dict/wd_106732.html,L2-listening,1,S,11,6,0,0,0,0,0,koolearn;xdf,1
overshadow,107020,https://www.koolearn.com/dict/wd_107020.html,L1-base-L3,1,S,11,0,0,1,1,1,3,koolearn;xdf,1
owe,107250,https://www.koolearn.com/dict/wd_107250.html,L3-xdf,1,S,11,2,0,0,0,0,0,koolearn;xdf,1
packaging,107524,https://www.koolearn.com/dict/wd_107524.html,L2-listening,1,S,11,6,0,0,0,0,0,koolearn,0
pamper,108014,https://www.koolearn.com/dict/wd_108014.html,L2-listening,1,S,11,5,0,0,0,0,0,koolearn;xdf,1
pathetic,109358,https://www.koolearn.com/dict/wd_109358.html,L1-base-L1,1,S,11,0,1,0,3,1,1,koolearn,0
patriotic,109439,https://www.koolearn.com/dict/wd_109439.html,L3-xdf,1,S,11,0,0,0,3,0,0,koolearn;xdf,1
pedal,109952,https://www.koolearn.com/dict/wd_109952.html,L3-xdf,1,S,11,1,0,0,0,0,0,koolearn;xdf,1
penny,110375,https://www.koolearn.com/dict/wd_110375.html,L2-listening,1,S,11,7,1,0,0,0,0,koolearn,0
perpetrate,111042,https://www.koolearn.com/dict/wd_111042.html,L1-base-L2,1,S,11,0,0,0,0,1,2,koolearn;xdf,1
pessimism,111310,https://www.koolearn.com/dict/wd_111310.html,L1-base-L1,1,S,11,0,0,0,0,1,1,koolearn,0
pigeon,112589,https://www.koolearn.com/dict/wd_112589.html,L2-listening,1,S,11,8,0,0,0,0,0,koolearn,0
plaster,113589,https://www.koolearn.com/dict/wd_113589.html,L3-xdf,1,S,11,4,0,0,0,0,0,koolearn;xdf,1
plight,114047,https://www.koolearn.com/dict/wd_114047.html,L1-base-L2,1,S,11,0,1,1,0,1,2,koolearn,0
ponder,115116,https://www.koolearn.com/dict/wd_115116.html,L1-base-L1,1,S,11,0,1,0,0,1,1,koolearn,0
pork,115360,https://www.koolearn.com/dict/wd_115360.html,L2-listening,1,S,11,7,0,0,0,0,0,koolearn,0
predominantly,116537,https://www.koolearn.com/dict/wd_116537.html,L3-xdf,1,S,11,0,1,1,1,0,0,koolearn;xdf,1
pretension,117159,https://www.koolearn.com/dict/wd_117159.html,L2-listening,1,S,11,6,0,0,0,0,0,koolearn;xdf,1
prince,117502,https://www.koolearn.com/dict/wd_117502.html,L2-listening,1,S,11,5,0,0,2,0,0,koolearn,0
probable,117730,https://www.koolearn.com/dict/wd_117730.html,L3-xdf,1,S,11,1,4,0,0,0,0,koolearn;xdf,1
probation,117739,https://www.koolearn.com/dict/wd_117739.html,L3-xdf,1,S,11,1,0,0,1,0,0,koolearn;xdf,1
procession,117802,https://www.koolearn.com/dict/wd_117802.html,L3-xdf,1,S,11,0,3,0,0,0,0,koolearn;xdf,1
prowess,118877,https://www.koolearn.com/dict/wd_118877.html,L1-base-L2,1,S,11,0,2,0,1,1,2,koolearn;xdf,1
pub,119225,https://www.koolearn.com/dict/wd_119225.html,L2-listening,1,S,11,5,2,0,1,0,0,koolearn,0
pulley,119510,https://www.koolearn.com/dict/wd_119510.html,L3-xdf,1,S,11,0,3,0,0,0,0,koolearn;xdf,1
racket,121262,https://www.koolearn.com/dict/wd_121262.html,L3-xdf,1,S,11,3,0,0,0,0,0,koolearn;xdf,1
railway,121561,https://www.koolearn.com/dict/wd_121561.html,L2-listening,1,S,11,7,0,1,0,0,0,koolearn,0
ramble,121717,https://www.koolearn.com/dict/wd_121717.html,L1-base-L1,1,S,11,3,0,0,0,1,1,koolearn,0
reader,122452,https://www.koolearn.com/dict/wd_122452.html,L2-listening,1,S,11,6,1,0,0,0,0,koolearn,0
reciprocate,122931,https://www.koolearn.com/dict/wd_122931.html,L1-base-L2,1,S,11,0,1,0,0,1,2,koolearn;xdf,1
recording,123156,https://www.koolearn.com/dict/wd_123156.html,L2-listening,1,S,11,5,0,0,1,0,0,koolearn,0
refundable,123936,https://www.koolearn.com/dict/wd_123936.html,L2-listening,1,S,11,5,1,0,0,0,0,koolearn;xdf,1
requisite,125384,https://www.koolearn.com/dict/wd_125384.html,L3-xdf,1,S,11,0,3,0,0,0,0,koolearn;xdf,1
resilience,125600,https://www.koolearn.com/dict/wd_125600.html,L3-xdf,1,S,11,0,3,0,0,0,0,koolearn;xdf,1
retaliate,125980,https://www.koolearn.com/dict/wd_125980.html,L1-base-L2,1,S,11,0,1,0,0,1,2,koolearn;xdf,1
revelation,126303,https://www.koolearn.com/dict/wd_126303.html,L3-xdf,1,S,11,1,0,2,0,0,0,koolearn;xdf,1
rider,126919,https://www.koolearn.com/dict/wd_126919.html,L2-listening,1,S,11,7,0,0,0,0,0,koolearn,0
rig,127004,https://www.koolearn.com/dict/wd_127004.html,L3-xdf,1,S,11,1,3,0,0,0,0,koolearn;xdf,1
rock climbing,127612,https://www.koolearn.com/dict/wd_127612.html,L2-listening,1,S,11,8,0,0,2,0,0,koolearn,0
Russia,129041,https://www.koolearn.com/dict/wd_129041.html,L2-listening,1,S,11,8,0,0,0,0,0,koolearn,0
saline,129637,https://www.koolearn.com/dict/wd_129637.html,L3-xdf,1,S,11,0,0,0,0,0,0,koolearn;xdf,1
salinity,129640,https://www.koolearn.com/dict/wd_129640.html,L2-listening,1,S,11,7,0,0,0,0,0,koolearn;xdf,1
Saturday,130387,https://www.koolearn.com/dict/wd_130387.html,L2-listening,1,S,11,5,0,0,0,0,0,koolearn,0
science fiction,131149,https://www.koolearn.com/dict/wd_131149.html,L2-listening,1,S,11,5,1,0,1,0,0,koolearn,0
scour,131394,https://www.koolearn.com/dict/wd_131394.html,L3-xdf,1,S,11,0,3,0,0,0,0,koolearn;xdf,1
scrape,131469,https://www.koolearn.com/dict/wd_131469.html,L3-xdf,1,S,11,0,1,0,0,0,0,koolearn;xdf,1
seat,132026,https://www.koolearn.com/dict/wd_132026.html,L2-listening,1,S,11,6,0,0,0,0,0,koolearn,0
seclude,132097,https://www.koolearn.com/dict/wd_132097.html,L1-base-L3,1,S,11,0,0,0,1,1,3,koolearn;xdf,1
semantic,132885,https://www.koolearn.com/dict/wd_132885.html,L3-xdf,1,S,11,0,2,0,0,0,0,koolearn;xdf,1
shareholder,134244,https://www.koolearn.com/dict/wd_134244.html,L3-xdf,1,S,11,0,1,0,0,0,0,koolearn;xdf,1
sharpen,134280,https://www.koolearn.com/dict/wd_134280.html,L3-xdf,1,S,11,2,0,2,0,0,0,koolearn;xdf,1
shoplifter,134947,https://www.koolearn.com/dict/wd_134947.html,L2-listening,1,S,11,8,0,0,0,0,0,koolearn,0
silicon,135881,https://www.koolearn.com/dict/wd_135881.html,L3-xdf,1,S,11,1,0,0,0,0,0,koolearn;xdf,1
singular,136228,https://www.koolearn.com/dict/wd_136228.html,L1-base-L1,1,S,11,0,0,0,0,1,1,koolearn,0
slum,137473,https://www.koolearn.com/dict/wd_137473.html,L1-base-L2,1,S,11,2,0,1,1,1,2,koolearn;xdf,1
sophistication,139184,https://www.koolearn.com/dict/wd_139184.html,L2-reading,1,S,11,0,6,0,0,0,0,koolearn,0
southeast,139484,https://www.koolearn.com/dict/wd_139484.html,L2-listening,1,S,11,7,0,0,0,0,0,koolearn,0
spill,140291,https://www.koolearn.com/dict/wd_140291.html,L3-xdf,1,S,11,1,1,0,0,0,0,koolearn;xdf,1
stabilise,141313,https://www.koolearn.com/dict/wd_141313.html,L3-xdf,1,S,11,0,4,1,0,0,0,koolearn;xdf,1
stale,141485,https://www.koolearn.com/dict/wd_141485.html,L1-base-L1,1,S,11,0,0,0,0,1,1,koolearn;xdf,1
stereo,142368,https://www.koolearn.com/dict/wd_142368.html,L3-xdf,1,S,11,2,0,0,0,0,0,koolearn;xdf,1
stomachache,142849,https://www.koolearn.com/dict/wd_142849.html,L2-listening,1,S,11,11,0,0,0,0,0,koolearn,0
storey,143008,https://www.koolearn.com/dict/wd_143008.html,L3-xdf,1,S,11,0,2,0,1,0,0,koolearn;xdf,1
student union,143765,https://www.koolearn.com/dict/wd_143765.html,L2-listening,1,S,11,7,0,0,1,0,0,koolearn,0
subtropical,144522,https://www.koolearn.com/dict/wd_144522.html,L3-xdf,1,S,11,1,2,0,1,0,0,koolearn;xdf,1
Sunday,145080,https://www.koolearn.com/dict/wd_145080.html,L2-listening,1,S,11,5,0,0,0,0,0,koolearn,0
superstition,145392,https://www.koolearn.com/dict/wd_145392.html,L1-base-L1,1,S,11,0,1,0,0,1,1,koolearn,0
supreme,145574,https://www.koolearn.com/dict/wd_145574.html,L2-reading,1,S,11,0,5,0,0,0,0,koolearn,0
table tennis,146896,https://www.koolearn.com/dict/wd_146896.html,L2-listening,1,S,11,7,0,0,1,0,0,koolearn,0
taunt,148185,https://www.koolearn.com/dict/wd_148185.html,L3-xdf,1,S,11,0,3,0,0,0,0,koolearn;xdf,1
teeth,148645,https://www.koolearn.com/dict/wd_148645.html,L2-listening,1,S,11,8,1,0,0,0,0,koolearn,0
tend,149065,https://www.koolearn.com/dict/wd_149065.html,L3-xdf,1,S,11,2,4,0,0,0,0,koolearn;xdf,1
terminate,149350,https://www.koolearn.com/dict/wd_149350.html,L1-base-L1,1,S,11,0,2,0,0,1,1,koolearn,0
terrific,149443,https://www.koolearn.com/dict/wd_149443.html,L1-base-L1,1,S,11,0,1,0,2,1,1,koolearn,0
terrify,149447,https://www.koolearn.com/dict/wd_149447.html,L3-xdf,1,S,11,1,0,0,1,0,0,koolearn;xdf,1
thanks to,149786,https://www.koolearn.com/dict/wd_149786.html,L2-reading,1,S,11,0,8,0,1,0,0,koolearn,0
thermometer,150384,https://www.koolearn.com/dict/wd_150384.html,L1-base-L3,1,S,11,4,0,0,0,1,3,koolearn,0
toad,152405,https://www.koolearn.com/dict/wd_152405.html,L2-listening,1,S,11,8,0,0,0,0,0,koolearn,0
toe,152479,https://www.koolearn.com/dict/wd_152479.html,L2-listening,1,S,11,5,1,0,0,0,0,koolearn,0
tomato,152649,https://www.koolearn.com/dict/wd_152649.html,L2-listening,1,S,11,6,0,0,0,0,0,koolearn,0
tour guide,153355,https://www.koolearn.com/dict/wd_153355.html,L2-listening,1,S,11,5,0,0,1,0,0,koolearn,0
town hall,153463,https://www.koolearn.com/dict/wd_153463.html,L2-listening,1,S,11,8,0,0,0,0,0,koolearn,0
tragic,153786,https://www.koolearn.com/dict/wd_153786.html,L3-xdf,1,S,11,2,0,0,1,0,0,koolearn;xdf,1
trim,154851,https://www.koolearn.com/dict/wd_154851.html,L3-xdf,1,S,11,0,1,0,1,0,0,koolearn;xdf,1
tuna,155728,https://www.koolearn.com/dict/wd_155728.html,L2-listening,1,S,11,5,0,0,0,0,0,koolearn,0
typhoon,156424,https://www.koolearn.com/dict/wd_156424.html,L3-xdf,1,S,11,2,2,0,1,0,0,koolearn;xdf,1
uncertainty,157137,https://www.koolearn.com/dict/wd_157137.html,L3-xdf,1,S,11,1,2,0,0,0,0,koolearn;xdf,1
undue,157841,https://www.koolearn.com/dict/wd_157841.html,L1-base-L2,1,S,11,0,3,2,0,1,2,koolearn,0
unify,158282,https://www.koolearn.com/dict/wd_158282.html,L1-base-L1,1,S,11,1,4,0,0,1,1,koolearn,0
urbanization,160008,https://www.koolearn.com/dict/wd_160008.html,L3-xdf,1,S,11,0,1,4,1,0,0,koolearn;xdf,1
utmost,160347,https://www.koolearn.com/dict/wd_160347.html,L1-base-L1,1,S,11,0,2,0,1,1,1,koolearn,0
van,160712,https://www.koolearn.com/dict/wd_160712.html,L3-xdf,1,S,11,3,1,0,0,0,0,koolearn;xdf,1
variability,160833,https://www.koolearn.com/dict/wd_160833.html,L3-xdf,1,S,11,2,3,0,0,0,0,koolearn;xdf,1
vinegar,162079,https://www.koolearn.com/dict/wd_162079.html,L2-listening,1,S,11,7,0,0,0,0,0,koolearn,0
viscous,162303,https://www.koolearn.com/dict/wd_162303.html,L3-xdf,1,S,11,0,3,0,0,0,0,koolearn;xdf,1
wall,163299,https://www.koolearn.com/dict/wd_163299.html,L2-listening,1,S,11,6,1,0,0,0,0,koolearn,0
windmill,165740,https://www.koolearn.com/dict/wd_165740.html,L2-listening,1,S,11,5,1,1,0,0,0,koolearn,0
wrestle,166960,https://www.koolearn.com/dict/wd_166960.html,L3-xdf,1,S,11,0,0,0,0,0,0,koolearn;xdf,1
zeal,168012,https://www.koolearn.com/dict/wd_168012.html,L1-base-L1,1,S,11,2,1,2,0,1,1,koolearn,0
abstraction,971,https://www.koolearn.com/dict/wd_971.html,L3-xdf,1,S,10,0,3,0,0,0,0,koolearn;xdf,1
adjunct,2379,https://www.koolearn.com/dict/wd_2379.html,L3-xdf,1,S,10,0,2,0,0,0,0,koolearn;xdf,1
aeroplane,2950,https://www.koolearn.com/dict/wd_2950.html,L3-xdf,1,S,10,1,3,0,0,0,0,koolearn;xdf,1
air pollution,3898,https://www.koolearn.com/dict/wd_3898.html,L2-listening,1,S,10,5,1,1,0,0,0,koolearn,0
allege,4772,https://www.koolearn.com/dict/wd_4772.html,L1-base-L1,1,S,10,1,2,0,0,1,1,koolearn;xdf,1
alluvial,4982,https://www.koolearn.com/dict/wd_4982.html,L3-xdf,1,S,10,4,0,0,0,0,0,koolearn;xdf,1
aluminium,5245,https://www.koolearn.com/dict/wd_5245.html,L3-xdf,1,S,10,4,1,0,0,0,0,koolearn;xdf,1
amaze,5361,https://www.koolearn.com/dict/wd_5361.html,L3-xdf,1,S,10,0,2,0,0,0,0,koolearn;xdf,1
anger,6446,https://www.koolearn.com/dict/wd_6446.html,L2-listening,1,S,10,6,0,0,0,0,0,koolearn,0
answer,6958,https://www.koolearn.com/dict/wd_6958.html,L2-listening,1,S,10,5,0,0,0,0,0,koolearn,0
Antarctic,7001,https://www.koolearn.com/dict/wd_7001.html,L1-base-L1,1,S,10,4,1,0,0,1,1,koolearn,0
antidote,7312,https://www.koolearn.com/dict/wd_7312.html,L1-base-L3,1,S,10,1,2,0,0,1,3,koolearn;xdf,1
antiseptic,7482,https://www.koolearn.com/dict/wd_7482.html,L1-base-L3,1,S,10,1,2,0,0,1,3,koolearn;xdf,1
apportion,8126,https://www.koolearn.com/dict/wd_8126.html,L1-base-L2,1,S,10,0,1,0,0,1,2,koolearn;xdf,1
arts,9405,https://www.koolearn.com/dict/wd_9405.html,L2-listening,1,S,10,6,0,1,0,0,0,koolearn,0
artwork,9409,https://www.koolearn.com/dict/wd_9409.html,L2-reading,1,S,10,1,5,0,2,0,0,koolearn,0
aspire,9915,https://www.koolearn.com/dict/wd_9915.html,L1-base-L1,1,S,10,0,1,0,0,1,1,koolearn;xdf,1
assimilation,10078,https://www.koolearn.com/dict/wd_10078.html,L3-xdf,1,S,10,0,3,1,0,0,0,koolearn;xdf,1
at least,10440,https://www.koolearn.com/dict/wd_10440.html,L3-xdf,1,S,10,4,0,3,0,0,0,koolearn;xdf,1
audacious,11089,https://www.koolearn.com/dict/wd_11089.html,L1-base-L2,1,S,10,1,0,0,1,1,2,koolearn;xdf,1
augment,11167,https://www.koolearn.com/dict/wd_11167.html,L1-base-L2,1,S,10,0,0,2,0,1,2,koolearn;xdf,1
backbone,12294,https://www.koolearn.com/dict/wd_12294.html,L3-xdf,1,S,10,4,0,0,0,0,0,koolearn;xdf,1
bacon,12452,https://www.koolearn.com/dict/wd_12452.html,L2-listening,1,S,10,5,0,0,0,0,0,koolearn,0
banner,13182,https://www.koolearn.com/dict/wd_13182.html,L3-xdf,1,S,10,1,0,0,0,0,0,koolearn;xdf,1
bay,14117,https://www.koolearn.com/dict/wd_14117.html,L3-xdf,1,S,10,3,0,0,0,0,0,koolearn;xdf,1
bed,15356,https://www.koolearn.com/dict/wd_15356.html,L2-listening,1,S,10,5,0,0,0,0,0,koolearn,0
beef,15517,https://www.koolearn.com/dict/wd_15517.html,L2-listening,1,S,10,6,0,0,0,0,0,koolearn,0
begrudge,15680,https://www.koolearn.com/dict/wd_15680.html,L3-xdf,1,S,10,0,0,1,0,0,0,koolearn;xdf,1
beneficiary,16089,https://www.koolearn.com/dict/wd_16089.html,L1-base-L3,1,S,10,2,1,0,0,1,3,koolearn,0
bin,17132,https://www.koolearn.com/dict/wd_17132.html,L3-xdf,1,S,10,4,1,0,0,0,0,koolearn;xdf,1
binoculars,17195,https://www.koolearn.com/dict/wd_17195.html,L2-listening,1,S,10,5,0,0,0,0,0,koolearn;xdf,1
biochemistry,17217,https://www.koolearn.com/dict/wd_17217.html,L2-listening,1,S,10,7,0,0,0,0,0,koolearn,0
blank,17896,https://www.koolearn.com/dict/wd_17896.html,L3-xdf,1,S,10,1,1,0,0,0,0,koolearn;xdf,1
bookshop,19353,https://www.koolearn.com/dict/wd_19353.html,L2-listening,1,S,10,5,0,0,0,0,0,koolearn,0
brazen,20428,https://www.koolearn.com/dict/wd_20428.html,L3-xdf,1,S,10,0,0,2,0,0,0,koolearn;xdf,1
breach,20446,https://www.koolearn.com/dict/wd_20446.html,L1-base-L2,1,S,10,0,1,0,0,1,2,koolearn,0
burger,22210,https://www.koolearn.com/dict/wd_22210.html,L2-listening,1,S,10,8,0,0,0,0,0,koolearn,0
burrow,22345,https://www.koolearn.com/dict/wd_22345.html,L1-base-L2,1,S,10,1,0,0,0,1,2,koolearn;xdf,1
bus,22407,https://www.koolearn.com/dict/wd_22407.html,L2-listening,1,S,10,5,0,0,0,0,0,koolearn,0
cabbage,22993,https://www.koolearn.com/dict/wd_22993.html,L2-listening,1,S,10,5,0,0,1,0,0,koolearn,0
calligraphy,23572,https://www.koolearn.com/dict/wd_23572.html,L1-base-L2,1,S,10,4,0,2,2,1,2,koolearn,0
Canadian,23889,https://www.koolearn.com/dict/wd_23889.html,L2-listening,1,S,10,6,0,0,0,0,0,koolearn,0
car park,24485,https://www.koolearn.com/dict/wd_24485.html,L2-listening,1,S,10,6,0,0,0,0,0,koolearn,0
celebrate,26139,https://www.koolearn.com/dict/wd_26139.html,L1-base-L2,1,S,10,1,1,0,3,1,2,koolearn;xdf,1
cheap,27376,https://www.koolearn.com/dict/wd_27376.html,L2-listening,1,S,10,5,0,0,0,0,0,koolearn,0
chemist,27594,https://www.koolearn.com/dict/wd_27594.html,L2-listening,1,S,10,5,0,0,0,0,0,koolearn,0
city,29252,https://www.koolearn.com/dict/wd_29252.html,L2-listening,1,S,10,5,0,0,0,0,0,koolearn,0
clamp,29410,https://www.koolearn.com/dict/wd_29410.html,L3-xdf,1,S,10,0,1,0,0,0,0,koolearn;xdf,1
clock,29991,https://www.koolearn.com/dict/wd_29991.html,L2-listening,1,S,10,7,0,0,0,0,0,koolearn,0
cocktail,30719,https://www.koolearn.com/dict/wd_30719.html,L2-listening,1,S,10,7,0,0,1,0,0,koolearn,0
comb,31559,https://www.koolearn.com/dict/wd_31559.html,L3-xdf,1,S,10,2,0,0,0,0,0,koolearn;xdf,1
commencement,31891,https://www.koolearn.com/dict/wd_31891.html,L3-xdf,1,S,10,4,0,0,0,0,0,koolearn;xdf,1
commiserate,31968,https://www.koolearn.com/dict/wd_31968.html,L3-xdf,1,S,10,0,0,0,0,0,0,koolearn;xdf,1
compress,32515,https://www.koolearn.com/dict/wd_32515.html,L3-xdf,1,S,10,0,0,3,0,0,0,koolearn;xdf,1
condone,32945,https://www.koolearn.com/dict/wd_32945.html,L1-base-L2,1,S,10,0,1,0,0,1,2,koolearn;xdf,1
consequent,33501,https://www.koolearn.com/dict/wd_33501.html,L1-base-L1,1,S,10,0,2,0,0,1,1,koolearn;xdf,1
contrive,34097,https://www.koolearn.com/dict/wd_34097.html,L1-base-L2,1,S,10,0,1,0,0,1,2,koolearn;xdf,1
cop,34456,https://www.koolearn.com/dict/wd_34456.html,L2-listening,1,S,10,8,0,0,0,0,0,koolearn,0
copyright,34609,https://www.koolearn.com/dict/wd_34609.html,L2-listening,1,S,10,5,0,0,0,0,0,koolearn,0
couch,35410,https://www.koolearn.com/dict/wd_35410.html,L2-listening,1,S,10,6,0,0,0,0,0,koolearn,0
counsellor,35470,https://www.koolearn.com/dict/wd_35470.html,L2-listening,1,S,10,5,0,0,0,0,0,koolearn;xdf,1
courageous,35712,https://www.koolearn.com/dict/wd_35712.html,L3-xdf,1,S,10,1,0,1,3,0,0,koolearn;xdf,1
cram,36103,https://www.koolearn.com/dict/wd_36103.html,L1-base-L2,1,S,10,3,4,1,2,1,2,koolearn,0
credible,36367,https://www.koolearn.com/dict/wd_36367.html,L1-base-L2,1,S,10,0,4,1,1,1,2,koolearn;xdf,1
creek,36417,https://www.koolearn.com/dict/wd_36417.html,L2-listening,1,S,10,7,0,0,0,0,0,koolearn,0
cubic,37358,https://www.koolearn.com/dict/wd_37358.html,L2-reading,1,S,10,0,5,0,0,0,0,koolearn,0
cylinder,38273,https://www.koolearn.com/dict/wd_38273.html,L3-xdf,1,S,10,1,1,0,0,0,0,koolearn;xdf,1
darkroom,38920,https://www.koolearn.com/dict/wd_38920.html,L2-listening,1,S,10,6,0,0,0,0,0,koolearn;xdf,1
decompose,39862,https://www.koolearn.com/dict/wd_39862.html,L3-xdf,1,S,10,1,1,0,0,0,0,koolearn;xdf,1
deer,40051,https://www.koolearn.com/dict/wd_40051.html,L2-listening,1,S,10,5,0,0,0,0,0,koolearn,0
derive from,41426,https://www.koolearn.com/dict/wd_41426.html,L2-reading,1,S,10,0,5,3,0,0,0,koolearn,0
desk,41654,https://www.koolearn.com/dict/wd_41654.html,L2-listening,1,S,10,7,0,0,0,0,0,koolearn,0
despise,41716,https://www.koolearn.com/dict/wd_41716.html,L1-base-L3,1,S,10,0,3,0,0,1,3,koolearn,0
despoil,41725,https://www.koolearn.com/dict/wd_41725.html,L3-xdf,1,S,10,0,1,0,0,0,0,koolearn;xdf,1
deviation,42045,https://www.koolearn.com/dict/wd_42045.html,L1-base-L2,1,S,10,0,4,1,0,1,2,koolearn,0
dinner,43057,https://www.koolearn.com/dict/wd_43057.html,L2-listening,1,S,10,5,0,0,0,0,0,koolearn,0
discontinue,43613,https://www.koolearn.com/dict/wd_43613.html,L3-xdf,1,S,10,2,0,0,0,0,0,koolearn;xdf,1
discredit,43665,https://www.koolearn.com/dict/wd_43665.html,L1-base-L3,1,S,10,3,0,2,0,1,3,koolearn;xdf,1
disgust,43815,https://www.koolearn.com/dict/wd_43815.html,L1-base-L1,1,S,10,0,2,2,0,1,1,koolearn,0
dishonest,43852,https://www.koolearn.com/dict/wd_43852.html,L1-base-L1,1,S,10,0,1,0,2,1,1,koolearn,0
dismay,43995,https://www.koolearn.com/dict/wd_43995.html,L1-base-L2,1,S,10,0,1,0,0,1,2,koolearn,0
disrespectful,44223,https://www.koolearn.com/dict/wd_44223.html,L3-xdf,1,S,10,4,0,0,1,0,0,koolearn;xdf,1
diversion,44603,https://www.koolearn.com/dict/wd_44603.html,L1-base-L2,1,S,10,2,1,2,0,1,2,koolearn;xdf,1
dividend,44648,https://www.koolearn.com/dict/wd_44648.html,L3-xdf,1,S,10,0,0,0,0,0,0,koolearn;xdf,1
domination,45269,https://www.koolearn.com/dict/wd_45269.html,L3-xdf,1,S,10,0,3,0,0,0,0,koolearn;xdf,1
dormant,45484,https://www.koolearn.com/dict/wd_45484.html,L3-xdf,1,S,10,2,0,0,0,0,0,koolearn;xdf,1
drop out,46545,https://www.koolearn.com/dict/wd_46545.html,L2-listening,1,S,10,5,0,2,0,0,0,koolearn,0
eastern,47678,https://www.koolearn.com/dict/wd_47678.html,L2-listening,1,S,10,5,0,0,0,0,0,koolearn,0
edify,48127,https://www.koolearn.com/dict/wd_48127.html,L3-xdf,1,S,10,0,0,0,0,0,0,koolearn;xdf,1
embankment,49185,https://www.koolearn.com/dict/wd_49185.html,L2-listening,1,S,10,5,1,0,0,0,0,koolearn;xdf,1
empathy,49534,https://www.koolearn.com/dict/wd_49534.html,L2-reading,1,S,10,0,5,1,1,0,0,koolearn,0
enclosure,49839,https://www.koolearn.com/dict/wd_49839.html,L3-xdf,1,S,10,1,1,0,0,0,0,koolearn;xdf,1
enfranchise,50205,https://www.koolearn.com/dict/wd_50205.html,L3-xdf,1,S,10,1,0,0,0,0,0,koolearn;xdf,1
enlarge,50371,https://www.koolearn.com/dict/wd_50371.html,L1-base-L1,1,S,10,1,1,1,1,1,1,koolearn;xdf,1
estuary,51951,https://www.koolearn.com/dict/wd_51951.html,L3-xdf,1,S,10,4,0,0,0,0,0,koolearn;xdf,1
exact,52692,https://www.koolearn.com/dict/wd_52692.html,L3-xdf,1,S,10,1,3,0,0,0,0,koolearn;xdf,1
excellence,52782,https://www.koolearn.com/dict/wd_52782.html,L2-listening,1,S,10,6,1,0,0,0,0,koolearn,0
exile,53163,https://www.koolearn.com/dict/wd_53163.html,L3-xdf,1,S,10,1,1,0,0,0,0,koolearn;xdf,1
exit,53187,https://www.koolearn.com/dict/wd_53187.html,L1-base-L1,1,S,10,4,0,0,0,1,1,koolearn,0
expectancy,53325,https://www.koolearn.com/dict/wd_53325.html,L3-xdf,1,S,10,4,0,0,0,0,0,koolearn;xdf,1
expiry,53436,https://www.koolearn.com/dict/wd_53436.html,L3-xdf,1,S,10,4,0,0,0,0,0,koolearn;xdf,1
facade,54084,https://www.koolearn.com/dict/wd_54084.html,L1-base-L3,1,S,10,1,2,0,0,1,3,koolearn;xdf,1
facial,54134,https://www.koolearn.com/dict/wd_54134.html,L3-xdf,1,S,10,0,3,0,1,0,0,koolearn;xdf,1
farmland,54856,https://www.koolearn.com/dict/wd_54856.html,L2-listening,1,S,10,5,1,2,0,0,0,koolearn,0
fate,55028,https://www.koolearn.com/dict/wd_55028.html,L1-base-L1,1,S,10,1,3,0,0,1,1,koolearn;xdf,1
favorite,55174,https://www.koolearn.com/dict/wd_55174.html,L2-listening,1,S,10,5,1,0,0,0,0,koolearn,0
feminism,55592,https://www.koolearn.com/dict/wd_55592.html,L3-xdf,1,S,10,1,0,1,0,0,0,koolearn;xdf,1
fertilise,55787,https://www.koolearn.com/dict/wd_55787.html,L3-xdf,1,S,10,2,4,0,0,0,0,koolearn;xdf,1
fertility,55789,https://www.koolearn.com/dict/wd_55789.html,L2-reading,1,S,10,0,6,1,0,0,0,koolearn,0
fickle,56046,https://www.koolearn.com/dict/wd_56046.html,L3-xdf,1,S,10,1,1,0,0,0,0,koolearn;xdf,1
field trip,56133,https://www.koolearn.com/dict/wd_56133.html,L2-listening,1,S,10,7,0,0,0,0,0,koolearn,0
fieldwork,56145,https://www.koolearn.com/dict/wd_56145.html,L3-xdf,1,S,10,4,0,0,1,0,0,koolearn;xdf,1
financial aid,56481,https://www.koolearn.com/dict/wd_56481.html,L2-writing,1,S,10,0,0,6,0,0,0,koolearn,0
flicker,57652,https://www.koolearn.com/dict/wd_57652.html,L3-xdf,1,S,10,2,1,0,0,0,0,koolearn;xdf,1
for instance,58727,https://www.koolearn.com/dict/wd_58727.html,L3-xdf,1,S,10,3,1,0,0,0,0,koolearn;xdf,1
forth,59299,https://www.koolearn.com/dict/wd_59299.html,L3-xdf,1,S,10,2,0,0,0,0,0,koolearn;xdf,1
fox,59528,https://www.koolearn.com/dict/wd_59528.html,L2-listening,1,S,10,7,0,0,0,0,0,koolearn,0
frown,60446,https://www.koolearn.com/dict/wd_60446.html,L3-xdf,1,S,10,1,0,0,0,0,0,koolearn;xdf,1
fulfillment,60670,https://www.koolearn.com/dict/wd_60670.html,L3-xdf,1,S,10,0,0,2,2,0,0,koolearn;xdf,1
full-time,60745,https://www.koolearn.com/dict/wd_60745.html,L2-listening,1,S,10,6,1,0,0,0,0,koolearn,0
fumes,60809,https://www.koolearn.com/dict/wd_60809.html,L2-listening,1,S,10,6,0,0,0,0,0,koolearn;xdf,1
fungi,60896,https://www.koolearn.com/dict/wd_60896.html,L2-listening,1,S,10,6,4,0,0,0,0,koolearn,0
fuse,61065,https://www.koolearn.com/dict/wd_61065.html,L3-xdf,1,S,10,0,2,0,0,0,0,koolearn;xdf,1
generative,62475,https://www.koolearn.com/dict/wd_62475.html,L3-xdf,1,S,10,0,4,0,0,0,0,koolearn;xdf,1
geological,62666,https://www.koolearn.com/dict/wd_62666.html,L3-xdf,1,S,10,1,1,0,0,0,0,koolearn;xdf,1
German,62779,https://www.koolearn.com/dict/wd_62779.html,L2-listening,1,S,10,6,0,0,0,0,0,koolearn,0
gigantic,63299,https://www.koolearn.com/dict/wd_63299.html,L3-xdf,1,S,10,0,0,0,2,0,0,koolearn;xdf,1
gland,63716,https://www.koolearn.com/dict/wd_63716.html,L3-xdf,1,S,10,0,2,0,0,0,0,koolearn;xdf,1
ground floor,66268,https://www.koolearn.com/dict/wd_66268.html,L2-listening,1,S,10,5,1,0,0,0,0,koolearn,0
hand,67738,https://www.koolearn.com/dict/wd_67738.html,L2-listening,1,S,10,5,1,0,0,0,0,koolearn,0
headmaster,69053,https://www.koolearn.com/dict/wd_69053.html,L2-listening,1,S,10,7,0,0,0,0,0,koolearn;xdf,1
headquarters,69068,https://www.koolearn.com/dict/wd_69068.html,L3-xdf,1,S,10,2,0,0,0,0,0,koolearn;xdf,1
heart disease,69186,https://www.koolearn.com/dict/wd_69186.html,L2-listening,1,S,10,6,1,0,1,0,0,koolearn,0
heater,69266,https://www.koolearn.com/dict/wd_69266.html,L2-listening,1,S,10,6,0,0,0,0,0,koolearn,0
hereditary,70065,https://www.koolearn.com/dict/wd_70065.html,L3-xdf,1,S,10,0,0,0,0,0,0,koolearn;xdf,1
highway,70695,https://www.koolearn.com/dict/wd_70695.html,L3-xdf,1,S,10,1,0,0,0,0,0,koolearn;xdf,1
homesick,71565,https://www.koolearn.com/dict/wd_71565.html,L3-xdf,1,S,10,1,0,0,1,0,0,koolearn;xdf,1
horn,71990,https://www.koolearn.com/dict/wd_71990.html,L2-listening,1,S,10,5,0,0,1,0,0,koolearn,0
hum,72638,https://www.koolearn.com/dict/wd_72638.html,L3-xdf,1,S,10,0,1,0,3,0,0,koolearn;xdf,1
hypnotic,73473,https://www.koolearn.com/dict/wd_73473.html,L3-xdf,1,S,10,0,2,0,0,0,0,koolearn;xdf,1
imprison,75064,https://www.koolearn.com/dict/wd_75064.html,L1-base-L2,1,S,10,0,0,0,1,1,2,koolearn,0
incinerate,76200,https://www.koolearn.com/dict/wd_76200.html,L3-xdf,1,S,10,0,0,0,0,0,0,koolearn;xdf,1
incineration,76204,https://www.koolearn.com/dict/wd_76204.html,L2-listening,1,S,10,8,0,0,0,0,0,koolearn,0
incubator,76465,https://www.koolearn.com/dict/wd_76465.html,L2-listening,1,S,10,6,0,0,0,0,0,koolearn,0
inductive,76847,https://www.koolearn.com/dict/wd_76847.html,L3-xdf,1,S,10,1,4,0,0,0,0,koolearn;xdf,1
inheritance,77470,https://www.koolearn.com/dict/wd_77470.html,L3-xdf,1,S,10,0,3,1,1,0,0,koolearn;xdf,1
inspirational,77980,https://www.koolearn.com/dict/wd_77980.html,L2-reading,1,S,10,0,5,0,2,0,0,koolearn,0
intermix,78599,https://www.koolearn.com/dict/wd_78599.html,L3-xdf,1,S,10,0,3,0,0,0,0,koolearn;xdf,1
interviewer,78910,https://www.koolearn.com/dict/wd_78910.html,L2-listening,1,S,10,8,0,0,0,0,0,koolearn,0
intolerable,78970,https://www.koolearn.com/dict/wd_78970.html,L1-base-L1,1,S,10,0,3,0,0,1,1,koolearn,0
intrusion,79127,https://www.koolearn.com/dict/wd_79127.html,L3-xdf,1,S,10,1,1,1,0,0,0,koolearn;xdf,1
job security,81035,https://www.koolearn.com/dict/wd_81035.html,L2-writing,1,S,10,0,0,5,1,0,0,koolearn,0
knob,83287,https://www.koolearn.com/dict/wd_83287.html,L3-xdf,1,S,10,0,0,0,0,0,0,koolearn;xdf,1
least,85510,https://www.koolearn.com/dict/wd_85510.html,L2-listening,1,S,10,6,1,0,0,0,0,koolearn,0
lens,85982,https://www.koolearn.com/dict/wd_85982.html,L3-xdf,1,S,10,1,1,0,0,0,0,koolearn;xdf,1
lever,86306,https://www.koolearn.com/dict/wd_86306.html,L1-base-L2,1,S,10,0,0,0,0,1,2,koolearn;xdf,1
locker,88035,https://www.koolearn.com/dict/wd_88035.html,L2-listening,1,S,10,6,0,0,0,0,0,koolearn,0
magma,90067,https://www.koolearn.com/dict/wd_90067.html,L3-xdf,1,S,10,0,2,0,0,0,0,koolearn;xdf,1
magnet,90090,https://www.koolearn.com/dict/wd_90090.html,L3-xdf,1,S,10,1,0,0,0,0,0,koolearn;xdf,1
maid,90204,https://www.koolearn.com/dict/wd_90204.html,L2-listening,1,S,10,8,0,0,0,0,0,koolearn,0
main hall,90274,https://www.koolearn.com/dict/wd_90274.html,L2-listening,1,S,10,8,0,0,0,0,0,koolearn,0
manipulation,91254,https://www.koolearn.com/dict/wd_91254.html,L1-base-L2,1,S,10,4,1,1,0,1,2,koolearn,0
manipulative,91256,https://www.koolearn.com/dict/wd_91256.html,L3-xdf,1,S,10,0,3,0,0,0,0,koolearn;xdf,1
mathematical,92250,https://www.koolearn.com/dict/wd_92250.html,L2-reading,1,S,10,0,5,0,0,0,0,koolearn,0
mechanics,92759,https://www.koolearn.com/dict/wd_92759.html,L2-listening,1,S,10,5,0,0,0,0,0,koolearn,0
metaphorical,93936,https://www.koolearn.com/dict/wd_93936.html,L3-xdf,1,S,10,0,1,0,0,0,0,koolearn;xdf,1
migrant,94596,https://www.koolearn.com/dict/wd_94596.html,L3-xdf,1,S,10,1,0,0,0,0,0,koolearn;xdf,1
militant,94665,https://www.koolearn.com/dict/wd_94665.html,L3-xdf,1,S,10,1,3,0,0,0,0,koolearn;xdf,1
mineral water,94954,https://www.koolearn.com/dict/wd_94954.html,L2-listening,1,S,10,8,0,0,0,0,0,koolearn,0
moderation,96042,https://www.koolearn.com/dict/wd_96042.html,L3-xdf,1,S,10,1,1,3,1,0,0,koolearn;xdf,1
modish,96091,https://www.koolearn.com/dict/wd_96091.html,L3-xdf,1,S,10,0,0,0,0,0,0,koolearn;xdf,1
monster,96720,https://www.koolearn.com/dict/wd_96720.html,L3-xdf,1,S,10,0,1,0,0,0,0,koolearn;xdf,1
monumental,96778,https://www.koolearn.com/dict/wd_96778.html,L3-xdf,1,S,10,0,4,0,0,0,0,koolearn;xdf,1
multicultural,97946,https://www.koolearn.com/dict/wd_97946.html,L2-writing,1,S,10,0,1,5,1,0,0,koolearn,0
nausea,99399,https://www.koolearn.com/dict/wd_99399.html,L1-base-L2,1,S,10,2,1,0,0,1,2,koolearn,0
necessarily,99580,https://www.koolearn.com/dict/wd_99580.html,L3-xdf,1,S,10,1,1,1,0,0,0,koolearn;xdf,1
necessitate,99585,https://www.koolearn.com/dict/wd_99585.html,L1-base-L3,1,S,10,0,3,0,0,1,3,koolearn,0
necklace,99606,https://www.koolearn.com/dict/wd_99606.html,L2-listening,1,S,10,5,0,0,1,0,0,koolearn,0
neural,100139,https://www.koolearn.com/dict/wd_100139.html,L2-reading,1,S,10,0,6,0,0,0,0,koolearn,0
northwest,101833,https://www.koolearn.com/dict/wd_101833.html,L2-listening,1,S,10,7,0,0,0,0,0,koolearn,0
nostalgia,101893,https://www.koolearn.com/dict/wd_101893.html,L1-base-L2,1,S,10,0,3,0,0,1,2,koolearn,0
note-taking,102026,https://www.koolearn.com/dict/wd_102026.html,L2-listening,1,S,10,7,0,0,0,0,0,koolearn,0
offend,103457,https://www.koolearn.com/dict/wd_103457.html,L3-xdf,1,S,10,0,0,0,0,0,0,koolearn;xdf,1
overgraze,106765,https://www.koolearn.com/dict/wd_106765.html,L3-xdf,1,S,10,0,0,2,1,0,0,koolearn;xdf,1
oyster,107394,https://www.koolearn.com/dict/wd_107394.html,L2-listening,1,S,10,5,1,0,0,0,0,koolearn,0
package tour,107519,https://www.koolearn.com/dict/wd_107519.html,L2-listening,1,S,10,6,0,0,0,0,0,koolearn,0
pad,107562,https://www.koolearn.com/dict/wd_107562.html,L3-xdf,1,S,10,4,0,0,0,0,0,koolearn;xdf,1
page,107634,https://www.koolearn.com/dict/wd_107634.html,L2-listening,1,S,10,7,0,0,0,0,0,koolearn,0
paralysis,108514,https://www.koolearn.com/dict/wd_108514.html,L3-xdf,1,S,10,0,0,0,0,0,0,koolearn;xdf,1
pathology,109384,https://www.koolearn.com/dict/wd_109384.html,L3-xdf,1,S,10,3,0,0,0,0,0,koolearn;xdf,1
pavilion,109558,https://www.koolearn.com/dict/wd_109558.html,L1-base-L2,1,S,10,0,2,1,5,1,2,koolearn,0
pedigree,110022,https://www.koolearn.com/dict/wd_110022.html,L3-xdf,1,S,10,0,3,0,0,0,0,koolearn;xdf,1
penicillin,110326,https://www.koolearn.com/dict/wd_110326.html,L2-listening,1,S,10,9,0,0,0,0,0,koolearn,0
perceptual,110628,https://www.koolearn.com/dict/wd_110628.html,L2-reading,1,S,10,0,7,0,0,0,0,koolearn,0
pink,112920,https://www.koolearn.com/dict/wd_112920.html,L2-listening,1,S,10,7,0,0,0,0,0,koolearn,0
placement test,113353,https://www.koolearn.com/dict/wd_113353.html,L2-listening,1,S,10,8,0,0,0,0,0,koolearn,0
planner,113511,https://www.koolearn.com/dict/wd_113511.html,L2-listening,1,S,10,6,0,0,0,0,0,koolearn,0
planning,113513,https://www.koolearn.com/dict/wd_113513.html,L2-listening,1,S,10,6,0,0,0,0,0,koolearn,0
player,113838,https://www.koolearn.com/dict/wd_113838.html,L2-listening,1,S,10,6,0,0,0,0,0,koolearn,0
populace,115288,https://www.koolearn.com/dict/wd_115288.html,L3-xdf,1,S,10,0,3,0,0,0,0,koolearn;xdf,1
postage,115616,https://www.koolearn.com/dict/wd_115616.html,L2-listening,1,S,10,5,0,0,0,0,0,koolearn,0
postcode,115647,https://www.koolearn.com/dict/wd_115647.html,L2-listening,1,S,10,6,0,0,0,0,0,koolearn;xdf,1
predatory,116466,https://www.koolearn.com/dict/wd_116466.html,L3-xdf,1,S,10,0,3,0,0,0,0,koolearn;xdf,1
preventable,117242,https://www.koolearn.com/dict/wd_117242.html,L2-reading,1,S,10,0,7,0,0,0,0,koolearn,0
pride,117354,https://www.koolearn.com/dict/wd_117354.html,L1-base-L1,1,S,10,2,0,0,1,1,1,koolearn,0
prison,117604,https://www.koolearn.com/dict/wd_117604.html,L1-base-L1,1,S,10,0,0,3,0,1,1,koolearn,0
producer,117892,https://www.koolearn.com/dict/wd_117892.html,L2-reading,1,S,10,1,5,0,1,0,0,koolearn,0
prosecute,118527,https://www.koolearn.com/dict/wd_118527.html,L1-base-L2,1,S,10,0,0,0,0,1,2,koolearn,0
protrude,118770,https://www.koolearn.com/dict/wd_118770.html,L3-xdf,1,S,10,0,1,0,0,0,0,koolearn;xdf,1
prudent,118908,https://www.koolearn.com/dict/wd_118908.html,L1-base-L1,1,S,10,0,1,2,0,1,1,koolearn,0
psychotherapy,119159,https://www.koolearn.com/dict/wd_119159.html,L2-listening,1,S,10,6,0,0,0,0,0,koolearn,0
pudding,119352,https://www.koolearn.com/dict/wd_119352.html,L3-xdf,1,S,10,2,0,0,1,0,0,koolearn;xdf,1
quarantine,120646,https://www.koolearn.com/dict/wd_120646.html,L2-listening,1,S,10,5,0,0,0,0,0,koolearn,0
rainbow,121596,https://www.koolearn.com/dict/wd_121596.html,L2-listening,1,S,10,5,0,0,0,0,0,koolearn,0
rash,122026,https://www.koolearn.com/dict/wd_122026.html,L1-base-L2,1,S,10,0,2,0,0,1,2,koolearn,0
reap,122596,https://www.koolearn.com/dict/wd_122596.html,L1-base-L1,1,S,10,0,1,1,1,1,1,koolearn,0
recalcitrant,122803,https://www.koolearn.com/dict/wd_122803.html,L3-xdf,1,S,10,0,3,0,0,0,0,koolearn;xdf,1
recognise,123004,https://www.koolearn.com/dict/wd_123004.html,L2-reading,1,S,10,0,6,0,0,0,0,koolearn,0
reconcile,123079,https://www.koolearn.com/dict/wd_123079.html,L1-base-L1,1,S,10,0,2,0,1,1,1,koolearn,0
reconstruction,123124,https://www.koolearn.com/dict/wd_123124.html,L2-listening,1,S,10,5,0,0,0,0,0,koolearn;xdf,1
relay,124474,https://www.koolearn.com/dict/wd_124474.html,L3-xdf,1,S,10,2,1,0,0,0,0,koolearn;xdf,1
rendition,124851,https://www.koolearn.com/dict/wd_124851.html,L3-xdf,1,S,10,0,2,0,0,0,0,koolearn;xdf,1
required,125375,https://www.koolearn.com/dict/wd_125375.html,L2-listening,1,S,10,5,1,1,0,0,0,koolearn,0
reserved,125526,https://www.koolearn.com/dict/wd_125526.html,L3-xdf,1,S,10,3,0,0,3,0,0,koolearn;xdf,1
sandstone,129998,https://www.koolearn.com/dict/wd_129998.html,L2-listening,1,S,10,8,0,0,0,0,0,koolearn,0
scanner,130741,https://www.koolearn.com/dict/wd_130741.html,L2-listening,1,S,10,6,4,0,0,0,0,koolearn,0
scrap,131462,https://www.koolearn.com/dict/wd_131462.html,L3-xdf,1,S,10,1,0,0,0,0,0,koolearn;xdf,1
scrub,131661,https://www.koolearn.com/dict/wd_131661.html,L3-xdf,1,S,10,0,0,0,1,0,0,koolearn;xdf,1
scuffle,131721,https://www.koolearn.com/dict/wd_131721.html,L3-xdf,1,S,10,0,3,0,0,0,0,koolearn;xdf,1
secondary school,132169,https://www.koolearn.com/dict/wd_132169.html,L2-listening,1,S,10,6,0,0,0,0,0,koolearn,0
shady,134052,https://www.koolearn.com/dict/wd_134052.html,L2-listening,1,S,10,5,0,0,2,0,0,koolearn,0
shopper,134953,https://www.koolearn.com/dict/wd_134953.html,L2-listening,1,S,10,7,0,0,1,0,0,koolearn,0
sick,135488,https://www.koolearn.com/dict/wd_135488.html,L2-listening,1,S,10,7,0,0,0,0,0,koolearn,0
sleeping bag,137097,https://www.koolearn.com/dict/wd_137097.html,L2-listening,1,S,10,7,0,0,0,0,0,koolearn,0
slothful,137383,https://www.koolearn.com/dict/wd_137383.html,L3-xdf,1,S,10,1,0,0,0,0,0,koolearn;xdf,1
smear,137642,https://www.koolearn.com/dict/wd_137642.html,L1-base-L2,1,S,10,0,4,0,0,1,2,koolearn;xdf,1
soccer,138398,https://www.koolearn.com/dict/wd_138398.html,L2-listening,1,S,10,5,0,0,0,0,0,koolearn,0
socialise,138459,https://www.koolearn.com/dict/wd_138459.html,L3-xdf,1,S,10,1,3,2,1,0,0,koolearn;xdf,1
soldier,138758,https://www.koolearn.com/dict/wd_138758.html,L2-listening,1,S,10,6,0,0,1,0,0,koolearn,0
solidarity,138839,https://www.koolearn.com/dict/wd_138839.html,L3-xdf,1,S,10,1,0,1,0,0,0,koolearn;xdf,1
solvent,138924,https://www.koolearn.com/dict/wd_138924.html,L1-base-L3,1,S,10,0,1,0,0,1,3,koolearn,0
southern,139491,https://www.koolearn.com/dict/wd_139491.html,L2-listening,1,S,10,6,0,0,0,0,0,koolearn,0
southwest,139504,https://www.koolearn.com/dict/wd_139504.html,L2-listening,1,S,10,7,0,0,0,0,0,koolearn,0
specialise,139879,https://www.koolearn.com/dict/wd_139879.html,L3-xdf,1,S,10,3,3,0,0,0,0,koolearn;xdf,1
stainless,141455,https://www.koolearn.com/dict/wd_141455.html,L3-xdf,1,S,10,0,0,0,1,0,0,koolearn;xdf,1
staircase,141460,https://www.koolearn.com/dict/wd_141460.html,L3-xdf,1,S,10,1,2,0,1,0,0,koolearn;xdf,1
stance,141549,https://www.koolearn.com/dict/wd_141549.html,L3-xdf,1,S,10,1,0,0,0,0,0,koolearn;xdf,1
stare,141756,https://www.koolearn.com/dict/wd_141756.html,L1-base-L2,1,S,10,1,1,0,0,1,2,koolearn;xdf,1
stark,141775,https://www.koolearn.com/dict/wd_141775.html,L3-xdf,1,S,10,1,2,0,0,0,0,koolearn;xdf,1
subscribe,144335,https://www.koolearn.com/dict/wd_144335.html,L3-xdf,1,S,10,1,0,0,1,0,0,koolearn;xdf,1
sundial,145091,https://www.koolearn.com/dict/wd_145091.html,L3-xdf,1,S,10,1,2,0,0,0,0,koolearn;xdf,1
super,145179,https://www.koolearn.com/dict/wd_145179.html,L2-listening,1,S,10,5,2,0,0,0,0,koolearn,0
supremacy,145572,https://www.koolearn.com/dict/wd_145572.html,L2-reading,1,S,10,0,7,0,0,0,0,koolearn,0
swimming,146242,https://www.koolearn.com/dict/wd_146242.html,L2-listening,1,S,10,5,0,0,1,0,0,koolearn,0
swimming pool,146248,https://www.koolearn.com/dict/wd_146248.html,L2-listening,1,S,10,6,0,0,0,0,0,koolearn,0
swivel,146354,https://www.koolearn.com/dict/wd_146354.html,L3-xdf,1,S,10,0,3,0,0,0,0,koolearn;xdf,1
teaching,148420,https://www.koolearn.com/dict/wd_148420.html,L2-listening,1,S,10,6,0,0,0,0,0,koolearn,0
teller,148908,https://www.koolearn.com/dict/wd_148908.html,L2-listening,1,S,10,8,0,0,0,0,0,koolearn,0
tenacious,149049,https://www.koolearn.com/dict/wd_149049.html,L1-base-L3,1,S,10,0,0,1,3,1,3,koolearn,0
thick,150464,https://www.koolearn.com/dict/wd_150464.html,L1-base-L2,1,S,10,1,1,0,0,1,2,koolearn,0
thigh,150499,https://www.koolearn.com/dict/wd_150499.html,L3-xdf,1,S,10,0,0,0,0,0,0,koolearn;xdf,1
third,150611,https://www.koolearn.com/dict/wd_150611.html,L2-listening,1,S,10,5,0,0,0,0,0,koolearn,0
torrent,153117,https://www.koolearn.com/dict/wd_153117.html,L3-xdf,1,S,10,0,0,1,0,0,0,koolearn;xdf,1
tramp,153890,https://www.koolearn.com/dict/wd_153890.html,L3-xdf,1,S,10,1,0,0,0,0,0,koolearn;xdf,1
transcription,153978,https://www.koolearn.com/dict/wd_153978.html,L1-base-L2,1,S,10,0,4,0,0,1,2,koolearn;xdf,1
traveler,154315,https://www.koolearn.com/dict/wd_154315.html,L2-listening,1,S,10,7,0,1,0,0,0,koolearn,0
trench,154498,https://www.koolearn.com/dict/wd_154498.html,L3-xdf,1,S,10,0,1,0,0,0,0,koolearn;xdf,1
triumphant,155037,https://www.koolearn.com/dict/wd_155037.html,L3-xdf,1,S,10,0,3,0,0,0,0,koolearn;xdf,1
unconscious,157290,https://www.koolearn.com/dict/wd_157290.html,L1-base-L2,1,S,10,0,4,0,0,1,2,koolearn,0
unobtrusive,158721,https://www.koolearn.com/dict/wd_158721.html,L3-xdf,1,S,10,0,3,1,0,0,0,koolearn;xdf,1
upper,159778,https://www.koolearn.com/dict/wd_159778.html,L3-xdf,1,S,10,2,2,0,0,0,0,koolearn;xdf,1
venomous,161253,https://www.koolearn.com/dict/wd_161253.html,L3-xdf,1,S,10,2,0,0,1,0,0,koolearn;xdf,1
vile,161989,https://www.koolearn.com/dict/wd_161989.html,L1-base-L1,1,S,10,0,0,0,0,1,1,koolearn;xdf,1
ward,163506,https://www.koolearn.com/dict/wd_163506.html,L1-base-L2,1,S,10,3,0,0,0,1,2,koolearn,0
wary,163658,https://www.koolearn.com/dict/wd_163658.html,L1-base-L2,1,S,10,0,3,0,0,1,2,koolearn,0
washing,163697,https://www.koolearn.com/dict/wd_163697.html,L2-listening,1,S,10,6,0,0,0,0,0,koolearn,0
washing machine,163699,https://www.koolearn.com/dict/wd_163699.html,L2-listening,1,S,10,5,0,0,0,0,0,koolearn,0
whistle,165123,https://www.koolearn.com/dict/wd_165123.html,L3-xdf,1,S,10,2,0,0,0,0,0,koolearn;xdf,1
womb,166356,https://www.koolearn.com/dict/wd_166356.html,L3-xdf,1,S,10,4,1,0,0,0,0,koolearn;xdf,1
working,166658,https://www.koolearn.com/dict/wd_166658.html,L2-listening,1,S,10,6,0,0,0,0,0,koolearn,0
zealous,168017,https://www.koolearn.com/dict/wd_168017.html,L1-base-L2,1,S,10,0,0,1,0,1,2,koolearn,0
