word,wd_id,url,listen_books,tier,base_level
disagreement,43391,https://www.koolearn.com/dict/wd_43391.html,6,A,1
plump,114222,https://www.koolearn.com/dict/wd_114222.html,5,A,1
ascending,9606,https://www.koolearn.com/dict/wd_9606.html,6,A,0
Asia,9745,https://www.koolearn.com/dict/wd_9745.html,5,A,0
ballroom,12913,https://www.koolearn.com/dict/wd_12913.html,5,A,0
barley,13461,https://www.koolearn.com/dict/wd_13461.html,7,A,0
Cambridge,23726,https://www.koolearn.com/dict/wd_23726.html,9,A,0
casual clothes,25453,https://www.koolearn.com/dict/wd_25453.html,5,A,0
check-up,27433,https://www.koolearn.com/dict/wd_27433.html,5,A,0
children,27929,https://www.koolearn.com/dict/wd_27929.html,5,A,0
chilled,27955,https://www.koolearn.com/dict/wd_27955.html,5,A,0
chubby,28736,https://www.koolearn.com/dict/wd_28736.html,5,A,0
classical music,29533,https://www.koolearn.com/dict/wd_29533.html,5,A,0
cleaning,29662,https://www.koolearn.com/dict/wd_29662.html,6,A,0
cold,31098,https://www.koolearn.com/dict/wd_31098.html,5,A,0
common room,32069,https://www.koolearn.com/dict/wd_32069.html,6,A,0
conqueror,33436,https://www.koolearn.com/dict/wd_33436.html,6,A,0
departmental,41157,https://www.koolearn.com/dict/wd_41157.html,8,A,0
deposit account,41267,https://www.koolearn.com/dict/wd_41267.html,7,A,0
dictionary,42559,https://www.koolearn.com/dict/wd_42559.html,5,A,0
dishwasher,43869,https://www.koolearn.com/dict/wd_43869.html,5,A,0
dress,46272,https://www.koolearn.com/dict/wd_46272.html,5,A,0
drinking,46389,https://www.koolearn.com/dict/wd_46389.html,6,A,0
ear,47512,https://www.koolearn.com/dict/wd_47512.html,6,A,0
ending,49989,https://www.koolearn.com/dict/wd_49989.html,6,A,0
entrant,50765,https://www.koolearn.com/dict/wd_50765.html,6,A,0
euro,52293,https://www.koolearn.com/dict/wd_52293.html,8,A,0
foot,58594,https://www.koolearn.com/dict/wd_58594.html,5,A,0
France,59655,https://www.koolearn.com/dict/wd_59655.html,6,A,0
front desk,60359,https://www.koolearn.com/dict/wd_60359.html,6,A,0
glaze,63789,https://www.koolearn.com/dict/wd_63789.html,6,A,0
Greek,65818,https://www.koolearn.com/dict/wd_65818.html,6,A,0
hand in,67750,https://www.koolearn.com/dict/wd_67750.html,5,A,0
hare,68241,https://www.koolearn.com/dict/wd_68241.html,6,A,0
host family,72165,https://www.koolearn.com/dict/wd_72165.html,7,A,0
India,76625,https://www.koolearn.com/dict/wd_76625.html,5,A,0
inn,77634,https://www.koolearn.com/dict/wd_77634.html,5,A,0
interesting,78455,https://www.koolearn.com/dict/wd_78455.html,5,A,0
kelp,82351,https://www.koolearn.com/dict/wd_82351.html,9,A,0
kid,82722,https://www.koolearn.com/dict/wd_82722.html,6,A,0
lettuce,86220,https://www.koolearn.com/dict/wd_86220.html,5,A,0
luck,89141,https://www.koolearn.com/dict/wd_89141.html,6,A,0
man-made,91007,https://www.koolearn.com/dict/wd_91007.html,5,A,0
massage,92051,https://www.koolearn.com/dict/wd_92051.html,6,A,0
mayor,92503,https://www.koolearn.com/dict/wd_92503.html,5,A,0
mouth,97511,https://www.koolearn.com/dict/wd_97511.html,5,A,0
Oceania,103067,https://www.koolearn.com/dict/wd_103067.html,7,A,0
outcrop,106046,https://www.koolearn.com/dict/wd_106046.html,6,A,0
overrate,106946,https://www.koolearn.com/dict/wd_106946.html,5,A,0
owner,107275,https://www.koolearn.com/dict/wd_107275.html,6,A,0
oxford,107303,https://www.koolearn.com/dict/wd_107303.html,9,A,0
puma,119596,https://www.koolearn.com/dict/wd_119596.html,7,A,0
reference book,123712,https://www.koolearn.com/dict/wd_123712.html,8,A,0
refresher course,123890,https://www.koolearn.com/dict/wd_123890.html,6,A,0
rural area,128987,https://www.koolearn.com/dict/wd_128987.html,5,A,0
scenic spot,130925,https://www.koolearn.com/dict/wd_130925.html,5,A,0
seaweed,132051,https://www.koolearn.com/dict/wd_132051.html,6,A,0
second,132106,https://www.koolearn.com/dict/wd_132106.html,5,A,0
shampoo,134163,https://www.koolearn.com/dict/wd_134163.html,7,A,0
soundproof,139410,https://www.koolearn.com/dict/wd_139410.html,7,A,0
Spain,139638,https://www.koolearn.com/dict/wd_139638.html,6,A,0
speaker,139833,https://www.koolearn.com/dict/wd_139833.html,5,A,0
spending,140095,https://www.koolearn.com/dict/wd_140095.html,6,A,0
sprain,140834,https://www.koolearn.com/dict/wd_140834.html,7,A,0
strained,143164,https://www.koolearn.com/dict/wd_143164.html,7,A,0
studio apartment,143773,https://www.koolearn.com/dict/wd_143773.html,8,A,0
syndicate,146649,https://www.koolearn.com/dict/wd_146649.html,7,A,0
torn,153075,https://www.koolearn.com/dict/wd_153075.html,5,A,0
twin room,156235,https://www.koolearn.com/dict/wd_156235.html,8,A,0
underside,157680,https://www.koolearn.com/dict/wd_157680.html,5,A,0
usual,160283,https://www.koolearn.com/dict/wd_160283.html,5,A,0
warming,163577,https://www.koolearn.com/dict/wd_163577.html,6,A,0
worksheet,166696,https://www.koolearn.com/dict/wd_166696.html,5,A,0
existent,53180,https://www.koolearn.com/dict/wd_53180.html,6,A,1
advisor,2791,https://www.koolearn.com/dict/wd_2791.html,5,A,0
air conditioner,3798,https://www.koolearn.com/dict/wd_3798.html,7,A,0
angry,6580,https://www.koolearn.com/dict/wd_6580.html,5,A,0
apron,8273,https://www.koolearn.com/dict/wd_8273.html,5,A,0
bed sheet,15384,https://www.koolearn.com/dict/wd_15384.html,6,A,0
blond,18281,https://www.koolearn.com/dict/wd_18281.html,6,A,0
calculating,23385,https://www.koolearn.com/dict/wd_23385.html,6,A,0
Canada,23887,https://www.koolearn.com/dict/wd_23887.html,5,A,0
coffee break,30896,https://www.koolearn.com/dict/wd_30896.html,7,A,0
computer science,32598,https://www.koolearn.com/dict/wd_32598.html,6,A,0
cooking,34360,https://www.koolearn.com/dict/wd_34360.html,5,A,0
disc,43493,https://www.koolearn.com/dict/wd_43493.html,5,A,0
dismissal,44007,https://www.koolearn.com/dict/wd_44007.html,5,A,0
Europe,52306,https://www.koolearn.com/dict/wd_52306.html,5,A,0
excited,52864,https://www.koolearn.com/dict/wd_52864.html,5,A,0
exemption,53054,https://www.koolearn.com/dict/wd_53054.html,6,A,0
folk music,58435,https://www.koolearn.com/dict/wd_58435.html,5,A,0
Germany,62787,https://www.koolearn.com/dict/wd_62787.html,5,A,0
hall of residence,67537,https://www.koolearn.com/dict/wd_67537.html,5,A,0
ill,74216,https://www.koolearn.com/dict/wd_74216.html,5,A,0
interviewee,78909,https://www.koolearn.com/dict/wd_78909.html,6,A,0
Italian,80085,https://www.koolearn.com/dict/wd_80085.html,5,A,0
locust,88083,https://www.koolearn.com/dict/wd_88083.html,6,A,0
Malaysia,90749,https://www.koolearn.com/dict/wd_90749.html,7,A,0
Melbourne,93147,https://www.koolearn.com/dict/wd_93147.html,6,A,0
mid,94438,https://www.koolearn.com/dict/wd_94438.html,6,A,0
midday,94460,https://www.koolearn.com/dict/wd_94460.html,5,A,0
musical instrument,98345,https://www.koolearn.com/dict/wd_98345.html,5,A,0
natural gas,99332,https://www.koolearn.com/dict/wd_99332.html,5,A,0
olive,103856,https://www.koolearn.com/dict/wd_103856.html,5,A,0
Olympic,103890,https://www.koolearn.com/dict/wd_103890.html,5,A,0
opulent,104997,https://www.koolearn.com/dict/wd_104997.html,5,A,0
overheads,106802,https://www.koolearn.com/dict/wd_106802.html,5,A,0
pensioner,110411,https://www.koolearn.com/dict/wd_110411.html,7,A,0
pony,115177,https://www.koolearn.com/dict/wd_115177.html,6,A,0
postal,115620,https://www.koolearn.com/dict/wd_115620.html,6,A,0
powerpoint,116068,https://www.koolearn.com/dict/wd_116068.html,8,A,0
programming,118079,https://www.koolearn.com/dict/wd_118079.html,5,A,0
railway station,121569,https://www.koolearn.com/dict/wd_121569.html,6,A,0
rug,128697,https://www.koolearn.com/dict/wd_128697.html,5,A,0
skating,136541,https://www.koolearn.com/dict/wd_136541.html,6,A,0
social science,138441,https://www.koolearn.com/dict/wd_138441.html,7,A,0
spear,139843,https://www.koolearn.com/dict/wd_139843.html,5,A,0
steering,142210,https://www.koolearn.com/dict/wd_142210.html,5,A,0
Stonehenge,142885,https://www.koolearn.com/dict/wd_142885.html,6,A,0
surprised,145728,https://www.koolearn.com/dict/wd_145728.html,5,A,0
takeaway,147503,https://www.koolearn.com/dict/wd_147503.html,6,A,0
thinking,150577,https://www.koolearn.com/dict/wd_150577.html,5,A,0
trailer,153805,https://www.koolearn.com/dict/wd_153805.html,6,A,0
umpire,156813,https://www.koolearn.com/dict/wd_156813.html,6,A,0
unreliable,158950,https://www.koolearn.com/dict/wd_158950.html,6,A,0
violent crime,162148,https://www.koolearn.com/dict/wd_162148.html,5,A,0
water heater,163827,https://www.koolearn.com/dict/wd_163827.html,5,A,0
windy,165791,https://www.koolearn.com/dict/wd_165791.html,6,A,0
X-ray,167146,https://www.koolearn.com/dict/wd_167146.html,5,A,0
Alaska,4195,https://www.koolearn.com/dict/wd_4195.html,5,A,0
amusement park,5894,https://www.koolearn.com/dict/wd_5894.html,7,A,0
back issue,12228,https://www.koolearn.com/dict/wd_12228.html,6,A,0
bitterness,17616,https://www.koolearn.com/dict/wd_17616.html,5,A,0
boarding,18710,https://www.koolearn.com/dict/wd_18710.html,5,A,0
broccoli,21175,https://www.koolearn.com/dict/wd_21175.html,5,A,0
cauliflower,25830,https://www.koolearn.com/dict/wd_25830.html,5,A,0
check-in,27431,https://www.koolearn.com/dict/wd_27431.html,5,A,0
chewing gum,27753,https://www.koolearn.com/dict/wd_27753.html,6,A,0
classmate,29560,https://www.koolearn.com/dict/wd_29560.html,5,A,0
cockroach,30707,https://www.koolearn.com/dict/wd_30707.html,6,A,0
coke,31076,https://www.koolearn.com/dict/wd_31076.html,6,A,0
computer programmer,32595,https://www.koolearn.com/dict/wd_32595.html,6,A,0
date of expiry,39017,https://www.koolearn.com/dict/wd_39017.html,5,A,0
eating,47731,https://www.koolearn.com/dict/wd_47731.html,6,A,0
Egypt,48444,https://www.koolearn.com/dict/wd_48444.html,5,A,0
filtration,56431,https://www.koolearn.com/dict/wd_56431.html,6,A,0
fire drill,56684,https://www.koolearn.com/dict/wd_56684.html,5,A,0
folder,58393,https://www.koolearn.com/dict/wd_58393.html,5,A,0
full name,60703,https://www.koolearn.com/dict/wd_60703.html,5,A,0
further education,61042,https://www.koolearn.com/dict/wd_61042.html,5,A,0
Greece,65809,https://www.koolearn.com/dict/wd_65809.html,6,A,0
greyhound,65974,https://www.koolearn.com/dict/wd_65974.html,7,A,0
head office,68988,https://www.koolearn.com/dict/wd_68988.html,5,A,0
hoof,71850,https://www.koolearn.com/dict/wd_71850.html,5,A,0
hoover,71911,https://www.koolearn.com/dict/wd_71911.html,5,A,0
hot spring,72212,https://www.koolearn.com/dict/wd_72212.html,6,A,0
hovercraft,72433,https://www.koolearn.com/dict/wd_72433.html,6,A,0
insurance company,78171,https://www.koolearn.com/dict/wd_78171.html,5,A,0
interlibrary,78540,https://www.koolearn.com/dict/wd_78540.html,7,A,0
Italic,80088,https://www.koolearn.com/dict/wd_80088.html,5,A,0
Japan,80461,https://www.koolearn.com/dict/wd_80461.html,5,A,0
jean,80613,https://www.koolearn.com/dict/wd_80613.html,5,A,0
kilogram,82826,https://www.koolearn.com/dict/wd_82826.html,5,A,0
loudspeaker,88826,https://www.koolearn.com/dict/wd_88826.html,6,A,0
microwave oven,94431,https://www.koolearn.com/dict/wd_94431.html,6,A,0
monolith,96606,https://www.koolearn.com/dict/wd_96606.html,6,A,0
Neolithic,99881,https://www.koolearn.com/dict/wd_99881.html,5,A,0
one-way ticket,104457,https://www.koolearn.com/dict/wd_104457.html,6,A,0
opening ceremony,104729,https://www.koolearn.com/dict/wd_104729.html,5,A,0
organizer,105270,https://www.koolearn.com/dict/wd_105270.html,6,A,0
overdraw,106668,https://www.koolearn.com/dict/wd_106668.html,7,A,0
polystyrene,115030,https://www.koolearn.com/dict/wd_115030.html,5,A,0
pullover,119518,https://www.koolearn.com/dict/wd_119518.html,5,A,0
raincoat,121600,https://www.koolearn.com/dict/wd_121600.html,5,A,0
reflectance,123781,https://www.koolearn.com/dict/wd_123781.html,7,A,0
robber,127545,https://www.koolearn.com/dict/wd_127545.html,5,A,0
roommate,127982,https://www.koolearn.com/dict/wd_127982.html,6,A,0
shuttle bus,135422,https://www.koolearn.com/dict/wd_135422.html,6,A,0
snowboarding,138204,https://www.koolearn.com/dict/wd_138204.html,5,A,0
speaking,139839,https://www.koolearn.com/dict/wd_139839.html,6,A,0
spoilage,140608,https://www.koolearn.com/dict/wd_140608.html,5,A,0
sportsman,140778,https://www.koolearn.com/dict/wd_140778.html,6,A,0
sportswear,140784,https://www.koolearn.com/dict/wd_140784.html,7,A,0
subcommittee,144038,https://www.koolearn.com/dict/wd_144038.html,6,A,0
subheading,144130,https://www.koolearn.com/dict/wd_144130.html,5,A,0
suntan,145165,https://www.koolearn.com/dict/wd_145165.html,5,A,0
trinity,154891,https://www.koolearn.com/dict/wd_154891.html,7,A,0
vacuum cleaner,160472,https://www.koolearn.com/dict/wd_160472.html,6,A,0
volcanic dust,162667,https://www.koolearn.com/dict/wd_162667.html,6,A,0
washable,163677,https://www.koolearn.com/dict/wd_163677.html,5,A,0
well-organized,164559,https://www.koolearn.com/dict/wd_164559.html,5,A,0
yellow fever,167572,https://www.koolearn.com/dict/wd_167572.html,7,A,0
yen,167611,https://www.koolearn.com/dict/wd_167611.html,7,A,0
cannibal,24057,https://www.koolearn.com/dict/wd_24057.html,5,A,2
acknowledgement,1676,https://www.koolearn.com/dict/wd_1676.html,5,A,0
admission card,2485,https://www.koolearn.com/dict/wd_2485.html,6,A,0
Arctic Ocean,8681,https://www.koolearn.com/dict/wd_8681.html,5,A,0
Atlantic Ocean,10720,https://www.koolearn.com/dict/wd_10720.html,5,A,0
bathtub,13972,https://www.koolearn.com/dict/wd_13972.html,5,A,0
Berlin,16271,https://www.koolearn.com/dict/wd_16271.html,5,A,0
boarder,18708,https://www.koolearn.com/dict/wd_18708.html,5,A,0
business class,22476,https://www.koolearn.com/dict/wd_22476.html,6,A,0
cassette recorder,25349,https://www.koolearn.com/dict/wd_25349.html,6,A,0
chemist's,27595,https://www.koolearn.com/dict/wd_27595.html,6,A,0
cicada,28872,https://www.koolearn.com/dict/wd_28872.html,6,A,0
cola,31086,https://www.koolearn.com/dict/wd_31086.html,5,A,0
commonsense,32089,https://www.koolearn.com/dict/wd_32089.html,5,A,0
dimple,42989,https://www.koolearn.com/dict/wd_42989.html,5,A,0
entrance hall,50756,https://www.koolearn.com/dict/wd_50756.html,5,A,0
greenbelt,65859,https://www.koolearn.com/dict/wd_65859.html,5,A,0
higher,70649,https://www.koolearn.com/dict/wd_70649.html,5,A,0
hippo,70853,https://www.koolearn.com/dict/wd_70853.html,6,A,0
hotline,72271,https://www.koolearn.com/dict/wd_72271.html,6,A,0
keyword,82610,https://www.koolearn.com/dict/wd_82610.html,6,A,0
kilocalorie,82824,https://www.koolearn.com/dict/wd_82824.html,5,A,0
loan period,87862,https://www.koolearn.com/dict/wd_87862.html,6,A,0
London,88282,https://www.koolearn.com/dict/wd_88282.html,6,A,0
lookout,88529,https://www.koolearn.com/dict/wd_88529.html,5,A,0
mantis,91361,https://www.koolearn.com/dict/wd_91361.html,5,A,0
modular,96096,https://www.koolearn.com/dict/wd_96096.html,5,A,0
mop,96878,https://www.koolearn.com/dict/wd_96878.html,5,A,0
pence,110271,https://www.koolearn.com/dict/wd_110271.html,5,A,0
professionally,117962,https://www.koolearn.com/dict/wd_117962.html,5,A,0
silkworm,135917,https://www.koolearn.com/dict/wd_135917.html,5,A,0
sore throat,139242,https://www.koolearn.com/dict/wd_139242.html,5,A,0
spa,139562,https://www.koolearn.com/dict/wd_139562.html,5,A,0
spire,140407,https://www.koolearn.com/dict/wd_140407.html,5,A,0
sunglasses,145110,https://www.koolearn.com/dict/wd_145110.html,5,A,0
Sydney,146432,https://www.koolearn.com/dict/wd_146432.html,5,A,0
touring,153364,https://www.koolearn.com/dict/wd_153364.html,6,A,0
ulcer,156636,https://www.koolearn.com/dict/wd_156636.html,5,A,0
water mill,163837,https://www.koolearn.com/dict/wd_163837.html,5,A,0
admission office,2487,https://www.koolearn.com/dict/wd_2487.html,5,A,0
bed linen,15370,https://www.koolearn.com/dict/wd_15370.html,5,A,0
business trip,22513,https://www.koolearn.com/dict/wd_22513.html,5,A,0
dragonfly,46043,https://www.koolearn.com/dict/wd_46043.html,5,A,0
economy class,47974,https://www.koolearn.com/dict/wd_47974.html,5,A,0
eyedrops,53977,https://www.koolearn.com/dict/wd_53977.html,5,A,0
famed,54582,https://www.koolearn.com/dict/wd_54582.html,5,A,0
final exam,56454,https://www.koolearn.com/dict/wd_56454.html,5,A,0
Forbes,58825,https://www.koolearn.com/dict/wd_58825.html,5,A,0
graduate school,65311,https://www.koolearn.com/dict/wd_65311.html,5,A,0
job fair,81012,https://www.koolearn.com/dict/wd_81012.html,5,A,0
laser printer,84736,https://www.koolearn.com/dict/wd_84736.html,5,A,0
leprosy,86064,https://www.koolearn.com/dict/wd_86064.html,5,A,0
little-known,87642,https://www.koolearn.com/dict/wd_87642.html,5,A,0
money order,96427,https://www.koolearn.com/dict/wd_96427.html,5,A,0
mosquito net,97201,https://www.koolearn.com/dict/wd_97201.html,5,A,0
particulars,108998,https://www.koolearn.com/dict/wd_108998.html,5,A,0
single room,136197,https://www.koolearn.com/dict/wd_136197.html,5,A,0
stiff neck,142551,https://www.koolearn.com/dict/wd_142551.html,5,A,0
training course,153833,https://www.koolearn.com/dict/wd_153833.html,5,A,0
unsocial hours,159215,https://www.koolearn.com/dict/wd_159215.html,5,A,0
wind tunnel,165689,https://www.koolearn.com/dict/wd_165689.html,5,A,0
priority,117588,https://www.koolearn.com/dict/wd_117588.html,16,S,1
alternative,5183,https://www.koolearn.com/dict/wd_5183.html,13,S,1
approach,8195,https://www.koolearn.com/dict/wd_8195.html,13,S,0
potential,115840,https://www.koolearn.com/dict/wd_115840.html,10,S,0
artificial,9347,https://www.koolearn.com/dict/wd_9347.html,11,S,1
domestic,45217,https://www.koolearn.com/dict/wd_45217.html,16,S,1
flexible,57619,https://www.koolearn.com/dict/wd_57619.html,18,S,1
feature,55292,https://www.koolearn.com/dict/wd_55292.html,17,S,0
poverty,115987,https://www.koolearn.com/dict/wd_115987.html,12,S,0
fundamental,60858,https://www.koolearn.com/dict/wd_60858.html,14,S,1
property,118382,https://www.koolearn.com/dict/wd_118382.html,18,S,0
habitat,67116,https://www.koolearn.com/dict/wd_67116.html,16,S,2
innovation,77688,https://www.koolearn.com/dict/wd_77688.html,15,S,2
budget,21718,https://www.koolearn.com/dict/wd_21718.html,11,S,0
landscape,84425,https://www.koolearn.com/dict/wd_84425.html,18,S,0
discipline,43537,https://www.koolearn.com/dict/wd_43537.html,16,S,1
strategy,143247,https://www.koolearn.com/dict/wd_143247.html,15,S,0
therapy,150295,https://www.koolearn.com/dict/wd_150295.html,18,S,0
academic,1049,https://www.koolearn.com/dict/wd_1049.html,18,S,0
community,32146,https://www.koolearn.com/dict/wd_32146.html,14,S,0
depression,41317,https://www.koolearn.com/dict/wd_41317.html,11,S,2
shelter,134493,https://www.koolearn.com/dict/wd_134493.html,18,S,1
authority,11333,https://www.koolearn.com/dict/wd_11333.html,10,S,0
essential,51836,https://www.koolearn.com/dict/wd_51836.html,16,S,0
facility,54163,https://www.koolearn.com/dict/wd_54163.html,17,S,0
manufacture,91391,https://www.koolearn.com/dict/wd_91391.html,18,S,0
monitor,96491,https://www.koolearn.com/dict/wd_96491.html,12,S,0
objective,102730,https://www.koolearn.com/dict/wd_102730.html,12,S,0
unique,158373,https://www.koolearn.com/dict/wd_158373.html,8,S,1
conservative,33514,https://www.koolearn.com/dict/wd_33514.html,9,S,1
access,1191,https://www.koolearn.com/dict/wd_1191.html,14,S,0
attitude,10986,https://www.koolearn.com/dict/wd_10986.html,13,S,0
promotion,118234,https://www.koolearn.com/dict/wd_118234.html,16,S,0
welfare,164485,https://www.koolearn.com/dict/wd_164485.html,15,S,0
abstract,962,https://www.koolearn.com/dict/wd_962.html,12,S,1
available,11626,https://www.koolearn.com/dict/wd_11626.html,16,S,1
maintain,90317,https://www.koolearn.com/dict/wd_90317.html,11,S,1
negative,99718,https://www.koolearn.com/dict/wd_99718.html,16,S,1
nutrition,102525,https://www.koolearn.com/dict/wd_102525.html,19,S,2
personality,111161,https://www.koolearn.com/dict/wd_111161.html,15,S,2
physical,112185,https://www.koolearn.com/dict/wd_112185.html,13,S,1
reliable,124522,https://www.koolearn.com/dict/wd_124522.html,15,S,1
curriculum,37820,https://www.koolearn.com/dict/wd_37820.html,12,S,0
deteriorate,41868,https://www.koolearn.com/dict/wd_41868.html,10,S,0
feedback,55386,https://www.koolearn.com/dict/wd_55386.html,20,S,0
grant,65490,https://www.koolearn.com/dict/wd_65490.html,13,S,0
statistics,141963,https://www.koolearn.com/dict/wd_141963.html,21,S,0
stress,143388,https://www.koolearn.com/dict/wd_143388.html,12,S,0
survey,145773,https://www.koolearn.com/dict/wd_145773.html,22,S,0
dominant,45260,https://www.koolearn.com/dict/wd_45260.html,10,S,1
capacity,24248,https://www.koolearn.com/dict/wd_24248.html,9,S,0
category,25661,https://www.koolearn.com/dict/wd_25661.html,19,S,0
commercial,31927,https://www.koolearn.com/dict/wd_31927.html,12,S,0
consequence,33499,https://www.koolearn.com/dict/wd_33499.html,10,S,0
desert,41566,https://www.koolearn.com/dict/wd_41566.html,19,S,0
impact,74642,https://www.koolearn.com/dict/wd_74642.html,15,S,0
proportion,118432,https://www.koolearn.com/dict/wd_118432.html,9,S,0
relevant,124514,https://www.koolearn.com/dict/wd_124514.html,18,S,0
resource,125703,https://www.koolearn.com/dict/wd_125703.html,16,S,0
barrier,13595,https://www.koolearn.com/dict/wd_13595.html,9,S,1
chronic,28666,https://www.koolearn.com/dict/wd_28666.html,7,S,3
compensate,32288,https://www.koolearn.com/dict/wd_32288.html,6,S,1
component,32439,https://www.koolearn.com/dict/wd_32439.html,8,S,1
demonstrate,40874,https://www.koolearn.com/dict/wd_40874.html,9,S,1
equipment,51339,https://www.koolearn.com/dict/wd_51339.html,19,S,1
mature,92360,https://www.koolearn.com/dict/wd_92360.html,17,S,1
original,105328,https://www.koolearn.com/dict/wd_105328.html,11,S,2
breed,20666,https://www.koolearn.com/dict/wd_20666.html,16,S,0
deposit,41266,https://www.koolearn.com/dict/wd_41266.html,21,S,0
entertainment,50654,https://www.koolearn.com/dict/wd_50654.html,15,S,0
variety,160880,https://www.koolearn.com/dict/wd_160880.html,15,S,0
release,124485,https://www.koolearn.com/dict/wd_124485.html,6,S,1
accommodation,1262,https://www.koolearn.com/dict/wd_1262.html,21,S,1
decline,39817,https://www.koolearn.com/dict/wd_39817.html,12,S,1
foster,59400,https://www.koolearn.com/dict/wd_59400.html,6,S,2
irrigation,79741,https://www.koolearn.com/dict/wd_79741.html,18,S,2
toxic,153497,https://www.koolearn.com/dict/wd_153497.html,5,S,2
assessment,10033,https://www.koolearn.com/dict/wd_10033.html,19,S,0
complex,32393,https://www.koolearn.com/dict/wd_32393.html,12,S,0
species,139901,https://www.koolearn.com/dict/wd_139901.html,16,S,0
standard,141620,https://www.koolearn.com/dict/wd_141620.html,17,S,0
treatment,154419,https://www.koolearn.com/dict/wd_154419.html,14,S,0
drought,46600,https://www.koolearn.com/dict/wd_46600.html,16,S,1
ancestor,6182,https://www.koolearn.com/dict/wd_6182.html,6,S,1
democratic,40823,https://www.koolearn.com/dict/wd_40823.html,5,S,3
heritage,70096,https://www.koolearn.com/dict/wd_70096.html,8,S,1
stable,141324,https://www.koolearn.com/dict/wd_141324.html,12,S,1
symptom,146550,https://www.koolearn.com/dict/wd_146550.html,13,S,1
ancient,6241,https://www.koolearn.com/dict/wd_6241.html,13,S,0
block,18229,https://www.koolearn.com/dict/wd_18229.html,14,S,0
charge,27144,https://www.koolearn.com/dict/wd_27144.html,18,S,0
diversity,44608,https://www.koolearn.com/dict/wd_44608.html,7,S,0
enormous,50432,https://www.koolearn.com/dict/wd_50432.html,12,S,0
evolution,52632,https://www.koolearn.com/dict/wd_52632.html,11,S,0
guarantee,66520,https://www.koolearn.com/dict/wd_66520.html,5,S,0
landmark,84413,https://www.koolearn.com/dict/wd_84413.html,14,S,0
leisure,85862,https://www.koolearn.com/dict/wd_85862.html,19,S,0
preference,116595,https://www.koolearn.com/dict/wd_116595.html,14,S,0
project,118109,https://www.koolearn.com/dict/wd_118109.html,19,S,0
recycle,123312,https://www.koolearn.com/dict/wd_123312.html,15,S,0
vulnerable,162958,https://www.koolearn.com/dict/wd_162958.html,6,S,0
adopt,2546,https://www.koolearn.com/dict/wd_2546.html,8,S,2
financial,56479,https://www.koolearn.com/dict/wd_56479.html,13,S,3
prospect,118575,https://www.koolearn.com/dict/wd_118575.html,5,S,2
sufficient,144714,https://www.koolearn.com/dict/wd_144714.html,14,S,1
visual,162358,https://www.koolearn.com/dict/wd_162358.html,12,S,3
crisis,36673,https://www.koolearn.com/dict/wd_36673.html,14,S,0
enhance,50319,https://www.koolearn.com/dict/wd_50319.html,5,S,0
illustrate,74336,https://www.koolearn.com/dict/wd_74336.html,6,S,0
insurance,78161,https://www.koolearn.com/dict/wd_78161.html,16,S,0
mammal,90944,https://www.koolearn.com/dict/wd_90944.html,16,S,0
monopoly,96663,https://www.koolearn.com/dict/wd_96663.html,12,S,0
pension,110401,https://www.koolearn.com/dict/wd_110401.html,14,S,0
presentation,116958,https://www.koolearn.com/dict/wd_116958.html,20,S,0
sculpture,131748,https://www.koolearn.com/dict/wd_131748.html,17,S,0
spectacular,139946,https://www.koolearn.com/dict/wd_139946.html,6,S,0
sustainable,145858,https://www.koolearn.com/dict/wd_145858.html,9,S,0
transfer,154001,https://www.koolearn.com/dict/wd_154001.html,11,S,0
architecture,8643,https://www.koolearn.com/dict/wd_8643.html,19,S,1
colleague,31234,https://www.koolearn.com/dict/wd_31234.html,14,S,1
content,33863,https://www.koolearn.com/dict/wd_33863.html,15,S,2
distinct,44399,https://www.koolearn.com/dict/wd_44399.html,10,S,1
initial,77518,https://www.koolearn.com/dict/wd_77518.html,14,S,1
retain,125963,https://www.koolearn.com/dict/wd_125963.html,5,S,1
audience,11099,https://www.koolearn.com/dict/wd_11099.html,16,S,0
certificate,26608,https://www.koolearn.com/dict/wd_26608.html,22,S,0
ecosystem,47980,https://www.koolearn.com/dict/wd_47980.html,12,S,0
efficient,48310,https://www.koolearn.com/dict/wd_48310.html,12,S,0
exotic,53263,https://www.koolearn.com/dict/wd_53263.html,11,S,0
exploit,53480,https://www.koolearn.com/dict/wd_53480.html,7,S,0
intelligence,78257,https://www.koolearn.com/dict/wd_78257.html,8,S,0
literature,87539,https://www.koolearn.com/dict/wd_87539.html,16,S,0
professional,117945,https://www.koolearn.com/dict/wd_117945.html,13,S,0
seminar,132983,https://www.koolearn.com/dict/wd_132983.html,24,S,0
subject,144144,https://www.koolearn.com/dict/wd_144144.html,16,S,0
associate,10117,https://www.koolearn.com/dict/wd_10117.html,12,S,1
assume,10166,https://www.koolearn.com/dict/wd_10166.html,11,S,1
draft,45977,https://www.koolearn.com/dict/wd_45977.html,17,S,2
exaggerate,52704,https://www.koolearn.com/dict/wd_52704.html,8,S,1
material,92213,https://www.koolearn.com/dict/wd_92213.html,17,S,2
overcome,106609,https://www.koolearn.com/dict/wd_106609.html,10,S,1
portable,115412,https://www.koolearn.com/dict/wd_115412.html,8,S,2
primary,117403,https://www.koolearn.com/dict/wd_117403.html,9,S,1
random,121829,https://www.koolearn.com/dict/wd_121829.html,12,S,1
strain,143160,https://www.koolearn.com/dict/wd_143160.html,7,S,1
trend,154511,https://www.koolearn.com/dict/wd_154511.html,10,S,1
atmosphere,10737,https://www.koolearn.com/dict/wd_10737.html,10,S,0
concentrate,32695,https://www.koolearn.com/dict/wd_32695.html,6,S,0
cultivate,37509,https://www.koolearn.com/dict/wd_37509.html,5,S,0
destination,41762,https://www.koolearn.com/dict/wd_41762.html,11,S,0
gallery,61433,https://www.koolearn.com/dict/wd_61433.html,12,S,0
identity,73967,https://www.koolearn.com/dict/wd_73967.html,14,S,0
individual,76756,https://www.koolearn.com/dict/wd_76756.html,16,S,0
intensive,78304,https://www.koolearn.com/dict/wd_78304.html,14,S,0
intermediate,78569,https://www.koolearn.com/dict/wd_78569.html,21,S,0
journal,81286,https://www.koolearn.com/dict/wd_81286.html,21,S,0
label,83744,https://www.koolearn.com/dict/wd_83744.html,13,S,0
migration,94603,https://www.koolearn.com/dict/wd_94603.html,17,S,0
mineral,94951,https://www.koolearn.com/dict/wd_94951.html,17,S,0
predator,116463,https://www.koolearn.com/dict/wd_116463.html,10,S,0
recreation,123193,https://www.koolearn.com/dict/wd_123193.html,17,S,0
recruit,123219,https://www.koolearn.com/dict/wd_123219.html,19,S,0
shift,134587,https://www.koolearn.com/dict/wd_134587.html,8,S,0
suburb,144530,https://www.koolearn.com/dict/wd_144530.html,18,S,0
vegetation,161078,https://www.koolearn.com/dict/wd_161078.html,15,S,0
virtual,162236,https://www.koolearn.com/dict/wd_162236.html,12,S,0
distribute,44462,https://www.koolearn.com/dict/wd_44462.html,5,S,1
ingredient,77421,https://www.koolearn.com/dict/wd_77421.html,6,S,1
integrate,78224,https://www.koolearn.com/dict/wd_78224.html,9,S,1
steady,142071,https://www.koolearn.com/dict/wd_142071.html,8,S,2
benefit,16092,https://www.koolearn.com/dict/wd_16092.html,13,S,0
competition,32323,https://www.koolearn.com/dict/wd_32323.html,13,S,0
consumption,33783,https://www.koolearn.com/dict/wd_33783.html,8,S,0
crucial,37049,https://www.koolearn.com/dict/wd_37049.html,8,S,0
evidence,52586,https://www.koolearn.com/dict/wd_52586.html,12,S,0
exchange,52825,https://www.koolearn.com/dict/wd_52825.html,12,S,0
faculty,54230,https://www.koolearn.com/dict/wd_54230.html,20,S,0
format,59209,https://www.koolearn.com/dict/wd_59209.html,11,S,0
immune,74586,https://www.koolearn.com/dict/wd_74586.html,10,S,0
infection,77085,https://www.koolearn.com/dict/wd_77085.html,13,S,0
involve,79383,https://www.koolearn.com/dict/wd_79383.html,6,S,0
military,94678,https://www.koolearn.com/dict/wd_94678.html,12,S,0
opportunity,104876,https://www.koolearn.com/dict/wd_104876.html,10,S,0
pattern,109485,https://www.koolearn.com/dict/wd_109485.html,14,S,0
performance,110738,https://www.koolearn.com/dict/wd_110738.html,13,S,0
psychological,119110,https://www.koolearn.com/dict/wd_119110.html,9,S,0
reference,123710,https://www.koolearn.com/dict/wd_123710.html,20,S,0
reserve,125514,https://www.koolearn.com/dict/wd_125514.html,19,S,0
scheme,130972,https://www.koolearn.com/dict/wd_130972.html,15,S,0
staff,141370,https://www.koolearn.com/dict/wd_141370.html,16,S,0
substance,144405,https://www.koolearn.com/dict/wd_144405.html,5,S,0
traditional,153730,https://www.koolearn.com/dict/wd_153730.html,11,S,0
uniform,158269,https://www.koolearn.com/dict/wd_158269.html,10,S,0
concrete,32852,https://www.koolearn.com/dict/wd_32852.html,11,S,1
consistent,33565,https://www.koolearn.com/dict/wd_33565.html,5,S,3
contract,33994,https://www.koolearn.com/dict/wd_33994.html,15,S,1
ignore,74154,https://www.koolearn.com/dict/wd_74154.html,6,S,3
ambition,5420,https://www.koolearn.com/dict/wd_5420.html,12,S,0
analysis,6066,https://www.koolearn.com/dict/wd_6066.html,17,S,0
assignment,10068,https://www.koolearn.com/dict/wd_10068.html,21,S,0
career,24746,https://www.koolearn.com/dict/wd_24746.html,15,S,0
circumstance,29134,https://www.koolearn.com/dict/wd_29134.html,7,S,0
coach,30415,https://www.koolearn.com/dict/wd_30415.html,20,S,0
concentration,32702,https://www.koolearn.com/dict/wd_32702.html,12,S,0
emission,49467,https://www.koolearn.com/dict/wd_49467.html,11,S,0
handout,67866,https://www.koolearn.com/dict/wd_67866.html,21,S,0
intelligent,78263,https://www.koolearn.com/dict/wd_78263.html,14,S,0
loan,87859,https://www.koolearn.com/dict/wd_87859.html,21,S,0
measure,92687,https://www.koolearn.com/dict/wd_92687.html,8,S,0
mechanism,92762,https://www.koolearn.com/dict/wd_92762.html,10,S,0
motivation,97304,https://www.koolearn.com/dict/wd_97304.html,8,S,0
privacy,117631,https://www.koolearn.com/dict/wd_117631.html,10,S,0
regulation,124177,https://www.koolearn.com/dict/wd_124177.html,16,S,0
reservation,125511,https://www.koolearn.com/dict/wd_125511.html,16,S,0
rival,127401,https://www.koolearn.com/dict/wd_127401.html,11,S,0
similar,136015,https://www.koolearn.com/dict/wd_136015.html,8,S,0
stretch,143408,https://www.koolearn.com/dict/wd_143408.html,15,S,0
theoretical,150263,https://www.koolearn.com/dict/wd_150263.html,13,S,0
vegetarian,161071,https://www.koolearn.com/dict/wd_161071.html,18,S,0
vehicle,161090,https://www.koolearn.com/dict/wd_161090.html,8,S,0
vision,162323,https://www.koolearn.com/dict/wd_162323.html,13,S,0
schedule,130956,https://www.koolearn.com/dict/wd_130956.html,16,S,1
urban,159986,https://www.koolearn.com/dict/wd_159986.html,10,S,1
adequate,2272,https://www.koolearn.com/dict/wd_2272.html,9,S,1
architect,8607,https://www.koolearn.com/dict/wd_8607.html,13,S,1
candidate,23958,https://www.koolearn.com/dict/wd_23958.html,13,S,1
charity,27185,https://www.koolearn.com/dict/wd_27185.html,15,S,2
circulation,29084,https://www.koolearn.com/dict/wd_29084.html,10,S,1
employee,49578,https://www.koolearn.com/dict/wd_49578.html,16,S,1
exhibition,53126,https://www.koolearn.com/dict/wd_53126.html,16,S,2
internal,78609,https://www.koolearn.com/dict/wd_78609.html,13,S,1
outline,106185,https://www.koolearn.com/dict/wd_106185.html,14,S,1
permit,110991,https://www.koolearn.com/dict/wd_110991.html,14,S,2
phenomenon,111673,https://www.koolearn.com/dict/wd_111673.html,8,S,3
principal,117521,https://www.koolearn.com/dict/wd_117521.html,9,S,2
remote,124770,https://www.koolearn.com/dict/wd_124770.html,13,S,1
rural,128986,https://www.koolearn.com/dict/wd_128986.html,17,S,1
status,141979,https://www.koolearn.com/dict/wd_141979.html,9,S,2
tension,149197,https://www.koolearn.com/dict/wd_149197.html,8,S,1
voluntary,162750,https://www.koolearn.com/dict/wd_162750.html,8,S,1
accessible,1207,https://www.koolearn.com/dict/wd_1207.html,9,S,0
craft,36072,https://www.koolearn.com/dict/wd_36072.html,17,S,0
effective,48262,https://www.koolearn.com/dict/wd_48262.html,14,S,0
finance,56471,https://www.koolearn.com/dict/wd_56471.html,16,S,0
flat,57364,https://www.koolearn.com/dict/wd_57364.html,18,S,0
gender,62379,https://www.koolearn.com/dict/wd_62379.html,16,S,0
influence,77239,https://www.koolearn.com/dict/wd_77239.html,9,S,0
issue,80031,https://www.koolearn.com/dict/wd_80031.html,12,S,0
layout,85223,https://www.koolearn.com/dict/wd_85223.html,16,S,0
lecture,85608,https://www.koolearn.com/dict/wd_85608.html,21,S,0
legal,85719,https://www.koolearn.com/dict/wd_85719.html,12,S,0
mould,97403,https://www.koolearn.com/dict/wd_97403.html,9,S,0
peak,109800,https://www.koolearn.com/dict/wd_109800.html,5,S,0
pedestrian,109991,https://www.koolearn.com/dict/wd_109991.html,13,S,0
profit,117993,https://www.koolearn.com/dict/wd_117993.html,17,S,0
protein,118674,https://www.koolearn.com/dict/wd_118674.html,16,S,0
questionnaire,120847,https://www.koolearn.com/dict/wd_120847.html,17,S,0
reinforce,124294,https://www.koolearn.com/dict/wd_124294.html,10,S,0
resemble,125496,https://www.koolearn.com/dict/wd_125496.html,6,S,0
hypothesis,73612,https://www.koolearn.com/dict/wd_73612.html,7,S,2
brochure,21180,https://www.koolearn.com/dict/wd_21180.html,20,S,3
climate,29856,https://www.koolearn.com/dict/wd_29856.html,15,S,2
erosion,51535,https://www.koolearn.com/dict/wd_51535.html,10,S,3
external,53694,https://www.koolearn.com/dict/wd_53694.html,8,S,1
prey,117288,https://www.koolearn.com/dict/wd_117288.html,8,S,2
psychology,119126,https://www.koolearn.com/dict/wd_119126.html,15,S,1
shortage,135042,https://www.koolearn.com/dict/wd_135042.html,14,S,1
altitude,5209,https://www.koolearn.com/dict/wd_5209.html,10,S,0
anticipate,7260,https://www.koolearn.com/dict/wd_7260.html,6,S,0
application,8069,https://www.koolearn.com/dict/wd_8069.html,11,S,0
comedy,31788,https://www.koolearn.com/dict/wd_31788.html,14,S,0
conservation,33507,https://www.koolearn.com/dict/wd_33507.html,11,S,0
credit,36370,https://www.koolearn.com/dict/wd_36370.html,17,S,0
option,104979,https://www.koolearn.com/dict/wd_104979.html,8,S,0
range,121848,https://www.koolearn.com/dict/wd_121848.html,9,S,0
resort,125690,https://www.koolearn.com/dict/wd_125690.html,9,S,0
senior,133112,https://www.koolearn.com/dict/wd_133112.html,15,S,0
souvenir,139508,https://www.koolearn.com/dict/wd_139508.html,15,S,0
trace,153566,https://www.koolearn.com/dict/wd_153566.html,5,S,0
permanent,110956,https://www.koolearn.com/dict/wd_110956.html,12,S,1
submit,144256,https://www.koolearn.com/dict/wd_144256.html,15,S,1
convention,34190,https://www.koolearn.com/dict/wd_34190.html,6,S,1
current,37796,https://www.koolearn.com/dict/wd_37796.html,19,S,1
dynamic,47367,https://www.koolearn.com/dict/wd_47367.html,8,S,3
economic,47914,https://www.koolearn.com/dict/wd_47914.html,11,S,3
branch,20264,https://www.koolearn.com/dict/wd_20264.html,18,S,0
damp,38704,https://www.koolearn.com/dict/wd_38704.html,9,S,0
deadline,39323,https://www.koolearn.com/dict/wd_39323.html,19,S,0
delivery,40640,https://www.koolearn.com/dict/wd_40640.html,15,S,0
dispute,44188,https://www.koolearn.com/dict/wd_44188.html,8,S,0
emergency,49389,https://www.koolearn.com/dict/wd_49389.html,14,S,0
emotion,49510,https://www.koolearn.com/dict/wd_49510.html,8,S,0
erode,51520,https://www.koolearn.com/dict/wd_51520.html,6,S,0
expansion,53293,https://www.koolearn.com/dict/wd_53293.html,14,S,0
experiment,53395,https://www.koolearn.com/dict/wd_53395.html,17,S,0
fuel,60607,https://www.koolearn.com/dict/wd_60607.html,10,S,0
genetic,62497,https://www.koolearn.com/dict/wd_62497.html,8,S,0
identify,73959,https://www.koolearn.com/dict/wd_73959.html,6,S,0
indicate,76641,https://www.koolearn.com/dict/wd_76641.html,6,S,0
insect,77825,https://www.koolearn.com/dict/wd_77825.html,18,S,0
isolated,79919,https://www.koolearn.com/dict/wd_79919.html,9,S,0
item,80106,https://www.koolearn.com/dict/wd_80106.html,15,S,0
medium,92930,https://www.koolearn.com/dict/wd_92930.html,10,S,0
mental,93449,https://www.koolearn.com/dict/wd_93449.html,10,S,0
occupation,103016,https://www.koolearn.com/dict/wd_103016.html,14,S,0
population,115309,https://www.koolearn.com/dict/wd_115309.html,14,S,0
process,117795,https://www.koolearn.com/dict/wd_117795.html,9,S,0
purchase,119793,https://www.koolearn.com/dict/wd_119793.html,8,S,0
qualification,120560,https://www.koolearn.com/dict/wd_120560.html,16,S,0
scale,130662,https://www.koolearn.com/dict/wd_130662.html,16,S,0
scholarship,131061,https://www.koolearn.com/dict/wd_131061.html,16,S,0
security,132280,https://www.koolearn.com/dict/wd_132280.html,14,S,0
sponsor,140665,https://www.koolearn.com/dict/wd_140665.html,14,S,0
switch,146319,https://www.koolearn.com/dict/wd_146319.html,16,S,0
track,153604,https://www.koolearn.com/dict/wd_153604.html,15,S,0
tuition,155656,https://www.koolearn.com/dict/wd_155656.html,15,S,0
volume,162736,https://www.koolearn.com/dict/wd_162736.html,12,S,0
compromise,32538,https://www.koolearn.com/dict/wd_32538.html,6,S,1
accurate,1427,https://www.koolearn.com/dict/wd_1427.html,7,S,1
congestion,33226,https://www.koolearn.com/dict/wd_33226.html,6,S,2
expert,53409,https://www.koolearn.com/dict/wd_53409.html,13,S,1
fatigue,55060,https://www.koolearn.com/dict/wd_55060.html,5,S,1
maximum,92461,https://www.koolearn.com/dict/wd_92461.html,13,S,1
pollution,114822,https://www.koolearn.com/dict/wd_114822.html,13,S,2
sustain,145856,https://www.koolearn.com/dict/wd_145856.html,5,S,1
violent,162146,https://www.koolearn.com/dict/wd_162146.html,6,S,1
artistic,9394,https://www.koolearn.com/dict/wd_9394.html,10,S,0
challenge,26861,https://www.koolearn.com/dict/wd_26861.html,6,S,0
communication,32119,https://www.koolearn.com/dict/wd_32119.html,10,S,0
contaminate,33821,https://www.koolearn.com/dict/wd_33821.html,6,S,0
critical,36714,https://www.koolearn.com/dict/wd_36714.html,9,S,0
currency,37788,https://www.koolearn.com/dict/wd_37788.html,15,S,0
document,44962,https://www.koolearn.com/dict/wd_44962.html,15,S,0
documentary,44973,https://www.koolearn.com/dict/wd_44973.html,13,S,0
environment,50869,https://www.koolearn.com/dict/wd_50869.html,13,S,0
extensive,53668,https://www.koolearn.com/dict/wd_53668.html,10,S,0
figure,56230,https://www.koolearn.com/dict/wd_56230.html,12,S,0
flourish,57949,https://www.koolearn.com/dict/wd_57949.html,10,S,0
handle,67846,https://www.koolearn.com/dict/wd_67846.html,8,S,0
layer,85206,https://www.koolearn.com/dict/wd_85206.html,13,S,0
positive,115530,https://www.koolearn.com/dict/wd_115530.html,10,S,0
prescription,116931,https://www.koolearn.com/dict/wd_116931.html,12,S,0
rare,121990,https://www.koolearn.com/dict/wd_121990.html,16,S,0
review,126411,https://www.koolearn.com/dict/wd_126411.html,18,S,0
section,132233,https://www.koolearn.com/dict/wd_132233.html,18,S,0
sensible,133183,https://www.koolearn.com/dict/wd_133183.html,12,S,0
solar,138711,https://www.koolearn.com/dict/wd_138711.html,12,S,0
structure,143678,https://www.koolearn.com/dict/wd_143678.html,8,S,0
theory,150278,https://www.koolearn.com/dict/wd_150278.html,13,S,0
tutorial,156090,https://www.koolearn.com/dict/wd_156090.html,22,S,0
disaster,43449,https://www.koolearn.com/dict/wd_43449.html,7,S,1
redundant,123581,https://www.koolearn.com/dict/wd_123581.html,7,S,2
damage,38656,https://www.koolearn.com/dict/wd_38656.html,13,S,2
devastate,41996,https://www.koolearn.com/dict/wd_41996.html,5,S,2
hostile,72182,https://www.koolearn.com/dict/wd_72182.html,8,S,1
initiative,77546,https://www.koolearn.com/dict/wd_77546.html,6,S,1
link,87259,https://www.koolearn.com/dict/wd_87259.html,5,S,1
literacy,87516,https://www.koolearn.com/dict/wd_87516.html,6,S,3
lounge,88838,https://www.koolearn.com/dict/wd_88838.html,18,S,1
personnel,111184,https://www.koolearn.com/dict/wd_111184.html,13,S,2
prohibit,118096,https://www.koolearn.com/dict/wd_118096.html,6,S,1
sample,129867,https://www.koolearn.com/dict/wd_129867.html,18,S,1
session,133648,https://www.koolearn.com/dict/wd_133648.html,17,S,2
accompany,1276,https://www.koolearn.com/dict/wd_1276.html,6,S,0
aggressive,3439,https://www.koolearn.com/dict/wd_3439.html,5,S,0
agriculture,3611,https://www.koolearn.com/dict/wd_3611.html,17,S,0
allergy,4815,https://www.koolearn.com/dict/wd_4815.html,16,S,0
association,10132,https://www.koolearn.com/dict/wd_10132.html,7,S,0
bacteria,12455,https://www.koolearn.com/dict/wd_12455.html,12,S,0
campaign,23809,https://www.koolearn.com/dict/wd_23809.html,6,S,0
canteen,24160,https://www.koolearn.com/dict/wd_24160.html,22,S,0
comment,31914,https://www.koolearn.com/dict/wd_31914.html,6,S,0
conference,33030,https://www.koolearn.com/dict/wd_33030.html,14,S,0
confidence,33065,https://www.koolearn.com/dict/wd_33065.html,13,S,0
decade,39568,https://www.koolearn.com/dict/wd_39568.html,11,S,0
discount,43630,https://www.koolearn.com/dict/wd_43630.html,20,S,0
dissertation,44286,https://www.koolearn.com/dict/wd_44286.html,16,S,0
distribution,44468,https://www.koolearn.com/dict/wd_44468.html,7,S,0
drawback,46162,https://www.koolearn.com/dict/wd_46162.html,11,S,0
element,48869,https://www.koolearn.com/dict/wd_48869.html,8,S,0
estate,51865,https://www.koolearn.com/dict/wd_51865.html,6,S,0
experience,53387,https://www.koolearn.com/dict/wd_53387.html,7,S,0
extension,53659,https://www.koolearn.com/dict/wd_53659.html,19,S,0
fossil,59387,https://www.koolearn.com/dict/wd_59387.html,14,S,0
image,74363,https://www.koolearn.com/dict/wd_74363.html,12,S,0
lack,83908,https://www.koolearn.com/dict/wd_83908.html,5,S,0
nursery,102471,https://www.koolearn.com/dict/wd_102471.html,21,S,0
organic,105215,https://www.koolearn.com/dict/wd_105215.html,13,S,0
plastic,113601,https://www.koolearn.com/dict/wd_113601.html,20,S,0
present,116945,https://www.koolearn.com/dict/wd_116945.html,8,S,0
pressure,117084,https://www.koolearn.com/dict/wd_117084.html,8,S,0
previous,117261,https://www.koolearn.com/dict/wd_117261.html,12,S,0
private,117635,https://www.koolearn.com/dict/wd_117635.html,12,S,0
radiation,121321,https://www.koolearn.com/dict/wd_121321.html,5,S,0
reception,122878,https://www.koolearn.com/dict/wd_122878.html,22,S,0
responsibility,125771,https://www.koolearn.com/dict/wd_125771.html,9,S,0
restriction,125870,https://www.koolearn.com/dict/wd_125870.html,8,S,0
scent,130930,https://www.koolearn.com/dict/wd_130930.html,13,S,0
shade,134011,https://www.koolearn.com/dict/wd_134011.html,12,S,0
stability,141315,https://www.koolearn.com/dict/wd_141315.html,8,S,0
strike,143483,https://www.koolearn.com/dict/wd_143483.html,16,S,0
timber,151422,https://www.koolearn.com/dict/wd_151422.html,17,S,0
tutor,156086,https://www.koolearn.com/dict/wd_156086.html,20,S,0
value,160658,https://www.koolearn.com/dict/wd_160658.html,9,S,0
vary,160917,https://www.koolearn.com/dict/wd_160917.html,9,S,0
virtually,162247,https://www.koolearn.com/dict/wd_162247.html,6,S,0
volunteer,162754,https://www.koolearn.com/dict/wd_162754.html,11,S,0
compulsory,32555,https://www.koolearn.com/dict/wd_32555.html,9,S,1
significant,135791,https://www.koolearn.com/dict/wd_135791.html,5,S,1
context,33894,https://www.koolearn.com/dict/wd_33894.html,6,S,1
massive,92077,https://www.koolearn.com/dict/wd_92077.html,7,S,1
minority,95141,https://www.koolearn.com/dict/wd_95141.html,5,S,1
remarkable,124648,https://www.koolearn.com/dict/wd_124648.html,6,S,1
reputation,125355,https://www.koolearn.com/dict/wd_125355.html,6,S,1
tropical,155167,https://www.koolearn.com/dict/wd_155167.html,9,S,1
advanced,2682,https://www.koolearn.com/dict/wd_2682.html,16,S,0
classical,29529,https://www.koolearn.com/dict/wd_29529.html,15,S,0
commission,31979,https://www.koolearn.com/dict/wd_31979.html,13,S,0
comprehensive,32510,https://www.koolearn.com/dict/wd_32510.html,7,S,0
consult,33732,https://www.koolearn.com/dict/wd_33732.html,5,S,0
container,33806,https://www.koolearn.com/dict/wd_33806.html,16,S,0
deforestation,40289,https://www.koolearn.com/dict/wd_40289.html,6,S,0
ecology,47909,https://www.koolearn.com/dict/wd_47909.html,8,S,0
export,53517,https://www.koolearn.com/dict/wd_53517.html,8,S,0
factor,54188,https://www.koolearn.com/dict/wd_54188.html,11,S,0
fund,60851,https://www.koolearn.com/dict/wd_60851.html,10,S,0
gene,62386,https://www.koolearn.com/dict/wd_62386.html,5,S,0
journalist,81294,https://www.koolearn.com/dict/wd_81294.html,9,S,0
magnificent,90140,https://www.koolearn.com/dict/wd_90140.html,15,S,0
overall,106528,https://www.koolearn.com/dict/wd_106528.html,8,S,0
periodical,110852,https://www.koolearn.com/dict/wd_110852.html,19,S,0
pesticide,111323,https://www.koolearn.com/dict/wd_111323.html,8,S,0
recipe,122921,https://www.koolearn.com/dict/wd_122921.html,11,S,0
relationship,124447,https://www.koolearn.com/dict/wd_124447.html,14,S,0
tribe,154630,https://www.koolearn.com/dict/wd_154630.html,19,S,0
visible,162314,https://www.koolearn.com/dict/wd_162314.html,7,S,0
temporary,149006,https://www.koolearn.com/dict/wd_149006.html,8,S,1
address,2193,https://www.koolearn.com/dict/wd_2193.html,10,S,2
affect,3026,https://www.koolearn.com/dict/wd_3026.html,5,S,2
astronomy,10314,https://www.koolearn.com/dict/wd_10314.html,15,S,1
ban,12988,https://www.koolearn.com/dict/wd_12988.html,6,S,1
debate,39466,https://www.koolearn.com/dict/wd_39466.html,8,S,1
disease,43726,https://www.koolearn.com/dict/wd_43726.html,14,S,2
epidemic,51050,https://www.koolearn.com/dict/wd_51050.html,13,S,3
evaluation,52391,https://www.koolearn.com/dict/wd_52391.html,13,S,2
hazard,68920,https://www.koolearn.com/dict/wd_68920.html,5,S,1
intact,78198,https://www.koolearn.com/dict/wd_78198.html,13,S,2
migrate,94599,https://www.koolearn.com/dict/wd_94599.html,6,S,3
predict,116508,https://www.koolearn.com/dict/wd_116508.html,5,S,1
rational,122131,https://www.koolearn.com/dict/wd_122131.html,5,S,1
reverse,126360,https://www.koolearn.com/dict/wd_126360.html,9,S,1
viable,161720,https://www.koolearn.com/dict/wd_161720.html,5,S,2
battery,14029,https://www.koolearn.com/dict/wd_14029.html,13,S,0
character,27097,https://www.koolearn.com/dict/wd_27097.html,10,S,0
contact,33787,https://www.koolearn.com/dict/wd_33787.html,13,S,0
course,35721,https://www.koolearn.com/dict/wd_35721.html,17,S,0
crime,36595,https://www.koolearn.com/dict/wd_36595.html,15,S,0
diploma,43153,https://www.koolearn.com/dict/wd_43153.html,17,S,0
display,44119,https://www.koolearn.com/dict/wd_44119.html,8,S,0
distinctive,44403,https://www.koolearn.com/dict/wd_44403.html,5,S,0
exceed,52771,https://www.koolearn.com/dict/wd_52771.html,5,S,0
excursion,52954,https://www.koolearn.com/dict/wd_52954.html,17,S,0
extinction,53731,https://www.koolearn.com/dict/wd_53731.html,7,S,0
filter,56410,https://www.koolearn.com/dict/wd_56410.html,11,S,0
gravity,65691,https://www.koolearn.com/dict/wd_65691.html,7,S,0
insomnia,77958,https://www.koolearn.com/dict/wd_77958.html,13,S,0
install,78005,https://www.koolearn.com/dict/wd_78005.html,7,S,0
luxury,89533,https://www.koolearn.com/dict/wd_89533.html,8,S,0
moderate,96030,https://www.koolearn.com/dict/wd_96030.html,11,S,0
nutrient,102518,https://www.koolearn.com/dict/wd_102518.html,5,S,0
oxygen,107361,https://www.koolearn.com/dict/wd_107361.html,14,S,0
participation,108973,https://www.koolearn.com/dict/wd_108973.html,9,S,0
particular,108985,https://www.koolearn.com/dict/wd_108985.html,6,S,0
physician,112224,https://www.koolearn.com/dict/wd_112224.html,13,S,0
polish,114722,https://www.koolearn.com/dict/wd_114722.html,14,S,0
pollutant,114815,https://www.koolearn.com/dict/wd_114815.html,9,S,0
residence,125560,https://www.koolearn.com/dict/wd_125560.html,12,S,0
specific,139903,https://www.koolearn.com/dict/wd_139903.html,8,S,0
supervise,145417,https://www.koolearn.com/dict/wd_145417.html,8,S,0
surface,145622,https://www.koolearn.com/dict/wd_145622.html,17,S,0
technical,148528,https://www.koolearn.com/dict/wd_148528.html,11,S,0
term,149333,https://www.koolearn.com/dict/wd_149333.html,14,S,0
typical,156430,https://www.koolearn.com/dict/wd_156430.html,9,S,0
ultimate,156681,https://www.koolearn.com/dict/wd_156681.html,7,S,0
wealthy,164136,https://www.koolearn.com/dict/wd_164136.html,10,S,0
antibiotic,7236,https://www.koolearn.com/dict/wd_7236.html,11,S,3
concert,32754,https://www.koolearn.com/dict/wd_32754.html,20,S,2
confident,33071,https://www.koolearn.com/dict/wd_33071.html,10,S,2
independent,76593,https://www.koolearn.com/dict/wd_76593.html,6,S,1
inhabitant,77441,https://www.koolearn.com/dict/wd_77441.html,8,S,2
location,87997,https://www.koolearn.com/dict/wd_87997.html,13,S,1
persuade,111210,https://www.koolearn.com/dict/wd_111210.html,8,S,2
retail,125945,https://www.koolearn.com/dict/wd_125945.html,12,S,1
balcony,12755,https://www.koolearn.com/dict/wd_12755.html,15,S,0
castle,25425,https://www.koolearn.com/dict/wd_25425.html,20,S,0
concern,32739,https://www.koolearn.com/dict/wd_32739.html,7,S,0
conclusion,32823,https://www.koolearn.com/dict/wd_32823.html,12,S,0
consultant,33737,https://www.koolearn.com/dict/wd_33737.html,12,S,0
creature,36349,https://www.koolearn.com/dict/wd_36349.html,8,S,0
crocodile,36790,https://www.koolearn.com/dict/wd_36790.html,21,S,0
data,38987,https://www.koolearn.com/dict/wd_38987.html,13,S,0
demand,40722,https://www.koolearn.com/dict/wd_40722.html,7,S,0
density,41045,https://www.koolearn.com/dict/wd_41045.html,8,S,0
device,42050,https://www.koolearn.com/dict/wd_42050.html,5,S,0
disposal,44144,https://www.koolearn.com/dict/wd_44144.html,15,S,0
drama,46081,https://www.koolearn.com/dict/wd_46081.html,15,S,0
economy,47973,https://www.koolearn.com/dict/wd_47973.html,10,S,0
enthusiasm,50676,https://www.koolearn.com/dict/wd_50676.html,7,S,0
enthusiastic,50678,https://www.koolearn.com/dict/wd_50678.html,9,S,0
highlight,70673,https://www.koolearn.com/dict/wd_70673.html,5,S,0
identification,73951,https://www.koolearn.com/dict/wd_73951.html,11,S,0
institute,78072,https://www.koolearn.com/dict/wd_78072.html,10,S,0
interview,78904,https://www.koolearn.com/dict/wd_78904.html,16,S,0
machinery,89813,https://www.koolearn.com/dict/wd_89813.html,10,S,0
maintenance,90328,https://www.koolearn.com/dict/wd_90328.html,6,S,0
minimum,95057,https://www.koolearn.com/dict/wd_95057.html,14,S,0
observation,102842,https://www.koolearn.com/dict/wd_102842.html,15,S,0
ordinary,105169,https://www.koolearn.com/dict/wd_105169.html,10,S,0
orientation,105313,https://www.koolearn.com/dict/wd_105313.html,17,S,0
procedure,117780,https://www.koolearn.com/dict/wd_117780.html,8,S,0
purpose,119896,https://www.koolearn.com/dict/wd_119896.html,14,S,0
recommendation,123048,https://www.koolearn.com/dict/wd_123048.html,14,S,0
region,124045,https://www.koolearn.com/dict/wd_124045.html,15,S,0
representative,125223,https://www.koolearn.com/dict/wd_125223.html,13,S,0
resident,125563,https://www.koolearn.com/dict/wd_125563.html,12,S,0
route,128409,https://www.koolearn.com/dict/wd_128409.html,14,S,0
satellite,130325,https://www.koolearn.com/dict/wd_130325.html,18,S,0
settle,133779,https://www.koolearn.com/dict/wd_133779.html,5,S,0
snack,137861,https://www.koolearn.com/dict/wd_137861.html,14,S,0
solution,138912,https://www.koolearn.com/dict/wd_138912.html,12,S,0
survival,145783,https://www.koolearn.com/dict/wd_145783.html,11,S,0
technology,148568,https://www.koolearn.com/dict/wd_148568.html,13,S,0
temperature,148971,https://www.koolearn.com/dict/wd_148971.html,17,S,0
threat,150789,https://www.koolearn.com/dict/wd_150789.html,7,S,0
yoga,167718,https://www.koolearn.com/dict/wd_167718.html,18,S,0
annual,6812,https://www.koolearn.com/dict/wd_6812.html,10,S,1
applicant,8066,https://www.koolearn.com/dict/wd_8066.html,13,S,1
council,35455,https://www.koolearn.com/dict/wd_35455.html,16,S,2
exterior,53682,https://www.koolearn.com/dict/wd_53682.html,6,S,1
fiction,56052,https://www.koolearn.com/dict/wd_56052.html,12,S,1
prescribe,116926,https://www.koolearn.com/dict/wd_116926.html,7,S,2
valuable,160648,https://www.koolearn.com/dict/wd_160648.html,7,S,1
withdraw,166147,https://www.koolearn.com/dict/wd_166147.html,9,S,3
appeal,7954,https://www.koolearn.com/dict/wd_7954.html,9,S,0
carbon,24565,https://www.koolearn.com/dict/wd_24565.html,11,S,0
chemical,27564,https://www.koolearn.com/dict/wd_27564.html,9,S,0
convenience,34176,https://www.koolearn.com/dict/wd_34176.html,6,S,0
delay,40503,https://www.koolearn.com/dict/wd_40503.html,13,S,0
diet,42650,https://www.koolearn.com/dict/wd_42650.html,12,S,0
elementary,48871,https://www.koolearn.com/dict/wd_48871.html,17,S,0
form,59178,https://www.koolearn.com/dict/wd_59178.html,11,S,0
instrument,78104,https://www.koolearn.com/dict/wd_78104.html,11,S,0
livestock,87736,https://www.koolearn.com/dict/wd_87736.html,11,S,0
lobby,87900,https://www.koolearn.com/dict/wd_87900.html,9,S,0
model,96010,https://www.koolearn.com/dict/wd_96010.html,15,S,0
participant,108965,https://www.koolearn.com/dict/wd_108965.html,10,S,0
pottery,115906,https://www.koolearn.com/dict/wd_115906.html,17,S,0
precious,116376,https://www.koolearn.com/dict/wd_116376.html,12,S,0
preservation,116971,https://www.koolearn.com/dict/wd_116971.html,12,S,0
promising,118215,https://www.koolearn.com/dict/wd_118215.html,9,S,0
realistic,122549,https://www.koolearn.com/dict/wd_122549.html,6,S,0
reproduce,125281,https://www.koolearn.com/dict/wd_125281.html,8,S,0
revolution,126485,https://www.koolearn.com/dict/wd_126485.html,5,S,0
salary,129552,https://www.koolearn.com/dict/wd_129552.html,17,S,0
scarce,130792,https://www.koolearn.com/dict/wd_130792.html,11,S,0
sector,132243,https://www.koolearn.com/dict/wd_132243.html,12,S,0
sewage,133859,https://www.koolearn.com/dict/wd_133859.html,15,S,0
spacious,139611,https://www.koolearn.com/dict/wd_139611.html,8,S,0
stage,141388,https://www.koolearn.com/dict/wd_141388.html,12,S,0
strength,143361,https://www.koolearn.com/dict/wd_143361.html,10,S,0
strengthen,143362,https://www.koolearn.com/dict/wd_143362.html,5,S,0
supervisor,145423,https://www.koolearn.com/dict/wd_145423.html,13,S,0
surveillance,145770,https://www.koolearn.com/dict/wd_145770.html,6,S,0
tunnel,155783,https://www.koolearn.com/dict/wd_155783.html,14,S,0
variation,160850,https://www.koolearn.com/dict/wd_160850.html,6,S,0
venue,161328,https://www.koolearn.com/dict/wd_161328.html,10,S,0
wildlife,165550,https://www.koolearn.com/dict/wd_165550.html,13,S,0
automatic,11478,https://www.koolearn.com/dict/wd_11478.html,9,S,1
controversy,34128,https://www.koolearn.com/dict/wd_34128.html,8,S,1
athlete,10691,https://www.koolearn.com/dict/wd_10691.html,8,S,1
corrupt,35064,https://www.koolearn.com/dict/wd_35064.html,9,S,1
illegal,74258,https://www.koolearn.com/dict/wd_74258.html,12,S,1
manual,91378,https://www.koolearn.com/dict/wd_91378.html,10,S,3
variable,160834,https://www.koolearn.com/dict/wd_160834.html,8,S,1
account,1316,https://www.koolearn.com/dict/wd_1316.html,8,S,0
appearance,7974,https://www.koolearn.com/dict/wd_7974.html,15,S,0
atlas,10725,https://www.koolearn.com/dict/wd_10725.html,18,S,0
attempt,10917,https://www.koolearn.com/dict/wd_10917.html,6,S,0
auditorium,11145,https://www.koolearn.com/dict/wd_11145.html,18,S,0
average,11684,https://www.koolearn.com/dict/wd_11684.html,13,S,0
awareness,11845,https://www.koolearn.com/dict/wd_11845.html,9,S,0
balance,12709,https://www.koolearn.com/dict/wd_12709.html,7,S,0
cattle,25787,https://www.koolearn.com/dict/wd_25787.html,15,S,0
clay,29624,https://www.koolearn.com/dict/wd_29624.html,15,S,0
cooperative,34426,https://www.koolearn.com/dict/wd_34426.html,10,S,0
corridor,35030,https://www.koolearn.com/dict/wd_35030.html,9,S,0
costume,35297,https://www.koolearn.com/dict/wd_35297.html,10,S,0
criteria,36707,https://www.koolearn.com/dict/wd_36707.html,7,S,0
director,43288,https://www.koolearn.com/dict/wd_43288.html,13,S,0
duration,47173,https://www.koolearn.com/dict/wd_47173.html,7,S,0
embassy,49212,https://www.koolearn.com/dict/wd_49212.html,14,S,0
essay,51820,https://www.koolearn.com/dict/wd_51820.html,15,S,0
expedition,53355,https://www.koolearn.com/dict/wd_53355.html,10,S,0
exposure,53555,https://www.koolearn.com/dict/wd_53555.html,11,S,0
extra,53759,https://www.koolearn.com/dict/wd_53759.html,13,S,0
fair,54333,https://www.koolearn.com/dict/wd_54333.html,8,S,0
garage,61748,https://www.koolearn.com/dict/wd_61748.html,19,S,0
institution,78077,https://www.koolearn.com/dict/wd_78077.html,9,S,0
interpretation,78773,https://www.koolearn.com/dict/wd_78773.html,9,S,0
junior,81602,https://www.koolearn.com/dict/wd_81602.html,14,S,0
lecturer,85614,https://www.koolearn.com/dict/wd_85614.html,21,S,0
length,85941,https://www.koolearn.com/dict/wd_85941.html,17,S,0
majority,90376,https://www.koolearn.com/dict/wd_90376.html,11,S,0
method,94032,https://www.koolearn.com/dict/wd_94032.html,12,S,0
native,99285,https://www.koolearn.com/dict/wd_99285.html,5,S,0
philosophy,111776,https://www.koolearn.com/dict/wd_111776.html,12,S,0
practical,116110,https://www.koolearn.com/dict/wd_116110.html,11,S,0
publication,119309,https://www.koolearn.com/dict/wd_119309.html,11,S,0
rate,122080,https://www.koolearn.com/dict/wd_122080.html,9,S,0
relative,124449,https://www.koolearn.com/dict/wd_124449.html,6,S,0
risk,127338,https://www.koolearn.com/dict/wd_127338.html,11,S,0
scenery,130920,https://www.koolearn.com/dict/wd_130920.html,6,S,0
seal,131932,https://www.koolearn.com/dict/wd_131932.html,7,S,0
sense,133159,https://www.koolearn.com/dict/wd_133159.html,10,S,0
shell,134464,https://www.koolearn.com/dict/wd_134464.html,10,S,0
string,143523,https://www.koolearn.com/dict/wd_143523.html,7,S,0
transport,154184,https://www.koolearn.com/dict/wd_154184.html,8,S,0
whale,164784,https://www.koolearn.com/dict/wd_164784.html,19,S,0
reasonable,122668,https://www.koolearn.com/dict/wd_122668.html,7,S,1
casual,25452,https://www.koolearn.com/dict/wd_25452.html,9,S,1
entrance,50753,https://www.koolearn.com/dict/wd_50753.html,16,S,1
focus,58304,https://www.koolearn.com/dict/wd_58304.html,8,S,2
marine,91631,https://www.koolearn.com/dict/wd_91631.html,9,S,1
natural,99320,https://www.koolearn.com/dict/wd_99320.html,9,S,1
personal,111133,https://www.koolearn.com/dict/wd_111133.html,11,S,2
postgraduate,115693,https://www.koolearn.com/dict/wd_115693.html,16,S,3
profession,117944,https://www.koolearn.com/dict/wd_117944.html,11,S,1
scatter,130869,https://www.koolearn.com/dict/wd_130869.html,6,S,1
site,136430,https://www.koolearn.com/dict/wd_136430.html,9,S,1
stock,142743,https://www.koolearn.com/dict/wd_142743.html,14,S,1
thesis,150423,https://www.koolearn.com/dict/wd_150423.html,14,S,3
vertical,161552,https://www.koolearn.com/dict/wd_161552.html,5,S,1
accountant,1335,https://www.koolearn.com/dict/wd_1335.html,18,S,0
anthropology,7141,https://www.koolearn.com/dict/wd_7141.html,17,S,0
aspiration,9908,https://www.koolearn.com/dict/wd_9908.html,6,S,0
bonus,19267,https://www.koolearn.com/dict/wd_19267.html,7,S,0
competitive,32326,https://www.koolearn.com/dict/wd_32326.html,5,S,0
complete,32381,https://www.koolearn.com/dict/wd_32381.html,11,S,0
construction,33702,https://www.koolearn.com/dict/wd_33702.html,10,S,0
continent,33908,https://www.koolearn.com/dict/wd_33908.html,12,S,0
corporate,34918,https://www.koolearn.com/dict/wd_34918.html,7,S,0
creativity,36345,https://www.koolearn.com/dict/wd_36345.html,5,S,0
cruise,37090,https://www.koolearn.com/dict/wd_37090.html,10,S,0
depict,41201,https://www.koolearn.com/dict/wd_41201.html,5,S,0
description,41538,https://www.koolearn.com/dict/wd_41538.html,12,S,0
education,48189,https://www.koolearn.com/dict/wd_48189.html,16,S,0
electronic,48792,https://www.koolearn.com/dict/wd_48792.html,5,S,0
engineer,50240,https://www.koolearn.com/dict/wd_50240.html,16,S,0
engineering,50242,https://www.koolearn.com/dict/wd_50242.html,16,S,0
furniture,61016,https://www.koolearn.com/dict/wd_61016.html,11,S,0
germ,62771,https://www.koolearn.com/dict/wd_62771.html,11,S,0
harbour,68100,https://www.koolearn.com/dict/wd_68100.html,8,S,0
herd,70038,https://www.koolearn.com/dict/wd_70038.html,15,S,0
informative,77295,https://www.koolearn.com/dict/wd_77295.html,8,S,0
instructor,78098,https://www.koolearn.com/dict/wd_78098.html,15,S,0
isolation,79924,https://www.koolearn.com/dict/wd_79924.html,7,S,0
loyalty,89054,https://www.koolearn.com/dict/wd_89054.html,10,S,0
major,90360,https://www.koolearn.com/dict/wd_90360.html,14,S,0
mood,96790,https://www.koolearn.com/dict/wd_96790.html,11,S,0
morality,96923,https://www.koolearn.com/dict/wd_96923.html,12,S,0
obesity,102689,https://www.koolearn.com/dict/wd_102689.html,8,S,0
occasion,102972,https://www.koolearn.com/dict/wd_102972.html,8,S,0
outcome,106042,https://www.koolearn.com/dict/wd_106042.html,6,S,0
panic,108153,https://www.koolearn.com/dict/wd_108153.html,12,S,0
pilot,112759,https://www.koolearn.com/dict/wd_112759.html,10,S,0
practice,116115,https://www.koolearn.com/dict/wd_116115.html,11,S,0
productivity,117921,https://www.koolearn.com/dict/wd_117921.html,5,S,0
quality,120576,https://www.koolearn.com/dict/wd_120576.html,11,S,0
sediment,132325,https://www.koolearn.com/dict/wd_132325.html,7,S,0
sequence,133363,https://www.koolearn.com/dict/wd_133363.html,5,S,0
skeleton,136560,https://www.koolearn.com/dict/wd_136560.html,14,S,0
stack,141345,https://www.koolearn.com/dict/wd_141345.html,12,S,0
store,142994,https://www.koolearn.com/dict/wd_142994.html,12,S,0
tablet,146911,https://www.koolearn.com/dict/wd_146911.html,14,S,0
threaten,150791,https://www.koolearn.com/dict/wd_150791.html,5,S,0
tide,151247,https://www.koolearn.com/dict/wd_151247.html,16,S,0
tourism,153365,https://www.koolearn.com/dict/wd_153365.html,13,S,0
whereas,164947,https://www.koolearn.com/dict/wd_164947.html,6,S,0
exclusive,52898,https://www.koolearn.com/dict/wd_52898.html,5,S,1
publicity,119313,https://www.koolearn.com/dict/wd_119313.html,7,S,1
crack,36029,https://www.koolearn.com/dict/wd_36029.html,7,S,2
effect,48253,https://www.koolearn.com/dict/wd_48253.html,8,S,2
fertile,55783,https://www.koolearn.com/dict/wd_55783.html,5,S,1
historical,70960,https://www.koolearn.com/dict/wd_70960.html,11,S,2
humidity,72727,https://www.koolearn.com/dict/wd_72727.html,12,S,2
loyal,89046,https://www.koolearn.com/dict/wd_89046.html,10,S,1
margin,91576,https://www.koolearn.com/dict/wd_91576.html,12,S,1
miserable,95422,https://www.koolearn.com/dict/wd_95422.html,13,S,1
precaution,116337,https://www.koolearn.com/dict/wd_116337.html,10,S,1
sensation,133151,https://www.koolearn.com/dict/wd_133151.html,6,S,1
administration,2445,https://www.koolearn.com/dict/wd_2445.html,8,S,0
adventure,2713,https://www.koolearn.com/dict/wd_2713.html,8,S,0
aid,3690,https://www.koolearn.com/dict/wd_3690.html,7,S,0
allergic,4808,https://www.koolearn.com/dict/wd_4808.html,12,S,0
ambiguous,5414,https://www.koolearn.com/dict/wd_5414.html,7,S,0
attendance,10930,https://www.koolearn.com/dict/wd_10930.html,13,S,0
bibliography,16737,https://www.koolearn.com/dict/wd_16737.html,20,S,0
biology,17288,https://www.koolearn.com/dict/wd_17288.html,16,S,0
clinic,29902,https://www.koolearn.com/dict/wd_29902.html,15,S,0
convenient,34182,https://www.koolearn.com/dict/wd_34182.html,10,S,0
cooperation,34425,https://www.koolearn.com/dict/wd_34425.html,13,S,0
cultivation,37513,https://www.koolearn.com/dict/wd_37513.html,14,S,0
cultural,37518,https://www.koolearn.com/dict/wd_37518.html,8,S,0
customer,37977,https://www.koolearn.com/dict/wd_37977.html,14,S,0
demonstration,40878,https://www.koolearn.com/dict/wd_40878.html,13,S,0
department,41146,https://www.koolearn.com/dict/wd_41146.html,15,S,0
due,46890,https://www.koolearn.com/dict/wd_46890.html,16,S,0
electricity,48723,https://www.koolearn.com/dict/wd_48723.html,12,S,0
equator,51298,https://www.koolearn.com/dict/wd_51298.html,7,S,0
existence,53179,https://www.koolearn.com/dict/wd_53179.html,7,S,0
express,53562,https://www.koolearn.com/dict/wd_53562.html,9,S,0
global,63917,https://www.koolearn.com/dict/wd_63917.html,9,S,0
household,72358,https://www.koolearn.com/dict/wd_72358.html,7,S,0
industry,76915,https://www.koolearn.com/dict/wd_76915.html,13,S,0
pest,111314,https://www.koolearn.com/dict/wd_111314.html,13,S,0
press,117036,https://www.koolearn.com/dict/wd_117036.html,8,S,0
quantity,120621,https://www.koolearn.com/dict/wd_120621.html,8,S,0
requirement,125378,https://www.koolearn.com/dict/wd_125378.html,11,S,0
resistant,125627,https://www.koolearn.com/dict/wd_125627.html,12,S,0
response,125766,https://www.koolearn.com/dict/wd_125766.html,11,S,0
satisfactory,130363,https://www.koolearn.com/dict/wd_130363.html,15,S,0
scandal,130723,https://www.koolearn.com/dict/wd_130723.html,7,S,0
score,131323,https://www.koolearn.com/dict/wd_131323.html,13,S,0
secondary,132160,https://www.koolearn.com/dict/wd_132160.html,15,S,0
source,139434,https://www.koolearn.com/dict/wd_139434.html,8,S,0
spot,140792,https://www.koolearn.com/dict/wd_140792.html,9,S,0
summary,144976,https://www.koolearn.com/dict/wd_144976.html,14,S,0
target,147988,https://www.koolearn.com/dict/wd_147988.html,5,S,0
theme,150207,https://www.koolearn.com/dict/wd_150207.html,5,S,0
view,161935,https://www.koolearn.com/dict/wd_161935.html,12,S,0
virus,162265,https://www.koolearn.com/dict/wd_162265.html,11,S,0
donate,45314,https://www.koolearn.com/dict/wd_45314.html,5,S,1
acute,2035,https://www.koolearn.com/dict/wd_2035.html,5,S,1
advance,2670,https://www.koolearn.com/dict/wd_2670.html,5,S,1
code,30771,https://www.koolearn.com/dict/wd_30771.html,10,S,1
concept,32715,https://www.koolearn.com/dict/wd_32715.html,5,S,1
digital,42777,https://www.koolearn.com/dict/wd_42777.html,7,S,2
flow,57960,https://www.koolearn.com/dict/wd_57960.html,9,S,2
fluid,58047,https://www.koolearn.com/dict/wd_58047.html,5,S,3
register,124057,https://www.koolearn.com/dict/wd_124057.html,7,S,2
tourist,153366,https://www.koolearn.com/dict/wd_153366.html,13,S,1
accuracy,1424,https://www.koolearn.com/dict/wd_1424.html,5,S,0
achievement,1561,https://www.koolearn.com/dict/wd_1561.html,5,S,0
badge,12514,https://www.koolearn.com/dict/wd_12514.html,13,S,0
badminton,12534,https://www.koolearn.com/dict/wd_12534.html,17,S,0
bear,15117,https://www.koolearn.com/dict/wd_15117.html,6,S,0
cafeteria,23225,https://www.koolearn.com/dict/wd_23225.html,18,S,0
capital,24291,https://www.koolearn.com/dict/wd_24291.html,11,S,0
cathedral,25720,https://www.koolearn.com/dict/wd_25720.html,18,S,0
collection,31246,https://www.koolearn.com/dict/wd_31246.html,11,S,0
companion,32195,https://www.koolearn.com/dict/wd_32195.html,7,S,0
convince,34286,https://www.koolearn.com/dict/wd_34286.html,5,S,0
cottage,35344,https://www.koolearn.com/dict/wd_35344.html,18,S,0
decoration,39892,https://www.koolearn.com/dict/wd_39892.html,16,S,0
dentist,41080,https://www.koolearn.com/dict/wd_41080.html,17,S,0
design,41605,https://www.koolearn.com/dict/wd_41605.html,12,S,0
detail,41820,https://www.koolearn.com/dict/wd_41820.html,12,S,0
dimension,42934,https://www.koolearn.com/dict/wd_42934.html,5,S,0
distortion,44429,https://www.koolearn.com/dict/wd_44429.html,7,S,0
embark,49194,https://www.koolearn.com/dict/wd_49194.html,5,S,0
energy,50148,https://www.koolearn.com/dict/wd_50148.html,10,S,0
fine,56535,https://www.koolearn.com/dict/wd_56535.html,15,S,0
firm,56798,https://www.koolearn.com/dict/wd_56798.html,9,S,0
formal,59184,https://www.koolearn.com/dict/wd_59184.html,11,S,0
frame,59635,https://www.koolearn.com/dict/wd_59635.html,6,S,0
frequency,60011,https://www.koolearn.com/dict/wd_60011.html,7,S,0
geography,62661,https://www.koolearn.com/dict/wd_62661.html,16,S,0
gesture,62862,https://www.koolearn.com/dict/wd_62862.html,7,S,0
harness,68320,https://www.koolearn.com/dict/wd_68320.html,6,S,0
import,74939,https://www.koolearn.com/dict/wd_74939.html,10,S,0
injury,77577,https://www.koolearn.com/dict/wd_77577.html,10,S,0
instruction,78092,https://www.koolearn.com/dict/wd_78092.html,11,S,0
intake,78202,https://www.koolearn.com/dict/wd_78202.html,8,S,0
interest,78445,https://www.koolearn.com/dict/wd_78445.html,15,S,0
investment,79295,https://www.koolearn.com/dict/wd_79295.html,11,S,0
laboratory,83809,https://www.koolearn.com/dict/wd_83809.html,12,S,0
leaflet,85378,https://www.koolearn.com/dict/wd_85378.html,13,S,0
lift,86730,https://www.koolearn.com/dict/wd_86730.html,16,S,0
mark,91660,https://www.koolearn.com/dict/wd_91660.html,13,S,0
measurement,92695,https://www.koolearn.com/dict/wd_92695.html,11,S,0
media,92811,https://www.koolearn.com/dict/wd_92811.html,10,S,0
muscle,98272,https://www.koolearn.com/dict/wd_98272.html,8,S,0
patient,109392,https://www.koolearn.com/dict/wd_109392.html,7,S,0
plain,113409,https://www.koolearn.com/dict/wd_113409.html,6,S,0
platform,113663,https://www.koolearn.com/dict/wd_113663.html,7,S,0
proposal,118446,https://www.koolearn.com/dict/wd_118446.html,8,S,0
pump,119611,https://www.koolearn.com/dict/wd_119611.html,12,S,0
rainfall,121605,https://www.koolearn.com/dict/wd_121605.html,12,S,0
research,125457,https://www.koolearn.com/dict/wd_125457.html,11,S,0
routine,128418,https://www.koolearn.com/dict/wd_128418.html,5,S,0
secretary,132208,https://www.koolearn.com/dict/wd_132208.html,15,S,0
shuttle,135421,https://www.koolearn.com/dict/wd_135421.html,9,S,0
signature,135773,https://www.koolearn.com/dict/wd_135773.html,13,S,0
sociology,138494,https://www.koolearn.com/dict/wd_138494.html,17,S,0
spouse,140821,https://www.koolearn.com/dict/wd_140821.html,6,S,0
studio,143772,https://www.koolearn.com/dict/wd_143772.html,9,S,0
subsidy,144384,https://www.koolearn.com/dict/wd_144384.html,7,S,0
terrace,149405,https://www.koolearn.com/dict/wd_149405.html,7,S,0
tragedy,153784,https://www.koolearn.com/dict/wd_153784.html,9,S,0
transaction,153938,https://www.koolearn.com/dict/wd_153938.html,8,S,0
vacancy,160423,https://www.koolearn.com/dict/wd_160423.html,14,S,0
various,160892,https://www.koolearn.com/dict/wd_160892.html,9,S,0
vitamin,162406,https://www.koolearn.com/dict/wd_162406.html,17,S,0
workshop,166697,https://www.koolearn.com/dict/wd_166697.html,16,S,0
worthwhile,166835,https://www.koolearn.com/dict/wd_166835.html,8,S,0
cliff,29840,https://www.koolearn.com/dict/wd_29840.html,16,S,1
abundance,998,https://www.koolearn.com/dict/wd_998.html,7,S,1
antique,7453,https://www.koolearn.com/dict/wd_7453.html,5,S,2
flood,57822,https://www.koolearn.com/dict/wd_57822.html,13,S,1
gym,66967,https://www.koolearn.com/dict/wd_66967.html,16,S,2
regular,124140,https://www.koolearn.com/dict/wd_124140.html,8,S,2
sharp,134264,https://www.koolearn.com/dict/wd_134264.html,12,S,1
warehouse,163524,https://www.koolearn.com/dict/wd_163524.html,12,S,2
waste,163736,https://www.koolearn.com/dict/wd_163736.html,8,S,1
agency,3348,https://www.koolearn.com/dict/wd_3348.html,14,S,0
allowance,4943,https://www.koolearn.com/dict/wd_4943.html,15,S,0
ambitious,5423,https://www.koolearn.com/dict/wd_5423.html,10,S,0
appointment,8122,https://www.koolearn.com/dict/wd_8122.html,13,S,0
approximately,8240,https://www.koolearn.com/dict/wd_8240.html,5,S,0
barren,13578,https://www.koolearn.com/dict/wd_13578.html,11,S,0
cable,23030,https://www.koolearn.com/dict/wd_23030.html,13,S,0
campus,23853,https://www.koolearn.com/dict/wd_23853.html,17,S,0
chart,27246,https://www.koolearn.com/dict/wd_27246.html,9,S,0
cite,29204,https://www.koolearn.com/dict/wd_29204.html,8,S,0
complaint,32359,https://www.koolearn.com/dict/wd_32359.html,9,S,0
core,34717,https://www.koolearn.com/dict/wd_34717.html,6,S,0
crop,36828,https://www.koolearn.com/dict/wd_36828.html,16,S,0
cycle,38207,https://www.koolearn.com/dict/wd_38207.html,10,S,0
degree,40379,https://www.koolearn.com/dict/wd_40379.html,13,S,0
engine,50232,https://www.koolearn.com/dict/wd_50232.html,14,S,0
exception,52799,https://www.koolearn.com/dict/wd_52799.html,8,S,0
exploration,53492,https://www.koolearn.com/dict/wd_53492.html,6,S,0
flight,57667,https://www.koolearn.com/dict/wd_57667.html,12,S,0
fraud,59752,https://www.koolearn.com/dict/wd_59752.html,8,S,0
freedom,59883,https://www.koolearn.com/dict/wd_59883.html,8,S,0
general,62396,https://www.koolearn.com/dict/wd_62396.html,13,S,0
goal,64507,https://www.koolearn.com/dict/wd_64507.html,12,S,0
helicopter,69567,https://www.koolearn.com/dict/wd_69567.html,13,S,0
herb,70003,https://www.koolearn.com/dict/wd_70003.html,12,S,0
ignorance,74148,https://www.koolearn.com/dict/wd_74148.html,6,S,0
index,76613,https://www.koolearn.com/dict/wd_76613.html,14,S,0
innovative,77691,https://www.koolearn.com/dict/wd_77691.html,5,S,0
labour,83825,https://www.koolearn.com/dict/wd_83825.html,8,S,0
lifestyle,86724,https://www.koolearn.com/dict/wd_86724.html,6,S,0
linguistics,87248,https://www.koolearn.com/dict/wd_87248.html,12,S,0
mechanical,92746,https://www.koolearn.com/dict/wd_92746.html,5,S,0
minor,95126,https://www.koolearn.com/dict/wd_95126.html,7,S,0
policy,114707,https://www.koolearn.com/dict/wd_114707.html,8,S,0
poster,115663,https://www.koolearn.com/dict/wd_115663.html,13,S,0
rear,122621,https://www.koolearn.com/dict/wd_122621.html,9,S,0
renew,124871,https://www.koolearn.com/dict/wd_124871.html,14,S,0
replacement,125101,https://www.koolearn.com/dict/wd_125101.html,10,S,0
reptile,125315,https://www.koolearn.com/dict/wd_125315.html,10,S,0
semester,132908,https://www.koolearn.com/dict/wd_132908.html,18,S,0
share,134228,https://www.koolearn.com/dict/wd_134228.html,9,S,0
sign,135731,https://www.koolearn.com/dict/wd_135731.html,8,S,0
silver,135956,https://www.koolearn.com/dict/wd_135956.html,16,S,0
simulation,136108,https://www.koolearn.com/dict/wd_136108.html,10,S,0
skill,136653,https://www.koolearn.com/dict/wd_136653.html,11,S,0
social,138405,https://www.koolearn.com/dict/wd_138405.html,9,S,0
specialist,139881,https://www.koolearn.com/dict/wd_139881.html,5,S,0
stadium,141367,https://www.koolearn.com/dict/wd_141367.html,12,S,0
statement,141906,https://www.koolearn.com/dict/wd_141906.html,12,S,0
stem,142249,https://www.koolearn.com/dict/wd_142249.html,7,S,0
stomach,142844,https://www.koolearn.com/dict/wd_142844.html,13,S,0
stuff,143789,https://www.koolearn.com/dict/wd_143789.html,8,S,0
texture,149711,https://www.koolearn.com/dict/wd_149711.html,14,S,0
tour,153352,https://www.koolearn.com/dict/wd_153352.html,14,S,0
towel,153428,https://www.koolearn.com/dict/wd_153428.html,16,S,0
tune,155736,https://www.koolearn.com/dict/wd_155736.html,11,S,0
wing,165822,https://www.koolearn.com/dict/wd_165822.html,18,S,0
revise,126427,https://www.koolearn.com/dict/wd_126427.html,8,S,1
argument,8834,https://www.koolearn.com/dict/wd_8834.html,12,S,2
descend,41505,https://www.koolearn.com/dict/wd_41505.html,7,S,1
encyclopedia,49908,https://www.koolearn.com/dict/wd_49908.html,13,S,3
income,76284,https://www.koolearn.com/dict/wd_76284.html,6,S,1
information,77278,https://www.koolearn.com/dict/wd_77278.html,12,S,2
master,92094,https://www.koolearn.com/dict/wd_92094.html,14,S,1
noble,101064,https://www.koolearn.com/dict/wd_101064.html,7,S,1
oral,105025,https://www.koolearn.com/dict/wd_105025.html,12,S,2
pregnant,116646,https://www.koolearn.com/dict/wd_116646.html,5,S,1
reward,126517,https://www.koolearn.com/dict/wd_126517.html,6,S,1
undergraduate,157572,https://www.koolearn.com/dict/wd_157572.html,12,S,3
vacuum,160470,https://www.koolearn.com/dict/wd_160470.html,5,S,1
activate,1934,https://www.koolearn.com/dict/wd_1934.html,6,S,0
additional,2172,https://www.koolearn.com/dict/wd_2172.html,11,S,0
angle,6487,https://www.koolearn.com/dict/wd_6487.html,7,S,0
assistant,10087,https://www.koolearn.com/dict/wd_10087.html,13,S,0
attractive,11019,https://www.koolearn.com/dict/wd_11019.html,7,S,0
aware,11843,https://www.koolearn.com/dict/wd_11843.html,6,S,0
background,12333,https://www.koolearn.com/dict/wd_12333.html,11,S,0
buffet,21764,https://www.koolearn.com/dict/wd_21764.html,15,S,0
camel,23736,https://www.koolearn.com/dict/wd_23736.html,15,S,0
cancel,23921,https://www.koolearn.com/dict/wd_23921.html,8,S,0
cave,25918,https://www.koolearn.com/dict/wd_25918.html,14,S,0
client,29834,https://www.koolearn.com/dict/wd_29834.html,11,S,0
confidential,33072,https://www.koolearn.com/dict/wd_33072.html,5,S,0
contribution,34085,https://www.koolearn.com/dict/wd_34085.html,5,S,0
cooperate,34420,https://www.koolearn.com/dict/wd_34420.html,7,S,0
dolphin,45195,https://www.koolearn.com/dict/wd_45195.html,12,S,0
employer,49608,https://www.koolearn.com/dict/wd_49608.html,15,S,0
explosion,53504,https://www.koolearn.com/dict/wd_53504.html,10,S,0
fee,55359,https://www.koolearn.com/dict/wd_55359.html,14,S,0
formula,59244,https://www.koolearn.com/dict/wd_59244.html,8,S,0
guidance,66621,https://www.koolearn.com/dict/wd_66621.html,6,S,0
guide,66623,https://www.koolearn.com/dict/wd_66623.html,11,S,0
hostel,72172,https://www.koolearn.com/dict/wd_72172.html,15,S,0
injection,77555,https://www.koolearn.com/dict/wd_77555.html,14,S,0
itinerary,80138,https://www.koolearn.com/dict/wd_80138.html,11,S,0
laptop,84602,https://www.koolearn.com/dict/wd_84602.html,16,S,0
leak,85398,https://www.koolearn.com/dict/wd_85398.html,12,S,0
lung,89351,https://www.koolearn.com/dict/wd_89351.html,12,S,0
medication,92890,https://www.koolearn.com/dict/wd_92890.html,12,S,0
mixture,95867,https://www.koolearn.com/dict/wd_95867.html,13,S,0
moisture,96182,https://www.koolearn.com/dict/wd_96182.html,6,S,0
museum,98310,https://www.koolearn.com/dict/wd_98310.html,17,S,0
pastime,109251,https://www.koolearn.com/dict/wd_109251.html,7,S,0
permission,110985,https://www.koolearn.com/dict/wd_110985.html,7,S,0
prevention,117249,https://www.koolearn.com/dict/wd_117249.html,10,S,0
psychologist,119122,https://www.koolearn.com/dict/wd_119122.html,9,S,0
refreshment,123894,https://www.koolearn.com/dict/wd_123894.html,14,S,0
refund,123935,https://www.koolearn.com/dict/wd_123935.html,12,S,0
rent,124923,https://www.koolearn.com/dict/wd_124923.html,16,S,0
report,125165,https://www.koolearn.com/dict/wd_125165.html,13,S,0
respondent,125760,https://www.koolearn.com/dict/wd_125760.html,14,S,0
setting,133772,https://www.koolearn.com/dict/wd_133772.html,6,S,0
spare,139686,https://www.koolearn.com/dict/wd_139686.html,13,S,0
steer,142204,https://www.koolearn.com/dict/wd_142204.html,5,S,0
supervision,145422,https://www.koolearn.com/dict/wd_145422.html,5,S,0
supply,145483,https://www.koolearn.com/dict/wd_145483.html,10,S,0
surgeon,145666,https://www.koolearn.com/dict/wd_145666.html,15,S,0
territory,149464,https://www.koolearn.com/dict/wd_149464.html,7,S,0
theatre,150165,https://www.koolearn.com/dict/wd_150165.html,13,S,0
tough,153326,https://www.koolearn.com/dict/wd_153326.html,5,S,0
waterfall,163894,https://www.koolearn.com/dict/wd_163894.html,17,S,0
upset,159842,https://www.koolearn.com/dict/wd_159842.html,5,S,1
adult,2640,https://www.koolearn.com/dict/wd_2640.html,14,S,1
awful,11865,https://www.koolearn.com/dict/wd_11865.html,12,S,1
bargain,13396,https://www.koolearn.com/dict/wd_13396.html,8,S,1
basement,13725,https://www.koolearn.com/dict/wd_13725.html,14,S,1
fabric,54064,https://www.koolearn.com/dict/wd_54064.html,5,S,1
feather,55270,https://www.koolearn.com/dict/wd_55270.html,15,S,1
gorgeous,65043,https://www.koolearn.com/dict/wd_65043.html,5,S,1
improve,75085,https://www.koolearn.com/dict/wd_75085.html,5,S,1
mushroom,98322,https://www.koolearn.com/dict/wd_98322.html,6,S,2
safety,129373,https://www.koolearn.com/dict/wd_129373.html,11,S,2
shallow,134120,https://www.koolearn.com/dict/wd_134120.html,5,S,1
systematic,146794,https://www.koolearn.com/dict/wd_146794.html,8,S,1
technique,148551,https://www.koolearn.com/dict/wd_148551.html,7,S,1
acid,1604,https://www.koolearn.com/dict/wd_1604.html,8,S,0
admission,2484,https://www.koolearn.com/dict/wd_2484.html,10,S,0
archaeology,8535,https://www.koolearn.com/dict/wd_8535.html,12,S,0
article,9312,https://www.koolearn.com/dict/wd_9312.html,16,S,0
attachment,10877,https://www.koolearn.com/dict/wd_10877.html,9,S,0
attend,10924,https://www.koolearn.com/dict/wd_10924.html,5,S,0
author,11319,https://www.koolearn.com/dict/wd_11319.html,15,S,0
award,11834,https://www.koolearn.com/dict/wd_11834.html,12,S,0
bachelor,12182,https://www.koolearn.com/dict/wd_12182.html,14,S,0
band,13007,https://www.koolearn.com/dict/wd_13007.html,12,S,0
barbecue,13303,https://www.koolearn.com/dict/wd_13303.html,13,S,0
basic,13749,https://www.koolearn.com/dict/wd_13749.html,10,S,0
beach,14991,https://www.koolearn.com/dict/wd_14991.html,17,S,0
blanket,17910,https://www.koolearn.com/dict/wd_17910.html,17,S,0
booklet,19335,https://www.koolearn.com/dict/wd_19335.html,13,S,0
carpet,24980,https://www.koolearn.com/dict/wd_24980.html,18,S,0
catalogue,25511,https://www.koolearn.com/dict/wd_25511.html,13,S,0
cause,25853,https://www.koolearn.com/dict/wd_25853.html,11,S,0
chain,26774,https://www.koolearn.com/dict/wd_26774.html,5,S,0
circle,29044,https://www.koolearn.com/dict/wd_29044.html,11,S,0
coast,30516,https://www.koolearn.com/dict/wd_30516.html,16,S,0
combination,31583,https://www.koolearn.com/dict/wd_31583.html,7,S,0
consultation,33739,https://www.koolearn.com/dict/wd_33739.html,6,S,0
conversation,34219,https://www.koolearn.com/dict/wd_34219.html,11,S,0
crystal,37278,https://www.koolearn.com/dict/wd_37278.html,7,S,0
debt,39531,https://www.koolearn.com/dict/wd_39531.html,14,S,0
disturb,44494,https://www.koolearn.com/dict/wd_44494.html,5,S,0
economics,47960,https://www.koolearn.com/dict/wd_47960.html,14,S,0
elevator,48907,https://www.koolearn.com/dict/wd_48907.html,15,S,0
evaporate,52420,https://www.koolearn.com/dict/wd_52420.html,8,S,0
expense,53380,https://www.koolearn.com/dict/wd_53380.html,13,S,0
female,55579,https://www.koolearn.com/dict/wd_55579.html,10,S,0
fertilizer,55797,https://www.koolearn.com/dict/wd_55797.html,10,S,0
flash,57319,https://www.koolearn.com/dict/wd_57319.html,9,S,0
grain,65341,https://www.koolearn.com/dict/wd_65341.html,14,S,0
grind,66066,https://www.koolearn.com/dict/wd_66066.html,6,S,0
hectare,69383,https://www.koolearn.com/dict/wd_69383.html,15,S,0
indicator,76651,https://www.koolearn.com/dict/wd_76651.html,8,S,0
international,78641,https://www.koolearn.com/dict/wd_78641.html,13,S,0
investigation,79286,https://www.koolearn.com/dict/wd_79286.html,11,S,0
kangaroo,81910,https://www.koolearn.com/dict/wd_81910.html,18,S,0
lava,85053,https://www.koolearn.com/dict/wd_85053.html,11,S,0
mathematics,92254,https://www.koolearn.com/dict/wd_92254.html,15,S,0
monument,96777,https://www.koolearn.com/dict/wd_96777.html,6,S,0
orchestra,105107,https://www.koolearn.com/dict/wd_105107.html,7,S,0
overdue,106683,https://www.koolearn.com/dict/wd_106683.html,16,S,0
package,107513,https://www.koolearn.com/dict/wd_107513.html,12,S,0
planet,113476,https://www.koolearn.com/dict/wd_113476.html,10,S,0
plateau,113644,https://www.koolearn.com/dict/wd_113644.html,6,S,0
position,115517,https://www.koolearn.com/dict/wd_115517.html,12,S,0
predictable,116510,https://www.koolearn.com/dict/wd_116510.html,6,S,0
prosperous,118593,https://www.koolearn.com/dict/wd_118593.html,6,S,0
public,119240,https://www.koolearn.com/dict/wd_119240.html,9,S,0
raw,122265,https://www.koolearn.com/dict/wd_122265.html,8,S,0
rehearsal,124213,https://www.koolearn.com/dict/wd_124213.html,7,S,0
religion,124554,https://www.koolearn.com/dict/wd_124554.html,10,S,0
selection,132590,https://www.koolearn.com/dict/wd_132590.html,12,S,0
slide,137184,https://www.koolearn.com/dict/wd_137184.html,8,S,0
steam,142094,https://www.koolearn.com/dict/wd_142094.html,12,S,0
storage,142981,https://www.koolearn.com/dict/wd_142981.html,5,S,0
suit,144801,https://www.koolearn.com/dict/wd_144801.html,12,S,0
suitable,144808,https://www.koolearn.com/dict/wd_144808.html,8,S,0
theft,150190,https://www.koolearn.com/dict/wd_150190.html,10,S,0
traffic,153752,https://www.koolearn.com/dict/wd_153752.html,8,S,0
transit,154078,https://www.koolearn.com/dict/wd_154078.html,5,S,0
trap,154239,https://www.koolearn.com/dict/wd_154239.html,7,S,0
triangle,154596,https://www.koolearn.com/dict/wd_154596.html,7,S,0
twist,156269,https://www.koolearn.com/dict/wd_156269.html,5,S,0
weight,164415,https://www.koolearn.com/dict/wd_164415.html,10,S,0
recall,122809,https://www.koolearn.com/dict/wd_122809.html,8,S,1
abnormal,658,https://www.koolearn.com/dict/wd_658.html,5,S,1
compact,32178,https://www.koolearn.com/dict/wd_32178.html,5,S,3
desire,41637,https://www.koolearn.com/dict/wd_41637.html,8,S,1
fancy,54669,https://www.koolearn.com/dict/wd_54669.html,7,S,3
insufficient,78128,https://www.koolearn.com/dict/wd_78128.html,7,S,1
normal,101751,https://www.koolearn.com/dict/wd_101751.html,8,S,1
optional,104982,https://www.koolearn.com/dict/wd_104982.html,9,S,2
pasture,109274,https://www.koolearn.com/dict/wd_109274.html,8,S,1
version,161528,https://www.koolearn.com/dict/wd_161528.html,5,S,1
ability,592,https://www.koolearn.com/dict/wd_592.html,9,S,0
advantage,2695,https://www.koolearn.com/dict/wd_2695.html,8,S,0
advisable,2779,https://www.koolearn.com/dict/wd_2779.html,9,S,0
alarm,4181,https://www.koolearn.com/dict/wd_4181.html,10,S,0
analyse,6061,https://www.koolearn.com/dict/wd_6061.html,5,S,0
arrangement,9117,https://www.koolearn.com/dict/wd_9117.html,10,S,0
biological,17272,https://www.koolearn.com/dict/wd_17272.html,7,S,0
blast,17939,https://www.koolearn.com/dict/wd_17939.html,7,S,0
brick,20773,https://www.koolearn.com/dict/wd_20773.html,16,S,0
cafe,23218,https://www.koolearn.com/dict/wd_23218.html,12,S,0
cash,25264,https://www.koolearn.com/dict/wd_25264.html,13,S,0
coal,30453,https://www.koolearn.com/dict/wd_30453.html,11,S,0
coin,31036,https://www.koolearn.com/dict/wd_31036.html,7,S,0
contamination,33825,https://www.koolearn.com/dict/wd_33825.html,9,S,0
copy,34578,https://www.koolearn.com/dict/wd_34578.html,11,S,0
correspondence,35018,https://www.koolearn.com/dict/wd_35018.html,9,S,0
corruption,35069,https://www.koolearn.com/dict/wd_35069.html,5,S,0
direct,43237,https://www.koolearn.com/dict/wd_43237.html,8,S,0
direction,43273,https://www.koolearn.com/dict/wd_43273.html,9,S,0
enquiry,50458,https://www.koolearn.com/dict/wd_50458.html,8,S,0
environmental,50873,https://www.koolearn.com/dict/wd_50873.html,7,S,0
ferry,55775,https://www.koolearn.com/dict/wd_55775.html,14,S,0
government,65171,https://www.koolearn.com/dict/wd_65171.html,11,S,0
hospitality,72152,https://www.koolearn.com/dict/wd_72152.html,8,S,0
indication,76646,https://www.koolearn.com/dict/wd_76646.html,5,S,0
invasion,79212,https://www.koolearn.com/dict/wd_79212.html,9,S,0
kitchen,83069,https://www.koolearn.com/dict/wd_83069.html,17,S,0
medical,92856,https://www.koolearn.com/dict/wd_92856.html,11,S,0
methodology,94047,https://www.koolearn.com/dict/wd_94047.html,10,S,0
module,96110,https://www.koolearn.com/dict/wd_96110.html,7,S,0
operation,104781,https://www.koolearn.com/dict/wd_104781.html,9,S,0
petrol,111420,https://www.koolearn.com/dict/wd_111420.html,14,S,0
physics,112233,https://www.koolearn.com/dict/wd_112233.html,15,S,0
poll,114775,https://www.koolearn.com/dict/wd_114775.html,15,S,0
premise,116740,https://www.koolearn.com/dict/wd_116740.html,5,S,0
profile,117987,https://www.koolearn.com/dict/wd_117987.html,7,S,0
prospectus,118585,https://www.koolearn.com/dict/wd_118585.html,16,S,0
radar,121286,https://www.koolearn.com/dict/wd_121286.html,12,S,0
reclaim,122973,https://www.koolearn.com/dict/wd_122973.html,5,S,0
relaxation,124468,https://www.koolearn.com/dict/wd_124468.html,8,S,0
relief,124534,https://www.koolearn.com/dict/wd_124534.html,7,S,0
remark,124646,https://www.koolearn.com/dict/wd_124646.html,7,S,0
scientific,131157,https://www.koolearn.com/dict/wd_131157.html,7,S,0
sheet,134431,https://www.koolearn.com/dict/wd_134431.html,13,S,0
sightseeing,135716,https://www.koolearn.com/dict/wd_135716.html,10,S,0
spider,140240,https://www.koolearn.com/dict/wd_140240.html,15,S,0
sting,142639,https://www.koolearn.com/dict/wd_142639.html,14,S,0
terminal,149342,https://www.koolearn.com/dict/wd_149342.html,6,S,0
tube,155550,https://www.koolearn.com/dict/wd_155550.html,12,S,0
visa,162270,https://www.koolearn.com/dict/wd_162270.html,15,S,0
vocabulary,162559,https://www.koolearn.com/dict/wd_162559.html,8,S,0
workforce,166654,https://www.koolearn.com/dict/wd_166654.html,10,S,0
youth,167836,https://www.koolearn.com/dict/wd_167836.html,10,S,0
attack,10881,https://www.koolearn.com/dict/wd_10881.html,7,S,1
committee,32008,https://www.koolearn.com/dict/wd_32008.html,6,S,2
control,34103,https://www.koolearn.com/dict/wd_34103.html,7,S,1
dizzy,44744,https://www.koolearn.com/dict/wd_44744.html,10,S,1
elastic,48579,https://www.koolearn.com/dict/wd_48579.html,6,S,1
fortune,59333,https://www.koolearn.com/dict/wd_59333.html,8,S,1
garbage,61756,https://www.koolearn.com/dict/wd_61756.html,13,S,1
harmful,68284,https://www.koolearn.com/dict/wd_68284.html,7,S,1
nourish,102109,https://www.koolearn.com/dict/wd_102109.html,6,S,1
order,105141,https://www.koolearn.com/dict/wd_105141.html,9,S,1
prone,118272,https://www.koolearn.com/dict/wd_118272.html,7,S,2
proof,118304,https://www.koolearn.com/dict/wd_118304.html,7,S,2
punctual,119668,https://www.koolearn.com/dict/wd_119668.html,6,S,1
roam,127505,https://www.koolearn.com/dict/wd_127505.html,7,S,1
rubbish,128580,https://www.koolearn.com/dict/wd_128580.html,11,S,2
scholar,131057,https://www.koolearn.com/dict/wd_131057.html,9,S,1
tenant,149059,https://www.koolearn.com/dict/wd_149059.html,10,S,1
vacation,160431,https://www.koolearn.com/dict/wd_160431.html,11,S,2
amount,5761,https://www.koolearn.com/dict/wd_5761.html,9,S,0
ape,7687,https://www.koolearn.com/dict/wd_7687.html,15,S,0
bill,17040,https://www.koolearn.com/dict/wd_17040.html,16,S,0
bother,19661,https://www.koolearn.com/dict/wd_19661.html,5,S,0
brake,20233,https://www.koolearn.com/dict/wd_20233.html,9,S,0
cabinet,23021,https://www.koolearn.com/dict/wd_23021.html,13,S,0
challenging,26866,https://www.koolearn.com/dict/wd_26866.html,10,S,0
channel,27013,https://www.koolearn.com/dict/wd_27013.html,8,S,0
chapter,27085,https://www.koolearn.com/dict/wd_27085.html,16,S,0
check,27410,https://www.koolearn.com/dict/wd_27410.html,14,S,0
cheese,27509,https://www.koolearn.com/dict/wd_27509.html,16,S,0
coastal,30519,https://www.koolearn.com/dict/wd_30519.html,11,S,0
culture,37535,https://www.koolearn.com/dict/wd_37535.html,9,S,0
curtain,37860,https://www.koolearn.com/dict/wd_37860.html,14,S,0
database,39003,https://www.koolearn.com/dict/wd_39003.html,10,S,0
disabled,43357,https://www.koolearn.com/dict/wd_43357.html,11,S,0
district,44480,https://www.koolearn.com/dict/wd_44480.html,6,S,0
dome,45211,https://www.koolearn.com/dict/wd_45211.html,13,S,0
drug,46636,https://www.koolearn.com/dict/wd_46636.html,11,S,0
employ,49572,https://www.koolearn.com/dict/wd_49572.html,6,S,0
fare,54812,https://www.koolearn.com/dict/wd_54812.html,15,S,0
fashionable,54949,https://www.koolearn.com/dict/wd_54949.html,8,S,0
field,56109,https://www.koolearn.com/dict/wd_56109.html,8,S,0
fountain,59472,https://www.koolearn.com/dict/wd_59472.html,7,S,0
fur,60955,https://www.koolearn.com/dict/wd_60955.html,13,S,0
geographical,62657,https://www.koolearn.com/dict/wd_62657.html,10,S,0
global warming,63924,https://www.koolearn.com/dict/wd_63924.html,5,S,0
helmet,69653,https://www.koolearn.com/dict/wd_69653.html,14,S,0
industrial,76881,https://www.koolearn.com/dict/wd_76881.html,8,S,0
journalism,81293,https://www.koolearn.com/dict/wd_81293.html,9,S,0
lead,85294,https://www.koolearn.com/dict/wd_85294.html,6,S,0
liberty,86499,https://www.koolearn.com/dict/wd_86499.html,5,S,0
library,86517,https://www.koolearn.com/dict/wd_86517.html,14,S,0
license,86541,https://www.koolearn.com/dict/wd_86541.html,5,S,0
local,87941,https://www.koolearn.com/dict/wd_87941.html,9,S,0
loss,88747,https://www.koolearn.com/dict/wd_88747.html,8,S,0
management,91027,https://www.koolearn.com/dict/wd_91027.html,14,S,0
medicine,92897,https://www.koolearn.com/dict/wd_92897.html,14,S,0
membership,93275,https://www.koolearn.com/dict/wd_93275.html,12,S,0
mission,95643,https://www.koolearn.com/dict/wd_95643.html,5,S,0
mosquito,97199,https://www.koolearn.com/dict/wd_97199.html,14,S,0
network,100122,https://www.koolearn.com/dict/wd_100122.html,7,S,0
painting,107718,https://www.koolearn.com/dict/wd_107718.html,11,S,0
parcel,108641,https://www.koolearn.com/dict/wd_108641.html,13,S,0
picnic,112443,https://www.koolearn.com/dict/wd_112443.html,15,S,0
plough,114105,https://www.koolearn.com/dict/wd_114105.html,13,S,0
production,117908,https://www.koolearn.com/dict/wd_117908.html,10,S,0
receptionist,122882,https://www.koolearn.com/dict/wd_122882.html,16,S,0
reform,123839,https://www.koolearn.com/dict/wd_123839.html,8,S,0
result,125893,https://www.koolearn.com/dict/wd_125893.html,10,S,0
roof,127939,https://www.koolearn.com/dict/wd_127939.html,9,S,0
segment,132483,https://www.koolearn.com/dict/wd_132483.html,5,S,0
shark,134255,https://www.koolearn.com/dict/wd_134255.html,12,S,0
slave,137005,https://www.koolearn.com/dict/wd_137005.html,11,S,0
smooth,137779,https://www.koolearn.com/dict/wd_137779.html,7,S,0
squash,141130,https://www.koolearn.com/dict/wd_141130.html,10,S,0
strip,143548,https://www.koolearn.com/dict/wd_143548.html,6,S,0
stylish,143913,https://www.koolearn.com/dict/wd_143913.html,5,S,0
temple,148988,https://www.koolearn.com/dict/wd_148988.html,12,S,0
tennis,149145,https://www.koolearn.com/dict/wd_149145.html,15,S,0
terrestrial,149431,https://www.koolearn.com/dict/wd_149431.html,5,S,0
title,151821,https://www.koolearn.com/dict/wd_151821.html,11,S,0
tone,152706,https://www.koolearn.com/dict/wd_152706.html,10,S,0
trade,153655,https://www.koolearn.com/dict/wd_153655.html,7,S,0
transportation,154191,https://www.koolearn.com/dict/wd_154191.html,9,S,0
volcano,162678,https://www.koolearn.com/dict/wd_162678.html,6,S,0
wage,163062,https://www.koolearn.com/dict/wd_163062.html,6,S,0
weed,164324,https://www.koolearn.com/dict/wd_164324.html,12,S,0
counsel,35464,https://www.koolearn.com/dict/wd_35464.html,5,S,1
perfume,110763,https://www.koolearn.com/dict/wd_110763.html,12,S,1
sight,135697,https://www.koolearn.com/dict/wd_135697.html,9,S,1
support,145495,https://www.koolearn.com/dict/wd_145495.html,9,S,1
verdict,161402,https://www.koolearn.com/dict/wd_161402.html,7,S,3
advertisement,2757,https://www.koolearn.com/dict/wd_2757.html,9,S,0
advertising,2762,https://www.koolearn.com/dict/wd_2762.html,9,S,0
allocation,4875,https://www.koolearn.com/dict/wd_4875.html,6,S,0
ambulance,5461,https://www.koolearn.com/dict/wd_5461.html,13,S,0
apartment,7669,https://www.koolearn.com/dict/wd_7669.html,10,S,0
area,8710,https://www.koolearn.com/dict/wd_8710.html,9,S,0
cabin,23012,https://www.koolearn.com/dict/wd_23012.html,12,S,0
camera,23756,https://www.koolearn.com/dict/wd_23756.html,15,S,0
carbon dioxide,24569,https://www.koolearn.com/dict/wd_24569.html,13,S,0
cashier,25307,https://www.koolearn.com/dict/wd_25307.html,17,S,0
cassette,25347,https://www.koolearn.com/dict/wd_25347.html,16,S,0
central,26346,https://www.koolearn.com/dict/wd_26346.html,11,S,0
commuter,32165,https://www.koolearn.com/dict/wd_32165.html,14,S,0
corporation,34931,https://www.koolearn.com/dict/wd_34931.html,7,S,0
depth,41336,https://www.koolearn.com/dict/wd_41336.html,10,S,0
dinosaur,43071,https://www.koolearn.com/dict/wd_43071.html,13,S,0
dock,44922,https://www.koolearn.com/dict/wd_44922.html,9,S,0
donation,45319,https://www.koolearn.com/dict/wd_45319.html,11,S,0
editor,48152,https://www.koolearn.com/dict/wd_48152.html,11,S,0
educational,48191,https://www.koolearn.com/dict/wd_48191.html,7,S,0
elbow,48611,https://www.koolearn.com/dict/wd_48611.html,12,S,0
explanation,53448,https://www.koolearn.com/dict/wd_53448.html,10,S,0
familiar,54589,https://www.koolearn.com/dict/wd_54589.html,7,S,0
fleet,57550,https://www.koolearn.com/dict/wd_57550.html,5,S,0
frequent,60013,https://www.koolearn.com/dict/wd_60013.html,8,S,0
golf,64756,https://www.koolearn.com/dict/wd_64756.html,15,S,0
grade,65286,https://www.koolearn.com/dict/wd_65286.html,9,S,0
graduate,65307,https://www.koolearn.com/dict/wd_65307.html,10,S,0
grill,66029,https://www.koolearn.com/dict/wd_66029.html,12,S,0
hall,67535,https://www.koolearn.com/dict/wd_67535.html,9,S,0
hazardous,68923,https://www.koolearn.com/dict/wd_68923.html,7,S,0
hint,70818,https://www.koolearn.com/dict/wd_70818.html,6,S,0
historian,70955,https://www.koolearn.com/dict/wd_70955.html,6,S,0
imitation,74469,https://www.koolearn.com/dict/wd_74469.html,5,S,0
iron,79592,https://www.koolearn.com/dict/wd_79592.html,11,S,0
irregular,79676,https://www.koolearn.com/dict/wd_79676.html,7,S,0
jaw,80551,https://www.koolearn.com/dict/wd_80551.html,14,S,0
judge,81399,https://www.koolearn.com/dict/wd_81399.html,7,S,0
judo,81437,https://www.koolearn.com/dict/wd_81437.html,17,S,0
junction,81586,https://www.koolearn.com/dict/wd_81586.html,12,S,0
lane,84447,https://www.koolearn.com/dict/wd_84447.html,11,S,0
magazine,90009,https://www.koolearn.com/dict/wd_90009.html,17,S,0
marketing,91718,https://www.koolearn.com/dict/wd_91718.html,13,S,0
metal,93869,https://www.koolearn.com/dict/wd_93869.html,8,S,0
nature,99370,https://www.koolearn.com/dict/wd_99370.html,8,S,0
period,110844,https://www.koolearn.com/dict/wd_110844.html,9,S,0
plant,113529,https://www.koolearn.com/dict/wd_113529.html,14,S,0
pop,115232,https://www.koolearn.com/dict/wd_115232.html,10,S,0
president,117008,https://www.koolearn.com/dict/wd_117008.html,13,S,0
product,117899,https://www.koolearn.com/dict/wd_117899.html,10,S,0
professor,117964,https://www.koolearn.com/dict/wd_117964.html,11,S,0
radius,121437,https://www.koolearn.com/dict/wd_121437.html,8,S,0
referee,123706,https://www.koolearn.com/dict/wd_123706.html,13,S,0
registration,124074,https://www.koolearn.com/dict/wd_124074.html,11,S,0
retirement,126078,https://www.koolearn.com/dict/wd_126078.html,8,S,0
revision,126434,https://www.koolearn.com/dict/wd_126434.html,9,S,0
royal,128477,https://www.koolearn.com/dict/wd_128477.html,12,S,0
science,131148,https://www.koolearn.com/dict/wd_131148.html,13,S,0
screen,131544,https://www.koolearn.com/dict/wd_131544.html,9,S,0
service,133583,https://www.koolearn.com/dict/wd_133583.html,14,S,0
shower,135206,https://www.koolearn.com/dict/wd_135206.html,11,S,0
sort,139286,https://www.koolearn.com/dict/wd_139286.html,5,S,0
square,141095,https://www.koolearn.com/dict/wd_141095.html,10,S,0
subjective,144155,https://www.koolearn.com/dict/wd_144155.html,7,S,0
tax,148246,https://www.koolearn.com/dict/wd_148246.html,12,S,0
telescope,148833,https://www.koolearn.com/dict/wd_148833.html,11,S,0
temper,148956,https://www.koolearn.com/dict/wd_148956.html,7,S,0
type,156384,https://www.koolearn.com/dict/wd_156384.html,11,S,0
underground,157575,https://www.koolearn.com/dict/wd_157575.html,13,S,0
vaccine,160445,https://www.koolearn.com/dict/wd_160445.html,9,S,0
voyage,162878,https://www.koolearn.com/dict/wd_162878.html,6,S,0
wheel,164882,https://www.koolearn.com/dict/wd_164882.html,11,S,0
dependent,41188,https://www.koolearn.com/dict/wd_41188.html,6,S,1
unanimous,156907,https://www.koolearn.com/dict/wd_156907.html,8,S,2
approval,8225,https://www.koolearn.com/dict/wd_8225.html,8,S,1
common,32036,https://www.koolearn.com/dict/wd_32036.html,9,S,1
draw,46130,https://www.koolearn.com/dict/wd_46130.html,10,S,1
hatch,68492,https://www.koolearn.com/dict/wd_68492.html,5,S,2
inadequate,75999,https://www.koolearn.com/dict/wd_75999.html,7,S,1
laundry,85021,https://www.koolearn.com/dict/wd_85021.html,8,S,1
recover,123176,https://www.koolearn.com/dict/wd_123176.html,5,S,1
reservoir,125533,https://www.koolearn.com/dict/wd_125533.html,8,S,2
training,153829,https://www.koolearn.com/dict/wd_153829.html,12,S,1
utility,160334,https://www.koolearn.com/dict/wd_160334.html,5,S,1
arthritis,9287,https://www.koolearn.com/dict/wd_9287.html,6,S,0
aspirin,9921,https://www.koolearn.com/dict/wd_9921.html,15,S,0
assistance,10086,https://www.koolearn.com/dict/wd_10086.html,5,S,0
atmospheric,10740,https://www.koolearn.com/dict/wd_10740.html,12,S,0
calorie,23628,https://www.koolearn.com/dict/wd_23628.html,6,S,0
capsule,24426,https://www.koolearn.com/dict/wd_24426.html,13,S,0
cereal,26520,https://www.koolearn.com/dict/wd_26520.html,7,S,0
chemistry,27597,https://www.koolearn.com/dict/wd_27597.html,13,S,0
chest,27695,https://www.koolearn.com/dict/wd_27695.html,13,S,0
chimpanzee,28004,https://www.koolearn.com/dict/wd_28004.html,12,S,0
classification,29543,https://www.koolearn.com/dict/wd_29543.html,8,S,0
club,30258,https://www.koolearn.com/dict/wd_30258.html,18,S,0
comfortable,31809,https://www.koolearn.com/dict/wd_31809.html,12,S,0
compass,32253,https://www.koolearn.com/dict/wd_32253.html,6,S,0
computer,32575,https://www.koolearn.com/dict/wd_32575.html,10,S,0
cycling,38221,https://www.koolearn.com/dict/wd_38221.html,15,S,0
definition,40229,https://www.koolearn.com/dict/wd_40229.html,5,S,0
delight,40571,https://www.koolearn.com/dict/wd_40571.html,5,S,0
dessert,41749,https://www.koolearn.com/dict/wd_41749.html,11,S,0
division,44684,https://www.koolearn.com/dict/wd_44684.html,6,S,0
documentation,44977,https://www.koolearn.com/dict/wd_44977.html,6,S,0
endangered,49949,https://www.koolearn.com/dict/wd_49949.html,5,S,0
fan,54644,https://www.koolearn.com/dict/wd_54644.html,8,S,0
fashion,54940,https://www.koolearn.com/dict/wd_54940.html,8,S,0
festival,55835,https://www.koolearn.com/dict/wd_55835.html,10,S,0
film,56367,https://www.koolearn.com/dict/wd_56367.html,12,S,0
flu,58010,https://www.koolearn.com/dict/wd_58010.html,13,S,0
former,59222,https://www.koolearn.com/dict/wd_59222.html,9,S,0
grateful,65607,https://www.koolearn.com/dict/wd_65607.html,5,S,0
growth,66384,https://www.koolearn.com/dict/wd_66384.html,9,S,0
inland,77609,https://www.koolearn.com/dict/wd_77609.html,12,S,0
kidney,82748,https://www.koolearn.com/dict/wd_82748.html,6,S,0
knowledge,83393,https://www.koolearn.com/dict/wd_83393.html,9,S,0
laser,84731,https://www.koolearn.com/dict/wd_84731.html,9,S,0
leather,85518,https://www.koolearn.com/dict/wd_85518.html,12,S,0
level,86281,https://www.koolearn.com/dict/wd_86281.html,7,S,0
motel,97241,https://www.koolearn.com/dict/wd_97241.html,15,S,0
opinion,104840,https://www.koolearn.com/dict/wd_104840.html,5,S,0
organization,105240,https://www.koolearn.com/dict/wd_105240.html,10,S,0
palace,107758,https://www.koolearn.com/dict/wd_107758.html,14,S,0
payment,109685,https://www.koolearn.com/dict/wd_109685.html,11,S,0
photocopy,111971,https://www.koolearn.com/dict/wd_111971.html,11,S,0
photograph,111998,https://www.koolearn.com/dict/wd_111998.html,8,S,0
photography,112007,https://www.koolearn.com/dict/wd_112007.html,5,S,0
presumably,117125,https://www.koolearn.com/dict/wd_117125.html,6,S,0
pure,119813,https://www.koolearn.com/dict/wd_119813.html,8,S,0
quarter,120674,https://www.koolearn.com/dict/wd_120674.html,12,S,0
resume,125902,https://www.koolearn.com/dict/wd_125902.html,9,S,0
retire,126074,https://www.koolearn.com/dict/wd_126074.html,6,S,0
robot,127573,https://www.koolearn.com/dict/wd_127573.html,7,S,0
rock,127603,https://www.koolearn.com/dict/wd_127603.html,11,S,0
sack,129231,https://www.koolearn.com/dict/wd_129231.html,9,S,0
slang,136937,https://www.koolearn.com/dict/wd_136937.html,13,S,0
software,138649,https://www.koolearn.com/dict/wd_138649.html,10,S,0
soil,138667,https://www.koolearn.com/dict/wd_138667.html,14,S,0
solve,138921,https://www.koolearn.com/dict/wd_138921.html,5,S,0
station,141935,https://www.koolearn.com/dict/wd_141935.html,7,S,0
stout,143057,https://www.koolearn.com/dict/wd_143057.html,12,S,0
subtitle,144491,https://www.koolearn.com/dict/wd_144491.html,12,S,0
surgery,145672,https://www.koolearn.com/dict/wd_145672.html,6,S,0
surrounding,145758,https://www.koolearn.com/dict/wd_145758.html,7,S,0
syllabus,146451,https://www.koolearn.com/dict/wd_146451.html,7,S,0
technician,148545,https://www.koolearn.com/dict/wd_148545.html,7,S,0
teenager,148626,https://www.koolearn.com/dict/wd_148626.html,9,S,0
textbook,149694,https://www.koolearn.com/dict/wd_149694.html,13,S,0
travel,154299,https://www.koolearn.com/dict/wd_154299.html,10,S,0
university,158451,https://www.koolearn.com/dict/wd_158451.html,10,S,0
unusual,159498,https://www.koolearn.com/dict/wd_159498.html,6,S,0
vessel,161624,https://www.koolearn.com/dict/wd_161624.html,5,S,0
worm,166758,https://www.koolearn.com/dict/wd_166758.html,11,S,0
concession,32774,https://www.koolearn.com/dict/wd_32774.html,8,S,1
coral,34641,https://www.koolearn.com/dict/wd_34641.html,8,S,2
delegate,40520,https://www.koolearn.com/dict/wd_40520.html,12,S,2
mansion,91334,https://www.koolearn.com/dict/wd_91334.html,5,S,1
martial,91895,https://www.koolearn.com/dict/wd_91895.html,8,S,3
noisy,101171,https://www.koolearn.com/dict/wd_101171.html,9,S,1
petroleum,111425,https://www.koolearn.com/dict/wd_111425.html,8,S,2
tool,152820,https://www.koolearn.com/dict/wd_152820.html,12,S,1
weather,164194,https://www.koolearn.com/dict/wd_164194.html,11,S,2
basin,13786,https://www.koolearn.com/dict/wd_13786.html,5,S,0
bathroom,13960,https://www.koolearn.com/dict/wd_13960.html,13,S,0
behavior,15706,https://www.koolearn.com/dict/wd_15706.html,7,S,0
bulb,21862,https://www.koolearn.com/dict/wd_21862.html,7,S,0
business,22469,https://www.koolearn.com/dict/wd_22469.html,13,S,0
change,26977,https://www.koolearn.com/dict/wd_26977.html,5,S,0
cholesterol,28382,https://www.koolearn.com/dict/wd_28382.html,7,S,0
cinema,28977,https://www.koolearn.com/dict/wd_28977.html,14,S,0
dam,38653,https://www.koolearn.com/dict/wd_38653.html,11,S,0
describe,41529,https://www.koolearn.com/dict/wd_41529.html,5,S,0
designer,41622,https://www.koolearn.com/dict/wd_41622.html,10,S,0
discussion,43716,https://www.koolearn.com/dict/wd_43716.html,12,S,0
distance,44358,https://www.koolearn.com/dict/wd_44358.html,10,S,0
divorce,44699,https://www.koolearn.com/dict/wd_44699.html,11,S,0
donkey,45350,https://www.koolearn.com/dict/wd_45350.html,12,S,0
dust,47217,https://www.koolearn.com/dict/wd_47217.html,11,S,0
effectively,48268,https://www.koolearn.com/dict/wd_48268.html,7,S,0
embed,49224,https://www.koolearn.com/dict/wd_49224.html,6,S,0
experimental,53398,https://www.koolearn.com/dict/wd_53398.html,7,S,0
factual,54218,https://www.koolearn.com/dict/wd_54218.html,5,S,0
feed,55374,https://www.koolearn.com/dict/wd_55374.html,8,S,0
fortnight,59319,https://www.koolearn.com/dict/wd_59319.html,12,S,0
furnace,61007,https://www.koolearn.com/dict/wd_61007.html,6,S,0
galaxy,61382,https://www.koolearn.com/dict/wd_61382.html,7,S,0
grammar,65374,https://www.koolearn.com/dict/wd_65374.html,9,S,0
height,69491,https://www.koolearn.com/dict/wd_69491.html,8,S,0
homestay,71569,https://www.koolearn.com/dict/wd_71569.html,10,S,0
housing,72407,https://www.koolearn.com/dict/wd_72407.html,10,S,0
hurricane,72896,https://www.koolearn.com/dict/wd_72896.html,5,S,0
jam,80388,https://www.koolearn.com/dict/wd_80388.html,12,S,0
male,90759,https://www.koolearn.com/dict/wd_90759.html,12,S,0
metabolism,93840,https://www.koolearn.com/dict/wd_93840.html,8,S,0
mine,94940,https://www.koolearn.com/dict/wd_94940.html,13,S,0
musical,98340,https://www.koolearn.com/dict/wd_98340.html,6,S,0
newsletter,100409,https://www.koolearn.com/dict/wd_100409.html,13,S,0
newspaper,100414,https://www.koolearn.com/dict/wd_100414.html,14,S,0
note,102021,https://www.koolearn.com/dict/wd_102021.html,7,S,0
online,104491,https://www.koolearn.com/dict/wd_104491.html,9,S,0
opposite,104886,https://www.koolearn.com/dict/wd_104886.html,5,S,0
overhead,106792,https://www.koolearn.com/dict/wd_106792.html,13,S,0
ownership,107278,https://www.koolearn.com/dict/wd_107278.html,5,S,0
parental,108692,https://www.koolearn.com/dict/wd_108692.html,8,S,0
parliament,108807,https://www.koolearn.com/dict/wd_108807.html,6,S,0
physiology,112252,https://www.koolearn.com/dict/wd_112252.html,10,S,0
pianist,112309,https://www.koolearn.com/dict/wd_112309.html,13,S,0
plate,113636,https://www.koolearn.com/dict/wd_113636.html,11,S,0
post,115575,https://www.koolearn.com/dict/wd_115575.html,9,S,0
poultry,115940,https://www.koolearn.com/dict/wd_115940.html,10,S,0
quiz,121084,https://www.koolearn.com/dict/wd_121084.html,7,S,0
rapid,121942,https://www.koolearn.com/dict/wd_121942.html,6,S,0
regional,124046,https://www.koolearn.com/dict/wd_124046.html,9,S,0
renewal,124877,https://www.koolearn.com/dict/wd_124877.html,9,S,0
serial,133444,https://www.koolearn.com/dict/wd_133444.html,8,S,0
settlement,133794,https://www.koolearn.com/dict/wd_133794.html,7,S,0
snap,137907,https://www.koolearn.com/dict/wd_137907.html,5,S,0
space,139563,https://www.koolearn.com/dict/wd_139563.html,8,S,0
special,139858,https://www.koolearn.com/dict/wd_139858.html,11,S,0
sphere,140167,https://www.koolearn.com/dict/wd_140167.html,5,S,0
state,141866,https://www.koolearn.com/dict/wd_141866.html,8,S,0
steak,142075,https://www.koolearn.com/dict/wd_142075.html,12,S,0
stimulation,142631,https://www.koolearn.com/dict/wd_142631.html,6,S,0
stitch,142714,https://www.koolearn.com/dict/wd_142714.html,11,S,0
stressful,143403,https://www.koolearn.com/dict/wd_143403.html,7,S,0
style,143901,https://www.koolearn.com/dict/wd_143901.html,7,S,0
tile,151380,https://www.koolearn.com/dict/wd_151380.html,12,S,0
trail,153796,https://www.koolearn.com/dict/wd_153796.html,7,S,0
union,158352,https://www.koolearn.com/dict/wd_158352.html,9,S,0
weakness,164126,https://www.koolearn.com/dict/wd_164126.html,5,S,0
workload,166680,https://www.koolearn.com/dict/wd_166680.html,11,S,0
beat,15203,https://www.koolearn.com/dict/wd_15203.html,8,S,2
cab,22974,https://www.koolearn.com/dict/wd_22974.html,16,S,1
foyer,59553,https://www.koolearn.com/dict/wd_59553.html,15,S,3
fracture,59587,https://www.koolearn.com/dict/wd_59587.html,6,S,2
harvest,68409,https://www.koolearn.com/dict/wd_68409.html,8,S,1
kit,83066,https://www.koolearn.com/dict/wd_83066.html,7,S,2
modern,96048,https://www.koolearn.com/dict/wd_96048.html,9,S,1
morale,96915,https://www.koolearn.com/dict/wd_96915.html,6,S,2
receipt,122845,https://www.koolearn.com/dict/wd_122845.html,6,S,1
sanctuary,129923,https://www.koolearn.com/dict/wd_129923.html,10,S,2
sanitary,130047,https://www.koolearn.com/dict/wd_130047.html,7,S,2
slim,137221,https://www.koolearn.com/dict/wd_137221.html,11,S,1
splash,140491,https://www.koolearn.com/dict/wd_140491.html,5,S,1
video,161876,https://www.koolearn.com/dict/wd_161876.html,10,S,3
activity,1971,https://www.koolearn.com/dict/wd_1971.html,12,S,0
acupuncture,2029,https://www.koolearn.com/dict/wd_2029.html,9,S,0
addition,2169,https://www.koolearn.com/dict/wd_2169.html,5,S,0
analytical,6081,https://www.koolearn.com/dict/wd_6081.html,7,S,0
art,9233,https://www.koolearn.com/dict/wd_9233.html,8,S,0
asthma,10234,https://www.koolearn.com/dict/wd_10234.html,8,S,0
audio,11105,https://www.koolearn.com/dict/wd_11105.html,8,S,0
avenue,11680,https://www.koolearn.com/dict/wd_11680.html,11,S,0
bloom,18370,https://www.koolearn.com/dict/wd_18370.html,6,S,0
board,18684,https://www.koolearn.com/dict/wd_18684.html,9,S,0
bucket,21644,https://www.koolearn.com/dict/wd_21644.html,5,S,0
bungalow,22094,https://www.koolearn.com/dict/wd_22094.html,9,S,0
butterfly,22628,https://www.koolearn.com/dict/wd_22628.html,12,S,0
celebration,26145,https://www.koolearn.com/dict/wd_26145.html,5,S,0
contaminant,33820,https://www.koolearn.com/dict/wd_33820.html,11,S,0
cupboard,37627,https://www.koolearn.com/dict/wd_37627.html,13,S,0
development,42020,https://www.koolearn.com/dict/wd_42020.html,5,S,0
duty,47266,https://www.koolearn.com/dict/wd_47266.html,10,S,0
dwelling,47314,https://www.koolearn.com/dict/wd_47314.html,6,S,0
existing,53185,https://www.koolearn.com/dict/wd_53185.html,7,S,0
fake,54399,https://www.koolearn.com/dict/wd_54399.html,6,S,0
fault,55111,https://www.koolearn.com/dict/wd_55111.html,5,S,0
fridge,60111,https://www.koolearn.com/dict/wd_60111.html,10,S,0
garden,61784,https://www.koolearn.com/dict/wd_61784.html,12,S,0
genetics,62511,https://www.koolearn.com/dict/wd_62511.html,8,S,0
geology,62671,https://www.koolearn.com/dict/wd_62671.html,12,S,0
glacier,63651,https://www.koolearn.com/dict/wd_63651.html,5,S,0
habit,67109,https://www.koolearn.com/dict/wd_67109.html,8,S,0
hiking,70714,https://www.koolearn.com/dict/wd_70714.html,14,S,0
holiday,71355,https://www.koolearn.com/dict/wd_71355.html,14,S,0
injure,77568,https://www.koolearn.com/dict/wd_77568.html,5,S,0
insulation,78142,https://www.koolearn.com/dict/wd_78142.html,10,S,0
introduction,79089,https://www.koolearn.com/dict/wd_79089.html,11,S,0
jacket,80260,https://www.koolearn.com/dict/wd_80260.html,12,S,0
lamp,84276,https://www.koolearn.com/dict/wd_84276.html,13,S,0
language,84467,https://www.koolearn.com/dict/wd_84467.html,10,S,0
life expectancy,86662,https://www.koolearn.com/dict/wd_86662.html,7,S,0
manager,91047,https://www.koolearn.com/dict/wd_91047.html,12,S,0
maturity,92370,https://www.koolearn.com/dict/wd_92370.html,12,S,0
microscope,94396,https://www.koolearn.com/dict/wd_94396.html,8,S,0
nest,100047,https://www.koolearn.com/dict/wd_100047.html,8,S,0
passport,109206,https://www.koolearn.com/dict/wd_109206.html,11,S,0
pirate,113103,https://www.koolearn.com/dict/wd_113103.html,6,S,0
political,114738,https://www.koolearn.com/dict/wd_114738.html,7,S,0
politics,114766,https://www.koolearn.com/dict/wd_114766.html,12,S,0
port,115397,https://www.koolearn.com/dict/wd_115397.html,9,S,0
power,116015,https://www.koolearn.com/dict/wd_116015.html,8,S,0
precision,116405,https://www.koolearn.com/dict/wd_116405.html,9,S,0
rapidly,121952,https://www.koolearn.com/dict/wd_121952.html,6,S,0
rat,122054,https://www.koolearn.com/dict/wd_122054.html,11,S,0
reason,122664,https://www.koolearn.com/dict/wd_122664.html,6,S,0
refectory,123692,https://www.koolearn.com/dict/wd_123692.html,12,S,0
rental,124928,https://www.koolearn.com/dict/wd_124928.html,10,S,0
robbery,127549,https://www.koolearn.com/dict/wd_127549.html,9,S,0
skin,136689,https://www.koolearn.com/dict/wd_136689.html,14,S,0
slip,137263,https://www.koolearn.com/dict/wd_137263.html,11,S,0
smell,137656,https://www.koolearn.com/dict/wd_137656.html,9,S,0
steel,142148,https://www.koolearn.com/dict/wd_142148.html,7,S,0
stick,142487,https://www.koolearn.com/dict/wd_142487.html,9,S,0
suggestion,144777,https://www.koolearn.com/dict/wd_144777.html,8,S,0
tape,147900,https://www.koolearn.com/dict/wd_147900.html,10,S,0
tram,153871,https://www.koolearn.com/dict/wd_153871.html,11,S,0
vitality,162397,https://www.koolearn.com/dict/wd_162397.html,5,S,0
vocational,162583,https://www.koolearn.com/dict/wd_162583.html,9,S,0
waitress,163186,https://www.koolearn.com/dict/wd_163186.html,14,S,0
waterproof,163923,https://www.koolearn.com/dict/wd_163923.html,7,S,0
wealth,164131,https://www.koolearn.com/dict/wd_164131.html,6,S,0
weapon,164143,https://www.koolearn.com/dict/wd_164143.html,7,S,0
website,164277,https://www.koolearn.com/dict/wd_164277.html,13,S,0
intensify,78298,https://www.koolearn.com/dict/wd_78298.html,5,S,1
age,3323,https://www.koolearn.com/dict/wd_3323.html,8,S,2
ample,5831,https://www.koolearn.com/dict/wd_5831.html,5,S,1
beverage,16577,https://www.koolearn.com/dict/wd_16577.html,7,S,1
burglar,22217,https://www.koolearn.com/dict/wd_22217.html,10,S,1
dairy,38592,https://www.koolearn.com/dict/wd_38592.html,10,S,2
detach,41809,https://www.koolearn.com/dict/wd_41809.html,5,S,1
excavation,52768,https://www.koolearn.com/dict/wd_52768.html,6,S,2
feast,55260,https://www.koolearn.com/dict/wd_55260.html,8,S,1
humid,72718,https://www.koolearn.com/dict/wd_72718.html,9,S,2
mentor,93482,https://www.koolearn.com/dict/wd_93482.html,7,S,3
sheer,134423,https://www.koolearn.com/dict/wd_134423.html,6,S,2
swamp,145962,https://www.koolearn.com/dict/wd_145962.html,5,S,1
accountable,1332,https://www.koolearn.com/dict/wd_1332.html,8,S,0
agreement,3593,https://www.koolearn.com/dict/wd_3593.html,6,S,0
aim,3742,https://www.koolearn.com/dict/wd_3742.html,11,S,0
aquarium,8320,https://www.koolearn.com/dict/wd_8320.html,13,S,0
attention,10942,https://www.koolearn.com/dict/wd_10942.html,7,S,0
balloon,12889,https://www.koolearn.com/dict/wd_12889.html,13,S,0
basis,13798,https://www.koolearn.com/dict/wd_13798.html,9,S,0
blade,17841,https://www.koolearn.com/dict/wd_17841.html,6,S,0
bone,19192,https://www.koolearn.com/dict/wd_19192.html,11,S,0
camp,23798,https://www.koolearn.com/dict/wd_23798.html,14,S,0
century,26446,https://www.koolearn.com/dict/wd_26446.html,10,S,0
clarity,29491,https://www.koolearn.com/dict/wd_29491.html,8,S,0
college,31271,https://www.koolearn.com/dict/wd_31271.html,13,S,0
composition,32473,https://www.koolearn.com/dict/wd_32473.html,7,S,0
condition,32917,https://www.koolearn.com/dict/wd_32917.html,8,S,0
cotton,35354,https://www.koolearn.com/dict/wd_35354.html,12,S,0
cough,35423,https://www.koolearn.com/dict/wd_35423.html,14,S,0
cushion,37922,https://www.koolearn.com/dict/wd_37922.html,9,S,0
dangerous,38790,https://www.koolearn.com/dict/wd_38790.html,9,S,0
detailed,41822,https://www.koolearn.com/dict/wd_41822.html,5,S,0
dictation,42552,https://www.koolearn.com/dict/wd_42552.html,11,S,0
dormitory,45495,https://www.koolearn.com/dict/wd_45495.html,7,S,0
drum,46670,https://www.koolearn.com/dict/wd_46670.html,11,S,0
enroll,50486,https://www.koolearn.com/dict/wd_50486.html,8,S,0
eradicate,51391,https://www.koolearn.com/dict/wd_51391.html,7,S,0
failure,54308,https://www.koolearn.com/dict/wd_54308.html,10,S,0
favourite,55190,https://www.koolearn.com/dict/wd_55190.html,9,S,0
flooding,57832,https://www.koolearn.com/dict/wd_57832.html,8,S,0
forestry,59074,https://www.koolearn.com/dict/wd_59074.html,11,S,0
health,69114,https://www.koolearn.com/dict/wd_69114.html,8,S,0
hospital,72147,https://www.koolearn.com/dict/wd_72147.html,12,S,0
in advance,75217,https://www.koolearn.com/dict/wd_75217.html,10,S,0
jogging,81102,https://www.koolearn.com/dict/wd_81102.html,7,S,0
koala,83430,https://www.koolearn.com/dict/wd_83430.html,14,S,0
lid,86590,https://www.koolearn.com/dict/wd_86590.html,10,S,0
linen,87203,https://www.koolearn.com/dict/wd_87203.html,5,S,0
mass media,92032,https://www.koolearn.com/dict/wd_92032.html,9,S,0
mat,92175,https://www.koolearn.com/dict/wd_92175.html,14,S,0
meteorology,93999,https://www.koolearn.com/dict/wd_93999.html,6,S,0
musician,98355,https://www.koolearn.com/dict/wd_98355.html,8,S,0
navigation,99448,https://www.koolearn.com/dict/wd_99448.html,6,S,0
notice,102058,https://www.koolearn.com/dict/wd_102058.html,7,S,0
ocean,103048,https://www.koolearn.com/dict/wd_103048.html,10,S,0
overseas,106995,https://www.koolearn.com/dict/wd_106995.html,10,S,0
ozone layer,107415,https://www.koolearn.com/dict/wd_107415.html,8,S,0
paper,108279,https://www.koolearn.com/dict/wd_108279.html,13,S,0
parent,108687,https://www.koolearn.com/dict/wd_108687.html,8,S,0
pet,111335,https://www.koolearn.com/dict/wd_111335.html,12,S,0
piano,112311,https://www.koolearn.com/dict/wd_112311.html,13,S,0
popular,115289,https://www.koolearn.com/dict/wd_115289.html,6,S,0
pupil,119759,https://www.koolearn.com/dict/wd_119759.html,7,S,0
radiator,121327,https://www.koolearn.com/dict/wd_121327.html,15,S,0
radio,121352,https://www.koolearn.com/dict/wd_121352.html,9,S,0
rank,121874,https://www.koolearn.com/dict/wd_121874.html,6,S,0
record,123140,https://www.koolearn.com/dict/wd_123140.html,7,S,0
relation,124443,https://www.koolearn.com/dict/wd_124443.html,7,S,0
removal,124790,https://www.koolearn.com/dict/wd_124790.html,7,S,0
salad,129528,https://www.koolearn.com/dict/wd_129528.html,15,S,0
salt,129717,https://www.koolearn.com/dict/wd_129717.html,12,S,0
scar,130783,https://www.koolearn.com/dict/wd_130783.html,12,S,0
scientist,131167,https://www.koolearn.com/dict/wd_131167.html,11,S,0
season,132008,https://www.koolearn.com/dict/wd_132008.html,8,S,0
seasonal,132014,https://www.koolearn.com/dict/wd_132014.html,7,S,0
seed,132390,https://www.koolearn.com/dict/wd_132390.html,6,S,0
shelf,134458,https://www.koolearn.com/dict/wd_134458.html,11,S,0
study,143781,https://www.koolearn.com/dict/wd_143781.html,10,S,0
stunning,143843,https://www.koolearn.com/dict/wd_143843.html,7,S,0
symphony,146535,https://www.koolearn.com/dict/wd_146535.html,6,S,0
system,146783,https://www.koolearn.com/dict/wd_146783.html,11,S,0
test,149514,https://www.koolearn.com/dict/wd_149514.html,6,S,0
tip,151680,https://www.koolearn.com/dict/wd_151680.html,5,S,0
tongue,152738,https://www.koolearn.com/dict/wd_152738.html,5,S,0
topic,152968,https://www.koolearn.com/dict/wd_152968.html,6,S,0
village,162007,https://www.koolearn.com/dict/wd_162007.html,9,S,0
wax,164016,https://www.koolearn.com/dict/wd_164016.html,10,S,0
wind,165674,https://www.koolearn.com/dict/wd_165674.html,9,S,0
mild,94629,https://www.koolearn.com/dict/wd_94629.html,6,S,1
diagnosis,42272,https://www.koolearn.com/dict/wd_42272.html,5,S,2
gap,61730,https://www.koolearn.com/dict/wd_61730.html,8,S,1
slender,137140,https://www.koolearn.com/dict/wd_137140.html,6,S,1
stationery,141951,https://www.koolearn.com/dict/wd_141951.html,6,S,2
transcript,153976,https://www.koolearn.com/dict/wd_153976.html,5,S,2
width,165449,https://www.koolearn.com/dict/wd_165449.html,8,S,1
accident,1219,https://www.koolearn.com/dict/wd_1219.html,8,S,0
accounting,1340,https://www.koolearn.com/dict/wd_1340.html,7,S,0
animal,6636,https://www.koolearn.com/dict/wd_6636.html,9,S,0
arena,8734,https://www.koolearn.com/dict/wd_8734.html,5,S,0
back,12209,https://www.koolearn.com/dict/wd_12209.html,6,S,0
backpack,12370,https://www.koolearn.com/dict/wd_12370.html,11,S,0
bank,13110,https://www.koolearn.com/dict/wd_13110.html,11,S,0
bath,13930,https://www.koolearn.com/dict/wd_13930.html,9,S,0
bicycle,16799,https://www.koolearn.com/dict/wd_16799.html,9,S,0
book,19297,https://www.koolearn.com/dict/wd_19297.html,10,S,0
bridge,20838,https://www.koolearn.com/dict/wd_20838.html,8,S,0
canoe,24105,https://www.koolearn.com/dict/wd_24105.html,7,S,0
carpenter,24976,https://www.koolearn.com/dict/wd_24976.html,9,S,0
checklist,27446,https://www.koolearn.com/dict/wd_27446.html,13,S,0
chess,27689,https://www.koolearn.com/dict/wd_27689.html,7,S,0
chin,28006,https://www.koolearn.com/dict/wd_28006.html,11,S,0
citizen,29221,https://www.koolearn.com/dict/wd_29221.html,6,S,0
commentary,31917,https://www.koolearn.com/dict/wd_31917.html,5,S,0
company,32203,https://www.koolearn.com/dict/wd_32203.html,8,S,0
confirmation,33104,https://www.koolearn.com/dict/wd_33104.html,10,S,0
copper,34518,https://www.koolearn.com/dict/wd_34518.html,8,S,0
cosmetic,35179,https://www.koolearn.com/dict/wd_35179.html,7,S,0
cost,35234,https://www.koolearn.com/dict/wd_35234.html,9,S,0
credit card,36373,https://www.koolearn.com/dict/wd_36373.html,12,S,0
daily,38571,https://www.koolearn.com/dict/wd_38571.html,8,S,0
dietary,42653,https://www.koolearn.com/dict/wd_42653.html,5,S,0
dweller,47312,https://www.koolearn.com/dict/wd_47312.html,7,S,0
enjoyable,50353,https://www.koolearn.com/dict/wd_50353.html,5,S,0
event,52481,https://www.koolearn.com/dict/wd_52481.html,10,S,0
exercise,53064,https://www.koolearn.com/dict/wd_53064.html,9,S,0
eyesight,54009,https://www.koolearn.com/dict/wd_54009.html,10,S,0
factory,54207,https://www.koolearn.com/dict/wd_54207.html,12,S,0
glossary,64008,https://www.koolearn.com/dict/wd_64008.html,6,S,0
green,65823,https://www.koolearn.com/dict/wd_65823.html,8,S,0
guest,66589,https://www.koolearn.com/dict/wd_66589.html,11,S,0
headache,69005,https://www.koolearn.com/dict/wd_69005.html,12,S,0
healthy,69146,https://www.koolearn.com/dict/wd_69146.html,6,S,0
hotel,72250,https://www.koolearn.com/dict/wd_72250.html,12,S,0
hunt,72843,https://www.koolearn.com/dict/wd_72843.html,9,S,0
impossible,74983,https://www.koolearn.com/dict/wd_74983.html,8,S,0
improvement,75090,https://www.koolearn.com/dict/wd_75090.html,6,S,0
journey,81299,https://www.koolearn.com/dict/wd_81299.html,6,S,0
key,82545,https://www.koolearn.com/dict/wd_82545.html,6,S,0
lab,83732,https://www.koolearn.com/dict/wd_83732.html,11,S,0
landlord,84408,https://www.koolearn.com/dict/wd_84408.html,11,S,0
law,85093,https://www.koolearn.com/dict/wd_85093.html,10,S,0
line,87138,https://www.koolearn.com/dict/wd_87138.html,8,S,0
lock,88010,https://www.koolearn.com/dict/wd_88010.html,10,S,0
magic,90034,https://www.koolearn.com/dict/wd_90034.html,8,S,0
march,91517,https://www.koolearn.com/dict/wd_91517.html,6,S,0
market,91680,https://www.koolearn.com/dict/wd_91680.html,9,S,0
mask,91986,https://www.koolearn.com/dict/wd_91986.html,6,S,0
meat,92708,https://www.koolearn.com/dict/wd_92708.html,9,S,0
mill,94741,https://www.koolearn.com/dict/wd_94741.html,13,S,0
money,96415,https://www.koolearn.com/dict/wd_96415.html,7,S,0
nationality,99273,https://www.koolearn.com/dict/wd_99273.html,6,S,0
navigate,99444,https://www.koolearn.com/dict/wd_99444.html,5,S,0
noise,101157,https://www.koolearn.com/dict/wd_101157.html,11,S,0
occupant,103014,https://www.koolearn.com/dict/wd_103014.html,10,S,0
overdraft,106664,https://www.koolearn.com/dict/wd_106664.html,12,S,0
pack,107500,https://www.koolearn.com/dict/wd_107500.html,6,S,0
park,108765,https://www.koolearn.com/dict/wd_108765.html,11,S,0
partner,109024,https://www.koolearn.com/dict/wd_109024.html,7,S,0
percent,110611,https://www.koolearn.com/dict/wd_110611.html,9,S,0
plagiarism,113383,https://www.koolearn.com/dict/wd_113383.html,9,S,0
pneumonia,114363,https://www.koolearn.com/dict/wd_114363.html,8,S,0
point,114517,https://www.koolearn.com/dict/wd_114517.html,11,S,0
possibility,115569,https://www.koolearn.com/dict/wd_115569.html,5,S,0
question,120837,https://www.koolearn.com/dict/wd_120837.html,8,S,0
repeat,125034,https://www.koolearn.com/dict/wd_125034.html,5,S,0
restaurant,125804,https://www.koolearn.com/dict/wd_125804.html,10,S,0
rocket,127645,https://www.koolearn.com/dict/wd_127645.html,7,S,0
role,127765,https://www.koolearn.com/dict/wd_127765.html,6,S,0
sail,129460,https://www.koolearn.com/dict/wd_129460.html,6,S,0
sailing,129472,https://www.koolearn.com/dict/wd_129472.html,10,S,0
sale,129562,https://www.koolearn.com/dict/wd_129562.html,11,S,0
serious,133483,https://www.koolearn.com/dict/wd_133483.html,7,S,0
shape,134205,https://www.koolearn.com/dict/wd_134205.html,5,S,0
signpost,135813,https://www.koolearn.com/dict/wd_135813.html,8,S,0
spring,140887,https://www.koolearn.com/dict/wd_140887.html,5,S,0
star,141724,https://www.koolearn.com/dict/wd_141724.html,9,S,0
stone,142868,https://www.koolearn.com/dict/wd_142868.html,10,S,0
stripe,143562,https://www.koolearn.com/dict/wd_143562.html,8,S,0
syrup,146776,https://www.koolearn.com/dict/wd_146776.html,15,S,0
toilet,152536,https://www.koolearn.com/dict/wd_152536.html,11,S,0
top,152887,https://www.koolearn.com/dict/wd_152887.html,7,S,0
trek,154464,https://www.koolearn.com/dict/wd_154464.html,7,S,0
trick,154695,https://www.koolearn.com/dict/wd_154695.html,5,S,0
trolley,155111,https://www.koolearn.com/dict/wd_155111.html,7,S,0
vegetable,161062,https://www.koolearn.com/dict/wd_161062.html,11,S,0
velvet,161159,https://www.koolearn.com/dict/wd_161159.html,13,S,0
vet,161665,https://www.koolearn.com/dict/wd_161665.html,10,S,0
visitor,162345,https://www.koolearn.com/dict/wd_162345.html,7,S,0
wasp,163718,https://www.koolearn.com/dict/wd_163718.html,12,S,0
wetland,164745,https://www.koolearn.com/dict/wd_164745.html,14,S,0
vocation,162582,https://www.koolearn.com/dict/wd_162582.html,10,S,1
advice,2771,https://www.koolearn.com/dict/wd_2771.html,8,S,1
botany,19641,https://www.koolearn.com/dict/wd_19641.html,11,S,1
chip,28108,https://www.koolearn.com/dict/wd_28108.html,6,S,1
faint,54318,https://www.koolearn.com/dict/wd_54318.html,5,S,2
invalid,79189,https://www.koolearn.com/dict/wd_79189.html,5,S,1
lawyer,85149,https://www.koolearn.com/dict/wd_85149.html,9,S,1
marsh,91855,https://www.koolearn.com/dict/wd_91855.html,9,S,1
mobile,95938,https://www.koolearn.com/dict/wd_95938.html,7,S,1
perfect,110695,https://www.koolearn.com/dict/wd_110695.html,7,S,1
pollute,114816,https://www.koolearn.com/dict/wd_114816.html,5,S,2
rule,128731,https://www.koolearn.com/dict/wd_128731.html,10,S,1
timetable,151547,https://www.koolearn.com/dict/wd_151547.html,8,S,1
troublesome,155233,https://www.koolearn.com/dict/wd_155233.html,5,S,1
action,1923,https://www.koolearn.com/dict/wd_1923.html,6,S,0
administrator,2458,https://www.koolearn.com/dict/wd_2458.html,9,S,0
archaeological,8532,https://www.koolearn.com/dict/wd_8532.html,8,S,0
behaviour,15721,https://www.koolearn.com/dict/wd_15721.html,6,S,0
blind,18130,https://www.koolearn.com/dict/wd_18130.html,9,S,0
candle,23970,https://www.koolearn.com/dict/wd_23970.html,11,S,0
carbohydrate,24559,https://www.koolearn.com/dict/wd_24559.html,8,S,0
ceiling,26121,https://www.koolearn.com/dict/wd_26121.html,5,S,0
cheque,27629,https://www.koolearn.com/dict/wd_27629.html,10,S,0
circus,29149,https://www.koolearn.com/dict/wd_29149.html,7,S,0
clothing,30186,https://www.koolearn.com/dict/wd_30186.html,11,S,0
conformity,33155,https://www.koolearn.com/dict/wd_33155.html,5,S,0
congress,33264,https://www.koolearn.com/dict/wd_33264.html,6,S,0
coordinator,34448,https://www.koolearn.com/dict/wd_34448.html,8,S,0
costly,35290,https://www.koolearn.com/dict/wd_35290.html,8,S,0
cream,36299,https://www.koolearn.com/dict/wd_36299.html,9,S,0
digestion,42758,https://www.koolearn.com/dict/wd_42758.html,5,S,0
dioxide,43123,https://www.koolearn.com/dict/wd_43123.html,9,S,0
discovery,43663,https://www.koolearn.com/dict/wd_43663.html,6,S,0
distant,44364,https://www.koolearn.com/dict/wd_44364.html,6,S,0
expensive,53385,https://www.koolearn.com/dict/wd_53385.html,8,S,0
falcon,54415,https://www.koolearn.com/dict/wd_54415.html,14,S,0
farming,54852,https://www.koolearn.com/dict/wd_54852.html,11,S,0
foreign,58946,https://www.koolearn.com/dict/wd_58946.html,8,S,0
forest,59057,https://www.koolearn.com/dict/wd_59057.html,9,S,0
gorilla,65059,https://www.koolearn.com/dict/wd_65059.html,7,S,0
grass,65580,https://www.koolearn.com/dict/wd_65580.html,9,S,0
greenhouse effect,65880,https://www.koolearn.com/dict/wd_65880.html,5,S,0
group,66309,https://www.koolearn.com/dict/wd_66309.html,9,S,0
handy,67916,https://www.koolearn.com/dict/wd_67916.html,9,S,0
herbivorous,70025,https://www.koolearn.com/dict/wd_70025.html,13,S,0
hike,70708,https://www.koolearn.com/dict/wd_70708.html,7,S,0
hive,71053,https://www.koolearn.com/dict/wd_71053.html,8,S,0
Internet,78698,https://www.koolearn.com/dict/wd_78698.html,11,S,0
intersection,78828,https://www.koolearn.com/dict/wd_78828.html,5,S,0
land,84340,https://www.koolearn.com/dict/wd_84340.html,7,S,0
leadership,85335,https://www.koolearn.com/dict/wd_85335.html,7,S,0
librarian,86513,https://www.koolearn.com/dict/wd_86513.html,12,S,0
lion,87315,https://www.koolearn.com/dict/wd_87315.html,14,S,0
main,90266,https://www.koolearn.com/dict/wd_90266.html,9,S,0
meal,92622,https://www.koolearn.com/dict/wd_92622.html,8,S,0
migratory,94606,https://www.koolearn.com/dict/wd_94606.html,10,S,0
mining,95064,https://www.koolearn.com/dict/wd_95064.html,9,S,0
mountain,97436,https://www.koolearn.com/dict/wd_97436.html,10,S,0
nervous,100026,https://www.koolearn.com/dict/wd_100026.html,7,S,0
number,102382,https://www.koolearn.com/dict/wd_102382.html,6,S,0
nut,102491,https://www.koolearn.com/dict/wd_102491.html,11,S,0
outskirts,106333,https://www.koolearn.com/dict/wd_106333.html,9,S,0
oven,106474,https://www.koolearn.com/dict/wd_106474.html,8,S,0
ozone,107413,https://www.koolearn.com/dict/wd_107413.html,5,S,0
passenger,109148,https://www.koolearn.com/dict/wd_109148.html,11,S,0
philosopher,111766,https://www.koolearn.com/dict/wd_111766.html,9,S,0
pill,112716,https://www.koolearn.com/dict/wd_112716.html,12,S,0
plan,113449,https://www.koolearn.com/dict/wd_113449.html,9,S,0
pleasure,113917,https://www.koolearn.com/dict/wd_113917.html,6,S,0
plus,114276,https://www.koolearn.com/dict/wd_114276.html,7,S,0
pool,115196,https://www.koolearn.com/dict/wd_115196.html,5,S,0
pot,115790,https://www.koolearn.com/dict/wd_115790.html,9,S,0
programme,118073,https://www.koolearn.com/dict/wd_118073.html,6,S,0
psychiatrist,119071,https://www.koolearn.com/dict/wd_119071.html,8,S,0
regularly,124170,https://www.koolearn.com/dict/wd_124170.html,8,S,0
seafood,131919,https://www.koolearn.com/dict/wd_131919.html,14,S,0
sex,133880,https://www.koolearn.com/dict/wd_133880.html,7,S,0
sleek,137057,https://www.koolearn.com/dict/wd_137057.html,5,S,0
speech,139998,https://www.koolearn.com/dict/wd_139998.html,9,S,0
spiral,140391,https://www.koolearn.com/dict/wd_140391.html,7,S,0
step,142294,https://www.koolearn.com/dict/wd_142294.html,6,S,0
successful,144572,https://www.koolearn.com/dict/wd_144572.html,7,S,0
tent,149207,https://www.koolearn.com/dict/wd_149207.html,11,S,0
toaster,152424,https://www.koolearn.com/dict/wd_152424.html,14,S,0
treaty,154423,https://www.koolearn.com/dict/wd_154423.html,5,S,0
veterinarian,161671,https://www.koolearn.com/dict/wd_161671.html,6,S,0
voucher,162850,https://www.koolearn.com/dict/wd_162850.html,5,S,0
wheelchair,164895,https://www.koolearn.com/dict/wd_164895.html,10,S,0
zone,168302,https://www.koolearn.com/dict/wd_168302.html,5,S,0
abbreviation,480,https://www.koolearn.com/dict/wd_480.html,9,S,1
bandage,13021,https://www.koolearn.com/dict/wd_13021.html,11,S,2
diary,42423,https://www.koolearn.com/dict/wd_42423.html,10,S,2
minute,95178,https://www.koolearn.com/dict/wd_95178.html,5,S,2
nurse,102465,https://www.koolearn.com/dict/wd_102465.html,10,S,2
quarry,120665,https://www.koolearn.com/dict/wd_120665.html,8,S,2
refuge,123921,https://www.koolearn.com/dict/wd_123921.html,11,S,1
repetition,125075,https://www.koolearn.com/dict/wd_125075.html,7,S,1
stall,141510,https://www.koolearn.com/dict/wd_141510.html,5,S,1
acid rain,1614,https://www.koolearn.com/dict/wd_1614.html,5,S,0
actor,1978,https://www.koolearn.com/dict/wd_1978.html,10,S,0
aerial,2872,https://www.koolearn.com/dict/wd_2872.html,9,S,0
alley,4823,https://www.koolearn.com/dict/wd_4823.html,13,S,0
announcement,6798,https://www.koolearn.com/dict/wd_6798.html,5,S,0
Antarctica,7004,https://www.koolearn.com/dict/wd_7004.html,11,S,0
appalling,7927,https://www.koolearn.com/dict/wd_7927.html,6,S,0
beard,15149,https://www.koolearn.com/dict/wd_15149.html,12,S,0
beautiful,15273,https://www.koolearn.com/dict/wd_15273.html,7,S,0
bedsit,15486,https://www.koolearn.com/dict/wd_15486.html,14,S,0
beginner,15657,https://www.koolearn.com/dict/wd_15657.html,11,S,0
belt,15960,https://www.koolearn.com/dict/wd_15960.html,9,S,0
biologist,17287,https://www.koolearn.com/dict/wd_17287.html,7,S,0
broad,21112,https://www.koolearn.com/dict/wd_21112.html,6,S,0
bush,22424,https://www.koolearn.com/dict/wd_22424.html,7,S,0
champion,26925,https://www.koolearn.com/dict/wd_26925.html,5,S,0
chancellor,26952,https://www.koolearn.com/dict/wd_26952.html,13,S,0
chef,27529,https://www.koolearn.com/dict/wd_27529.html,7,S,0
chicken,27813,https://www.koolearn.com/dict/wd_27813.html,11,S,0
choice,28327,https://www.koolearn.com/dict/wd_28327.html,7,S,0
date,39012,https://www.koolearn.com/dict/wd_39012.html,7,S,0
derelict,41403,https://www.koolearn.com/dict/wd_41403.html,5,S,0
drive,46417,https://www.koolearn.com/dict/wd_46417.html,6,S,0
electric,48674,https://www.koolearn.com/dict/wd_48674.html,6,S,0
elephant,48884,https://www.koolearn.com/dict/wd_48884.html,10,S,0
emperor,49537,https://www.koolearn.com/dict/wd_49537.html,6,S,0
escalator,51661,https://www.koolearn.com/dict/wd_51661.html,7,S,0
excitement,52867,https://www.koolearn.com/dict/wd_52867.html,6,S,0
fire,56675,https://www.koolearn.com/dict/wd_56675.html,7,S,0
firewood,56787,https://www.koolearn.com/dict/wd_56787.html,10,S,0
firework,56788,https://www.koolearn.com/dict/wd_56788.html,5,S,0
fishing,56959,https://www.koolearn.com/dict/wd_56959.html,10,S,0
footprint,58656,https://www.koolearn.com/dict/wd_58656.html,10,S,0
freshman,60053,https://www.koolearn.com/dict/wd_60053.html,13,S,0
fruit,60482,https://www.koolearn.com/dict/wd_60482.html,8,S,0
gold,64670,https://www.koolearn.com/dict/wd_64670.html,10,S,0
guitar,66694,https://www.koolearn.com/dict/wd_66694.html,9,S,0
handicraft,67834,https://www.koolearn.com/dict/wd_67834.html,5,S,0
hide,70438,https://www.koolearn.com/dict/wd_70438.html,6,S,0
history,70974,https://www.koolearn.com/dict/wd_70974.html,9,S,0
hockey,71156,https://www.koolearn.com/dict/wd_71156.html,6,S,0
inaccurate,75982,https://www.koolearn.com/dict/wd_75982.html,6,S,0
investigator,79289,https://www.koolearn.com/dict/wd_79289.html,7,S,0
keyboard,82569,https://www.koolearn.com/dict/wd_82569.html,9,S,0
landlady,84402,https://www.koolearn.com/dict/wd_84402.html,12,S,0
lessen,86106,https://www.koolearn.com/dict/wd_86106.html,5,S,0
light,86771,https://www.koolearn.com/dict/wd_86771.html,7,S,0
machine,89799,https://www.koolearn.com/dict/wd_89799.html,7,S,0
merchant,93537,https://www.koolearn.com/dict/wd_93537.html,7,S,0
mileage,94645,https://www.koolearn.com/dict/wd_94645.html,13,S,0
motor,97326,https://www.koolearn.com/dict/wd_97326.html,5,S,0
multimedia,97989,https://www.koolearn.com/dict/wd_97989.html,8,S,0
murder,98197,https://www.koolearn.com/dict/wd_98197.html,5,S,0
notice board,102059,https://www.koolearn.com/dict/wd_102059.html,13,S,0
office,103487,https://www.koolearn.com/dict/wd_103487.html,6,S,0
outlet,106179,https://www.koolearn.com/dict/wd_106179.html,5,S,0
overview,107170,https://www.koolearn.com/dict/wd_107170.html,5,S,0
palm,107915,https://www.koolearn.com/dict/wd_107915.html,5,S,0
parasite,108598,https://www.koolearn.com/dict/wd_108598.html,6,S,0
pharmacy,111600,https://www.koolearn.com/dict/wd_111600.html,10,S,0
physically,112221,https://www.koolearn.com/dict/wd_112221.html,8,S,0
pizza,113304,https://www.koolearn.com/dict/wd_113304.html,9,S,0
place,113332,https://www.koolearn.com/dict/wd_113332.html,8,S,0
problem,117758,https://www.koolearn.com/dict/wd_117758.html,8,S,0
resit,125645,https://www.koolearn.com/dict/wd_125645.html,13,S,0
river,127414,https://www.koolearn.com/dict/wd_127414.html,9,S,0
satisfaction,130361,https://www.koolearn.com/dict/wd_130361.html,5,S,0
size,136504,https://www.koolearn.com/dict/wd_136504.html,11,S,0
smelly,137668,https://www.koolearn.com/dict/wd_137668.html,11,S,0
Spanish,139667,https://www.koolearn.com/dict/wd_139667.html,11,S,0
street,143335,https://www.koolearn.com/dict/wd_143335.html,7,S,0
television,148865,https://www.koolearn.com/dict/wd_148865.html,10,S,0
tower,153439,https://www.koolearn.com/dict/wd_153439.html,10,S,0
train,153815,https://www.koolearn.com/dict/wd_153815.html,8,S,0
tray,154353,https://www.koolearn.com/dict/wd_154353.html,7,S,0
usage,160206,https://www.koolearn.com/dict/wd_160206.html,6,S,0
valley,160624,https://www.koolearn.com/dict/wd_160624.html,5,S,0
vertebrate,161545,https://www.koolearn.com/dict/wd_161545.html,5,S,0
vice versa,161789,https://www.koolearn.com/dict/wd_161789.html,6,S,0
waiter,163179,https://www.koolearn.com/dict/wd_163179.html,12,S,0
wardrobe,163518,https://www.koolearn.com/dict/wd_163518.html,7,S,0
weave,164231,https://www.koolearn.com/dict/wd_164231.html,5,S,0
weekend,164346,https://www.koolearn.com/dict/wd_164346.html,12,S,0
worthy,166836,https://www.koolearn.com/dict/wd_166836.html,5,S,0
script,131616,https://www.koolearn.com/dict/wd_131616.html,7,S,1
bald,12760,https://www.koolearn.com/dict/wd_12760.html,8,S,1
charcoal,27129,https://www.koolearn.com/dict/wd_27129.html,7,S,1
cricket,36578,https://www.koolearn.com/dict/wd_36578.html,7,S,2
important,74950,https://www.koolearn.com/dict/wd_74950.html,6,S,1
side,135537,https://www.koolearn.com/dict/wd_135537.html,8,S,1
silence,135837,https://www.koolearn.com/dict/wd_135837.html,6,S,2
wave,163972,https://www.koolearn.com/dict/wd_163972.html,7,S,1
agricultural,3604,https://www.koolearn.com/dict/wd_3604.html,5,S,0
airport,4053,https://www.koolearn.com/dict/wd_4053.html,8,S,0
ankle,6708,https://www.koolearn.com/dict/wd_6708.html,9,S,0
arrow,9195,https://www.koolearn.com/dict/wd_9195.html,8,S,0
attendant,10933,https://www.koolearn.com/dict/wd_10933.html,8,S,0
bar,13244,https://www.koolearn.com/dict/wd_13244.html,6,S,0
base,13673,https://www.koolearn.com/dict/wd_13673.html,5,S,0
biography,17266,https://www.koolearn.com/dict/wd_17266.html,6,S,0
bowl,19931,https://www.koolearn.com/dict/wd_19931.html,12,S,0
breeding,20671,https://www.koolearn.com/dict/wd_20671.html,7,S,0
bronze,21300,https://www.koolearn.com/dict/wd_21300.html,5,S,0
building,21838,https://www.koolearn.com/dict/wd_21838.html,10,S,0
caravan,24529,https://www.koolearn.com/dict/wd_24529.html,10,S,0
case study,25230,https://www.koolearn.com/dict/wd_25230.html,10,S,0
cautious,25896,https://www.koolearn.com/dict/wd_25896.html,5,S,0
cheerful,27488,https://www.koolearn.com/dict/wd_27488.html,8,S,0
chocolate,28316,https://www.koolearn.com/dict/wd_28316.html,9,S,0
circular,29068,https://www.koolearn.com/dict/wd_29068.html,6,S,0
clear,29682,https://www.koolearn.com/dict/wd_29682.html,7,S,0
clever,29809,https://www.koolearn.com/dict/wd_29809.html,9,S,0
craftsman,36084,https://www.koolearn.com/dict/wd_36084.html,7,S,0
curly,37771,https://www.koolearn.com/dict/wd_37771.html,8,S,0
decision,39747,https://www.koolearn.com/dict/wd_39747.html,6,S,0
disco,43557,https://www.koolearn.com/dict/wd_43557.html,12,S,0
examination,52722,https://www.koolearn.com/dict/wd_52722.html,7,S,0
example,52738,https://www.koolearn.com/dict/wd_52738.html,7,S,0
fiber,55959,https://www.koolearn.com/dict/wd_55959.html,7,S,0
flute,58151,https://www.koolearn.com/dict/wd_58151.html,9,S,0
freezer,59939,https://www.koolearn.com/dict/wd_59939.html,9,S,0
gas,61911,https://www.koolearn.com/dict/wd_61911.html,5,S,0
glass,63741,https://www.koolearn.com/dict/wd_63741.html,10,S,0
greenhouse,65879,https://www.koolearn.com/dict/wd_65879.html,5,S,0
ground,66261,https://www.koolearn.com/dict/wd_66261.html,8,S,0
handbook,67798,https://www.koolearn.com/dict/wd_67798.html,8,S,0
headphone,69061,https://www.koolearn.com/dict/wd_69061.html,8,S,0
horse,72060,https://www.koolearn.com/dict/wd_72060.html,11,S,0
hunting,72855,https://www.koolearn.com/dict/wd_72855.html,9,S,0
iceberg,73794,https://www.koolearn.com/dict/wd_73794.html,7,S,0
infest,77137,https://www.koolearn.com/dict/wd_77137.html,5,S,0
jazz,80580,https://www.koolearn.com/dict/wd_80580.html,7,S,0
jewelry,80842,https://www.koolearn.com/dict/wd_80842.html,7,S,0
kindergarten,82880,https://www.koolearn.com/dict/wd_82880.html,8,S,0
knife,83248,https://www.koolearn.com/dict/wd_83248.html,10,S,0
ladder,84004,https://www.koolearn.com/dict/wd_84004.html,9,S,0
mane,91135,https://www.koolearn.com/dict/wd_91135.html,14,S,0
mime,94861,https://www.koolearn.com/dict/wd_94861.html,11,S,0
mock,95976,https://www.koolearn.com/dict/wd_95976.html,5,S,0
monthly,96759,https://www.koolearn.com/dict/wd_96759.html,9,S,0
mortgage,97128,https://www.koolearn.com/dict/wd_97128.html,7,S,0
muddle,97761,https://www.koolearn.com/dict/wd_97761.html,5,S,0
music,98328,https://www.koolearn.com/dict/wd_98328.html,7,S,0
narrator,99120,https://www.koolearn.com/dict/wd_99120.html,5,S,0
optic,104942,https://www.koolearn.com/dict/wd_104942.html,10,S,0
ostrich,105753,https://www.koolearn.com/dict/wd_105753.html,11,S,0
payable,109668,https://www.koolearn.com/dict/wd_109668.html,6,S,0
photographer,112000,https://www.koolearn.com/dict/wd_112000.html,5,S,0
picture,112480,https://www.koolearn.com/dict/wd_112480.html,6,S,0
pillow,112739,https://www.koolearn.com/dict/wd_112739.html,9,S,0
playground,113847,https://www.koolearn.com/dict/wd_113847.html,10,S,0
police,114682,https://www.koolearn.com/dict/wd_114682.html,8,S,0
pollinate,114797,https://www.koolearn.com/dict/wd_114797.html,6,S,0
pound,115948,https://www.koolearn.com/dict/wd_115948.html,9,S,0
prepare,116809,https://www.koolearn.com/dict/wd_116809.html,5,S,0
prize,117687,https://www.koolearn.com/dict/wd_117687.html,9,S,0
puppet,119767,https://www.koolearn.com/dict/wd_119767.html,6,S,0
quantitative,120613,https://www.koolearn.com/dict/wd_120613.html,5,S,0
rain,121577,https://www.koolearn.com/dict/wd_121577.html,7,S,0
related,124436,https://www.koolearn.com/dict/wd_124436.html,6,S,0
return,126218,https://www.koolearn.com/dict/wd_126218.html,9,S,0
Russian,129042,https://www.koolearn.com/dict/wd_129042.html,8,S,0
sandwich,130003,https://www.koolearn.com/dict/wd_130003.html,8,S,0
sledge,137048,https://www.koolearn.com/dict/wd_137048.html,5,S,0
snake,137888,https://www.koolearn.com/dict/wd_137888.html,8,S,0
speed,140012,https://www.koolearn.com/dict/wd_140012.html,8,S,0
spoon,140700,https://www.koolearn.com/dict/wd_140700.html,13,S,0
squirrel,141242,https://www.koolearn.com/dict/wd_141242.html,11,S,0
story,143040,https://www.koolearn.com/dict/wd_143040.html,6,S,0
therapist,150292,https://www.koolearn.com/dict/wd_150292.html,5,S,0
time,151440,https://www.koolearn.com/dict/wd_151440.html,10,S,0
torch,153040,https://www.koolearn.com/dict/wd_153040.html,8,S,0
tourist attraction,153367,https://www.koolearn.com/dict/wd_153367.html,6,S,0
tractor,153647,https://www.koolearn.com/dict/wd_153647.html,11,S,0
trip,154915,https://www.koolearn.com/dict/wd_154915.html,10,S,0
trouble,155219,https://www.koolearn.com/dict/wd_155219.html,6,S,0
uncomfortable,157247,https://www.koolearn.com/dict/wd_157247.html,6,S,0
useless,160233,https://www.koolearn.com/dict/wd_160233.html,6,S,0
viewpoint,161950,https://www.koolearn.com/dict/wd_161950.html,8,S,0
waist,163148,https://www.koolearn.com/dict/wd_163148.html,7,S,0
willow,165613,https://www.koolearn.com/dict/wd_165613.html,9,S,0
wise,166014,https://www.koolearn.com/dict/wd_166014.html,7,S,0
woodland,166442,https://www.koolearn.com/dict/wd_166442.html,9,S,0
wound,166863,https://www.koolearn.com/dict/wd_166863.html,7,S,0
census,26272,https://www.koolearn.com/dict/wd_26272.html,5,S,2
chair,26805,https://www.koolearn.com/dict/wd_26805.html,8,S,1
famous,54636,https://www.koolearn.com/dict/wd_54636.html,6,S,1
flag,57183,https://www.koolearn.com/dict/wd_57183.html,6,S,1
net,100062,https://www.koolearn.com/dict/wd_100062.html,6,S,1
solo,138886,https://www.koolearn.com/dict/wd_138886.html,5,S,3
a couple of,68,https://www.koolearn.com/dict/wd_68.html,6,S,0
accent,1150,https://www.koolearn.com/dict/wd_1150.html,5,S,0
air,3770,https://www.koolearn.com/dict/wd_3770.html,8,S,0
amazing,5367,https://www.koolearn.com/dict/wd_5367.html,6,S,0
analyst,6074,https://www.koolearn.com/dict/wd_6074.html,5,S,0
ash,9684,https://www.koolearn.com/dict/wd_9684.html,5,S,0
ballet,12866,https://www.koolearn.com/dict/wd_12866.html,5,S,0
banking,13161,https://www.koolearn.com/dict/wd_13161.html,10,S,0
bark,13444,https://www.koolearn.com/dict/wd_13444.html,6,S,0
beetle,15573,https://www.koolearn.com/dict/wd_15573.html,6,S,0
beginning,15659,https://www.koolearn.com/dict/wd_15659.html,6,S,0
bird,17399,https://www.koolearn.com/dict/wd_17399.html,9,S,0
boutique,19868,https://www.koolearn.com/dict/wd_19868.html,7,S,0
bury,22402,https://www.koolearn.com/dict/wd_22402.html,8,S,0
cage,23236,https://www.koolearn.com/dict/wd_23236.html,9,S,0
campsite,23850,https://www.koolearn.com/dict/wd_23850.html,10,S,0
carrot,25055,https://www.koolearn.com/dict/wd_25055.html,6,S,0
centigrade,26326,https://www.koolearn.com/dict/wd_26326.html,6,S,0
chat,27315,https://www.koolearn.com/dict/wd_27315.html,9,S,0
church,28798,https://www.koolearn.com/dict/wd_28798.html,9,S,0
conductor,32976,https://www.koolearn.com/dict/wd_32976.html,5,S,0
consignment,33552,https://www.koolearn.com/dict/wd_33552.html,5,S,0
country,35660,https://www.koolearn.com/dict/wd_35660.html,9,S,0
currently,37813,https://www.koolearn.com/dict/wd_37813.html,6,S,0
difference,42676,https://www.koolearn.com/dict/wd_42676.html,5,S,0
dining room,43038,https://www.koolearn.com/dict/wd_43038.html,8,S,0
diving,44669,https://www.koolearn.com/dict/wd_44669.html,9,S,0
drawer,46169,https://www.koolearn.com/dict/wd_46169.html,8,S,0
dropout,46578,https://www.koolearn.com/dict/wd_46578.html,7,S,0
embezzlement,49240,https://www.koolearn.com/dict/wd_49240.html,6,S,0
final,56448,https://www.koolearn.com/dict/wd_56448.html,6,S,0
finger,56571,https://www.koolearn.com/dict/wd_56571.html,10,S,0
flock,57805,https://www.koolearn.com/dict/wd_57805.html,6,S,0
flour,57943,https://www.koolearn.com/dict/wd_57943.html,8,S,0
fly,58181,https://www.koolearn.com/dict/wd_58181.html,7,S,0
further,61041,https://www.koolearn.com/dict/wd_61041.html,6,S,0
future,61122,https://www.koolearn.com/dict/wd_61122.html,7,S,0
grocery,66162,https://www.koolearn.com/dict/wd_66162.html,7,S,0
hearing,69168,https://www.koolearn.com/dict/wd_69168.html,6,S,0
heavy,69316,https://www.koolearn.com/dict/wd_69316.html,6,S,0
hen,69872,https://www.koolearn.com/dict/wd_69872.html,12,S,0
hit,70979,https://www.koolearn.com/dict/wd_70979.html,6,S,0
internship,78719,https://www.koolearn.com/dict/wd_78719.html,8,S,0
invoice,79361,https://www.koolearn.com/dict/wd_79361.html,5,S,0
island,79826,https://www.koolearn.com/dict/wd_79826.html,8,S,0
kettle,82531,https://www.koolearn.com/dict/wd_82531.html,7,S,0
lesson,86114,https://www.koolearn.com/dict/wd_86114.html,8,S,0
magical,90048,https://www.koolearn.com/dict/wd_90048.html,6,S,0
mattress,92348,https://www.koolearn.com/dict/wd_92348.html,7,S,0
mile,94644,https://www.koolearn.com/dict/wd_94644.html,11,S,0
milk,94701,https://www.koolearn.com/dict/wd_94701.html,6,S,0
mite,95772,https://www.koolearn.com/dict/wd_95772.html,11,S,0
moustache,97506,https://www.koolearn.com/dict/wd_97506.html,12,S,0
neck,99594,https://www.koolearn.com/dict/wd_99594.html,10,S,0
night,100634,https://www.koolearn.com/dict/wd_100634.html,6,S,0
nursing,102476,https://www.koolearn.com/dict/wd_102476.html,13,S,0
nylon,102575,https://www.koolearn.com/dict/wd_102575.html,5,S,0
officer,103509,https://www.koolearn.com/dict/wd_103509.html,8,S,0
ointment,103684,https://www.koolearn.com/dict/wd_103684.html,12,S,0
originally,105343,https://www.koolearn.com/dict/wd_105343.html,5,S,0
pair,107725,https://www.koolearn.com/dict/wd_107725.html,6,S,0
part-time,108930,https://www.koolearn.com/dict/wd_108930.html,7,S,0
pay,109609,https://www.koolearn.com/dict/wd_109609.html,7,S,0
performer,110756,https://www.koolearn.com/dict/wd_110756.html,9,S,0
perk,110934,https://www.koolearn.com/dict/wd_110934.html,11,S,0
photo,111947,https://www.koolearn.com/dict/wd_111947.html,7,S,0
placement,113352,https://www.koolearn.com/dict/wd_113352.html,8,S,0
pleasant,113899,https://www.koolearn.com/dict/wd_113899.html,7,S,0
porch,115341,https://www.koolearn.com/dict/wd_115341.html,5,S,0
powder,115996,https://www.koolearn.com/dict/wd_115996.html,5,S,0
projector,118126,https://www.koolearn.com/dict/wd_118126.html,5,S,0
rainforest,121607,https://www.koolearn.com/dict/wd_121607.html,7,S,0
refrigerator,123905,https://www.koolearn.com/dict/wd_123905.html,10,S,0
sea,131843,https://www.koolearn.com/dict/wd_131843.html,7,S,0
seasoned,132020,https://www.koolearn.com/dict/wd_132020.html,10,S,0
second-hand,132151,https://www.koolearn.com/dict/wd_132151.html,9,S,0
sewer,133872,https://www.koolearn.com/dict/wd_133872.html,7,S,0
ship,134699,https://www.koolearn.com/dict/wd_134699.html,6,S,0
shoe,134850,https://www.koolearn.com/dict/wd_134850.html,7,S,0
sink,136250,https://www.koolearn.com/dict/wd_136250.html,5,S,0
skiing,136649,https://www.koolearn.com/dict/wd_136649.html,9,S,0
sleep,137067,https://www.koolearn.com/dict/wd_137067.html,8,S,0
sound,139364,https://www.koolearn.com/dict/wd_139364.html,5,S,0
stair,141458,https://www.koolearn.com/dict/wd_141458.html,9,S,0
strong,143621,https://www.koolearn.com/dict/wd_143621.html,6,S,0
submarine,144224,https://www.koolearn.com/dict/wd_144224.html,5,S,0
subscription,144343,https://www.koolearn.com/dict/wd_144343.html,7,S,0
suite,144816,https://www.koolearn.com/dict/wd_144816.html,8,S,0
table,146884,https://www.koolearn.com/dict/wd_146884.html,7,S,0
tank,147809,https://www.koolearn.com/dict/wd_147809.html,7,S,0
team,148439,https://www.koolearn.com/dict/wd_148439.html,7,S,0
teamwork,148457,https://www.koolearn.com/dict/wd_148457.html,9,S,0
text,149688,https://www.koolearn.com/dict/wd_149688.html,6,S,0
toothache,152861,https://www.koolearn.com/dict/wd_152861.html,10,S,0
total,153215,https://www.koolearn.com/dict/wd_153215.html,6,S,0
toxin,153516,https://www.koolearn.com/dict/wd_153516.html,6,S,0
tribute,154653,https://www.koolearn.com/dict/wd_154653.html,7,S,0
understanding,157695,https://www.koolearn.com/dict/wd_157695.html,6,S,0
utensil,160311,https://www.koolearn.com/dict/wd_160311.html,11,S,0
wedding,164287,https://www.koolearn.com/dict/wd_164287.html,9,S,0
world,166711,https://www.koolearn.com/dict/wd_166711.html,8,S,0
wrinkle,166991,https://www.koolearn.com/dict/wd_166991.html,5,S,0
clean,29642,https://www.koolearn.com/dict/wd_29642.html,7,S,2
different,42679,https://www.koolearn.com/dict/wd_42679.html,6,S,1
fat,55008,https://www.koolearn.com/dict/wd_55008.html,6,S,2
purse,119920,https://www.koolearn.com/dict/wd_119920.html,9,S,2
relax,124466,https://www.koolearn.com/dict/wd_124466.html,6,S,1
surname,145705,https://www.koolearn.com/dict/wd_145705.html,9,S,2
taxi,148295,https://www.koolearn.com/dict/wd_148295.html,10,S,1
wholesale,165315,https://www.koolearn.com/dict/wd_165315.html,6,S,1
administrative,2450,https://www.koolearn.com/dict/wd_2450.html,5,S,0
art gallery,9238,https://www.koolearn.com/dict/wd_9238.html,10,S,0
axe,11897,https://www.koolearn.com/dict/wd_11897.html,9,S,0
blood,18287,https://www.koolearn.com/dict/wd_18287.html,5,S,0
button,22650,https://www.koolearn.com/dict/wd_22650.html,5,S,0
Cantonese,24189,https://www.koolearn.com/dict/wd_24189.html,9,S,0
carving,25185,https://www.koolearn.com/dict/wd_25185.html,9,S,0
cent,26276,https://www.koolearn.com/dict/wd_26276.html,11,S,0
cleaner,29658,https://www.koolearn.com/dict/wd_29658.html,9,S,0
corn,34783,https://www.koolearn.com/dict/wd_34783.html,8,S,0
creep,36419,https://www.koolearn.com/dict/wd_36419.html,5,S,0
curry,37831,https://www.koolearn.com/dict/wd_37831.html,6,S,0
cutlery,38101,https://www.koolearn.com/dict/wd_38101.html,10,S,0
dean,39382,https://www.koolearn.com/dict/wd_39382.html,7,S,0
dollar,45161,https://www.koolearn.com/dict/wd_45161.html,11,S,0
downtown,45882,https://www.koolearn.com/dict/wd_45882.html,8,S,0
eagle,47499,https://www.koolearn.com/dict/wd_47499.html,7,S,0
enrollment,50491,https://www.koolearn.com/dict/wd_50491.html,10,S,0
ethic,52028,https://www.koolearn.com/dict/wd_52028.html,6,S,0
even,52442,https://www.koolearn.com/dict/wd_52442.html,5,S,0
February,55309,https://www.koolearn.com/dict/wd_55309.html,6,S,0
fence,55617,https://www.koolearn.com/dict/wd_55617.html,5,S,0
food,58545,https://www.koolearn.com/dict/wd_58545.html,6,S,0
football,58604,https://www.koolearn.com/dict/wd_58604.html,7,S,0
frog,60276,https://www.koolearn.com/dict/wd_60276.html,9,S,0
glove,64039,https://www.koolearn.com/dict/wd_64039.html,6,S,0
haven,68833,https://www.koolearn.com/dict/wd_68833.html,5,S,0
heating,69280,https://www.koolearn.com/dict/wd_69280.html,11,S,0
hobby,71133,https://www.koolearn.com/dict/wd_71133.html,7,S,0
idea,73911,https://www.koolearn.com/dict/wd_73911.html,6,S,0
inspiring,77991,https://www.koolearn.com/dict/wd_77991.html,7,S,0
interest rate,78448,https://www.koolearn.com/dict/wd_78448.html,9,S,0
irritable,79747,https://www.koolearn.com/dict/wd_79747.html,7,S,0
jargon,80488,https://www.koolearn.com/dict/wd_80488.html,6,S,0
lake,84137,https://www.koolearn.com/dict/wd_84137.html,8,S,0
lease,85498,https://www.koolearn.com/dict/wd_85498.html,5,S,0
leopard,86028,https://www.koolearn.com/dict/wd_86028.html,6,S,0
lighting,86850,https://www.koolearn.com/dict/wd_86850.html,5,S,0
mail,90227,https://www.koolearn.com/dict/wd_90227.html,7,S,0
map,91441,https://www.koolearn.com/dict/wd_91441.html,6,S,0
mouse,97483,https://www.koolearn.com/dict/wd_97483.html,7,S,0
neighbour,99792,https://www.koolearn.com/dict/wd_99792.html,6,S,0
north,101794,https://www.koolearn.com/dict/wd_101794.html,9,S,0
offer,103470,https://www.koolearn.com/dict/wd_103470.html,6,S,0
orchard,105104,https://www.koolearn.com/dict/wd_105104.html,9,S,0
pal,107755,https://www.koolearn.com/dict/wd_107755.html,12,S,0
path,109356,https://www.koolearn.com/dict/wd_109356.html,5,S,0
person,111123,https://www.koolearn.com/dict/wd_111123.html,7,S,0
pond,115113,https://www.koolearn.com/dict/wd_115113.html,7,S,0
preposition,116842,https://www.koolearn.com/dict/wd_116842.html,7,S,0
psychiatric,119070,https://www.koolearn.com/dict/wd_119070.html,8,S,0
query,120827,https://www.koolearn.com/dict/wd_120827.html,5,S,0
reading,122462,https://www.koolearn.com/dict/wd_122462.html,8,S,0
recorder,123154,https://www.koolearn.com/dict/wd_123154.html,10,S,0
rice,126814,https://www.koolearn.com/dict/wd_126814.html,8,S,0
ring,127172,https://www.koolearn.com/dict/wd_127172.html,5,S,0
rubber,128551,https://www.koolearn.com/dict/wd_128551.html,8,S,0
sheep,134399,https://www.koolearn.com/dict/wd_134399.html,9,S,0
shore,134969,https://www.koolearn.com/dict/wd_134969.html,5,S,0
short,134985,https://www.koolearn.com/dict/wd_134985.html,6,S,0
side effect,135544,https://www.koolearn.com/dict/wd_135544.html,7,S,0
silent,135845,https://www.koolearn.com/dict/wd_135845.html,5,S,0
simple,136057,https://www.koolearn.com/dict/wd_136057.html,6,S,0
smart,137597,https://www.koolearn.com/dict/wd_137597.html,6,S,0
sophomore,139188,https://www.koolearn.com/dict/wd_139188.html,10,S,0
south,139468,https://www.koolearn.com/dict/wd_139468.html,9,S,0
starter,141823,https://www.koolearn.com/dict/wd_141823.html,11,S,0
stove,143069,https://www.koolearn.com/dict/wd_143069.html,6,S,0
stuffy,143804,https://www.koolearn.com/dict/wd_143804.html,7,S,0
sunlight,145122,https://www.koolearn.com/dict/wd_145122.html,7,S,0
sweater,146088,https://www.koolearn.com/dict/wd_146088.html,10,S,0
telephone,148790,https://www.koolearn.com/dict/wd_148790.html,8,S,0
thunderstorm,151083,https://www.koolearn.com/dict/wd_151083.html,6,S,0
ticket,151202,https://www.koolearn.com/dict/wd_151202.html,7,S,0
underneath,157622,https://www.koolearn.com/dict/wd_157622.html,5,S,0
unhealthy,158186,https://www.koolearn.com/dict/wd_158186.html,6,S,0
videotape,161908,https://www.koolearn.com/dict/wd_161908.html,9,S,0
volleyball,162702,https://www.koolearn.com/dict/wd_162702.html,8,S,0
walking,163280,https://www.koolearn.com/dict/wd_163280.html,8,S,0
warm,163554,https://www.koolearn.com/dict/wd_163554.html,7,S,0
water,163799,https://www.koolearn.com/dict/wd_163799.html,8,S,0
weekly,164353,https://www.koolearn.com/dict/wd_164353.html,8,S,0
west,164689,https://www.koolearn.com/dict/wd_164689.html,9,S,0
wheat,164864,https://www.koolearn.com/dict/wd_164864.html,7,S,0
whole,165298,https://www.koolearn.com/dict/wd_165298.html,6,S,0
wide,165413,https://www.koolearn.com/dict/wd_165413.html,7,S,0
wool,166490,https://www.koolearn.com/dict/wd_166490.html,6,S,0
attentive,10948,https://www.koolearn.com/dict/wd_10948.html,7,S,1
banquet,13195,https://www.koolearn.com/dict/wd_13195.html,6,S,1
drink,46379,https://www.koolearn.com/dict/wd_46379.html,7,S,1
excuse,52961,https://www.koolearn.com/dict/wd_52961.html,8,S,2
thief,150490,https://www.koolearn.com/dict/wd_150490.html,6,S,1
useful,160230,https://www.koolearn.com/dict/wd_160230.html,6,S,1
zoology,168352,https://www.koolearn.com/dict/wd_168352.html,7,S,1
accountancy,1334,https://www.koolearn.com/dict/wd_1334.html,5,S,0
application form,8075,https://www.koolearn.com/dict/wd_8075.html,8,S,0
arrival,9165,https://www.koolearn.com/dict/wd_9165.html,7,S,0
beak,15034,https://www.koolearn.com/dict/wd_15034.html,6,S,0
bedroom,15476,https://www.koolearn.com/dict/wd_15476.html,7,S,0
birth,17476,https://www.koolearn.com/dict/wd_17476.html,6,S,0
boat,18741,https://www.koolearn.com/dict/wd_18741.html,6,S,0
bowling,19947,https://www.koolearn.com/dict/wd_19947.html,11,S,0
breakfast,20562,https://www.koolearn.com/dict/wd_20562.html,6,S,0
British,21077,https://www.koolearn.com/dict/wd_21077.html,9,S,0
bruise,21444,https://www.koolearn.com/dict/wd_21444.html,5,S,0
canyon,24216,https://www.koolearn.com/dict/wd_24216.html,6,S,0
cartography,25140,https://www.koolearn.com/dict/wd_25140.html,5,S,0
catering,25685,https://www.koolearn.com/dict/wd_25685.html,6,S,0
chance,26941,https://www.koolearn.com/dict/wd_26941.html,7,S,0
chick,27802,https://www.koolearn.com/dict/wd_27802.html,11,S,0
chop,28427,https://www.koolearn.com/dict/wd_28427.html,6,S,0
cloakroom,29982,https://www.koolearn.com/dict/wd_29982.html,8,S,0
cloth,30164,https://www.koolearn.com/dict/wd_30164.html,7,S,0
coconut,30743,https://www.koolearn.com/dict/wd_30743.html,5,S,0
conquest,33438,https://www.koolearn.com/dict/wd_33438.html,8,S,0
counselor,35473,https://www.koolearn.com/dict/wd_35473.html,5,S,0
county,35680,https://www.koolearn.com/dict/wd_35680.html,5,S,0
current account,37797,https://www.koolearn.com/dict/wd_37797.html,11,S,0
digestive,42759,https://www.koolearn.com/dict/wd_42759.html,5,S,0
doctor,44941,https://www.koolearn.com/dict/wd_44941.html,8,S,0
driver,46456,https://www.koolearn.com/dict/wd_46456.html,8,S,0
east,47658,https://www.koolearn.com/dict/wd_47658.html,10,S,0
empty,49653,https://www.koolearn.com/dict/wd_49653.html,7,S,0
evaporation,52426,https://www.koolearn.com/dict/wd_52426.html,8,S,0
exchange rate,52834,https://www.koolearn.com/dict/wd_52834.html,9,S,0
farm,54838,https://www.koolearn.com/dict/wd_54838.html,9,S,0
farmer,54848,https://www.koolearn.com/dict/wd_54848.html,7,S,0
finding,56532,https://www.koolearn.com/dict/wd_56532.html,6,S,0
fireplace,56768,https://www.koolearn.com/dict/wd_56768.html,7,S,0
fish,56918,https://www.koolearn.com/dict/wd_56918.html,6,S,0
fixed,57107,https://www.koolearn.com/dict/wd_57107.html,6,S,0
floor,57842,https://www.koolearn.com/dict/wd_57842.html,6,S,0
flora,57877,https://www.koolearn.com/dict/wd_57877.html,6,S,0
footbridge,58622,https://www.koolearn.com/dict/wd_58622.html,8,S,0
free,59811,https://www.koolearn.com/dict/wd_59811.html,6,S,0
goods,64942,https://www.koolearn.com/dict/wd_64942.html,7,S,0
gymnasium,66972,https://www.koolearn.com/dict/wd_66972.html,5,S,0
house,72315,https://www.koolearn.com/dict/wd_72315.html,5,S,0
information desk,77281,https://www.koolearn.com/dict/wd_77281.html,8,S,0
January,80456,https://www.koolearn.com/dict/wd_80456.html,6,S,0
Japanese,80464,https://www.koolearn.com/dict/wd_80464.html,7,S,0
jeans,80618,https://www.koolearn.com/dict/wd_80618.html,9,S,0
joke,81183,https://www.koolearn.com/dict/wd_81183.html,5,S,0
juice,81474,https://www.koolearn.com/dict/wd_81474.html,9,S,0
king,82928,https://www.koolearn.com/dict/wd_82928.html,7,S,0
large-scale,84649,https://www.koolearn.com/dict/wd_84649.html,5,S,0
letter,86185,https://www.koolearn.com/dict/wd_86185.html,6,S,0
litre,87609,https://www.koolearn.com/dict/wd_87609.html,7,S,0
living room,87754,https://www.koolearn.com/dict/wd_87754.html,8,S,0
lizard,87777,https://www.koolearn.com/dict/wd_87777.html,7,S,0
may,92473,https://www.koolearn.com/dict/wd_92473.html,6,S,0
message,93786,https://www.koolearn.com/dict/wd_93786.html,5,S,0
metro,94117,https://www.koolearn.com/dict/wd_94117.html,7,S,0
nap,99019,https://www.koolearn.com/dict/wd_99019.html,7,S,0
niggle,100624,https://www.koolearn.com/dict/wd_100624.html,7,S,0
ore,105187,https://www.koolearn.com/dict/wd_105187.html,6,S,0
painkiller,107698,https://www.koolearn.com/dict/wd_107698.html,10,S,0
parking,108773,https://www.koolearn.com/dict/wd_108773.html,7,S,0
passage,109130,https://www.koolearn.com/dict/wd_109130.html,7,S,0
password,109211,https://www.koolearn.com/dict/wd_109211.html,7,S,0
photocopier,111970,https://www.koolearn.com/dict/wd_111970.html,7,S,0
pie,112509,https://www.koolearn.com/dict/wd_112509.html,8,S,0
possible,115570,https://www.koolearn.com/dict/wd_115570.html,5,S,0
primary school,117421,https://www.koolearn.com/dict/wd_117421.html,7,S,0
printer,117558,https://www.koolearn.com/dict/wd_117558.html,8,S,0
printing,117564,https://www.koolearn.com/dict/wd_117564.html,11,S,0
program,118063,https://www.koolearn.com/dict/wd_118063.html,5,S,0
queen,120766,https://www.koolearn.com/dict/wd_120766.html,6,S,0
raw material,122267,https://www.koolearn.com/dict/wd_122267.html,7,S,0
ray,122288,https://www.koolearn.com/dict/wd_122288.html,7,S,0
researcher,125468,https://www.koolearn.com/dict/wd_125468.html,5,S,0
road,127464,https://www.koolearn.com/dict/wd_127464.html,7,S,0
roast,127522,https://www.koolearn.com/dict/wd_127522.html,5,S,0
safari,129343,https://www.koolearn.com/dict/wd_129343.html,9,S,0
sandal,129939,https://www.koolearn.com/dict/wd_129939.html,10,S,0
sauce,130407,https://www.koolearn.com/dict/wd_130407.html,7,S,0
scarcely,130793,https://www.koolearn.com/dict/wd_130793.html,6,S,0
school,131071,https://www.koolearn.com/dict/wd_131071.html,5,S,0
self-sufficient,132805,https://www.koolearn.com/dict/wd_132805.html,6,S,0
sentence,133226,https://www.koolearn.com/dict/wd_133226.html,6,S,0
several,133829,https://www.koolearn.com/dict/wd_133829.html,7,S,0
single,136182,https://www.koolearn.com/dict/wd_136182.html,6,S,0
smoke,137733,https://www.koolearn.com/dict/wd_137733.html,6,S,0
solar energy,138718,https://www.koolearn.com/dict/wd_138718.html,5,S,0
spotlight,140807,https://www.koolearn.com/dict/wd_140807.html,5,S,0
supermarket,145320,https://www.koolearn.com/dict/wd_145320.html,6,S,0
surroundings,145759,https://www.koolearn.com/dict/wd_145759.html,6,S,0
swan,145971,https://www.koolearn.com/dict/wd_145971.html,8,S,0
tail,147094,https://www.koolearn.com/dict/wd_147094.html,5,S,0
tennis court,149147,https://www.koolearn.com/dict/wd_149147.html,10,S,0
thriller,150866,https://www.koolearn.com/dict/wd_150866.html,8,S,0
touching,153316,https://www.koolearn.com/dict/wd_153316.html,6,S,0
town,153458,https://www.koolearn.com/dict/wd_153458.html,7,S,0
travel agency,154300,https://www.koolearn.com/dict/wd_154300.html,10,S,0
violin,162153,https://www.koolearn.com/dict/wd_162153.html,7,S,0
wasteland,163750,https://www.koolearn.com/dict/wd_163750.html,6,S,0
Wednesday,164320,https://www.koolearn.com/dict/wd_164320.html,7,S,0
weekday,164344,https://www.koolearn.com/dict/wd_164344.html,11,S,0
wood,166404,https://www.koolearn.com/dict/wd_166404.html,6,S,0
annex,6763,https://www.koolearn.com/dict/wd_6763.html,8,S,2
aristocrat,8897,https://www.koolearn.com/dict/wd_8897.html,7,S,3
carnivorous,24915,https://www.koolearn.com/dict/wd_24915.html,6,S,2
cucumber,37395,https://www.koolearn.com/dict/wd_37395.html,5,S,2
acre,1804,https://www.koolearn.com/dict/wd_1804.html,5,S,0
almost,5025,https://www.koolearn.com/dict/wd_5025.html,5,S,0
April,8267,https://www.koolearn.com/dict/wd_8267.html,6,S,0
arcade,8485,https://www.koolearn.com/dict/wd_8485.html,6,S,0
August,11183,https://www.koolearn.com/dict/wd_11183.html,6,S,0
Australia,11287,https://www.koolearn.com/dict/wd_11287.html,8,S,0
bat,13883,https://www.koolearn.com/dict/wd_13883.html,5,S,0
boot,19403,https://www.koolearn.com/dict/wd_19403.html,5,S,0
bracelet,20074,https://www.koolearn.com/dict/wd_20074.html,6,S,0
care,24734,https://www.koolearn.com/dict/wd_24734.html,7,S,0
centre,26386,https://www.koolearn.com/dict/wd_26386.html,5,S,0
coffee,30893,https://www.koolearn.com/dict/wd_30893.html,5,S,0
collaborative,31199,https://www.koolearn.com/dict/wd_31199.html,5,S,0
cot,35310,https://www.koolearn.com/dict/wd_35310.html,10,S,0
courtyard,35775,https://www.koolearn.com/dict/wd_35775.html,5,S,0
danger,38786,https://www.koolearn.com/dict/wd_38786.html,6,S,0
dark,38889,https://www.koolearn.com/dict/wd_38889.html,6,S,0
December,39656,https://www.koolearn.com/dict/wd_39656.html,6,S,0
dial,42292,https://www.koolearn.com/dict/wd_42292.html,5,S,0
dietician,42666,https://www.koolearn.com/dict/wd_42666.html,6,S,0
discomfort,43577,https://www.koolearn.com/dict/wd_43577.html,6,S,0
fever,55914,https://www.koolearn.com/dict/wd_55914.html,7,S,0
fin,56441,https://www.koolearn.com/dict/wd_56441.html,7,S,0
food chain,58550,https://www.koolearn.com/dict/wd_58550.html,6,S,0
French,59967,https://www.koolearn.com/dict/wd_59967.html,7,S,0
gasoline,61967,https://www.koolearn.com/dict/wd_61967.html,6,S,0
guided tour,66634,https://www.koolearn.com/dict/wd_66634.html,7,S,0
hammer,67680,https://www.koolearn.com/dict/wd_67680.html,5,S,0
handball,67792,https://www.koolearn.com/dict/wd_67792.html,11,S,0
heading,69035,https://www.koolearn.com/dict/wd_69035.html,7,S,0
heart,69181,https://www.koolearn.com/dict/wd_69181.html,7,S,0
helpful,69701,https://www.koolearn.com/dict/wd_69701.html,7,S,0
hero,70145,https://www.koolearn.com/dict/wd_70145.html,6,S,0
ink,77580,https://www.koolearn.com/dict/wd_77580.html,6,S,0
July,81514,https://www.koolearn.com/dict/wd_81514.html,6,S,0
June,81591,https://www.koolearn.com/dict/wd_81591.html,6,S,0
keeper,82312,https://www.koolearn.com/dict/wd_82312.html,7,S,0
kiosk,83003,https://www.koolearn.com/dict/wd_83003.html,8,S,0
lean,85419,https://www.koolearn.com/dict/wd_85419.html,5,S,0
lemon,85898,https://www.koolearn.com/dict/wd_85898.html,7,S,0
liaise,86419,https://www.koolearn.com/dict/wd_86419.html,5,S,0
list,87472,https://www.koolearn.com/dict/wd_87472.html,5,S,0
lodge,88095,https://www.koolearn.com/dict/wd_88095.html,6,S,0
lunch,89325,https://www.koolearn.com/dict/wd_89325.html,7,S,0
mandarin,91094,https://www.koolearn.com/dict/wd_91094.html,6,S,0
matching,92195,https://www.koolearn.com/dict/wd_92195.html,8,S,0
meeting,93001,https://www.koolearn.com/dict/wd_93001.html,5,S,0
microbiology,94289,https://www.koolearn.com/dict/wd_94289.html,7,S,0
microphone,94384,https://www.koolearn.com/dict/wd_94384.html,8,S,0
minibus,95016,https://www.koolearn.com/dict/wd_95016.html,8,S,0
needle,99671,https://www.koolearn.com/dict/wd_99671.html,5,S,0
neighbouring,99794,https://www.koolearn.com/dict/wd_99794.html,6,S,0
northeast,101810,https://www.koolearn.com/dict/wd_101810.html,8,S,0
nose,101848,https://www.koolearn.com/dict/wd_101848.html,7,S,0
notebook,102027,https://www.koolearn.com/dict/wd_102027.html,6,S,0
November,102147,https://www.koolearn.com/dict/wd_102147.html,6,S,0
occupational,103017,https://www.koolearn.com/dict/wd_103017.html,6,S,0
October,103152,https://www.koolearn.com/dict/wd_103152.html,6,S,0
oculist,103182,https://www.koolearn.com/dict/wd_103182.html,12,S,0
onion,104483,https://www.koolearn.com/dict/wd_104483.html,5,S,0
paint,107705,https://www.koolearn.com/dict/wd_107705.html,5,S,0
penguin,110321,https://www.koolearn.com/dict/wd_110321.html,5,S,0
pocket,114393,https://www.koolearn.com/dict/wd_114393.html,7,S,0
public transport,119299,https://www.koolearn.com/dict/wd_119299.html,6,S,0
rabbit,121164,https://www.koolearn.com/dict/wd_121164.html,5,S,0
ration,122129,https://www.koolearn.com/dict/wd_122129.html,5,S,0
reflective,123787,https://www.koolearn.com/dict/wd_123787.html,6,S,0
reporter,125178,https://www.koolearn.com/dict/wd_125178.html,5,S,0
romance,127863,https://www.koolearn.com/dict/wd_127863.html,5,S,0
rust,129052,https://www.koolearn.com/dict/wd_129052.html,6,S,0
saving,130507,https://www.koolearn.com/dict/wd_130507.html,8,S,0
Scotland,131375,https://www.koolearn.com/dict/wd_131375.html,9,S,0
September,133318,https://www.koolearn.com/dict/wd_133318.html,6,S,0
servant,133560,https://www.koolearn.com/dict/wd_133560.html,6,S,0
shopping,134954,https://www.koolearn.com/dict/wd_134954.html,6,S,0
skirt,136762,https://www.koolearn.com/dict/wd_136762.html,9,S,0
specialized,139889,https://www.koolearn.com/dict/wd_139889.html,8,S,0
storehouse,143002,https://www.koolearn.com/dict/wd_143002.html,10,S,0
subway,144550,https://www.koolearn.com/dict/wd_144550.html,6,S,0
sugar,144745,https://www.koolearn.com/dict/wd_144745.html,7,S,0
supportive,145507,https://www.koolearn.com/dict/wd_145507.html,5,S,0
surprise,145725,https://www.koolearn.com/dict/wd_145725.html,6,S,0
tea,148364,https://www.koolearn.com/dict/wd_148364.html,7,S,0
theme park,150209,https://www.koolearn.com/dict/wd_150209.html,8,S,0
thought,150739,https://www.koolearn.com/dict/wd_150739.html,6,S,0
Thursday,151103,https://www.koolearn.com/dict/wd_151103.html,6,S,0
tin,151576,https://www.koolearn.com/dict/wd_151576.html,7,S,0
topography,152992,https://www.koolearn.com/dict/wd_152992.html,6,S,0
toughen,153332,https://www.koolearn.com/dict/wd_153332.html,5,S,0
Tuesday,155627,https://www.koolearn.com/dict/wd_155627.html,6,S,0
united,158401,https://www.koolearn.com/dict/wd_158401.html,6,S,0
walk,163235,https://www.koolearn.com/dict/wd_163235.html,6,S,0
week,164342,https://www.koolearn.com/dict/wd_164342.html,6,S,0
word,166533,https://www.koolearn.com/dict/wd_166533.html,7,S,0
writing,167040,https://www.koolearn.com/dict/wd_167040.html,6,S,0
zebra,168025,https://www.koolearn.com/dict/wd_168025.html,5,S,0
corpse,34949,https://www.koolearn.com/dict/wd_34949.html,8,S,1
safe,129347,https://www.koolearn.com/dict/wd_129347.html,7,S,2
Africa,3169,https://www.koolearn.com/dict/wd_3169.html,7,S,0
alteration,5144,https://www.koolearn.com/dict/wd_5144.html,8,S,0
applied,8089,https://www.koolearn.com/dict/wd_8089.html,6,S,0
army,9043,https://www.koolearn.com/dict/wd_9043.html,6,S,0
audio-visual,11112,https://www.koolearn.com/dict/wd_11112.html,5,S,0
bank statement,13148,https://www.koolearn.com/dict/wd_13148.html,7,S,0
baseball,13700,https://www.koolearn.com/dict/wd_13700.html,5,S,0
beauty,15283,https://www.koolearn.com/dict/wd_15283.html,6,S,0
blouse,18411,https://www.koolearn.com/dict/wd_18411.html,7,S,0
botanical garden,19632,https://www.koolearn.com/dict/wd_19632.html,10,S,0
brass,20343,https://www.koolearn.com/dict/wd_20343.html,5,S,0
bumper,22041,https://www.koolearn.com/dict/wd_22041.html,6,S,0
call slip,23527,https://www.koolearn.com/dict/wd_23527.html,8,S,0
camping,23843,https://www.koolearn.com/dict/wd_23843.html,5,S,0
child,27899,https://www.koolearn.com/dict/wd_27899.html,6,S,0
childcare,27914,https://www.koolearn.com/dict/wd_27914.html,5,S,0
chimney,27993,https://www.koolearn.com/dict/wd_27993.html,5,S,0
cigar,28909,https://www.koolearn.com/dict/wd_28909.html,7,S,0
conditioner,32924,https://www.koolearn.com/dict/wd_32924.html,6,S,0
cosmetics,35184,https://www.koolearn.com/dict/wd_35184.html,6,S,0
cup,37623,https://www.koolearn.com/dict/wd_37623.html,6,S,0
decibel,39693,https://www.koolearn.com/dict/wd_39693.html,5,S,0
demolition,40849,https://www.koolearn.com/dict/wd_40849.html,5,S,0
dialogue,42330,https://www.koolearn.com/dict/wd_42330.html,5,S,0
directly,43284,https://www.koolearn.com/dict/wd_43284.html,5,S,0
dish,43822,https://www.koolearn.com/dict/wd_43822.html,7,S,0
driving,46466,https://www.koolearn.com/dict/wd_46466.html,6,S,0
elder,48620,https://www.koolearn.com/dict/wd_48620.html,7,S,0
electronics,48817,https://www.koolearn.com/dict/wd_48817.html,6,S,0
evening,52469,https://www.koolearn.com/dict/wd_52469.html,5,S,0
exciting,52870,https://www.koolearn.com/dict/wd_52870.html,6,S,0
exposition,53545,https://www.koolearn.com/dict/wd_53545.html,8,S,0
fellowship,55549,https://www.koolearn.com/dict/wd_55549.html,6,S,0
Friday,60109,https://www.koolearn.com/dict/wd_60109.html,5,S,0
giraffe,63458,https://www.koolearn.com/dict/wd_63458.html,8,S,0
goat,64530,https://www.koolearn.com/dict/wd_64530.html,6,S,0
gulf,66711,https://www.koolearn.com/dict/wd_66711.html,6,S,0
guy,66934,https://www.koolearn.com/dict/wd_66934.html,6,S,0
hat,68486,https://www.koolearn.com/dict/wd_68486.html,6,S,0
heroine,70156,https://www.koolearn.com/dict/wd_70156.html,9,S,0
hour,72306,https://www.koolearn.com/dict/wd_72306.html,5,S,0
housework,72406,https://www.koolearn.com/dict/wd_72406.html,5,S,0
husbandry,72932,https://www.koolearn.com/dict/wd_72932.html,10,S,0
inability,75976,https://www.koolearn.com/dict/wd_75976.html,6,S,0
incoming,76295,https://www.koolearn.com/dict/wd_76295.html,9,S,0
joint account,81154,https://www.koolearn.com/dict/wd_81154.html,9,S,0
lamb,84179,https://www.koolearn.com/dict/wd_84179.html,7,S,0
latest,84877,https://www.koolearn.com/dict/wd_84877.html,7,S,0
lender,85931,https://www.koolearn.com/dict/wd_85931.html,9,S,0
limestone,87030,https://www.koolearn.com/dict/wd_87030.html,5,S,0
making,90689,https://www.koolearn.com/dict/wd_90689.html,7,S,0
Monday,96376,https://www.koolearn.com/dict/wd_96376.html,6,S,0
monkey,96503,https://www.koolearn.com/dict/wd_96503.html,5,S,0
month,96756,https://www.koolearn.com/dict/wd_96756.html,5,S,0
movie,97576,https://www.koolearn.com/dict/wd_97576.html,6,S,0
naught,99387,https://www.koolearn.com/dict/wd_99387.html,10,S,0
northern,101817,https://www.koolearn.com/dict/wd_101817.html,8,S,0
oil,103617,https://www.koolearn.com/dict/wd_103617.html,6,S,0
overfill,106732,https://www.koolearn.com/dict/wd_106732.html,6,S,0
packaging,107524,https://www.koolearn.com/dict/wd_107524.html,6,S,0
pamper,108014,https://www.koolearn.com/dict/wd_108014.html,5,S,0
penny,110375,https://www.koolearn.com/dict/wd_110375.html,7,S,0
pigeon,112589,https://www.koolearn.com/dict/wd_112589.html,8,S,0
pork,115360,https://www.koolearn.com/dict/wd_115360.html,7,S,0
pretension,117159,https://www.koolearn.com/dict/wd_117159.html,6,S,0
prince,117502,https://www.koolearn.com/dict/wd_117502.html,5,S,0
pub,119225,https://www.koolearn.com/dict/wd_119225.html,5,S,0
railway,121561,https://www.koolearn.com/dict/wd_121561.html,7,S,0
reader,122452,https://www.koolearn.com/dict/wd_122452.html,6,S,0
recording,123156,https://www.koolearn.com/dict/wd_123156.html,5,S,0
refundable,123936,https://www.koolearn.com/dict/wd_123936.html,5,S,0
rider,126919,https://www.koolearn.com/dict/wd_126919.html,7,S,0
rock climbing,127612,https://www.koolearn.com/dict/wd_127612.html,8,S,0
Russia,129041,https://www.koolearn.com/dict/wd_129041.html,8,S,0
salinity,129640,https://www.koolearn.com/dict/wd_129640.html,7,S,0
Saturday,130387,https://www.koolearn.com/dict/wd_130387.html,5,S,0
science fiction,131149,https://www.koolearn.com/dict/wd_131149.html,5,S,0
seat,132026,https://www.koolearn.com/dict/wd_132026.html,6,S,0
shoplifter,134947,https://www.koolearn.com/dict/wd_134947.html,8,S,0
southeast,139484,https://www.koolearn.com/dict/wd_139484.html,7,S,0
stomachache,142849,https://www.koolearn.com/dict/wd_142849.html,11,S,0
student union,143765,https://www.koolearn.com/dict/wd_143765.html,7,S,0
Sunday,145080,https://www.koolearn.com/dict/wd_145080.html,5,S,0
table tennis,146896,https://www.koolearn.com/dict/wd_146896.html,7,S,0
teeth,148645,https://www.koolearn.com/dict/wd_148645.html,8,S,0
toad,152405,https://www.koolearn.com/dict/wd_152405.html,8,S,0
toe,152479,https://www.koolearn.com/dict/wd_152479.html,5,S,0
tomato,152649,https://www.koolearn.com/dict/wd_152649.html,6,S,0
tour guide,153355,https://www.koolearn.com/dict/wd_153355.html,5,S,0
town hall,153463,https://www.koolearn.com/dict/wd_153463.html,8,S,0
tuna,155728,https://www.koolearn.com/dict/wd_155728.html,5,S,0
vinegar,162079,https://www.koolearn.com/dict/wd_162079.html,7,S,0
wall,163299,https://www.koolearn.com/dict/wd_163299.html,6,S,0
windmill,165740,https://www.koolearn.com/dict/wd_165740.html,5,S,0
chronology,28698,https://www.koolearn.com/dict/wd_28698.html,6,S,3
air pollution,3898,https://www.koolearn.com/dict/wd_3898.html,5,S,0
anger,6446,https://www.koolearn.com/dict/wd_6446.html,6,S,0
answer,6958,https://www.koolearn.com/dict/wd_6958.html,5,S,0
arts,9405,https://www.koolearn.com/dict/wd_9405.html,6,S,0
bacon,12452,https://www.koolearn.com/dict/wd_12452.html,5,S,0
bed,15356,https://www.koolearn.com/dict/wd_15356.html,5,S,0
beef,15517,https://www.koolearn.com/dict/wd_15517.html,6,S,0
binoculars,17195,https://www.koolearn.com/dict/wd_17195.html,5,S,0
biochemistry,17217,https://www.koolearn.com/dict/wd_17217.html,7,S,0
bookshop,19353,https://www.koolearn.com/dict/wd_19353.html,5,S,0
burger,22210,https://www.koolearn.com/dict/wd_22210.html,8,S,0
bus,22407,https://www.koolearn.com/dict/wd_22407.html,5,S,0
cabbage,22993,https://www.koolearn.com/dict/wd_22993.html,5,S,0
Canadian,23889,https://www.koolearn.com/dict/wd_23889.html,6,S,0
car park,24485,https://www.koolearn.com/dict/wd_24485.html,6,S,0
cheap,27376,https://www.koolearn.com/dict/wd_27376.html,5,S,0
chemist,27594,https://www.koolearn.com/dict/wd_27594.html,5,S,0
city,29252,https://www.koolearn.com/dict/wd_29252.html,5,S,0
clock,29991,https://www.koolearn.com/dict/wd_29991.html,7,S,0
cocktail,30719,https://www.koolearn.com/dict/wd_30719.html,7,S,0
cop,34456,https://www.koolearn.com/dict/wd_34456.html,8,S,0
copyright,34609,https://www.koolearn.com/dict/wd_34609.html,5,S,0
couch,35410,https://www.koolearn.com/dict/wd_35410.html,6,S,0
counsellor,35470,https://www.koolearn.com/dict/wd_35470.html,5,S,0
creek,36417,https://www.koolearn.com/dict/wd_36417.html,7,S,0
darkroom,38920,https://www.koolearn.com/dict/wd_38920.html,6,S,0
deer,40051,https://www.koolearn.com/dict/wd_40051.html,5,S,0
desk,41654,https://www.koolearn.com/dict/wd_41654.html,7,S,0
dinner,43057,https://www.koolearn.com/dict/wd_43057.html,5,S,0
drop out,46545,https://www.koolearn.com/dict/wd_46545.html,5,S,0
eastern,47678,https://www.koolearn.com/dict/wd_47678.html,5,S,0
embankment,49185,https://www.koolearn.com/dict/wd_49185.html,5,S,0
excellence,52782,https://www.koolearn.com/dict/wd_52782.html,6,S,0
farmland,54856,https://www.koolearn.com/dict/wd_54856.html,5,S,0
favorite,55174,https://www.koolearn.com/dict/wd_55174.html,5,S,0
field trip,56133,https://www.koolearn.com/dict/wd_56133.html,7,S,0
fox,59528,https://www.koolearn.com/dict/wd_59528.html,7,S,0
full-time,60745,https://www.koolearn.com/dict/wd_60745.html,6,S,0
fumes,60809,https://www.koolearn.com/dict/wd_60809.html,6,S,0
fungi,60896,https://www.koolearn.com/dict/wd_60896.html,6,S,0
German,62779,https://www.koolearn.com/dict/wd_62779.html,6,S,0
ground floor,66268,https://www.koolearn.com/dict/wd_66268.html,5,S,0
hand,67738,https://www.koolearn.com/dict/wd_67738.html,5,S,0
headmaster,69053,https://www.koolearn.com/dict/wd_69053.html,7,S,0
heart disease,69186,https://www.koolearn.com/dict/wd_69186.html,6,S,0
heater,69266,https://www.koolearn.com/dict/wd_69266.html,6,S,0
horn,71990,https://www.koolearn.com/dict/wd_71990.html,5,S,0
incineration,76204,https://www.koolearn.com/dict/wd_76204.html,8,S,0
incubator,76465,https://www.koolearn.com/dict/wd_76465.html,6,S,0
interviewer,78910,https://www.koolearn.com/dict/wd_78910.html,8,S,0
least,85510,https://www.koolearn.com/dict/wd_85510.html,6,S,0
locker,88035,https://www.koolearn.com/dict/wd_88035.html,6,S,0
maid,90204,https://www.koolearn.com/dict/wd_90204.html,8,S,0
main hall,90274,https://www.koolearn.com/dict/wd_90274.html,8,S,0
mechanics,92759,https://www.koolearn.com/dict/wd_92759.html,5,S,0
mineral water,94954,https://www.koolearn.com/dict/wd_94954.html,8,S,0
necklace,99606,https://www.koolearn.com/dict/wd_99606.html,5,S,0
northwest,101833,https://www.koolearn.com/dict/wd_101833.html,7,S,0
note-taking,102026,https://www.koolearn.com/dict/wd_102026.html,7,S,0
oyster,107394,https://www.koolearn.com/dict/wd_107394.html,5,S,0
package tour,107519,https://www.koolearn.com/dict/wd_107519.html,6,S,0
page,107634,https://www.koolearn.com/dict/wd_107634.html,7,S,0
penicillin,110326,https://www.koolearn.com/dict/wd_110326.html,9,S,0
pink,112920,https://www.koolearn.com/dict/wd_112920.html,7,S,0
placement test,113353,https://www.koolearn.com/dict/wd_113353.html,8,S,0
planner,113511,https://www.koolearn.com/dict/wd_113511.html,6,S,0
planning,113513,https://www.koolearn.com/dict/wd_113513.html,6,S,0
player,113838,https://www.koolearn.com/dict/wd_113838.html,6,S,0
postage,115616,https://www.koolearn.com/dict/wd_115616.html,5,S,0
postcode,115647,https://www.koolearn.com/dict/wd_115647.html,6,S,0
psychotherapy,119159,https://www.koolearn.com/dict/wd_119159.html,6,S,0
quarantine,120646,https://www.koolearn.com/dict/wd_120646.html,5,S,0
rainbow,121596,https://www.koolearn.com/dict/wd_121596.html,5,S,0
reconstruction,123124,https://www.koolearn.com/dict/wd_123124.html,5,S,0
required,125375,https://www.koolearn.com/dict/wd_125375.html,5,S,0
sandstone,129998,https://www.koolearn.com/dict/wd_129998.html,8,S,0
scanner,130741,https://www.koolearn.com/dict/wd_130741.html,6,S,0
secondary school,132169,https://www.koolearn.com/dict/wd_132169.html,6,S,0
shady,134052,https://www.koolearn.com/dict/wd_134052.html,5,S,0
shopper,134953,https://www.koolearn.com/dict/wd_134953.html,7,S,0
sick,135488,https://www.koolearn.com/dict/wd_135488.html,7,S,0
sleeping bag,137097,https://www.koolearn.com/dict/wd_137097.html,7,S,0
soccer,138398,https://www.koolearn.com/dict/wd_138398.html,5,S,0
soldier,138758,https://www.koolearn.com/dict/wd_138758.html,6,S,0
southern,139491,https://www.koolearn.com/dict/wd_139491.html,6,S,0
southwest,139504,https://www.koolearn.com/dict/wd_139504.html,7,S,0
super,145179,https://www.koolearn.com/dict/wd_145179.html,5,S,0
swimming,146242,https://www.koolearn.com/dict/wd_146242.html,5,S,0
swimming pool,146248,https://www.koolearn.com/dict/wd_146248.html,6,S,0
teaching,148420,https://www.koolearn.com/dict/wd_148420.html,6,S,0
teller,148908,https://www.koolearn.com/dict/wd_148908.html,8,S,0
third,150611,https://www.koolearn.com/dict/wd_150611.html,5,S,0
traveler,154315,https://www.koolearn.com/dict/wd_154315.html,7,S,0
washing,163697,https://www.koolearn.com/dict/wd_163697.html,6,S,0
washing machine,163699,https://www.koolearn.com/dict/wd_163699.html,5,S,0
working,166658,https://www.koolearn.com/dict/wd_166658.html,6,S,0
