word,wd_id,url,reading_books,tier,base_level
respective,125723,https://www.koolearn.com/dict/wd_125723.html,5,A,1
unavoidable,156972,https://www.koolearn.com/dict/wd_156972.html,6,A,1
adaptive,2114,https://www.koolearn.com/dict/wd_2114.html,6,A,0
boredom,19505,https://www.koolearn.com/dict/wd_19505.html,5,A,0
flatten,57417,https://www.koolearn.com/dict/wd_57417.html,5,A,0
leading,85337,https://www.koolearn.com/dict/wd_85337.html,6,A,0
lopsided,88609,https://www.koolearn.com/dict/wd_88609.html,8,A,0
marked,91674,https://www.koolearn.com/dict/wd_91674.html,5,A,0
nourishment,102114,https://www.koolearn.com/dict/wd_102114.html,5,A,0
prefer to,116592,https://www.koolearn.com/dict/wd_116592.html,7,A,0
premature,116715,https://www.koolearn.com/dict/wd_116715.html,5,A,0
psychic,119074,https://www.koolearn.com/dict/wd_119074.html,6,A,0
revolutionise,126489,https://www.koolearn.com/dict/wd_126489.html,5,A,0
scholarly,131058,https://www.koolearn.com/dict/wd_131058.html,7,A,0
secrecy,132189,https://www.koolearn.com/dict/wd_132189.html,6,A,0
standardise,141641,https://www.koolearn.com/dict/wd_141641.html,6,A,0
subdivide,144073,https://www.koolearn.com/dict/wd_144073.html,8,A,0
thoroughly,150731,https://www.koolearn.com/dict/wd_150731.html,5,A,0
unfamiliar,157972,https://www.koolearn.com/dict/wd_157972.html,5,A,0
urgency,160073,https://www.koolearn.com/dict/wd_160073.html,6,A,0
sufficiency,144713,https://www.koolearn.com/dict/wd_144713.html,7,A,2
apply to,8111,https://www.koolearn.com/dict/wd_8111.html,6,A,0
based on,13715,https://www.koolearn.com/dict/wd_13715.html,6,A,0
economist,47964,https://www.koolearn.com/dict/wd_47964.html,5,A,0
facilitator,54157,https://www.koolearn.com/dict/wd_54157.html,5,A,0
optics,104958,https://www.koolearn.com/dict/wd_104958.html,5,A,0
orbital,105089,https://www.koolearn.com/dict/wd_105089.html,6,A,0
voyager,162883,https://www.koolearn.com/dict/wd_162883.html,6,A,0
be liable to,14642,https://www.koolearn.com/dict/wd_14642.html,6,A,0
binding,17153,https://www.koolearn.com/dict/wd_17153.html,5,A,0
characterise,27107,https://www.koolearn.com/dict/wd_27107.html,5,A,0
lingual,87238,https://www.koolearn.com/dict/wd_87238.html,5,A,0
look-in,88515,https://www.koolearn.com/dict/wd_88515.html,6,A,0
manage to do,91018,https://www.koolearn.com/dict/wd_91018.html,6,A,0
measurable,92685,https://www.koolearn.com/dict/wd_92685.html,5,A,0
out of the question,105962,https://www.koolearn.com/dict/wd_105962.html,5,A,0
pane,108103,https://www.koolearn.com/dict/wd_108103.html,5,A,0
predation,116462,https://www.koolearn.com/dict/wd_116462.html,5,A,0
publicise,119311,https://www.koolearn.com/dict/wd_119311.html,5,A,0
realisation,122544,https://www.koolearn.com/dict/wd_122544.html,5,A,0
reflex,123800,https://www.koolearn.com/dict/wd_123800.html,5,A,0
disproportionate,44173,https://www.koolearn.com/dict/wd_44173.html,5,A,0
ecologist,47908,https://www.koolearn.com/dict/wd_47908.html,5,A,0
photoperiodism,112037,https://www.koolearn.com/dict/wd_112037.html,5,A,0
bungle,22103,https://www.koolearn.com/dict/wd_22103.html,5,A,0
tenfold,149132,https://www.koolearn.com/dict/wd_149132.html,5,A,0
priority,117588,https://www.koolearn.com/dict/wd_117588.html,15,S,1
alternative,5183,https://www.koolearn.com/dict/wd_5183.html,16,S,1
approach,8195,https://www.koolearn.com/dict/wd_8195.html,15,S,0
potential,115840,https://www.koolearn.com/dict/wd_115840.html,13,S,0
artificial,9347,https://www.koolearn.com/dict/wd_9347.html,15,S,1
domestic,45217,https://www.koolearn.com/dict/wd_45217.html,15,S,1
flexible,57619,https://www.koolearn.com/dict/wd_57619.html,8,S,1
incentive,76150,https://www.koolearn.com/dict/wd_76150.html,13,S,2
feature,55292,https://www.koolearn.com/dict/wd_55292.html,13,S,0
poverty,115987,https://www.koolearn.com/dict/wd_115987.html,12,S,0
fundamental,60858,https://www.koolearn.com/dict/wd_60858.html,15,S,1
property,118382,https://www.koolearn.com/dict/wd_118382.html,15,S,0
eliminate,48949,https://www.koolearn.com/dict/wd_48949.html,15,S,1
habitat,67116,https://www.koolearn.com/dict/wd_67116.html,14,S,2
innovation,77688,https://www.koolearn.com/dict/wd_77688.html,8,S,2
budget,21718,https://www.koolearn.com/dict/wd_21718.html,15,S,0
landscape,84425,https://www.koolearn.com/dict/wd_84425.html,12,S,0
discipline,43537,https://www.koolearn.com/dict/wd_43537.html,7,S,1
strategy,143247,https://www.koolearn.com/dict/wd_143247.html,9,S,0
therapy,150295,https://www.koolearn.com/dict/wd_150295.html,12,S,0
academic,1049,https://www.koolearn.com/dict/wd_1049.html,6,S,0
community,32146,https://www.koolearn.com/dict/wd_32146.html,9,S,0
depression,41317,https://www.koolearn.com/dict/wd_41317.html,12,S,2
shelter,134493,https://www.koolearn.com/dict/wd_134493.html,8,S,1
authority,11333,https://www.koolearn.com/dict/wd_11333.html,12,S,0
essential,51836,https://www.koolearn.com/dict/wd_51836.html,7,S,0
facility,54163,https://www.koolearn.com/dict/wd_54163.html,8,S,0
manufacture,91391,https://www.koolearn.com/dict/wd_91391.html,15,S,0
monitor,96491,https://www.koolearn.com/dict/wd_96491.html,13,S,0
objective,102730,https://www.koolearn.com/dict/wd_102730.html,15,S,0
unique,158373,https://www.koolearn.com/dict/wd_158373.html,7,S,1
conservative,33514,https://www.koolearn.com/dict/wd_33514.html,12,S,1
access,1191,https://www.koolearn.com/dict/wd_1191.html,12,S,0
attitude,10986,https://www.koolearn.com/dict/wd_10986.html,14,S,0
promotion,118234,https://www.koolearn.com/dict/wd_118234.html,9,S,0
welfare,164485,https://www.koolearn.com/dict/wd_164485.html,6,S,0
abstract,962,https://www.koolearn.com/dict/wd_962.html,11,S,1
available,11626,https://www.koolearn.com/dict/wd_11626.html,8,S,1
maintain,90317,https://www.koolearn.com/dict/wd_90317.html,8,S,1
negative,99718,https://www.koolearn.com/dict/wd_99718.html,7,S,1
nutrition,102525,https://www.koolearn.com/dict/wd_102525.html,9,S,2
personality,111161,https://www.koolearn.com/dict/wd_111161.html,8,S,2
physical,112185,https://www.koolearn.com/dict/wd_112185.html,13,S,1
promote,118227,https://www.koolearn.com/dict/wd_118227.html,13,S,1
reliable,124522,https://www.koolearn.com/dict/wd_124522.html,7,S,1
curriculum,37820,https://www.koolearn.com/dict/wd_37820.html,14,S,0
deteriorate,41868,https://www.koolearn.com/dict/wd_41868.html,7,S,0
feedback,55386,https://www.koolearn.com/dict/wd_55386.html,7,S,0
grant,65490,https://www.koolearn.com/dict/wd_65490.html,14,S,0
preserve,116977,https://www.koolearn.com/dict/wd_116977.html,7,S,0
statistics,141963,https://www.koolearn.com/dict/wd_141963.html,5,S,0
stress,143388,https://www.koolearn.com/dict/wd_143388.html,8,S,0
survey,145773,https://www.koolearn.com/dict/wd_145773.html,10,S,0
dominant,45260,https://www.koolearn.com/dict/wd_45260.html,11,S,1
capacity,24248,https://www.koolearn.com/dict/wd_24248.html,11,S,0
category,25661,https://www.koolearn.com/dict/wd_25661.html,8,S,0
commercial,31927,https://www.koolearn.com/dict/wd_31927.html,8,S,0
consequence,33499,https://www.koolearn.com/dict/wd_33499.html,11,S,0
desert,41566,https://www.koolearn.com/dict/wd_41566.html,6,S,0
impact,74642,https://www.koolearn.com/dict/wd_74642.html,12,S,0
proportion,118432,https://www.koolearn.com/dict/wd_118432.html,11,S,0
relevant,124514,https://www.koolearn.com/dict/wd_124514.html,14,S,0
barrier,13595,https://www.koolearn.com/dict/wd_13595.html,11,S,1
chronic,28666,https://www.koolearn.com/dict/wd_28666.html,12,S,3
compensate,32288,https://www.koolearn.com/dict/wd_32288.html,13,S,1
component,32439,https://www.koolearn.com/dict/wd_32439.html,15,S,1
demonstrate,40874,https://www.koolearn.com/dict/wd_40874.html,7,S,1
equipment,51339,https://www.koolearn.com/dict/wd_51339.html,6,S,1
mature,92360,https://www.koolearn.com/dict/wd_92360.html,6,S,1
original,105328,https://www.koolearn.com/dict/wd_105328.html,13,S,2
alter,5140,https://www.koolearn.com/dict/wd_5140.html,13,S,0
breed,20666,https://www.koolearn.com/dict/wd_20666.html,10,S,0
deposit,41266,https://www.koolearn.com/dict/wd_41266.html,9,S,0
entertainment,50654,https://www.koolearn.com/dict/wd_50654.html,7,S,0
variety,160880,https://www.koolearn.com/dict/wd_160880.html,12,S,0
release,124485,https://www.koolearn.com/dict/wd_124485.html,8,S,1
accommodation,1262,https://www.koolearn.com/dict/wd_1262.html,6,S,1
decline,39817,https://www.koolearn.com/dict/wd_39817.html,6,S,1
foster,59400,https://www.koolearn.com/dict/wd_59400.html,7,S,2
irrigation,79741,https://www.koolearn.com/dict/wd_79741.html,8,S,2
toxic,153497,https://www.koolearn.com/dict/wd_153497.html,14,S,2
assessment,10033,https://www.koolearn.com/dict/wd_10033.html,7,S,0
complex,32393,https://www.koolearn.com/dict/wd_32393.html,7,S,0
conflict,33128,https://www.koolearn.com/dict/wd_33128.html,11,S,0
infrastructure,77329,https://www.koolearn.com/dict/wd_77329.html,9,S,0
species,139901,https://www.koolearn.com/dict/wd_139901.html,7,S,0
standard,141620,https://www.koolearn.com/dict/wd_141620.html,10,S,0
treatment,154419,https://www.koolearn.com/dict/wd_154419.html,7,S,0
drought,46600,https://www.koolearn.com/dict/wd_46600.html,9,S,1
ancestor,6182,https://www.koolearn.com/dict/wd_6182.html,9,S,1
democratic,40823,https://www.koolearn.com/dict/wd_40823.html,13,S,3
heritage,70096,https://www.koolearn.com/dict/wd_70096.html,10,S,1
stable,141324,https://www.koolearn.com/dict/wd_141324.html,13,S,1
stimulate,142627,https://www.koolearn.com/dict/wd_142627.html,11,S,1
symptom,146550,https://www.koolearn.com/dict/wd_146550.html,12,S,1
ancient,6241,https://www.koolearn.com/dict/wd_6241.html,13,S,0
block,18229,https://www.koolearn.com/dict/wd_18229.html,8,S,0
charge,27144,https://www.koolearn.com/dict/wd_27144.html,6,S,0
diversity,44608,https://www.koolearn.com/dict/wd_44608.html,15,S,0
enormous,50432,https://www.koolearn.com/dict/wd_50432.html,11,S,0
evolution,52632,https://www.koolearn.com/dict/wd_52632.html,7,S,0
guarantee,66520,https://www.koolearn.com/dict/wd_66520.html,10,S,0
landmark,84413,https://www.koolearn.com/dict/wd_84413.html,5,S,0
leisure,85862,https://www.koolearn.com/dict/wd_85862.html,5,S,0
perspective,111192,https://www.koolearn.com/dict/wd_111192.html,10,S,0
preference,116595,https://www.koolearn.com/dict/wd_116595.html,11,S,0
project,118109,https://www.koolearn.com/dict/wd_118109.html,7,S,0
recycle,123312,https://www.koolearn.com/dict/wd_123312.html,5,S,0
vulnerable,162958,https://www.koolearn.com/dict/wd_162958.html,12,S,0
adopt,2546,https://www.koolearn.com/dict/wd_2546.html,9,S,2
financial,56479,https://www.koolearn.com/dict/wd_56479.html,11,S,3
prospect,118575,https://www.koolearn.com/dict/wd_118575.html,9,S,2
sufficient,144714,https://www.koolearn.com/dict/wd_144714.html,10,S,1
visual,162358,https://www.koolearn.com/dict/wd_162358.html,13,S,3
crisis,36673,https://www.koolearn.com/dict/wd_36673.html,10,S,0
enhance,50319,https://www.koolearn.com/dict/wd_50319.html,8,S,0
illustrate,74336,https://www.koolearn.com/dict/wd_74336.html,12,S,0
insurance,78161,https://www.koolearn.com/dict/wd_78161.html,6,S,0
mammal,90944,https://www.koolearn.com/dict/wd_90944.html,14,S,0
monopoly,96663,https://www.koolearn.com/dict/wd_96663.html,5,S,0
presentation,116958,https://www.koolearn.com/dict/wd_116958.html,6,S,0
spectacular,139946,https://www.koolearn.com/dict/wd_139946.html,9,S,0
sustainable,145858,https://www.koolearn.com/dict/wd_145858.html,12,S,0
transfer,154001,https://www.koolearn.com/dict/wd_154001.html,8,S,0
architecture,8643,https://www.koolearn.com/dict/wd_8643.html,5,S,1
colleague,31234,https://www.koolearn.com/dict/wd_31234.html,7,S,1
distinct,44399,https://www.koolearn.com/dict/wd_44399.html,8,S,1
initial,77518,https://www.koolearn.com/dict/wd_77518.html,11,S,1
insight,77898,https://www.koolearn.com/dict/wd_77898.html,9,S,1
retain,125963,https://www.koolearn.com/dict/wd_125963.html,11,S,1
abuse,1002,https://www.koolearn.com/dict/wd_1002.html,9,S,0
appreciate,8159,https://www.koolearn.com/dict/wd_8159.html,13,S,0
audience,11099,https://www.koolearn.com/dict/wd_11099.html,7,S,0
certificate,26608,https://www.koolearn.com/dict/wd_26608.html,5,S,0
ecosystem,47980,https://www.koolearn.com/dict/wd_47980.html,11,S,0
efficient,48310,https://www.koolearn.com/dict/wd_48310.html,9,S,0
exploit,53480,https://www.koolearn.com/dict/wd_53480.html,15,S,0
intelligence,78257,https://www.koolearn.com/dict/wd_78257.html,13,S,0
literature,87539,https://www.koolearn.com/dict/wd_87539.html,8,S,0
professional,117945,https://www.koolearn.com/dict/wd_117945.html,5,S,0
subject,144144,https://www.koolearn.com/dict/wd_144144.html,8,S,0
trigger,154791,https://www.koolearn.com/dict/wd_154791.html,14,S,0
associate,10117,https://www.koolearn.com/dict/wd_10117.html,10,S,1
assume,10166,https://www.koolearn.com/dict/wd_10166.html,8,S,1
characteristic,27108,https://www.koolearn.com/dict/wd_27108.html,13,S,1
exaggerate,52704,https://www.koolearn.com/dict/wd_52704.html,11,S,1
expand,53278,https://www.koolearn.com/dict/wd_53278.html,7,S,1
implement,74886,https://www.koolearn.com/dict/wd_74886.html,9,S,1
overcome,106609,https://www.koolearn.com/dict/wd_106609.html,12,S,1
portable,115412,https://www.koolearn.com/dict/wd_115412.html,9,S,2
primary,117403,https://www.koolearn.com/dict/wd_117403.html,11,S,1
random,121829,https://www.koolearn.com/dict/wd_121829.html,9,S,1
trend,154511,https://www.koolearn.com/dict/wd_154511.html,7,S,1
atmosphere,10737,https://www.koolearn.com/dict/wd_10737.html,6,S,0
concentrate,32695,https://www.koolearn.com/dict/wd_32695.html,14,S,0
cultivate,37509,https://www.koolearn.com/dict/wd_37509.html,8,S,0
destination,41762,https://www.koolearn.com/dict/wd_41762.html,7,S,0
function,60831,https://www.koolearn.com/dict/wd_60831.html,8,S,0
identity,73967,https://www.koolearn.com/dict/wd_73967.html,8,S,0
intensive,78304,https://www.koolearn.com/dict/wd_78304.html,8,S,0
journal,81286,https://www.koolearn.com/dict/wd_81286.html,8,S,0
label,83744,https://www.koolearn.com/dict/wd_83744.html,12,S,0
migration,94603,https://www.koolearn.com/dict/wd_94603.html,9,S,0
mineral,94951,https://www.koolearn.com/dict/wd_94951.html,5,S,0
obligation,102753,https://www.koolearn.com/dict/wd_102753.html,11,S,0
perceive,110605,https://www.koolearn.com/dict/wd_110605.html,14,S,0
predator,116463,https://www.koolearn.com/dict/wd_116463.html,8,S,0
recreation,123193,https://www.koolearn.com/dict/wd_123193.html,10,S,0
shift,134587,https://www.koolearn.com/dict/wd_134587.html,13,S,0
sophisticated,139181,https://www.koolearn.com/dict/wd_139181.html,10,S,0
suburb,144530,https://www.koolearn.com/dict/wd_144530.html,5,S,0
vegetation,161078,https://www.koolearn.com/dict/wd_161078.html,5,S,0
virtual,162236,https://www.koolearn.com/dict/wd_162236.html,8,S,0
encounter,49862,https://www.koolearn.com/dict/wd_49862.html,8,S,1
diminish,42955,https://www.koolearn.com/dict/wd_42955.html,13,S,1
distribute,44462,https://www.koolearn.com/dict/wd_44462.html,12,S,1
integrate,78224,https://www.koolearn.com/dict/wd_78224.html,14,S,1
steady,142071,https://www.koolearn.com/dict/wd_142071.html,7,S,2
benefit,16092,https://www.koolearn.com/dict/wd_16092.html,7,S,0
competition,32323,https://www.koolearn.com/dict/wd_32323.html,5,S,0
consumption,33783,https://www.koolearn.com/dict/wd_33783.html,8,S,0
convert,34235,https://www.koolearn.com/dict/wd_34235.html,11,S,0
crucial,37049,https://www.koolearn.com/dict/wd_37049.html,10,S,0
distinguish,44409,https://www.koolearn.com/dict/wd_44409.html,13,S,0
evidence,52586,https://www.koolearn.com/dict/wd_52586.html,13,S,0
exchange,52825,https://www.koolearn.com/dict/wd_52825.html,12,S,0
explore,53497,https://www.koolearn.com/dict/wd_53497.html,7,S,0
faculty,54230,https://www.koolearn.com/dict/wd_54230.html,9,S,0
format,59209,https://www.koolearn.com/dict/wd_59209.html,13,S,0
immune,74586,https://www.koolearn.com/dict/wd_74586.html,9,S,0
infection,77085,https://www.koolearn.com/dict/wd_77085.html,5,S,0
involve,79383,https://www.koolearn.com/dict/wd_79383.html,14,S,0
military,94678,https://www.koolearn.com/dict/wd_94678.html,12,S,0
opportunity,104876,https://www.koolearn.com/dict/wd_104876.html,12,S,0
pattern,109485,https://www.koolearn.com/dict/wd_109485.html,13,S,0
performance,110738,https://www.koolearn.com/dict/wd_110738.html,6,S,0
psychological,119110,https://www.koolearn.com/dict/wd_119110.html,7,S,0
reference,123710,https://www.koolearn.com/dict/wd_123710.html,8,S,0
reserve,125514,https://www.koolearn.com/dict/wd_125514.html,7,S,0
scheme,130972,https://www.koolearn.com/dict/wd_130972.html,9,S,0
staff,141370,https://www.koolearn.com/dict/wd_141370.html,6,S,0
substance,144405,https://www.koolearn.com/dict/wd_144405.html,14,S,0
traditional,153730,https://www.koolearn.com/dict/wd_153730.html,7,S,0
transform,154030,https://www.koolearn.com/dict/wd_154030.html,8,S,0
uniform,158269,https://www.koolearn.com/dict/wd_158269.html,12,S,0
boost,19394,https://www.koolearn.com/dict/wd_19394.html,6,S,2
concrete,32852,https://www.koolearn.com/dict/wd_32852.html,8,S,1
consistent,33565,https://www.koolearn.com/dict/wd_33565.html,9,S,3
contract,33994,https://www.koolearn.com/dict/wd_33994.html,8,S,1
ignore,74154,https://www.koolearn.com/dict/wd_74154.html,12,S,3
ambition,5420,https://www.koolearn.com/dict/wd_5420.html,6,S,0
analysis,6066,https://www.koolearn.com/dict/wd_6066.html,8,S,0
circumstance,29134,https://www.koolearn.com/dict/wd_29134.html,7,S,0
coach,30415,https://www.koolearn.com/dict/wd_30415.html,7,S,0
concentration,32702,https://www.koolearn.com/dict/wd_32702.html,9,S,0
emission,49467,https://www.koolearn.com/dict/wd_49467.html,7,S,0
estimate,51902,https://www.koolearn.com/dict/wd_51902.html,10,S,0
intelligent,78263,https://www.koolearn.com/dict/wd_78263.html,8,S,0
loan,87859,https://www.koolearn.com/dict/wd_87859.html,7,S,0
measure,92687,https://www.koolearn.com/dict/wd_92687.html,13,S,0
mechanism,92762,https://www.koolearn.com/dict/wd_92762.html,13,S,0
motivation,97304,https://www.koolearn.com/dict/wd_97304.html,7,S,0
nurture,102483,https://www.koolearn.com/dict/wd_102483.html,5,S,0
regulation,124177,https://www.koolearn.com/dict/wd_124177.html,11,S,0
reservation,125511,https://www.koolearn.com/dict/wd_125511.html,5,S,0
rival,127401,https://www.koolearn.com/dict/wd_127401.html,7,S,0
similar,136015,https://www.koolearn.com/dict/wd_136015.html,12,S,0
substitute,144434,https://www.koolearn.com/dict/wd_144434.html,13,S,0
theoretical,150263,https://www.koolearn.com/dict/wd_150263.html,6,S,0
undermine,157617,https://www.koolearn.com/dict/wd_157617.html,8,S,0
vehicle,161090,https://www.koolearn.com/dict/wd_161090.html,7,S,0
vision,162323,https://www.koolearn.com/dict/wd_162323.html,6,S,0
schedule,130956,https://www.koolearn.com/dict/wd_130956.html,6,S,1
urban,159986,https://www.koolearn.com/dict/wd_159986.html,8,S,1
adequate,2272,https://www.koolearn.com/dict/wd_2272.html,8,S,1
adjust,2391,https://www.koolearn.com/dict/wd_2391.html,13,S,1
architect,8607,https://www.koolearn.com/dict/wd_8607.html,7,S,1
candidate,23958,https://www.koolearn.com/dict/wd_23958.html,7,S,1
circulation,29084,https://www.koolearn.com/dict/wd_29084.html,9,S,1
employee,49578,https://www.koolearn.com/dict/wd_49578.html,5,S,1
extinct,53728,https://www.koolearn.com/dict/wd_53728.html,14,S,1
harsh,68382,https://www.koolearn.com/dict/wd_68382.html,13,S,1
impose,74970,https://www.koolearn.com/dict/wd_74970.html,5,S,1
internal,78609,https://www.koolearn.com/dict/wd_78609.html,5,S,1
outline,106185,https://www.koolearn.com/dict/wd_106185.html,8,S,1
permit,110991,https://www.koolearn.com/dict/wd_110991.html,13,S,2
phenomenon,111673,https://www.koolearn.com/dict/wd_111673.html,8,S,3
principal,117521,https://www.koolearn.com/dict/wd_117521.html,12,S,2
remote,124770,https://www.koolearn.com/dict/wd_124770.html,6,S,1
status,141979,https://www.koolearn.com/dict/wd_141979.html,6,S,2
tension,149197,https://www.koolearn.com/dict/wd_149197.html,12,S,1
voluntary,162750,https://www.koolearn.com/dict/wd_162750.html,8,S,1
accessible,1207,https://www.koolearn.com/dict/wd_1207.html,7,S,0
assess,10026,https://www.koolearn.com/dict/wd_10026.html,12,S,0
effective,48262,https://www.koolearn.com/dict/wd_48262.html,7,S,0
evolve,52640,https://www.koolearn.com/dict/wd_52640.html,15,S,0
finance,56471,https://www.koolearn.com/dict/wd_56471.html,6,S,0
flat,57364,https://www.koolearn.com/dict/wd_57364.html,7,S,0
generate,62464,https://www.koolearn.com/dict/wd_62464.html,9,S,0
influence,77239,https://www.koolearn.com/dict/wd_77239.html,10,S,0
issue,80031,https://www.koolearn.com/dict/wd_80031.html,8,S,0
legal,85719,https://www.koolearn.com/dict/wd_85719.html,9,S,0
mould,97403,https://www.koolearn.com/dict/wd_97403.html,13,S,0
peak,109800,https://www.koolearn.com/dict/wd_109800.html,15,S,0
peer,110092,https://www.koolearn.com/dict/wd_110092.html,9,S,0
profit,117993,https://www.koolearn.com/dict/wd_117993.html,9,S,0
protein,118674,https://www.koolearn.com/dict/wd_118674.html,5,S,0
questionnaire,120847,https://www.koolearn.com/dict/wd_120847.html,7,S,0
resemble,125496,https://www.koolearn.com/dict/wd_125496.html,14,S,0
hypothesis,73612,https://www.koolearn.com/dict/wd_73612.html,13,S,2
brochure,21180,https://www.koolearn.com/dict/wd_21180.html,5,S,3
climate,29856,https://www.koolearn.com/dict/wd_29856.html,7,S,2
erosion,51535,https://www.koolearn.com/dict/wd_51535.html,9,S,3
external,53694,https://www.koolearn.com/dict/wd_53694.html,8,S,1
prey,117288,https://www.koolearn.com/dict/wd_117288.html,11,S,2
psychology,119126,https://www.koolearn.com/dict/wd_119126.html,7,S,1
altitude,5209,https://www.koolearn.com/dict/wd_5209.html,12,S,0
anticipate,7260,https://www.koolearn.com/dict/wd_7260.html,8,S,0
application,8069,https://www.koolearn.com/dict/wd_8069.html,12,S,0
comedy,31788,https://www.koolearn.com/dict/wd_31788.html,5,S,0
conservation,33507,https://www.koolearn.com/dict/wd_33507.html,5,S,0
credit,36370,https://www.koolearn.com/dict/wd_36370.html,6,S,0
expertise,53414,https://www.koolearn.com/dict/wd_53414.html,13,S,0
option,104979,https://www.koolearn.com/dict/wd_104979.html,12,S,0
participate,108968,https://www.koolearn.com/dict/wd_108968.html,11,S,0
range,121848,https://www.koolearn.com/dict/wd_121848.html,12,S,0
resort,125690,https://www.koolearn.com/dict/wd_125690.html,5,S,0
senior,133112,https://www.koolearn.com/dict/wd_133112.html,5,S,0
trace,153566,https://www.koolearn.com/dict/wd_153566.html,12,S,0
permanent,110956,https://www.koolearn.com/dict/wd_110956.html,10,S,1
abandon,419,https://www.koolearn.com/dict/wd_419.html,11,S,1
allocate,4869,https://www.koolearn.com/dict/wd_4869.html,9,S,2
convention,34190,https://www.koolearn.com/dict/wd_34190.html,14,S,1
convey,34264,https://www.koolearn.com/dict/wd_34264.html,9,S,1
current,37796,https://www.koolearn.com/dict/wd_37796.html,7,S,1
dynamic,47367,https://www.koolearn.com/dict/wd_47367.html,6,S,3
economic,47914,https://www.koolearn.com/dict/wd_47914.html,6,S,3
fluctuate,58018,https://www.koolearn.com/dict/wd_58018.html,8,S,3
intellectual,78246,https://www.koolearn.com/dict/wd_78246.html,6,S,1
principle,117537,https://www.koolearn.com/dict/wd_117537.html,13,S,2
regulate,124172,https://www.koolearn.com/dict/wd_124172.html,10,S,1
appropriate,8214,https://www.koolearn.com/dict/wd_8214.html,8,S,0
claim,29363,https://www.koolearn.com/dict/wd_29363.html,7,S,0
damp,38704,https://www.koolearn.com/dict/wd_38704.html,11,S,0
deadline,39323,https://www.koolearn.com/dict/wd_39323.html,9,S,0
delivery,40640,https://www.koolearn.com/dict/wd_40640.html,10,S,0
emotion,49510,https://www.koolearn.com/dict/wd_49510.html,6,S,0
erode,51520,https://www.koolearn.com/dict/wd_51520.html,13,S,0
expansion,53293,https://www.koolearn.com/dict/wd_53293.html,6,S,0
experiment,53395,https://www.koolearn.com/dict/wd_53395.html,12,S,0
fuel,60607,https://www.koolearn.com/dict/wd_60607.html,7,S,0
genetic,62497,https://www.koolearn.com/dict/wd_62497.html,7,S,0
identify,73959,https://www.koolearn.com/dict/wd_73959.html,12,S,0
indicate,76641,https://www.koolearn.com/dict/wd_76641.html,9,S,0
insect,77825,https://www.koolearn.com/dict/wd_77825.html,6,S,0
interfere,78467,https://www.koolearn.com/dict/wd_78467.html,11,S,0
item,80106,https://www.koolearn.com/dict/wd_80106.html,6,S,0
medium,92930,https://www.koolearn.com/dict/wd_92930.html,5,S,0
mental,93449,https://www.koolearn.com/dict/wd_93449.html,14,S,0
occupation,103016,https://www.koolearn.com/dict/wd_103016.html,6,S,0
population,115309,https://www.koolearn.com/dict/wd_115309.html,7,S,0
process,117795,https://www.koolearn.com/dict/wd_117795.html,7,S,0
purchase,119793,https://www.koolearn.com/dict/wd_119793.html,8,S,0
qualification,120560,https://www.koolearn.com/dict/wd_120560.html,5,S,0
scale,130662,https://www.koolearn.com/dict/wd_130662.html,7,S,0
scholarship,131061,https://www.koolearn.com/dict/wd_131061.html,5,S,0
security,132280,https://www.koolearn.com/dict/wd_132280.html,6,S,0
switch,146319,https://www.koolearn.com/dict/wd_146319.html,6,S,0
track,153604,https://www.koolearn.com/dict/wd_153604.html,12,S,0
tremendous,154483,https://www.koolearn.com/dict/wd_154483.html,14,S,0
tuition,155656,https://www.koolearn.com/dict/wd_155656.html,7,S,0
victim,161838,https://www.koolearn.com/dict/wd_161838.html,7,S,0
volume,162736,https://www.koolearn.com/dict/wd_162736.html,11,S,0
accumulate,1413,https://www.koolearn.com/dict/wd_1413.html,11,S,1
accelerate,1126,https://www.koolearn.com/dict/wd_1126.html,12,S,2
accurate,1427,https://www.koolearn.com/dict/wd_1427.html,6,S,1
congestion,33226,https://www.koolearn.com/dict/wd_33226.html,7,S,2
dominate,45264,https://www.koolearn.com/dict/wd_45264.html,10,S,1
elaborate,48551,https://www.koolearn.com/dict/wd_48551.html,13,S,1
establish,51854,https://www.koolearn.com/dict/wd_51854.html,7,S,1
expert,53409,https://www.koolearn.com/dict/wd_53409.html,9,S,1
extreme,53860,https://www.koolearn.com/dict/wd_53860.html,12,S,1
fatigue,55060,https://www.koolearn.com/dict/wd_55060.html,8,S,1
inevitable,76998,https://www.koolearn.com/dict/wd_76998.html,10,S,1
maximum,92461,https://www.koolearn.com/dict/wd_92461.html,7,S,1
moral,96908,https://www.koolearn.com/dict/wd_96908.html,14,S,2
pollution,114822,https://www.koolearn.com/dict/wd_114822.html,5,S,2
preliminary,116696,https://www.koolearn.com/dict/wd_116696.html,10,S,1
sustain,145856,https://www.koolearn.com/dict/wd_145856.html,7,S,1
violent,162146,https://www.koolearn.com/dict/wd_162146.html,13,S,1
artistic,9394,https://www.koolearn.com/dict/wd_9394.html,7,S,0
attribute,11028,https://www.koolearn.com/dict/wd_11028.html,8,S,0
challenge,26861,https://www.koolearn.com/dict/wd_26861.html,5,S,0
contaminate,33821,https://www.koolearn.com/dict/wd_33821.html,5,S,0
contemporary,33845,https://www.koolearn.com/dict/wd_33845.html,9,S,0
critical,36714,https://www.koolearn.com/dict/wd_36714.html,7,S,0
currency,37788,https://www.koolearn.com/dict/wd_37788.html,5,S,0
documentary,44973,https://www.koolearn.com/dict/wd_44973.html,6,S,0
dramatic,46085,https://www.koolearn.com/dict/wd_46085.html,12,S,0
extensive,53668,https://www.koolearn.com/dict/wd_53668.html,9,S,0
figure,56230,https://www.koolearn.com/dict/wd_56230.html,7,S,0
flourish,57949,https://www.koolearn.com/dict/wd_57949.html,6,S,0
handle,67846,https://www.koolearn.com/dict/wd_67846.html,6,S,0
layer,85206,https://www.koolearn.com/dict/wd_85206.html,7,S,0
pose,115498,https://www.koolearn.com/dict/wd_115498.html,12,S,0
positive,115530,https://www.koolearn.com/dict/wd_115530.html,6,S,0
prescription,116931,https://www.koolearn.com/dict/wd_116931.html,5,S,0
rare,121990,https://www.koolearn.com/dict/wd_121990.html,10,S,0
solar,138711,https://www.koolearn.com/dict/wd_138711.html,6,S,0
structure,143678,https://www.koolearn.com/dict/wd_143678.html,9,S,0
subtle,144495,https://www.koolearn.com/dict/wd_144495.html,14,S,0
theory,150278,https://www.koolearn.com/dict/wd_150278.html,7,S,0
disaster,43449,https://www.koolearn.com/dict/wd_43449.html,12,S,1
absorb,902,https://www.koolearn.com/dict/wd_902.html,8,S,1
redundant,123581,https://www.koolearn.com/dict/wd_123581.html,5,S,2
devastate,41996,https://www.koolearn.com/dict/wd_41996.html,13,S,2
evaluate,52386,https://www.koolearn.com/dict/wd_52386.html,10,S,2
extract,53779,https://www.koolearn.com/dict/wd_53779.html,11,S,1
feasible,55256,https://www.koolearn.com/dict/wd_55256.html,10,S,2
fragile,59601,https://www.koolearn.com/dict/wd_59601.html,11,S,1
hostile,72182,https://www.koolearn.com/dict/wd_72182.html,6,S,1
indulge,76855,https://www.koolearn.com/dict/wd_76855.html,9,S,1
initiative,77546,https://www.koolearn.com/dict/wd_77546.html,6,S,1
interior,78497,https://www.koolearn.com/dict/wd_78497.html,12,S,1
link,87259,https://www.koolearn.com/dict/wd_87259.html,8,S,1
literacy,87516,https://www.koolearn.com/dict/wd_87516.html,10,S,3
personnel,111184,https://www.koolearn.com/dict/wd_111184.html,7,S,2
prohibit,118096,https://www.koolearn.com/dict/wd_118096.html,8,S,1
sample,129867,https://www.koolearn.com/dict/wd_129867.html,7,S,1
session,133648,https://www.koolearn.com/dict/wd_133648.html,6,S,2
accompany,1276,https://www.koolearn.com/dict/wd_1276.html,8,S,0
aggressive,3439,https://www.koolearn.com/dict/wd_3439.html,5,S,0
agriculture,3611,https://www.koolearn.com/dict/wd_3611.html,6,S,0
allergy,4815,https://www.koolearn.com/dict/wd_4815.html,7,S,0
association,10132,https://www.koolearn.com/dict/wd_10132.html,13,S,0
bacteria,12455,https://www.koolearn.com/dict/wd_12455.html,11,S,0
campaign,23809,https://www.koolearn.com/dict/wd_23809.html,7,S,0
comment,31914,https://www.koolearn.com/dict/wd_31914.html,12,S,0
conference,33030,https://www.koolearn.com/dict/wd_33030.html,8,S,0
confidence,33065,https://www.koolearn.com/dict/wd_33065.html,5,S,0
decade,39568,https://www.koolearn.com/dict/wd_39568.html,7,S,0
demanding,40735,https://www.koolearn.com/dict/wd_40735.html,14,S,0
detect,41835,https://www.koolearn.com/dict/wd_41835.html,13,S,0
distribution,44468,https://www.koolearn.com/dict/wd_44468.html,8,S,0
drawback,46162,https://www.koolearn.com/dict/wd_46162.html,8,S,0
element,48869,https://www.koolearn.com/dict/wd_48869.html,8,S,0
estate,51865,https://www.koolearn.com/dict/wd_51865.html,10,S,0
experience,53387,https://www.koolearn.com/dict/wd_53387.html,5,S,0
expose,53537,https://www.koolearn.com/dict/wd_53537.html,9,S,0
extend,53642,https://www.koolearn.com/dict/wd_53642.html,12,S,0
extension,53659,https://www.koolearn.com/dict/wd_53659.html,6,S,0
fossil,59387,https://www.koolearn.com/dict/wd_59387.html,10,S,0
image,74363,https://www.koolearn.com/dict/wd_74363.html,8,S,0
intense,78288,https://www.koolearn.com/dict/wd_78288.html,12,S,0
lack,83908,https://www.koolearn.com/dict/wd_83908.html,12,S,0
organic,105215,https://www.koolearn.com/dict/wd_105215.html,7,S,0
plastic,113601,https://www.koolearn.com/dict/wd_113601.html,5,S,0
present,116945,https://www.koolearn.com/dict/wd_116945.html,6,S,0
pressure,117084,https://www.koolearn.com/dict/wd_117084.html,6,S,0
previous,117261,https://www.koolearn.com/dict/wd_117261.html,8,S,0
private,117635,https://www.koolearn.com/dict/wd_117635.html,11,S,0
radiation,121321,https://www.koolearn.com/dict/wd_121321.html,8,S,0
reject,124370,https://www.koolearn.com/dict/wd_124370.html,13,S,0
responsibility,125771,https://www.koolearn.com/dict/wd_125771.html,8,S,0
restrict,125864,https://www.koolearn.com/dict/wd_125864.html,11,S,0
restriction,125870,https://www.koolearn.com/dict/wd_125870.html,11,S,0
scent,130930,https://www.koolearn.com/dict/wd_130930.html,6,S,0
shade,134011,https://www.koolearn.com/dict/wd_134011.html,11,S,0
stability,141315,https://www.koolearn.com/dict/wd_141315.html,7,S,0
value,160658,https://www.koolearn.com/dict/wd_160658.html,9,S,0
vary,160917,https://www.koolearn.com/dict/wd_160917.html,8,S,0
virtually,162247,https://www.koolearn.com/dict/wd_162247.html,8,S,0
volunteer,162754,https://www.koolearn.com/dict/wd_162754.html,6,S,0
deprive,41325,https://www.koolearn.com/dict/wd_41325.html,8,S,1
obstacle,102874,https://www.koolearn.com/dict/wd_102874.html,10,S,1
significant,135791,https://www.koolearn.com/dict/wd_135791.html,9,S,1
acquire,1775,https://www.koolearn.com/dict/wd_1775.html,5,S,1
context,33894,https://www.koolearn.com/dict/wd_33894.html,9,S,1
discharge,43521,https://www.koolearn.com/dict/wd_43521.html,11,S,1
endanger,49948,https://www.koolearn.com/dict/wd_49948.html,12,S,1
facilitate,54151,https://www.koolearn.com/dict/wd_54151.html,6,S,1
instinct,78065,https://www.koolearn.com/dict/wd_78065.html,7,S,2
massive,92077,https://www.koolearn.com/dict/wd_92077.html,10,S,1
minority,95141,https://www.koolearn.com/dict/wd_95141.html,7,S,1
reluctant,124597,https://www.koolearn.com/dict/wd_124597.html,10,S,1
remarkable,124648,https://www.koolearn.com/dict/wd_124648.html,5,S,1
reputation,125355,https://www.koolearn.com/dict/wd_125355.html,5,S,1
tropical,155167,https://www.koolearn.com/dict/wd_155167.html,13,S,1
advanced,2682,https://www.koolearn.com/dict/wd_2682.html,6,S,0
classical,29529,https://www.koolearn.com/dict/wd_29529.html,7,S,0
commission,31979,https://www.koolearn.com/dict/wd_31979.html,5,S,0
comprehensive,32510,https://www.koolearn.com/dict/wd_32510.html,6,S,0
consult,33732,https://www.koolearn.com/dict/wd_33732.html,11,S,0
container,33806,https://www.koolearn.com/dict/wd_33806.html,6,S,0
ecology,47909,https://www.koolearn.com/dict/wd_47909.html,7,S,0
export,53517,https://www.koolearn.com/dict/wd_53517.html,5,S,0
factor,54188,https://www.koolearn.com/dict/wd_54188.html,6,S,0
fund,60851,https://www.koolearn.com/dict/wd_60851.html,10,S,0
gene,62386,https://www.koolearn.com/dict/wd_62386.html,13,S,0
induce,76829,https://www.koolearn.com/dict/wd_76829.html,12,S,0
optimistic,104968,https://www.koolearn.com/dict/wd_104968.html,9,S,0
overall,106528,https://www.koolearn.com/dict/wd_106528.html,5,S,0
perception,110621,https://www.koolearn.com/dict/wd_110621.html,10,S,0
pesticide,111323,https://www.koolearn.com/dict/wd_111323.html,7,S,0
relationship,124447,https://www.koolearn.com/dict/wd_124447.html,5,S,0
tribe,154630,https://www.koolearn.com/dict/wd_154630.html,7,S,0
visible,162314,https://www.koolearn.com/dict/wd_162314.html,11,S,0
acknowledge,1674,https://www.koolearn.com/dict/wd_1674.html,11,S,1
adapt,2097,https://www.koolearn.com/dict/wd_2097.html,11,S,1
address,2193,https://www.koolearn.com/dict/wd_2193.html,7,S,2
advocate,2802,https://www.koolearn.com/dict/wd_2802.html,6,S,1
affect,3026,https://www.koolearn.com/dict/wd_3026.html,5,S,2
astronomy,10314,https://www.koolearn.com/dict/wd_10314.html,6,S,1
debate,39466,https://www.koolearn.com/dict/wd_39466.html,6,S,1
disease,43726,https://www.koolearn.com/dict/wd_43726.html,6,S,2
diverse,44594,https://www.koolearn.com/dict/wd_44594.html,8,S,2
elusive,49098,https://www.koolearn.com/dict/wd_49098.html,13,S,2
equivalent,51370,https://www.koolearn.com/dict/wd_51370.html,9,S,1
evaluation,52391,https://www.koolearn.com/dict/wd_52391.html,5,S,2
hazard,68920,https://www.koolearn.com/dict/wd_68920.html,10,S,1
migrate,94599,https://www.koolearn.com/dict/wd_94599.html,12,S,3
modify,96086,https://www.koolearn.com/dict/wd_96086.html,13,S,1
predict,116508,https://www.koolearn.com/dict/wd_116508.html,13,S,1
rational,122131,https://www.koolearn.com/dict/wd_122131.html,6,S,1
superior,145297,https://www.koolearn.com/dict/wd_145297.html,12,S,1
symbol,146484,https://www.koolearn.com/dict/wd_146484.html,11,S,1
trait,153856,https://www.koolearn.com/dict/wd_153856.html,10,S,1
viable,161720,https://www.koolearn.com/dict/wd_161720.html,12,S,2
battery,14029,https://www.koolearn.com/dict/wd_14029.html,5,S,0
contact,33787,https://www.koolearn.com/dict/wd_33787.html,5,S,0
conventional,34193,https://www.koolearn.com/dict/wd_34193.html,10,S,0
crime,36595,https://www.koolearn.com/dict/wd_36595.html,5,S,0
display,44119,https://www.koolearn.com/dict/wd_44119.html,9,S,0
distinctive,44403,https://www.koolearn.com/dict/wd_44403.html,10,S,0
engage,50212,https://www.koolearn.com/dict/wd_50212.html,7,S,0
exceed,52771,https://www.koolearn.com/dict/wd_52771.html,9,S,0
extinction,53731,https://www.koolearn.com/dict/wd_53731.html,10,S,0
gravity,65691,https://www.koolearn.com/dict/wd_65691.html,6,S,0
immense,74502,https://www.koolearn.com/dict/wd_74502.html,10,S,0
inspiration,77979,https://www.koolearn.com/dict/wd_77979.html,7,S,0
install,78005,https://www.koolearn.com/dict/wd_78005.html,6,S,0
interaction,78335,https://www.koolearn.com/dict/wd_78335.html,10,S,0
luxury,89533,https://www.koolearn.com/dict/wd_89533.html,7,S,0
motivate,97300,https://www.koolearn.com/dict/wd_97300.html,11,S,0
nutrient,102518,https://www.koolearn.com/dict/wd_102518.html,13,S,0
occupy,103031,https://www.koolearn.com/dict/wd_103031.html,9,S,0
oxygen,107361,https://www.koolearn.com/dict/wd_107361.html,7,S,0
participation,108973,https://www.koolearn.com/dict/wd_108973.html,7,S,0
particular,108985,https://www.koolearn.com/dict/wd_108985.html,11,S,0
pollutant,114815,https://www.koolearn.com/dict/wd_114815.html,8,S,0
residence,125560,https://www.koolearn.com/dict/wd_125560.html,7,S,0
specific,139903,https://www.koolearn.com/dict/wd_139903.html,12,S,0
supervise,145417,https://www.koolearn.com/dict/wd_145417.html,5,S,0
supplement,145455,https://www.koolearn.com/dict/wd_145455.html,12,S,0
surface,145622,https://www.koolearn.com/dict/wd_145622.html,5,S,0
technical,148528,https://www.koolearn.com/dict/wd_148528.html,5,S,0
term,149333,https://www.koolearn.com/dict/wd_149333.html,13,S,0
ultimate,156681,https://www.koolearn.com/dict/wd_156681.html,8,S,0
vanish,160759,https://www.koolearn.com/dict/wd_160759.html,12,S,0
wealthy,164136,https://www.koolearn.com/dict/wd_164136.html,6,S,0
emerge,49382,https://www.koolearn.com/dict/wd_49382.html,10,S,1
confident,33071,https://www.koolearn.com/dict/wd_33071.html,7,S,2
exclude,52886,https://www.koolearn.com/dict/wd_52886.html,11,S,1
independent,76593,https://www.koolearn.com/dict/wd_76593.html,5,S,1
inhabitant,77441,https://www.koolearn.com/dict/wd_77441.html,8,S,2
persuade,111210,https://www.koolearn.com/dict/wd_111210.html,9,S,2
substantial,144415,https://www.koolearn.com/dict/wd_144415.html,12,S,2
versatile,161510,https://www.koolearn.com/dict/wd_161510.html,9,S,2
commodity,32027,https://www.koolearn.com/dict/wd_32027.html,6,S,0
concern,32739,https://www.koolearn.com/dict/wd_32739.html,7,S,0
conclusion,32823,https://www.koolearn.com/dict/wd_32823.html,5,S,0
confirm,33099,https://www.koolearn.com/dict/wd_33099.html,7,S,0
conscious,33461,https://www.koolearn.com/dict/wd_33461.html,13,S,0
consultant,33737,https://www.koolearn.com/dict/wd_33737.html,6,S,0
creature,36349,https://www.koolearn.com/dict/wd_36349.html,8,S,0
data,38987,https://www.koolearn.com/dict/wd_38987.html,5,S,0
demand,40722,https://www.koolearn.com/dict/wd_40722.html,7,S,0
density,41045,https://www.koolearn.com/dict/wd_41045.html,7,S,0
device,42050,https://www.koolearn.com/dict/wd_42050.html,7,S,0
disclose,43550,https://www.koolearn.com/dict/wd_43550.html,9,S,0
drama,46081,https://www.koolearn.com/dict/wd_46081.html,5,S,0
durable,47159,https://www.koolearn.com/dict/wd_47159.html,11,S,0
economy,47973,https://www.koolearn.com/dict/wd_47973.html,5,S,0
ensure,50564,https://www.koolearn.com/dict/wd_50564.html,7,S,0
enthusiasm,50676,https://www.koolearn.com/dict/wd_50676.html,5,S,0
fierce,56153,https://www.koolearn.com/dict/wd_56153.html,9,S,0
horizon,71972,https://www.koolearn.com/dict/wd_71972.html,5,S,0
identification,73951,https://www.koolearn.com/dict/wd_73951.html,6,S,0
implication,74899,https://www.koolearn.com/dict/wd_74899.html,8,S,0
indigenous,76685,https://www.koolearn.com/dict/wd_76685.html,9,S,0
institute,78072,https://www.koolearn.com/dict/wd_78072.html,6,S,0
juvenile,81751,https://www.koolearn.com/dict/wd_81751.html,6,S,0
machinery,89813,https://www.koolearn.com/dict/wd_89813.html,7,S,0
maintenance,90328,https://www.koolearn.com/dict/wd_90328.html,9,S,0
observation,102842,https://www.koolearn.com/dict/wd_102842.html,6,S,0
obtain,102905,https://www.koolearn.com/dict/wd_102905.html,12,S,0
ordinary,105169,https://www.koolearn.com/dict/wd_105169.html,12,S,0
procedure,117780,https://www.koolearn.com/dict/wd_117780.html,7,S,0
purpose,119896,https://www.koolearn.com/dict/wd_119896.html,5,S,0
recommendation,123048,https://www.koolearn.com/dict/wd_123048.html,6,S,0
region,124045,https://www.koolearn.com/dict/wd_124045.html,6,S,0
settle,133779,https://www.koolearn.com/dict/wd_133779.html,12,S,0
solution,138912,https://www.koolearn.com/dict/wd_138912.html,8,S,0
survival,145783,https://www.koolearn.com/dict/wd_145783.html,8,S,0
temperature,148971,https://www.koolearn.com/dict/wd_148971.html,6,S,0
threat,150789,https://www.koolearn.com/dict/wd_150789.html,10,S,0
annual,6812,https://www.koolearn.com/dict/wd_6812.html,7,S,1
devote,42109,https://www.koolearn.com/dict/wd_42109.html,9,S,2
fiction,56052,https://www.koolearn.com/dict/wd_56052.html,6,S,1
isolate,79918,https://www.koolearn.com/dict/wd_79918.html,15,S,1
prescribe,116926,https://www.koolearn.com/dict/wd_116926.html,6,S,2
radical,121331,https://www.koolearn.com/dict/wd_121331.html,12,S,1
transmit,154138,https://www.koolearn.com/dict/wd_154138.html,12,S,1
valuable,160648,https://www.koolearn.com/dict/wd_160648.html,12,S,1
withdraw,166147,https://www.koolearn.com/dict/wd_166147.html,7,S,3
avoid,11777,https://www.koolearn.com/dict/wd_11777.html,13,S,0
carbon,24565,https://www.koolearn.com/dict/wd_24565.html,7,S,0
collapse,31207,https://www.koolearn.com/dict/wd_31207.html,9,S,0
compound,32488,https://www.koolearn.com/dict/wd_32488.html,8,S,0
conduct,32962,https://www.koolearn.com/dict/wd_32962.html,8,S,0
convenience,34176,https://www.koolearn.com/dict/wd_34176.html,7,S,0
delay,40503,https://www.koolearn.com/dict/wd_40503.html,11,S,0
elementary,48871,https://www.koolearn.com/dict/wd_48871.html,6,S,0
form,59178,https://www.koolearn.com/dict/wd_59178.html,8,S,0
fragment,59605,https://www.koolearn.com/dict/wd_59605.html,12,S,0
instrument,78104,https://www.koolearn.com/dict/wd_78104.html,6,S,0
lobby,87900,https://www.koolearn.com/dict/wd_87900.html,6,S,0
participant,108965,https://www.koolearn.com/dict/wd_108965.html,8,S,0
pottery,115906,https://www.koolearn.com/dict/wd_115906.html,5,S,0
promising,118215,https://www.koolearn.com/dict/wd_118215.html,7,S,0
realistic,122549,https://www.koolearn.com/dict/wd_122549.html,10,S,0
reproduce,125281,https://www.koolearn.com/dict/wd_125281.html,11,S,0
reveal,126290,https://www.koolearn.com/dict/wd_126290.html,9,S,0
revolution,126485,https://www.koolearn.com/dict/wd_126485.html,10,S,0
scarce,130792,https://www.koolearn.com/dict/wd_130792.html,7,S,0
stage,141388,https://www.koolearn.com/dict/wd_141388.html,5,S,0
subsequent,144351,https://www.koolearn.com/dict/wd_144351.html,7,S,0
supervisor,145423,https://www.koolearn.com/dict/wd_145423.html,5,S,0
surveillance,145770,https://www.koolearn.com/dict/wd_145770.html,9,S,0
tunnel,155783,https://www.koolearn.com/dict/wd_155783.html,7,S,0
variation,160850,https://www.koolearn.com/dict/wd_160850.html,7,S,0
beneficial,16085,https://www.koolearn.com/dict/wd_16085.html,7,S,1
automatic,11478,https://www.koolearn.com/dict/wd_11478.html,7,S,1
distract,44434,https://www.koolearn.com/dict/wd_44434.html,12,S,1
athlete,10691,https://www.koolearn.com/dict/wd_10691.html,6,S,1
combine,31590,https://www.koolearn.com/dict/wd_31590.html,8,S,2
compatible,32269,https://www.koolearn.com/dict/wd_32269.html,7,S,3
contrast,34063,https://www.koolearn.com/dict/wd_34063.html,10,S,2
eventually,52497,https://www.koolearn.com/dict/wd_52497.html,10,S,1
explicit,53467,https://www.koolearn.com/dict/wd_53467.html,11,S,2
observe,102848,https://www.koolearn.com/dict/wd_102848.html,7,S,1
precise,116400,https://www.koolearn.com/dict/wd_116400.html,7,S,1
reflect,123778,https://www.koolearn.com/dict/wd_123778.html,9,S,1
suppress,145528,https://www.koolearn.com/dict/wd_145528.html,13,S,1
variable,160834,https://www.koolearn.com/dict/wd_160834.html,8,S,1
account,1316,https://www.koolearn.com/dict/wd_1316.html,7,S,0
assumption,10175,https://www.koolearn.com/dict/wd_10175.html,12,S,0
atlas,10725,https://www.koolearn.com/dict/wd_10725.html,5,S,0
attempt,10917,https://www.koolearn.com/dict/wd_10917.html,9,S,0
average,11684,https://www.koolearn.com/dict/wd_11684.html,5,S,0
cattle,25787,https://www.koolearn.com/dict/wd_25787.html,5,S,0
cognitive,30959,https://www.koolearn.com/dict/wd_30959.html,12,S,0
commit,31991,https://www.koolearn.com/dict/wd_31991.html,7,S,0
cooperative,34426,https://www.koolearn.com/dict/wd_34426.html,6,S,0
criteria,36707,https://www.koolearn.com/dict/wd_36707.html,12,S,0
deplete,41219,https://www.koolearn.com/dict/wd_41219.html,6,S,0
derive,41425,https://www.koolearn.com/dict/wd_41425.html,11,S,0
director,43288,https://www.koolearn.com/dict/wd_43288.html,6,S,0
disorder,44034,https://www.koolearn.com/dict/wd_44034.html,7,S,0
duration,47173,https://www.koolearn.com/dict/wd_47173.html,9,S,0
emotional,49511,https://www.koolearn.com/dict/wd_49511.html,5,S,0
fair,54333,https://www.koolearn.com/dict/wd_54333.html,7,S,0
incorporate,76397,https://www.koolearn.com/dict/wd_76397.html,9,S,0
institution,78077,https://www.koolearn.com/dict/wd_78077.html,8,S,0
interact,78330,https://www.koolearn.com/dict/wd_78330.html,5,S,0
interpretation,78773,https://www.koolearn.com/dict/wd_78773.html,7,S,0
interval,78879,https://www.koolearn.com/dict/wd_78879.html,9,S,0
log,88128,https://www.koolearn.com/dict/wd_88128.html,9,S,0
majority,90376,https://www.koolearn.com/dict/wd_90376.html,6,S,0
method,94032,https://www.koolearn.com/dict/wd_94032.html,7,S,0
native,99285,https://www.koolearn.com/dict/wd_99285.html,10,S,0
notion,102079,https://www.koolearn.com/dict/wd_102079.html,9,S,0
publication,119309,https://www.koolearn.com/dict/wd_119309.html,5,S,0
rate,122080,https://www.koolearn.com/dict/wd_122080.html,12,S,0
relative,124449,https://www.koolearn.com/dict/wd_124449.html,10,S,0
reliance,124526,https://www.koolearn.com/dict/wd_124526.html,10,S,0
represent,125217,https://www.koolearn.com/dict/wd_125217.html,7,S,0
risk,127338,https://www.koolearn.com/dict/wd_127338.html,6,S,0
seal,131932,https://www.koolearn.com/dict/wd_131932.html,7,S,0
sense,133159,https://www.koolearn.com/dict/wd_133159.html,5,S,0
shell,134464,https://www.koolearn.com/dict/wd_134464.html,6,S,0
string,143523,https://www.koolearn.com/dict/wd_143523.html,5,S,0
whale,164784,https://www.koolearn.com/dict/wd_164784.html,5,S,0
manipulate,91250,https://www.koolearn.com/dict/wd_91250.html,6,S,2
reasonable,122668,https://www.koolearn.com/dict/wd_122668.html,5,S,1
assign,10059,https://www.koolearn.com/dict/wd_10059.html,13,S,1
bias,16698,https://www.koolearn.com/dict/wd_16698.html,7,S,2
coordinate,34438,https://www.koolearn.com/dict/wd_34438.html,9,S,1
determine,41884,https://www.koolearn.com/dict/wd_41884.html,11,S,2
genius,62549,https://www.koolearn.com/dict/wd_62549.html,8,S,1
intimate,78944,https://www.koolearn.com/dict/wd_78944.html,6,S,2
marine,91631,https://www.koolearn.com/dict/wd_91631.html,8,S,1
natural,99320,https://www.koolearn.com/dict/wd_99320.html,8,S,1
personal,111133,https://www.koolearn.com/dict/wd_111133.html,6,S,2
phase,111615,https://www.koolearn.com/dict/wd_111615.html,13,S,1
profound,118024,https://www.koolearn.com/dict/wd_118024.html,6,S,1
scatter,130869,https://www.koolearn.com/dict/wd_130869.html,8,S,1
site,136430,https://www.koolearn.com/dict/wd_136430.html,6,S,1
vertical,161552,https://www.koolearn.com/dict/wd_161552.html,8,S,1
vivid,162494,https://www.koolearn.com/dict/wd_162494.html,5,S,1
anthropology,7141,https://www.koolearn.com/dict/wd_7141.html,5,S,0
approve,8227,https://www.koolearn.com/dict/wd_8227.html,12,S,0
aspiration,9908,https://www.koolearn.com/dict/wd_9908.html,5,S,0
competitive,32326,https://www.koolearn.com/dict/wd_32326.html,7,S,0
complete,32381,https://www.koolearn.com/dict/wd_32381.html,6,S,0
complicated,32414,https://www.koolearn.com/dict/wd_32414.html,8,S,0
condemn,32888,https://www.koolearn.com/dict/wd_32888.html,7,S,0
considerable,33534,https://www.koolearn.com/dict/wd_33534.html,12,S,0
constant,33636,https://www.koolearn.com/dict/wd_33636.html,6,S,0
construction,33702,https://www.koolearn.com/dict/wd_33702.html,7,S,0
creativity,36345,https://www.koolearn.com/dict/wd_36345.html,6,S,0
critic,36713,https://www.koolearn.com/dict/wd_36713.html,8,S,0
depict,41201,https://www.koolearn.com/dict/wd_41201.html,6,S,0
description,41538,https://www.koolearn.com/dict/wd_41538.html,7,S,0
electronic,48792,https://www.koolearn.com/dict/wd_48792.html,6,S,0
engineer,50240,https://www.koolearn.com/dict/wd_50240.html,6,S,0
ethical,52029,https://www.koolearn.com/dict/wd_52029.html,10,S,0
flexibility,57618,https://www.koolearn.com/dict/wd_57618.html,6,S,0
germ,62771,https://www.koolearn.com/dict/wd_62771.html,5,S,0
harbour,68100,https://www.koolearn.com/dict/wd_68100.html,8,S,0
impressive,75051,https://www.koolearn.com/dict/wd_75051.html,9,S,0
informative,77295,https://www.koolearn.com/dict/wd_77295.html,6,S,0
inherit,77468,https://www.koolearn.com/dict/wd_77468.html,12,S,0
instructor,78098,https://www.koolearn.com/dict/wd_78098.html,5,S,0
isolation,79924,https://www.koolearn.com/dict/wd_79924.html,8,S,0
mood,96790,https://www.koolearn.com/dict/wd_96790.html,6,S,0
norm,101749,https://www.koolearn.com/dict/wd_101749.html,8,S,0
occasion,102972,https://www.koolearn.com/dict/wd_102972.html,7,S,0
plot,114091,https://www.koolearn.com/dict/wd_114091.html,9,S,0
practice,116115,https://www.koolearn.com/dict/wd_116115.html,6,S,0
productivity,117921,https://www.koolearn.com/dict/wd_117921.html,7,S,0
quality,120576,https://www.koolearn.com/dict/wd_120576.html,6,S,0
recommend,123045,https://www.koolearn.com/dict/wd_123045.html,7,S,0
responsible,125773,https://www.koolearn.com/dict/wd_125773.html,11,S,0
sediment,132325,https://www.koolearn.com/dict/wd_132325.html,9,S,0
sequence,133363,https://www.koolearn.com/dict/wd_133363.html,8,S,0
store,142994,https://www.koolearn.com/dict/wd_142994.html,5,S,0
threaten,150791,https://www.koolearn.com/dict/wd_150791.html,10,S,0
whereas,164947,https://www.koolearn.com/dict/wd_164947.html,6,S,0
exclusive,52898,https://www.koolearn.com/dict/wd_52898.html,12,S,1
secure,132263,https://www.koolearn.com/dict/wd_132263.html,8,S,1
bilingual,17027,https://www.koolearn.com/dict/wd_17027.html,5,S,3
capture,24461,https://www.koolearn.com/dict/wd_24461.html,7,S,1
classify,29553,https://www.koolearn.com/dict/wd_29553.html,6,S,1
combat,31562,https://www.koolearn.com/dict/wd_31562.html,6,S,2
commute,32163,https://www.koolearn.com/dict/wd_32163.html,8,S,3
confine,33092,https://www.koolearn.com/dict/wd_33092.html,6,S,3
consume,33754,https://www.koolearn.com/dict/wd_33754.html,6,S,1
effect,48253,https://www.koolearn.com/dict/wd_48253.html,5,S,2
fertile,55783,https://www.koolearn.com/dict/wd_55783.html,7,S,1
historical,70960,https://www.koolearn.com/dict/wd_70960.html,6,S,2
precaution,116337,https://www.koolearn.com/dict/wd_116337.html,5,S,1
sensation,133151,https://www.koolearn.com/dict/wd_133151.html,5,S,1
stimulus,142636,https://www.koolearn.com/dict/wd_142636.html,10,S,2
acquisition,1784,https://www.koolearn.com/dict/wd_1784.html,6,S,0
administration,2445,https://www.koolearn.com/dict/wd_2445.html,5,S,0
adventure,2713,https://www.koolearn.com/dict/wd_2713.html,6,S,0
aesthetic,2988,https://www.koolearn.com/dict/wd_2988.html,6,S,0
aid,3690,https://www.koolearn.com/dict/wd_3690.html,8,S,0
allergic,4808,https://www.koolearn.com/dict/wd_4808.html,10,S,0
ambiguous,5414,https://www.koolearn.com/dict/wd_5414.html,7,S,0
aspect,9816,https://www.koolearn.com/dict/wd_9816.html,10,S,0
attendance,10930,https://www.koolearn.com/dict/wd_10930.html,5,S,0
compensation,32293,https://www.koolearn.com/dict/wd_32293.html,8,S,0
conceive,32685,https://www.koolearn.com/dict/wd_32685.html,7,S,0
constitute,33664,https://www.koolearn.com/dict/wd_33664.html,7,S,0
contribute,34078,https://www.koolearn.com/dict/wd_34078.html,7,S,0
convenient,34182,https://www.koolearn.com/dict/wd_34182.html,5,S,0
cooperation,34425,https://www.koolearn.com/dict/wd_34425.html,8,S,0
cultivation,37513,https://www.koolearn.com/dict/wd_37513.html,5,S,0
cultural,37518,https://www.koolearn.com/dict/wd_37518.html,5,S,0
demonstration,40878,https://www.koolearn.com/dict/wd_40878.html,5,S,0
electricity,48723,https://www.koolearn.com/dict/wd_48723.html,7,S,0
equator,51298,https://www.koolearn.com/dict/wd_51298.html,11,S,0
existence,53179,https://www.koolearn.com/dict/wd_53179.html,7,S,0
express,53562,https://www.koolearn.com/dict/wd_53562.html,5,S,0
fitness,57052,https://www.koolearn.com/dict/wd_57052.html,11,S,0
imitate,74465,https://www.koolearn.com/dict/wd_74465.html,7,S,0
industry,76915,https://www.koolearn.com/dict/wd_76915.html,5,S,0
interrupt,78815,https://www.koolearn.com/dict/wd_78815.html,9,S,0
keen,82144,https://www.koolearn.com/dict/wd_82144.html,9,S,0
press,117036,https://www.koolearn.com/dict/wd_117036.html,6,S,0
pursue,119935,https://www.koolearn.com/dict/wd_119935.html,6,S,0
quantity,120621,https://www.koolearn.com/dict/wd_120621.html,12,S,0
requirement,125378,https://www.koolearn.com/dict/wd_125378.html,7,S,0
resistant,125627,https://www.koolearn.com/dict/wd_125627.html,5,S,0
response,125766,https://www.koolearn.com/dict/wd_125766.html,6,S,0
scope,131304,https://www.koolearn.com/dict/wd_131304.html,6,S,0
spin,140311,https://www.koolearn.com/dict/wd_140311.html,10,S,0
target,147988,https://www.koolearn.com/dict/wd_147988.html,5,S,0
theme,150207,https://www.koolearn.com/dict/wd_150207.html,6,S,0
view,161935,https://www.koolearn.com/dict/wd_161935.html,6,S,0
virus,162265,https://www.koolearn.com/dict/wd_162265.html,6,S,0
vital,162386,https://www.koolearn.com/dict/wd_162386.html,7,S,0
donate,45314,https://www.koolearn.com/dict/wd_45314.html,8,S,1
accommodate,1258,https://www.koolearn.com/dict/wd_1258.html,7,S,1
advance,2670,https://www.koolearn.com/dict/wd_2670.html,6,S,1
compare,32225,https://www.koolearn.com/dict/wd_32225.html,12,S,2
concept,32715,https://www.koolearn.com/dict/wd_32715.html,7,S,1
deficiency,40190,https://www.koolearn.com/dict/wd_40190.html,9,S,1
flow,57960,https://www.koolearn.com/dict/wd_57960.html,6,S,2
fluid,58047,https://www.koolearn.com/dict/wd_58047.html,8,S,3
identical,73943,https://www.koolearn.com/dict/wd_73943.html,5,S,1
legitimate,85813,https://www.koolearn.com/dict/wd_85813.html,7,S,1
prevent,117236,https://www.koolearn.com/dict/wd_117236.html,10,S,1
prolong,118180,https://www.koolearn.com/dict/wd_118180.html,12,S,1
register,124057,https://www.koolearn.com/dict/wd_124057.html,7,S,2
ritual,127384,https://www.koolearn.com/dict/wd_127384.html,10,S,2
survive,145789,https://www.koolearn.com/dict/wd_145789.html,11,S,1
tourist,153366,https://www.koolearn.com/dict/wd_153366.html,5,S,1
accomplish,1281,https://www.koolearn.com/dict/wd_1281.html,7,S,0
accuracy,1424,https://www.koolearn.com/dict/wd_1424.html,7,S,0
achieve,1559,https://www.koolearn.com/dict/wd_1559.html,5,S,0
bear,15117,https://www.koolearn.com/dict/wd_15117.html,9,S,0
behave,15698,https://www.koolearn.com/dict/wd_15698.html,6,S,0
capital,24291,https://www.koolearn.com/dict/wd_24291.html,6,S,0
collection,31246,https://www.koolearn.com/dict/wd_31246.html,7,S,0
commitment,32000,https://www.koolearn.com/dict/wd_32000.html,10,S,0
confront,33166,https://www.koolearn.com/dict/wd_33166.html,6,S,0
controversial,34124,https://www.koolearn.com/dict/wd_34124.html,8,S,0
convince,34286,https://www.koolearn.com/dict/wd_34286.html,8,S,0
criminal,36604,https://www.koolearn.com/dict/wd_36604.html,8,S,0
demographic,40842,https://www.koolearn.com/dict/wd_40842.html,8,S,0
detail,41820,https://www.koolearn.com/dict/wd_41820.html,5,S,0
dimension,42934,https://www.koolearn.com/dict/wd_42934.html,6,S,0
distortion,44429,https://www.koolearn.com/dict/wd_44429.html,7,S,0
domain,45205,https://www.koolearn.com/dict/wd_45205.html,11,S,0
efficiency,48306,https://www.koolearn.com/dict/wd_48306.html,5,S,0
embark,49194,https://www.koolearn.com/dict/wd_49194.html,7,S,0
firm,56798,https://www.koolearn.com/dict/wd_56798.html,6,S,0
formal,59184,https://www.koolearn.com/dict/wd_59184.html,5,S,0
frame,59635,https://www.koolearn.com/dict/wd_59635.html,6,S,0
frequency,60011,https://www.koolearn.com/dict/wd_60011.html,9,S,0
geography,62661,https://www.koolearn.com/dict/wd_62661.html,7,S,0
gesture,62862,https://www.koolearn.com/dict/wd_62862.html,5,S,0
harness,68320,https://www.koolearn.com/dict/wd_68320.html,5,S,0
import,74939,https://www.koolearn.com/dict/wd_74939.html,5,S,0
injury,77577,https://www.koolearn.com/dict/wd_77577.html,6,S,0
instruction,78092,https://www.koolearn.com/dict/wd_78092.html,5,S,0
investment,79295,https://www.koolearn.com/dict/wd_79295.html,6,S,0
mark,91660,https://www.koolearn.com/dict/wd_91660.html,6,S,0
measurement,92695,https://www.koolearn.com/dict/wd_92695.html,7,S,0
odd,103196,https://www.koolearn.com/dict/wd_103196.html,8,S,0
organ,105206,https://www.koolearn.com/dict/wd_105206.html,11,S,0
patient,109392,https://www.koolearn.com/dict/wd_109392.html,9,S,0
pessimistic,111312,https://www.koolearn.com/dict/wd_111312.html,10,S,0
plain,113409,https://www.koolearn.com/dict/wd_113409.html,6,S,0
platform,113663,https://www.koolearn.com/dict/wd_113663.html,6,S,0
proposal,118446,https://www.koolearn.com/dict/wd_118446.html,7,S,0
provision,118847,https://www.koolearn.com/dict/wd_118847.html,11,S,0
revive,126455,https://www.koolearn.com/dict/wd_126455.html,11,S,0
sociology,138494,https://www.koolearn.com/dict/wd_138494.html,5,S,0
spouse,140821,https://www.koolearn.com/dict/wd_140821.html,7,S,0
subsidy,144384,https://www.koolearn.com/dict/wd_144384.html,7,S,0
various,160892,https://www.koolearn.com/dict/wd_160892.html,5,S,0
vast,160965,https://www.koolearn.com/dict/wd_160965.html,10,S,0
yield,167669,https://www.koolearn.com/dict/wd_167669.html,7,S,0
economical,47957,https://www.koolearn.com/dict/wd_47957.html,5,S,1
sensitive,133188,https://www.koolearn.com/dict/wd_133188.html,6,S,1
abundance,998,https://www.koolearn.com/dict/wd_998.html,6,S,1
embrace,49306,https://www.koolearn.com/dict/wd_49306.html,6,S,1
patent,109322,https://www.koolearn.com/dict/wd_109322.html,9,S,2
pursuit,119941,https://www.koolearn.com/dict/wd_119941.html,7,S,1
regular,124140,https://www.koolearn.com/dict/wd_124140.html,5,S,2
religious,124558,https://www.koolearn.com/dict/wd_124558.html,11,S,1
synthetic,146737,https://www.koolearn.com/dict/wd_146737.html,15,S,3
underestimate,157544,https://www.koolearn.com/dict/wd_157544.html,9,S,1
apparent,7943,https://www.koolearn.com/dict/wd_7943.html,6,S,0
approximately,8240,https://www.koolearn.com/dict/wd_8240.html,7,S,0
chart,27246,https://www.koolearn.com/dict/wd_27246.html,7,S,0
complaint,32359,https://www.koolearn.com/dict/wd_32359.html,7,S,0
comprise,32532,https://www.koolearn.com/dict/wd_32532.html,5,S,0
core,34717,https://www.koolearn.com/dict/wd_34717.html,8,S,0
curiosity,37746,https://www.koolearn.com/dict/wd_37746.html,6,S,0
define,40211,https://www.koolearn.com/dict/wd_40211.html,7,S,0
destruction,41790,https://www.koolearn.com/dict/wd_41790.html,8,S,0
discard,43500,https://www.koolearn.com/dict/wd_43500.html,7,S,0
emit,49472,https://www.koolearn.com/dict/wd_49472.html,7,S,0
escape,51671,https://www.koolearn.com/dict/wd_51671.html,11,S,0
exception,52799,https://www.koolearn.com/dict/wd_52799.html,8,S,0
exploration,53492,https://www.koolearn.com/dict/wd_53492.html,7,S,0
extraordinary,53824,https://www.koolearn.com/dict/wd_53824.html,9,S,0
ignorance,74148,https://www.koolearn.com/dict/wd_74148.html,7,S,0
initiate,77541,https://www.koolearn.com/dict/wd_77541.html,10,S,0
innovative,77691,https://www.koolearn.com/dict/wd_77691.html,9,S,0
labour,83825,https://www.koolearn.com/dict/wd_83825.html,6,S,0
launch,84999,https://www.koolearn.com/dict/wd_84999.html,6,S,0
legislation,85802,https://www.koolearn.com/dict/wd_85802.html,7,S,0
likelihood,86934,https://www.koolearn.com/dict/wd_86934.html,9,S,0
linguistics,87248,https://www.koolearn.com/dict/wd_87248.html,7,S,0
mechanical,92746,https://www.koolearn.com/dict/wd_92746.html,8,S,0
minor,95126,https://www.koolearn.com/dict/wd_95126.html,8,S,0
mortality,97117,https://www.koolearn.com/dict/wd_97117.html,9,S,0
nevertheless,100300,https://www.koolearn.com/dict/wd_100300.html,8,S,0
rear,122621,https://www.koolearn.com/dict/wd_122621.html,5,S,0
renaissance,124818,https://www.koolearn.com/dict/wd_124818.html,12,S,0
sign,135731,https://www.koolearn.com/dict/wd_135731.html,8,S,0
simulation,136108,https://www.koolearn.com/dict/wd_136108.html,7,S,0
specialist,139881,https://www.koolearn.com/dict/wd_139881.html,7,S,0
spoil,140605,https://www.koolearn.com/dict/wd_140605.html,6,S,0
statement,141906,https://www.koolearn.com/dict/wd_141906.html,7,S,0
supersede,145370,https://www.koolearn.com/dict/wd_145370.html,11,S,0
violence,162145,https://www.koolearn.com/dict/wd_162145.html,5,S,0
hinder,70781,https://www.koolearn.com/dict/wd_70781.html,8,S,1
obscure,102818,https://www.koolearn.com/dict/wd_102818.html,8,S,1
calculate,23380,https://www.koolearn.com/dict/wd_23380.html,13,S,1
correspond,35014,https://www.koolearn.com/dict/wd_35014.html,9,S,3
devise,42081,https://www.koolearn.com/dict/wd_42081.html,9,S,1
eligible,48944,https://www.koolearn.com/dict/wd_48944.html,5,S,2
encyclopedia,49908,https://www.koolearn.com/dict/wd_49908.html,5,S,3
entrepreneur,50790,https://www.koolearn.com/dict/wd_50790.html,10,S,3
impede,74743,https://www.koolearn.com/dict/wd_74743.html,6,S,1
noble,101064,https://www.koolearn.com/dict/wd_101064.html,6,S,1
optimism,104965,https://www.koolearn.com/dict/wd_104965.html,8,S,1
oral,105025,https://www.koolearn.com/dict/wd_105025.html,5,S,2
reward,126517,https://www.koolearn.com/dict/wd_126517.html,5,S,1
separate,133272,https://www.koolearn.com/dict/wd_133272.html,9,S,1
signal,135747,https://www.koolearn.com/dict/wd_135747.html,12,S,2
speculate,139981,https://www.koolearn.com/dict/wd_139981.html,6,S,2
tradition,153729,https://www.koolearn.com/dict/wd_153729.html,6,S,1
vacuum,160470,https://www.koolearn.com/dict/wd_160470.html,6,S,1
valid,160598,https://www.koolearn.com/dict/wd_160598.html,7,S,1
activate,1934,https://www.koolearn.com/dict/wd_1934.html,8,S,0
additional,2172,https://www.koolearn.com/dict/wd_2172.html,6,S,0
angle,6487,https://www.koolearn.com/dict/wd_6487.html,5,S,0
assistant,10087,https://www.koolearn.com/dict/wd_10087.html,5,S,0
attractive,11019,https://www.koolearn.com/dict/wd_11019.html,5,S,0
aware,11843,https://www.koolearn.com/dict/wd_11843.html,5,S,0
boundary,19815,https://www.koolearn.com/dict/wd_19815.html,10,S,0
carve,25173,https://www.koolearn.com/dict/wd_25173.html,5,S,0
cave,25918,https://www.koolearn.com/dict/wd_25918.html,6,S,0
comparison,32239,https://www.koolearn.com/dict/wd_32239.html,7,S,0
confidential,33072,https://www.koolearn.com/dict/wd_33072.html,9,S,0
contribution,34085,https://www.koolearn.com/dict/wd_34085.html,7,S,0
correlation,35005,https://www.koolearn.com/dict/wd_35005.html,11,S,0
curb,37695,https://www.koolearn.com/dict/wd_37695.html,6,S,0
curious,37749,https://www.koolearn.com/dict/wd_37749.html,7,S,0
delicate,40558,https://www.koolearn.com/dict/wd_40558.html,5,S,0
differentiate,42695,https://www.koolearn.com/dict/wd_42695.html,7,S,0
exceptional,52802,https://www.koolearn.com/dict/wd_52802.html,13,S,0
explosion,53504,https://www.koolearn.com/dict/wd_53504.html,7,S,0
fascinating,54929,https://www.koolearn.com/dict/wd_54929.html,6,S,0
flaw,57484,https://www.koolearn.com/dict/wd_57484.html,6,S,0
generation,62470,https://www.koolearn.com/dict/wd_62470.html,5,S,0
guidance,66621,https://www.koolearn.com/dict/wd_66621.html,6,S,0
guide,66623,https://www.koolearn.com/dict/wd_66623.html,6,S,0
hardship,68227,https://www.koolearn.com/dict/wd_68227.html,8,S,0
humanity,72677,https://www.koolearn.com/dict/wd_72677.html,6,S,0
illustration,74340,https://www.koolearn.com/dict/wd_74340.html,7,S,0
investigate,79282,https://www.koolearn.com/dict/wd_79282.html,7,S,0
limitation,87043,https://www.koolearn.com/dict/wd_87043.html,8,S,0
mixture,95867,https://www.koolearn.com/dict/wd_95867.html,5,S,0
moisture,96182,https://www.koolearn.com/dict/wd_96182.html,9,S,0
offensive,103464,https://www.koolearn.com/dict/wd_103464.html,8,S,0
oppose,104879,https://www.koolearn.com/dict/wd_104879.html,7,S,0
organism,105235,https://www.koolearn.com/dict/wd_105235.html,7,S,0
panel,108109,https://www.koolearn.com/dict/wd_108109.html,8,S,0
perform,110735,https://www.koolearn.com/dict/wd_110735.html,7,S,0
permission,110985,https://www.koolearn.com/dict/wd_110985.html,8,S,0
prevention,117249,https://www.koolearn.com/dict/wd_117249.html,5,S,0
psychologist,119122,https://www.koolearn.com/dict/wd_119122.html,7,S,0
quote,121125,https://www.koolearn.com/dict/wd_121125.html,5,S,0
replace,125096,https://www.koolearn.com/dict/wd_125096.html,5,S,0
scenario,130909,https://www.koolearn.com/dict/wd_130909.html,5,S,0
setting,133772,https://www.koolearn.com/dict/wd_133772.html,10,S,0
steer,142204,https://www.koolearn.com/dict/wd_142204.html,8,S,0
struggle,143685,https://www.koolearn.com/dict/wd_143685.html,8,S,0
supply,145483,https://www.koolearn.com/dict/wd_145483.html,7,S,0
surpass,145710,https://www.koolearn.com/dict/wd_145710.html,9,S,0
witness,166224,https://www.koolearn.com/dict/wd_166224.html,7,S,0
upset,159842,https://www.koolearn.com/dict/wd_159842.html,5,S,1
array,9129,https://www.koolearn.com/dict/wd_9129.html,9,S,1
assemble,9975,https://www.koolearn.com/dict/wd_9975.html,5,S,2
attach,10863,https://www.koolearn.com/dict/wd_10863.html,7,S,1
deny,41105,https://www.koolearn.com/dict/wd_41105.html,5,S,1
digest,42751,https://www.koolearn.com/dict/wd_42751.html,6,S,2
endure,50115,https://www.koolearn.com/dict/wd_50115.html,7,S,1
fabric,54064,https://www.koolearn.com/dict/wd_54064.html,5,S,1
incredible,76435,https://www.koolearn.com/dict/wd_76435.html,6,S,1
indispensable,76732,https://www.koolearn.com/dict/wd_76732.html,5,S,3
infant,77048,https://www.koolearn.com/dict/wd_77048.html,8,S,1
postpone,115744,https://www.koolearn.com/dict/wd_115744.html,8,S,1
shallow,134120,https://www.koolearn.com/dict/wd_134120.html,5,S,1
technique,148551,https://www.koolearn.com/dict/wd_148551.html,5,S,1
thrive,150874,https://www.koolearn.com/dict/wd_150874.html,7,S,1
aboriginal,697,https://www.koolearn.com/dict/wd_697.html,6,S,0
apply,8103,https://www.koolearn.com/dict/wd_8103.html,6,S,0
archaeology,8535,https://www.koolearn.com/dict/wd_8535.html,5,S,0
asset,10039,https://www.koolearn.com/dict/wd_10039.html,6,S,0
attachment,10877,https://www.koolearn.com/dict/wd_10877.html,7,S,0
attend,10924,https://www.koolearn.com/dict/wd_10924.html,5,S,0
basic,13749,https://www.koolearn.com/dict/wd_13749.html,5,S,0
capable,24234,https://www.koolearn.com/dict/wd_24234.html,6,S,0
cause,25853,https://www.koolearn.com/dict/wd_25853.html,6,S,0
circle,29044,https://www.koolearn.com/dict/wd_29044.html,5,S,0
combination,31583,https://www.koolearn.com/dict/wd_31583.html,5,S,0
conceal,32665,https://www.koolearn.com/dict/wd_32665.html,9,S,0
consultation,33739,https://www.koolearn.com/dict/wd_33739.html,5,S,0
consumer,33756,https://www.koolearn.com/dict/wd_33756.html,7,S,0
conviction,34282,https://www.koolearn.com/dict/wd_34282.html,10,S,0
counterpart,35603,https://www.koolearn.com/dict/wd_35603.html,6,S,0
credibility,36365,https://www.koolearn.com/dict/wd_36365.html,13,S,0
crystal,37278,https://www.koolearn.com/dict/wd_37278.html,7,S,0
declaration,39788,https://www.koolearn.com/dict/wd_39788.html,7,S,0
declare,39797,https://www.koolearn.com/dict/wd_39797.html,7,S,0
entitle,50702,https://www.koolearn.com/dict/wd_50702.html,6,S,0
excessive,52818,https://www.koolearn.com/dict/wd_52818.html,6,S,0
fertilizer,55797,https://www.koolearn.com/dict/wd_55797.html,6,S,0
increase,76420,https://www.koolearn.com/dict/wd_76420.html,6,S,0
indicator,76651,https://www.koolearn.com/dict/wd_76651.html,6,S,0
inspire,77984,https://www.koolearn.com/dict/wd_77984.html,6,S,0
investigation,79286,https://www.koolearn.com/dict/wd_79286.html,5,S,0
lava,85053,https://www.koolearn.com/dict/wd_85053.html,5,S,0
limb,86995,https://www.koolearn.com/dict/wd_86995.html,11,S,0
melt,93244,https://www.koolearn.com/dict/wd_93244.html,9,S,0
momentum,96320,https://www.koolearn.com/dict/wd_96320.html,5,S,0
municipal,98157,https://www.koolearn.com/dict/wd_98157.html,7,S,0
odour,103269,https://www.koolearn.com/dict/wd_103269.html,11,S,0
offspring,103556,https://www.koolearn.com/dict/wd_103556.html,7,S,0
origin,105326,https://www.koolearn.com/dict/wd_105326.html,5,S,0
plausible,113724,https://www.koolearn.com/dict/wd_113724.html,6,S,0
portion,115457,https://www.koolearn.com/dict/wd_115457.html,5,S,0
predictable,116510,https://www.koolearn.com/dict/wd_116510.html,8,S,0
prior,117577,https://www.koolearn.com/dict/wd_117577.html,5,S,0
prompt,118239,https://www.koolearn.com/dict/wd_118239.html,13,S,0
public,119240,https://www.koolearn.com/dict/wd_119240.html,7,S,0
raw,122265,https://www.koolearn.com/dict/wd_122265.html,5,S,0
recognize,123013,https://www.koolearn.com/dict/wd_123013.html,11,S,0
rehearsal,124213,https://www.koolearn.com/dict/wd_124213.html,8,S,0
resistance,125623,https://www.koolearn.com/dict/wd_125623.html,8,S,0
selection,132590,https://www.koolearn.com/dict/wd_132590.html,6,S,0
shrink,135291,https://www.koolearn.com/dict/wd_135291.html,5,S,0
storage,142981,https://www.koolearn.com/dict/wd_142981.html,7,S,0
suit,144801,https://www.koolearn.com/dict/wd_144801.html,7,S,0
suitable,144808,https://www.koolearn.com/dict/wd_144808.html,7,S,0
suspect,145814,https://www.koolearn.com/dict/wd_145814.html,6,S,0
suspicious,145844,https://www.koolearn.com/dict/wd_145844.html,8,S,0
transit,154078,https://www.koolearn.com/dict/wd_154078.html,9,S,0
transition,154086,https://www.koolearn.com/dict/wd_154086.html,6,S,0
trap,154239,https://www.koolearn.com/dict/wd_154239.html,6,S,0
triangle,154596,https://www.koolearn.com/dict/wd_154596.html,5,S,0
weight,164415,https://www.koolearn.com/dict/wd_164415.html,5,S,0
essence,51830,https://www.koolearn.com/dict/wd_51830.html,7,S,1
remain,124616,https://www.koolearn.com/dict/wd_124616.html,7,S,1
abnormal,658,https://www.koolearn.com/dict/wd_658.html,5,S,1
admit,2493,https://www.koolearn.com/dict/wd_2493.html,11,S,1
aggression,3438,https://www.koolearn.com/dict/wd_3438.html,12,S,1
approximate,8236,https://www.koolearn.com/dict/wd_8236.html,5,S,1
assure,10181,https://www.koolearn.com/dict/wd_10181.html,8,S,2
blame,17860,https://www.koolearn.com/dict/wd_17860.html,7,S,2
comprehend,32501,https://www.koolearn.com/dict/wd_32501.html,13,S,1
deem,40011,https://www.koolearn.com/dict/wd_40011.html,7,S,1
desire,41637,https://www.koolearn.com/dict/wd_41637.html,6,S,1
finite,56632,https://www.koolearn.com/dict/wd_56632.html,10,S,1
impair,74658,https://www.koolearn.com/dict/wd_74658.html,6,S,2
insufficient,78128,https://www.koolearn.com/dict/wd_78128.html,5,S,1
modest,96071,https://www.koolearn.com/dict/wd_96071.html,7,S,2
notable,101990,https://www.koolearn.com/dict/wd_101990.html,8,S,1
optional,104982,https://www.koolearn.com/dict/wd_104982.html,5,S,2
pasture,109274,https://www.koolearn.com/dict/wd_109274.html,6,S,1
primitive,117465,https://www.koolearn.com/dict/wd_117465.html,6,S,1
version,161528,https://www.koolearn.com/dict/wd_161528.html,6,S,1
advantage,2695,https://www.koolearn.com/dict/wd_2695.html,5,S,0
analyse,6061,https://www.koolearn.com/dict/wd_6061.html,9,S,0
arrangement,9117,https://www.koolearn.com/dict/wd_9117.html,6,S,0
coal,30453,https://www.koolearn.com/dict/wd_30453.html,5,S,0
coin,31036,https://www.koolearn.com/dict/wd_31036.html,11,S,0
complain,32350,https://www.koolearn.com/dict/wd_32350.html,5,S,0
contain,33804,https://www.koolearn.com/dict/wd_33804.html,6,S,0
contamination,33825,https://www.koolearn.com/dict/wd_33825.html,5,S,0
cue,37418,https://www.koolearn.com/dict/wd_37418.html,10,S,0
curve,37896,https://www.koolearn.com/dict/wd_37896.html,6,S,0
deliver,40626,https://www.koolearn.com/dict/wd_40626.html,7,S,0
deter,41858,https://www.koolearn.com/dict/wd_41858.html,7,S,0
diagnose,42268,https://www.koolearn.com/dict/wd_42268.html,8,S,0
direct,43237,https://www.koolearn.com/dict/wd_43237.html,6,S,0
discourage,43640,https://www.koolearn.com/dict/wd_43640.html,7,S,0
distinction,44401,https://www.koolearn.com/dict/wd_44401.html,7,S,0
distort,44425,https://www.koolearn.com/dict/wd_44425.html,6,S,0
employment,49612,https://www.koolearn.com/dict/wd_49612.html,6,S,0
enquiry,50458,https://www.koolearn.com/dict/wd_50458.html,7,S,0
equal,51259,https://www.koolearn.com/dict/wd_51259.html,11,S,0
frustration,60534,https://www.koolearn.com/dict/wd_60534.html,7,S,0
halt,67617,https://www.koolearn.com/dict/wd_67617.html,8,S,0
immediate,74493,https://www.koolearn.com/dict/wd_74493.html,10,S,0
indication,76646,https://www.koolearn.com/dict/wd_76646.html,6,S,0
invasion,79212,https://www.koolearn.com/dict/wd_79212.html,5,S,0
invisible,79337,https://www.koolearn.com/dict/wd_79337.html,6,S,0
justice,81711,https://www.koolearn.com/dict/wd_81711.html,5,S,0
mimic,94875,https://www.koolearn.com/dict/wd_94875.html,9,S,0
minimal,95040,https://www.koolearn.com/dict/wd_95040.html,9,S,0
nuclear,102253,https://www.koolearn.com/dict/wd_102253.html,5,S,0
occur,103036,https://www.koolearn.com/dict/wd_103036.html,7,S,0
operation,104781,https://www.koolearn.com/dict/wd_104781.html,6,S,0
orbit,105088,https://www.koolearn.com/dict/wd_105088.html,9,S,0
originality,105342,https://www.koolearn.com/dict/wd_105342.html,9,S,0
primarily,117402,https://www.koolearn.com/dict/wd_117402.html,6,S,0
purify,119850,https://www.koolearn.com/dict/wd_119850.html,10,S,0
qualify,120567,https://www.koolearn.com/dict/wd_120567.html,11,S,0
reclaim,122973,https://www.koolearn.com/dict/wd_122973.html,5,S,0
remark,124646,https://www.koolearn.com/dict/wd_124646.html,8,S,0
require,125373,https://www.koolearn.com/dict/wd_125373.html,6,S,0
rhythm,126750,https://www.koolearn.com/dict/wd_126750.html,6,S,0
seek,132422,https://www.koolearn.com/dict/wd_132422.html,6,S,0
terminal,149342,https://www.koolearn.com/dict/wd_149342.html,6,S,0
throughout,150946,https://www.koolearn.com/dict/wd_150946.html,9,S,0
trial,154583,https://www.koolearn.com/dict/wd_154583.html,6,S,0
degrade,40369,https://www.koolearn.com/dict/wd_40369.html,7,S,1
praise,116167,https://www.koolearn.com/dict/wd_116167.html,8,S,1
afflict,3098,https://www.koolearn.com/dict/wd_3098.html,7,S,2
committee,32008,https://www.koolearn.com/dict/wd_32008.html,6,S,2
custom,37965,https://www.koolearn.com/dict/wd_37965.html,9,S,1
dense,41029,https://www.koolearn.com/dict/wd_41029.html,7,S,2
fortune,59333,https://www.koolearn.com/dict/wd_59333.html,5,S,1
friction,60104,https://www.koolearn.com/dict/wd_60104.html,5,S,3
nourish,102109,https://www.koolearn.com/dict/wd_102109.html,6,S,1
order,105141,https://www.koolearn.com/dict/wd_105141.html,6,S,1
proof,118304,https://www.koolearn.com/dict/wd_118304.html,7,S,2
prototype,118751,https://www.koolearn.com/dict/wd_118751.html,7,S,3
realm,122575,https://www.koolearn.com/dict/wd_122575.html,5,S,1
scholar,131057,https://www.koolearn.com/dict/wd_131057.html,6,S,1
urgent,160074,https://www.koolearn.com/dict/wd_160074.html,9,S,1
arrange,9110,https://www.koolearn.com/dict/wd_9110.html,6,S,0
burden,22178,https://www.koolearn.com/dict/wd_22178.html,8,S,0
canal,23894,https://www.koolearn.com/dict/wd_23894.html,8,S,0
clerk,29795,https://www.koolearn.com/dict/wd_29795.html,6,S,0
clue,30288,https://www.koolearn.com/dict/wd_30288.html,10,S,0
confuse,33180,https://www.koolearn.com/dict/wd_33180.html,12,S,0
constrain,33681,https://www.koolearn.com/dict/wd_33681.html,9,S,0
cure,37718,https://www.koolearn.com/dict/wd_37718.html,7,S,0
debris,39528,https://www.koolearn.com/dict/wd_39528.html,6,S,0
differ,42672,https://www.koolearn.com/dict/wd_42672.html,11,S,0
dispose,44147,https://www.koolearn.com/dict/wd_44147.html,7,S,0
disrupt,44231,https://www.koolearn.com/dict/wd_44231.html,12,S,0
emphasize,49544,https://www.koolearn.com/dict/wd_49544.html,10,S,0
employ,49572,https://www.koolearn.com/dict/wd_49572.html,7,S,0
enterprise,50639,https://www.koolearn.com/dict/wd_50639.html,7,S,0
exacerbate,52687,https://www.koolearn.com/dict/wd_52687.html,5,S,0
exploitation,53484,https://www.koolearn.com/dict/wd_53484.html,5,S,0
field,56109,https://www.koolearn.com/dict/wd_56109.html,5,S,0
gadget,61239,https://www.koolearn.com/dict/wd_61239.html,5,S,0
inappropriate,76044,https://www.koolearn.com/dict/wd_76044.html,12,S,0
industrial,76881,https://www.koolearn.com/dict/wd_76881.html,6,S,0
integral,78217,https://www.koolearn.com/dict/wd_78217.html,6,S,0
lead,85294,https://www.koolearn.com/dict/wd_85294.html,7,S,0
liberty,86499,https://www.koolearn.com/dict/wd_86499.html,5,S,0
linguistic,87244,https://www.koolearn.com/dict/wd_87244.html,13,S,0
local,87941,https://www.koolearn.com/dict/wd_87941.html,6,S,0
loss,88747,https://www.koolearn.com/dict/wd_88747.html,7,S,0
manufacturer,91395,https://www.koolearn.com/dict/wd_91395.html,5,S,0
numerous,102425,https://www.koolearn.com/dict/wd_102425.html,5,S,0
persistent,111118,https://www.koolearn.com/dict/wd_111118.html,6,S,0
plague,113395,https://www.koolearn.com/dict/wd_113395.html,8,S,0
relatively,124456,https://www.koolearn.com/dict/wd_124456.html,8,S,0
replicate,125139,https://www.koolearn.com/dict/wd_125139.html,7,S,0
rough,128284,https://www.koolearn.com/dict/wd_128284.html,7,S,0
severe,133838,https://www.koolearn.com/dict/wd_133838.html,7,S,0
striking,143519,https://www.koolearn.com/dict/wd_143519.html,6,S,0
suffer,144700,https://www.koolearn.com/dict/wd_144700.html,5,S,0
surge,145662,https://www.koolearn.com/dict/wd_145662.html,5,S,0
transcend,153957,https://www.koolearn.com/dict/wd_153957.html,10,S,0
transmission,154132,https://www.koolearn.com/dict/wd_154132.html,6,S,0
transparent,154166,https://www.koolearn.com/dict/wd_154166.html,6,S,0
wage,163062,https://www.koolearn.com/dict/wd_163062.html,5,S,0
coherent,30997,https://www.koolearn.com/dict/wd_30997.html,6,S,2
counsel,35464,https://www.koolearn.com/dict/wd_35464.html,5,S,1
evoke,52626,https://www.koolearn.com/dict/wd_52626.html,6,S,2
trivial,155054,https://www.koolearn.com/dict/wd_155054.html,6,S,1
administer,2436,https://www.koolearn.com/dict/wd_2436.html,9,S,1
divert,44611,https://www.koolearn.com/dict/wd_44611.html,7,S,2
era,51388,https://www.koolearn.com/dict/wd_51388.html,7,S,1
exhibit,53122,https://www.koolearn.com/dict/wd_53122.html,6,S,3
graphic,65542,https://www.koolearn.com/dict/wd_65542.html,9,S,3
grasp,65573,https://www.koolearn.com/dict/wd_65573.html,5,S,1
inclination,76241,https://www.koolearn.com/dict/wd_76241.html,6,S,1
pressing,117076,https://www.koolearn.com/dict/wd_117076.html,12,S,3
resolution,125660,https://www.koolearn.com/dict/wd_125660.html,5,S,3
unbiased,157019,https://www.koolearn.com/dict/wd_157019.html,12,S,3
adaptation,2104,https://www.koolearn.com/dict/wd_2104.html,7,S,0
allocation,4875,https://www.koolearn.com/dict/wd_4875.html,5,S,0
assist,10082,https://www.koolearn.com/dict/wd_10082.html,8,S,0
column,31528,https://www.koolearn.com/dict/wd_31528.html,6,S,0
consensus,33489,https://www.koolearn.com/dict/wd_33489.html,8,S,0
corporation,34931,https://www.koolearn.com/dict/wd_34931.html,5,S,0
crash,36202,https://www.koolearn.com/dict/wd_36202.html,9,S,0
dramatically,46087,https://www.koolearn.com/dict/wd_46087.html,6,S,0
executive,52997,https://www.koolearn.com/dict/wd_52997.html,5,S,0
familiar,54589,https://www.koolearn.com/dict/wd_54589.html,6,S,0
famine,54629,https://www.koolearn.com/dict/wd_54629.html,10,S,0
frequent,60013,https://www.koolearn.com/dict/wd_60013.html,5,S,0
hint,70818,https://www.koolearn.com/dict/wd_70818.html,6,S,0
irregular,79676,https://www.koolearn.com/dict/wd_79676.html,7,S,0
judge,81399,https://www.koolearn.com/dict/wd_81399.html,5,S,0
mass,92026,https://www.koolearn.com/dict/wd_92026.html,8,S,0
mate,92203,https://www.koolearn.com/dict/wd_92203.html,11,S,0
Mercury,93562,https://www.koolearn.com/dict/wd_93562.html,9,S,0
metal,93869,https://www.koolearn.com/dict/wd_93869.html,5,S,0
optimum,104976,https://www.koolearn.com/dict/wd_104976.html,10,S,0
overlap,106838,https://www.koolearn.com/dict/wd_106838.html,6,S,0
popularity,115297,https://www.koolearn.com/dict/wd_115297.html,7,S,0
proceed,117782,https://www.koolearn.com/dict/wd_117782.html,7,S,0
product,117899,https://www.koolearn.com/dict/wd_117899.html,5,S,0
quotation,121120,https://www.koolearn.com/dict/wd_121120.html,10,S,0
radius,121437,https://www.koolearn.com/dict/wd_121437.html,5,S,0
reduction,123572,https://www.koolearn.com/dict/wd_123572.html,10,S,0
request,125363,https://www.koolearn.com/dict/wd_125363.html,5,S,0
revision,126434,https://www.koolearn.com/dict/wd_126434.html,7,S,0
sanitation,130054,https://www.koolearn.com/dict/wd_130054.html,5,S,0
scout,131407,https://www.koolearn.com/dict/wd_131407.html,6,S,0
soar,138362,https://www.koolearn.com/dict/wd_138362.html,10,S,0
sort,139286,https://www.koolearn.com/dict/wd_139286.html,5,S,0
supplementary,145457,https://www.koolearn.com/dict/wd_145457.html,6,S,0
underlying,157614,https://www.koolearn.com/dict/wd_157614.html,5,S,0
unemployment,157889,https://www.koolearn.com/dict/wd_157889.html,5,S,0
venture,161311,https://www.koolearn.com/dict/wd_161311.html,6,S,0
wheel,164882,https://www.koolearn.com/dict/wd_164882.html,6,S,0
widespread,165437,https://www.koolearn.com/dict/wd_165437.html,6,S,0
wisdom,166010,https://www.koolearn.com/dict/wd_166010.html,5,S,0
robust,127590,https://www.koolearn.com/dict/wd_127590.html,5,S,1
simulate,136104,https://www.koolearn.com/dict/wd_136104.html,5,S,2
border,19477,https://www.koolearn.com/dict/wd_19477.html,8,S,1
cater,25676,https://www.koolearn.com/dict/wd_25676.html,7,S,2
chaos,27045,https://www.koolearn.com/dict/wd_27045.html,7,S,1
common,32036,https://www.koolearn.com/dict/wd_32036.html,5,S,1
designate,41610,https://www.koolearn.com/dict/wd_41610.html,13,S,2
fascinate,54924,https://www.koolearn.com/dict/wd_54924.html,5,S,2
hatch,68492,https://www.koolearn.com/dict/wd_68492.html,5,S,2
imperative,74774,https://www.koolearn.com/dict/wd_74774.html,5,S,3
inadequate,75999,https://www.koolearn.com/dict/wd_75999.html,7,S,1
intrigue,79066,https://www.koolearn.com/dict/wd_79066.html,5,S,1
linguist,87243,https://www.koolearn.com/dict/wd_87243.html,9,S,2
mediocre,92916,https://www.koolearn.com/dict/wd_92916.html,7,S,2
reservoir,125533,https://www.koolearn.com/dict/wd_125533.html,7,S,2
rudimentary,128662,https://www.koolearn.com/dict/wd_128662.html,10,S,2
ultimately,156687,https://www.koolearn.com/dict/wd_156687.html,5,S,1
abundant,999,https://www.koolearn.com/dict/wd_999.html,8,S,0
assistance,10086,https://www.koolearn.com/dict/wd_10086.html,6,S,0
atmospheric,10740,https://www.koolearn.com/dict/wd_10740.html,5,S,0
brief,20878,https://www.koolearn.com/dict/wd_20878.html,5,S,0
classification,29543,https://www.koolearn.com/dict/wd_29543.html,5,S,0
communal,32101,https://www.koolearn.com/dict/wd_32101.html,12,S,0
compass,32253,https://www.koolearn.com/dict/wd_32253.html,5,S,0
complementary,32373,https://www.koolearn.com/dict/wd_32373.html,6,S,0
confusion,33187,https://www.koolearn.com/dict/wd_33187.html,9,S,0
consecutive,33481,https://www.koolearn.com/dict/wd_33481.html,5,S,0
criterion,36709,https://www.koolearn.com/dict/wd_36709.html,8,S,0
deduce,39985,https://www.koolearn.com/dict/wd_39985.html,5,S,0
defect,40114,https://www.koolearn.com/dict/wd_40114.html,6,S,0
destroy,41778,https://www.koolearn.com/dict/wd_41778.html,6,S,0
documentation,44977,https://www.koolearn.com/dict/wd_44977.html,10,S,0
elderly,48626,https://www.koolearn.com/dict/wd_48626.html,8,S,0
empirical,49558,https://www.koolearn.com/dict/wd_49558.html,7,S,0
expectation,53329,https://www.koolearn.com/dict/wd_53329.html,8,S,0
fan,54644,https://www.koolearn.com/dict/wd_54644.html,6,S,0
fulfill,60665,https://www.koolearn.com/dict/wd_60665.html,10,S,0
imagination,74379,https://www.koolearn.com/dict/wd_74379.html,6,S,0
incidence,76189,https://www.koolearn.com/dict/wd_76189.html,5,S,0
innate,77637,https://www.koolearn.com/dict/wd_77637.html,8,S,0
laser,84731,https://www.koolearn.com/dict/wd_84731.html,5,S,0
motion,97287,https://www.koolearn.com/dict/wd_97287.html,5,S,0
myth,98769,https://www.koolearn.com/dict/wd_98769.html,6,S,0
overlook,106862,https://www.koolearn.com/dict/wd_106862.html,8,S,0
overtake,107115,https://www.koolearn.com/dict/wd_107115.html,9,S,0
photosynthesis,112067,https://www.koolearn.com/dict/wd_112067.html,8,S,0
prehistoric,116656,https://www.koolearn.com/dict/wd_116656.html,7,S,0
probe,117747,https://www.koolearn.com/dict/wd_117747.html,5,S,0
propose,118448,https://www.koolearn.com/dict/wd_118448.html,7,S,0
prosper,118586,https://www.koolearn.com/dict/wd_118586.html,11,S,0
provide,118817,https://www.koolearn.com/dict/wd_118817.html,5,S,0
pure,119813,https://www.koolearn.com/dict/wd_119813.html,5,S,0
recreational,123199,https://www.koolearn.com/dict/wd_123199.html,5,S,0
regardless,124001,https://www.koolearn.com/dict/wd_124001.html,6,S,0
replenish,125120,https://www.koolearn.com/dict/wd_125120.html,7,S,0
scrutiny,131704,https://www.koolearn.com/dict/wd_131704.html,5,S,0
station,141935,https://www.koolearn.com/dict/wd_141935.html,7,S,0
successive,144577,https://www.koolearn.com/dict/wd_144577.html,7,S,0
surrounding,145758,https://www.koolearn.com/dict/wd_145758.html,7,S,0
syllabus,146451,https://www.koolearn.com/dict/wd_146451.html,5,S,0
sympathetic,146513,https://www.koolearn.com/dict/wd_146513.html,5,S,0
toll,152603,https://www.koolearn.com/dict/wd_152603.html,8,S,0
unusual,159498,https://www.koolearn.com/dict/wd_159498.html,6,S,0
urge,160067,https://www.koolearn.com/dict/wd_160067.html,5,S,0
well-being,164523,https://www.koolearn.com/dict/wd_164523.html,11,S,0
suspend,145822,https://www.koolearn.com/dict/wd_145822.html,7,S,1
horizontal,71975,https://www.koolearn.com/dict/wd_71975.html,6,S,1
reality,122555,https://www.koolearn.com/dict/wd_122555.html,5,S,1
certify,26622,https://www.koolearn.com/dict/wd_26622.html,10,S,1
contradict,34024,https://www.koolearn.com/dict/wd_34024.html,7,S,2
diameter,42353,https://www.koolearn.com/dict/wd_42353.html,6,S,3
interpret,78770,https://www.koolearn.com/dict/wd_78770.html,7,S,1
latitude,84925,https://www.koolearn.com/dict/wd_84925.html,6,S,1
span,139652,https://www.koolearn.com/dict/wd_139652.html,7,S,2
tiny,151677,https://www.koolearn.com/dict/wd_151677.html,7,S,1
tolerate,152596,https://www.koolearn.com/dict/wd_152596.html,7,S,1
accessory,1215,https://www.koolearn.com/dict/wd_1215.html,5,S,0
adapt to,2101,https://www.koolearn.com/dict/wd_2101.html,7,S,0
adversity,2746,https://www.koolearn.com/dict/wd_2746.html,7,S,0
anecdote,6356,https://www.koolearn.com/dict/wd_6356.html,5,S,0
anxious,7587,https://www.koolearn.com/dict/wd_7587.html,7,S,0
apparatus,7934,https://www.koolearn.com/dict/wd_7934.html,6,S,0
change,26977,https://www.koolearn.com/dict/wd_26977.html,6,S,0
classic,29527,https://www.koolearn.com/dict/wd_29527.html,6,S,0
commerce,31925,https://www.koolearn.com/dict/wd_31925.html,5,S,0
creative,36339,https://www.koolearn.com/dict/wd_36339.html,5,S,0
dam,38653,https://www.koolearn.com/dict/wd_38653.html,5,S,0
enable,49713,https://www.koolearn.com/dict/wd_49713.html,5,S,0
entire,50692,https://www.koolearn.com/dict/wd_50692.html,7,S,0
expect,53316,https://www.koolearn.com/dict/wd_53316.html,9,S,0
experimental,53398,https://www.koolearn.com/dict/wd_53398.html,6,S,0
feed,55374,https://www.koolearn.com/dict/wd_55374.html,6,S,0
force,58840,https://www.koolearn.com/dict/wd_58840.html,5,S,0
framework,59649,https://www.koolearn.com/dict/wd_59649.html,5,S,0
furthermore,61049,https://www.koolearn.com/dict/wd_61049.html,5,S,0
hemisphere,69796,https://www.koolearn.com/dict/wd_69796.html,6,S,0
imply,74929,https://www.koolearn.com/dict/wd_74929.html,8,S,0
installment,78011,https://www.koolearn.com/dict/wd_78011.html,13,S,0
magnetic,90091,https://www.koolearn.com/dict/wd_90091.html,11,S,0
masterpiece,92127,https://www.koolearn.com/dict/wd_92127.html,5,S,0
modification,96079,https://www.koolearn.com/dict/wd_96079.html,8,S,0
narrative,99114,https://www.koolearn.com/dict/wd_99114.html,7,S,0
nocturnal,101104,https://www.koolearn.com/dict/wd_101104.html,12,S,0
note,102021,https://www.koolearn.com/dict/wd_102021.html,6,S,0
novelty,102146,https://www.koolearn.com/dict/wd_102146.html,5,S,0
occasionally,102978,https://www.koolearn.com/dict/wd_102978.html,5,S,0
operate,104760,https://www.koolearn.com/dict/wd_104760.html,7,S,0
opposite,104886,https://www.koolearn.com/dict/wd_104886.html,5,S,0
penetrate,110309,https://www.koolearn.com/dict/wd_110309.html,5,S,0
physiology,112252,https://www.koolearn.com/dict/wd_112252.html,7,S,0
plate,113636,https://www.koolearn.com/dict/wd_113636.html,5,S,0
precipitation,116393,https://www.koolearn.com/dict/wd_116393.html,5,S,0
produce,117889,https://www.koolearn.com/dict/wd_117889.html,5,S,0
progress,118082,https://www.koolearn.com/dict/wd_118082.html,7,S,0
rapid,121942,https://www.koolearn.com/dict/wd_121942.html,5,S,0
recognition,123006,https://www.koolearn.com/dict/wd_123006.html,6,S,0
renewable,124873,https://www.koolearn.com/dict/wd_124873.html,5,S,0
scan,130721,https://www.koolearn.com/dict/wd_130721.html,7,S,0
settlement,133794,https://www.koolearn.com/dict/wd_133794.html,7,S,0
slightly,137217,https://www.koolearn.com/dict/wd_137217.html,5,S,0
spectrum,139977,https://www.koolearn.com/dict/wd_139977.html,6,S,0
state,141866,https://www.koolearn.com/dict/wd_141866.html,5,S,0
union,158352,https://www.koolearn.com/dict/wd_158352.html,5,S,0
object,102714,https://www.koolearn.com/dict/wd_102714.html,7,S,1
simultaneous,136117,https://www.koolearn.com/dict/wd_136117.html,6,S,1
compile,32338,https://www.koolearn.com/dict/wd_32338.html,5,S,2
continuous,33960,https://www.koolearn.com/dict/wd_33960.html,7,S,2
formulate,59252,https://www.koolearn.com/dict/wd_59252.html,8,S,1
gather,62065,https://www.koolearn.com/dict/wd_62065.html,5,S,1
invest,79276,https://www.koolearn.com/dict/wd_79276.html,5,S,1
manifest,91223,https://www.koolearn.com/dict/wd_91223.html,7,S,2
output,106248,https://www.koolearn.com/dict/wd_106248.html,5,S,3
abrupt,809,https://www.koolearn.com/dict/wd_809.html,6,S,0
advertise,2754,https://www.koolearn.com/dict/wd_2754.html,5,S,0
agenda,3352,https://www.koolearn.com/dict/wd_3352.html,5,S,0
analytical,6081,https://www.koolearn.com/dict/wd_6081.html,6,S,0
boom,19362,https://www.koolearn.com/dict/wd_19362.html,5,S,0
catastrophic,25558,https://www.koolearn.com/dict/wd_25558.html,8,S,0
communicate,32113,https://www.koolearn.com/dict/wd_32113.html,5,S,0
consist,33557,https://www.koolearn.com/dict/wd_33557.html,5,S,0
defeat,40102,https://www.koolearn.com/dict/wd_40102.html,5,S,0
equip,51335,https://www.koolearn.com/dict/wd_51335.html,7,S,0
existing,53185,https://www.koolearn.com/dict/wd_53185.html,5,S,0
focus on,58306,https://www.koolearn.com/dict/wd_58306.html,6,S,0
genetics,62511,https://www.koolearn.com/dict/wd_62511.html,5,S,0
habit,67109,https://www.koolearn.com/dict/wd_67109.html,5,S,0
hence,69879,https://www.koolearn.com/dict/wd_69879.html,6,S,0
inspection,77969,https://www.koolearn.com/dict/wd_77969.html,7,S,0
intensity,78303,https://www.koolearn.com/dict/wd_78303.html,8,S,0
interference,78473,https://www.koolearn.com/dict/wd_78473.html,9,S,0
obey,102690,https://www.koolearn.com/dict/wd_102690.html,10,S,0
official,103512,https://www.koolearn.com/dict/wd_103512.html,10,S,0
optical,104948,https://www.koolearn.com/dict/wd_104948.html,5,S,0
originate,105345,https://www.koolearn.com/dict/wd_105345.html,6,S,0
particle,108980,https://www.koolearn.com/dict/wd_108980.html,5,S,0
political,114738,https://www.koolearn.com/dict/wd_114738.html,5,S,0
precision,116405,https://www.koolearn.com/dict/wd_116405.html,5,S,0
presence,116942,https://www.koolearn.com/dict/wd_116942.html,7,S,0
reason,122664,https://www.koolearn.com/dict/wd_122664.html,6,S,0
reproduction,125289,https://www.koolearn.com/dict/wd_125289.html,8,S,0
selective,132594,https://www.koolearn.com/dict/wd_132594.html,7,S,0
sensory,133207,https://www.koolearn.com/dict/wd_133207.html,8,S,0
starve,141846,https://www.koolearn.com/dict/wd_141846.html,8,S,0
sum,144947,https://www.koolearn.com/dict/wd_144947.html,5,S,0
wealth,164131,https://www.koolearn.com/dict/wd_164131.html,5,S,0
weapon,164143,https://www.koolearn.com/dict/wd_164143.html,5,S,0
wilderness,165540,https://www.koolearn.com/dict/wd_165540.html,7,S,0
colossal,31466,https://www.koolearn.com/dict/wd_31466.html,5,S,2
literal,87518,https://www.koolearn.com/dict/wd_87518.html,5,S,1
calamity,23321,https://www.koolearn.com/dict/wd_23321.html,8,S,2
conspicuous,33614,https://www.koolearn.com/dict/wd_33614.html,5,S,1
exemplify,53046,https://www.koolearn.com/dict/wd_53046.html,5,S,2
perpetual,111049,https://www.koolearn.com/dict/wd_111049.html,6,S,1
react,122396,https://www.koolearn.com/dict/wd_122396.html,8,S,1
stationary,141946,https://www.koolearn.com/dict/wd_141946.html,6,S,2
verbal,161355,https://www.koolearn.com/dict/wd_161355.html,5,S,2
advantageous,2698,https://www.koolearn.com/dict/wd_2698.html,7,S,0
alternate,5158,https://www.koolearn.com/dict/wd_5158.html,5,S,0
deficit,40193,https://www.koolearn.com/dict/wd_40193.html,5,S,0
detailed,41822,https://www.koolearn.com/dict/wd_41822.html,5,S,0
doubt,45700,https://www.koolearn.com/dict/wd_45700.html,5,S,0
ecological,47900,https://www.koolearn.com/dict/wd_47900.html,6,S,0
emphasis,49541,https://www.koolearn.com/dict/wd_49541.html,6,S,0
establishment,51860,https://www.koolearn.com/dict/wd_51860.html,7,S,0
federal,55333,https://www.koolearn.com/dict/wd_55333.html,5,S,0
flooding,57832,https://www.koolearn.com/dict/wd_57832.html,6,S,0
freeze,59930,https://www.koolearn.com/dict/wd_59930.html,9,S,0
hormone,71984,https://www.koolearn.com/dict/wd_71984.html,5,S,0
immunity,74594,https://www.koolearn.com/dict/wd_74594.html,9,S,0
impression,75043,https://www.koolearn.com/dict/wd_75043.html,6,S,0
instruct,78089,https://www.koolearn.com/dict/wd_78089.html,5,S,0
legitimacy,85812,https://www.koolearn.com/dict/wd_85812.html,7,S,0
meteorological,93997,https://www.koolearn.com/dict/wd_93997.html,8,S,0
meteorology,93999,https://www.koolearn.com/dict/wd_93999.html,5,S,0
minimize,95051,https://www.koolearn.com/dict/wd_95051.html,6,S,0
motive,97313,https://www.koolearn.com/dict/wd_97313.html,8,S,0
mysterious,98749,https://www.koolearn.com/dict/wd_98749.html,8,S,0
navigation,99448,https://www.koolearn.com/dict/wd_99448.html,5,S,0
objection,102724,https://www.koolearn.com/dict/wd_102724.html,9,S,0
pioneer,113017,https://www.koolearn.com/dict/wd_113017.html,6,S,0
possess,115555,https://www.koolearn.com/dict/wd_115555.html,8,S,0
prediction,116514,https://www.koolearn.com/dict/wd_116514.html,7,S,0
reaction,122404,https://www.koolearn.com/dict/wd_122404.html,6,S,0
reckon,122963,https://www.koolearn.com/dict/wd_122963.html,5,S,0
record,123140,https://www.koolearn.com/dict/wd_123140.html,5,S,0
scene,130914,https://www.koolearn.com/dict/wd_130914.html,6,S,0
significance,135788,https://www.koolearn.com/dict/wd_135788.html,7,S,0
slight,137209,https://www.koolearn.com/dict/wd_137209.html,5,S,0
society,138478,https://www.koolearn.com/dict/wd_138478.html,9,S,0
spray,140847,https://www.koolearn.com/dict/wd_140847.html,5,S,0
spread,140857,https://www.koolearn.com/dict/wd_140857.html,6,S,0
static,141923,https://www.koolearn.com/dict/wd_141923.html,6,S,0
stride,143463,https://www.koolearn.com/dict/wd_143463.html,10,S,0
superiority,145307,https://www.koolearn.com/dict/wd_145307.html,7,S,0
triumph,155031,https://www.koolearn.com/dict/wd_155031.html,5,S,0
analogy,6058,https://www.koolearn.com/dict/wd_6058.html,5,S,2
appoint,8115,https://www.koolearn.com/dict/wd_8115.html,8,S,2
concur,32871,https://www.koolearn.com/dict/wd_32871.html,10,S,2
insist,77926,https://www.koolearn.com/dict/wd_77926.html,7,S,1
inspect,77966,https://www.koolearn.com/dict/wd_77966.html,5,S,1
invent,79231,https://www.koolearn.com/dict/wd_79231.html,7,S,1
paramount,108548,https://www.koolearn.com/dict/wd_108548.html,8,S,2
pulse,119571,https://www.koolearn.com/dict/wd_119571.html,5,S,2
situation,136460,https://www.koolearn.com/dict/wd_136460.html,5,S,2
synthesis,146727,https://www.koolearn.com/dict/wd_146727.html,6,S,3
transcript,153976,https://www.koolearn.com/dict/wd_153976.html,6,S,2
accident,1219,https://www.koolearn.com/dict/wd_1219.html,5,S,0
accomplishment,1287,https://www.koolearn.com/dict/wd_1287.html,5,S,0
availability,11624,https://www.koolearn.com/dict/wd_11624.html,5,S,0
circuit,29053,https://www.koolearn.com/dict/wd_29053.html,8,S,0
comparable,32209,https://www.koolearn.com/dict/wd_32209.html,6,S,0
disastrous,43454,https://www.koolearn.com/dict/wd_43454.html,5,S,0
emulate,49678,https://www.koolearn.com/dict/wd_49678.html,5,S,0
error,51573,https://www.koolearn.com/dict/wd_51573.html,7,S,0
immediately,74498,https://www.koolearn.com/dict/wd_74498.html,9,S,0
irony,79639,https://www.koolearn.com/dict/wd_79639.html,7,S,0
molecule,96234,https://www.koolearn.com/dict/wd_96234.html,5,S,0
partner,109024,https://www.koolearn.com/dict/wd_109024.html,5,S,0
physiological,112248,https://www.koolearn.com/dict/wd_112248.html,7,S,0
regard,123988,https://www.koolearn.com/dict/wd_123988.html,6,S,0
residential,125564,https://www.koolearn.com/dict/wd_125564.html,6,S,0
revival,126451,https://www.koolearn.com/dict/wd_126451.html,7,S,0
scenic,130923,https://www.koolearn.com/dict/wd_130923.html,9,S,0
solicitor,138821,https://www.koolearn.com/dict/wd_138821.html,6,S,0
substitution,144443,https://www.koolearn.com/dict/wd_144443.html,5,S,0
surrender,145741,https://www.koolearn.com/dict/wd_145741.html,6,S,0
sympathy,146527,https://www.koolearn.com/dict/wd_146527.html,6,S,0
textile,149697,https://www.koolearn.com/dict/wd_149697.html,8,S,0
unexpected,157943,https://www.koolearn.com/dict/wd_157943.html,7,S,0
fluent,58030,https://www.koolearn.com/dict/wd_58030.html,5,S,1
alien,4491,https://www.koolearn.com/dict/wd_4491.html,5,S,1
confer,33025,https://www.koolearn.com/dict/wd_33025.html,8,S,1
cope,34474,https://www.koolearn.com/dict/wd_34474.html,6,S,2
dazzle,39199,https://www.koolearn.com/dict/wd_39199.html,8,S,2
illuminate,74307,https://www.koolearn.com/dict/wd_74307.html,7,S,1
oblige,102758,https://www.koolearn.com/dict/wd_102758.html,5,S,3
perpetuate,111053,https://www.koolearn.com/dict/wd_111053.html,5,S,2
pollute,114816,https://www.koolearn.com/dict/wd_114816.html,5,S,2
profitable,118006,https://www.koolearn.com/dict/wd_118006.html,6,S,1
rely,124609,https://www.koolearn.com/dict/wd_124609.html,6,S,1
respond,125757,https://www.koolearn.com/dict/wd_125757.html,8,S,1
soluble,138906,https://www.koolearn.com/dict/wd_138906.html,7,S,3
temperate,148964,https://www.koolearn.com/dict/wd_148964.html,5,S,1
tolerant,152594,https://www.koolearn.com/dict/wd_152594.html,7,S,2
administrator,2458,https://www.koolearn.com/dict/wd_2458.html,5,S,0
ancestral,6186,https://www.koolearn.com/dict/wd_6186.html,8,S,0
anthropologist,7139,https://www.koolearn.com/dict/wd_7139.html,8,S,0
appreciation,8164,https://www.koolearn.com/dict/wd_8164.html,5,S,0
archaeological,8532,https://www.koolearn.com/dict/wd_8532.html,6,S,0
capability,24233,https://www.koolearn.com/dict/wd_24233.html,6,S,0
cell,26175,https://www.koolearn.com/dict/wd_26175.html,5,S,0
chief,27858,https://www.koolearn.com/dict/wd_27858.html,5,S,0
cognition,30957,https://www.koolearn.com/dict/wd_30957.html,8,S,0
consequently,33505,https://www.koolearn.com/dict/wd_33505.html,5,S,0
constraint,33686,https://www.koolearn.com/dict/wd_33686.html,5,S,0
continuity,33956,https://www.koolearn.com/dict/wd_33956.html,6,S,0
criticism,36737,https://www.koolearn.com/dict/wd_36737.html,10,S,0
cube,37352,https://www.koolearn.com/dict/wd_37352.html,5,S,0
echo,47848,https://www.koolearn.com/dict/wd_47848.html,5,S,0
encompass,49853,https://www.koolearn.com/dict/wd_49853.html,5,S,0
equity,51360,https://www.koolearn.com/dict/wd_51360.html,7,S,0
gifted,63277,https://www.koolearn.com/dict/wd_63277.html,8,S,0
hire,70891,https://www.koolearn.com/dict/wd_70891.html,5,S,0
in accordance with,75211,https://www.koolearn.com/dict/wd_75211.html,7,S,0
jeopardize,80712,https://www.koolearn.com/dict/wd_80712.html,9,S,0
locality,87981,https://www.koolearn.com/dict/wd_87981.html,5,S,0
minimise,95049,https://www.koolearn.com/dict/wd_95049.html,8,S,0
misconception,95365,https://www.koolearn.com/dict/wd_95365.html,6,S,0
notoriety,102085,https://www.koolearn.com/dict/wd_102085.html,11,S,0
nutritional,102527,https://www.koolearn.com/dict/wd_102527.html,7,S,0
organize,105266,https://www.koolearn.com/dict/wd_105266.html,5,S,0
peripheral,110875,https://www.koolearn.com/dict/wd_110875.html,10,S,0
publish,119323,https://www.koolearn.com/dict/wd_119323.html,5,S,0
puzzle,120206,https://www.koolearn.com/dict/wd_120206.html,10,S,0
regime,124034,https://www.koolearn.com/dict/wd_124034.html,5,S,0
relate,124433,https://www.koolearn.com/dict/wd_124433.html,5,S,0
rely on,124610,https://www.koolearn.com/dict/wd_124610.html,9,S,0
ruin,128719,https://www.koolearn.com/dict/wd_128719.html,9,S,0
similarly,136022,https://www.koolearn.com/dict/wd_136022.html,7,S,0
specifically,139911,https://www.koolearn.com/dict/wd_139911.html,7,S,0
suicide,144792,https://www.koolearn.com/dict/wd_144792.html,6,S,0
talented,147551,https://www.koolearn.com/dict/wd_147551.html,5,S,0
transformation,154032,https://www.koolearn.com/dict/wd_154032.html,5,S,0
weird,164443,https://www.koolearn.com/dict/wd_164443.html,5,S,0
wreck,166942,https://www.koolearn.com/dict/wd_166942.html,6,S,0
circulate,29079,https://www.koolearn.com/dict/wd_29079.html,6,S,1
complicate,32413,https://www.koolearn.com/dict/wd_32413.html,8,S,1
discrepancy,43675,https://www.koolearn.com/dict/wd_43675.html,5,S,3
dispense,44086,https://www.koolearn.com/dict/wd_44086.html,7,S,1
fantasy,54733,https://www.koolearn.com/dict/wd_54733.html,5,S,3
feat,55267,https://www.koolearn.com/dict/wd_55267.html,6,S,1
minute,95178,https://www.koolearn.com/dict/wd_95178.html,5,S,2
occasional,102973,https://www.koolearn.com/dict/wd_102973.html,5,S,2
sway,146052,https://www.koolearn.com/dict/wd_146052.html,5,S,1
vicinity,161820,https://www.koolearn.com/dict/wd_161820.html,7,S,1
absolute,870,https://www.koolearn.com/dict/wd_870.html,6,S,0
academy,1067,https://www.koolearn.com/dict/wd_1067.html,8,S,0
addictive,2160,https://www.koolearn.com/dict/wd_2160.html,7,S,0
affordable,3113,https://www.koolearn.com/dict/wd_3113.html,5,S,0
alarming,4186,https://www.koolearn.com/dict/wd_4186.html,5,S,0
announce,6796,https://www.koolearn.com/dict/wd_6796.html,7,S,0
calculation,23387,https://www.koolearn.com/dict/wd_23387.html,5,S,0
comprehension,32509,https://www.koolearn.com/dict/wd_32509.html,5,S,0
consciousness,33465,https://www.koolearn.com/dict/wd_33465.html,7,S,0
definitive,40232,https://www.koolearn.com/dict/wd_40232.html,6,S,0
delta,40674,https://www.koolearn.com/dict/wd_40674.html,5,S,0
destructive,41792,https://www.koolearn.com/dict/wd_41792.html,6,S,0
disruptive,44235,https://www.koolearn.com/dict/wd_44235.html,6,S,0
due to,46898,https://www.koolearn.com/dict/wd_46898.html,5,S,0
eco-friendly,47893,https://www.koolearn.com/dict/wd_47893.html,5,S,0
fairly,54365,https://www.koolearn.com/dict/wd_54365.html,5,S,0
hesitation,70216,https://www.koolearn.com/dict/wd_70216.html,6,S,0
inaccurate,75982,https://www.koolearn.com/dict/wd_75982.html,7,S,0
investigator,79289,https://www.koolearn.com/dict/wd_79289.html,6,S,0
involvement,79389,https://www.koolearn.com/dict/wd_79389.html,8,S,0
longevity,88391,https://www.koolearn.com/dict/wd_88391.html,5,S,0
mainly,90306,https://www.koolearn.com/dict/wd_90306.html,8,S,0
mean,92634,https://www.koolearn.com/dict/wd_92634.html,5,S,0
merchant,93537,https://www.koolearn.com/dict/wd_93537.html,6,S,0
mystery,98752,https://www.koolearn.com/dict/wd_98752.html,5,S,0
observer,102851,https://www.koolearn.com/dict/wd_102851.html,6,S,0
occurrence,103042,https://www.koolearn.com/dict/wd_103042.html,5,S,0
plagiarise,113382,https://www.koolearn.com/dict/wd_113382.html,7,S,0
pour,115959,https://www.koolearn.com/dict/wd_115959.html,5,S,0
refer to,123699,https://www.koolearn.com/dict/wd_123699.html,9,S,0
revolutionary,126487,https://www.koolearn.com/dict/wd_126487.html,7,S,0
revolve,126498,https://www.koolearn.com/dict/wd_126498.html,5,S,0
statistical,141959,https://www.koolearn.com/dict/wd_141959.html,6,S,0
succeed,144559,https://www.koolearn.com/dict/wd_144559.html,5,S,0
suppose,145513,https://www.koolearn.com/dict/wd_145513.html,5,S,0
swift,146217,https://www.koolearn.com/dict/wd_146217.html,7,S,0
tense,149181,https://www.koolearn.com/dict/wd_149181.html,6,S,0
treatise,154417,https://www.koolearn.com/dict/wd_154417.html,7,S,0
unpredictable,158827,https://www.koolearn.com/dict/wd_158827.html,8,S,0
vertebrate,161545,https://www.koolearn.com/dict/wd_161545.html,5,S,0
benevolent,16109,https://www.koolearn.com/dict/wd_16109.html,5,S,1
literate,87533,https://www.koolearn.com/dict/wd_87533.html,7,S,1
persist,111113,https://www.koolearn.com/dict/wd_111113.html,5,S,1
depart,41141,https://www.koolearn.com/dict/wd_41141.html,5,S,1
endurance,50114,https://www.koolearn.com/dict/wd_50114.html,6,S,2
erroneous,51571,https://www.koolearn.com/dict/wd_51571.html,5,S,1
excess,52813,https://www.koolearn.com/dict/wd_52813.html,5,S,1
imaginative,74380,https://www.koolearn.com/dict/wd_74380.html,5,S,2
transcribe,153971,https://www.koolearn.com/dict/wd_153971.html,6,S,2
absence,841,https://www.koolearn.com/dict/wd_841.html,6,S,0
account for,1320,https://www.koolearn.com/dict/wd_1320.html,5,S,0
active,1948,https://www.koolearn.com/dict/wd_1948.html,6,S,0
auditory,11148,https://www.koolearn.com/dict/wd_11148.html,7,S,0
belief,15820,https://www.koolearn.com/dict/wd_15820.html,6,S,0
compelling,32279,https://www.koolearn.com/dict/wd_32279.html,5,S,0
complexity,32403,https://www.koolearn.com/dict/wd_32403.html,5,S,0
criticise,36736,https://www.koolearn.com/dict/wd_36736.html,6,S,0
detective,41845,https://www.koolearn.com/dict/wd_41845.html,6,S,0
divide,44637,https://www.koolearn.com/dict/wd_44637.html,5,S,0
evolutionary,52634,https://www.koolearn.com/dict/wd_52634.html,6,S,0
exhausted,53113,https://www.koolearn.com/dict/wd_53113.html,8,S,0
expression,53575,https://www.koolearn.com/dict/wd_53575.html,5,S,0
federation,55353,https://www.koolearn.com/dict/wd_55353.html,5,S,0
formative,59214,https://www.koolearn.com/dict/wd_59214.html,6,S,0
habitual,67122,https://www.koolearn.com/dict/wd_67122.html,5,S,0
infest,77137,https://www.koolearn.com/dict/wd_77137.html,6,S,0
initially,77539,https://www.koolearn.com/dict/wd_77539.html,8,S,0
inner,77643,https://www.koolearn.com/dict/wd_77643.html,5,S,0
intend,78276,https://www.koolearn.com/dict/wd_78276.html,5,S,0
milestone,94651,https://www.koolearn.com/dict/wd_94651.html,5,S,0
pharmaceutical,111584,https://www.koolearn.com/dict/wd_111584.html,6,S,0
preferential,116600,https://www.koolearn.com/dict/wd_116600.html,6,S,0
rather than,122104,https://www.koolearn.com/dict/wd_122104.html,8,S,0
readily,122459,https://www.koolearn.com/dict/wd_122459.html,6,S,0
representation,125220,https://www.koolearn.com/dict/wd_125220.html,5,S,0
sceptical,130941,https://www.koolearn.com/dict/wd_130941.html,5,S,0
sensitivity,133193,https://www.koolearn.com/dict/wd_133193.html,6,S,0
silly,135932,https://www.koolearn.com/dict/wd_135932.html,7,S,0
situate,136456,https://www.koolearn.com/dict/wd_136456.html,5,S,0
sophisticate,139180,https://www.koolearn.com/dict/wd_139180.html,9,S,0
subsidiary,144374,https://www.koolearn.com/dict/wd_144374.html,5,S,0
succumb,144611,https://www.koolearn.com/dict/wd_144611.html,7,S,0
symbolism,146493,https://www.koolearn.com/dict/wd_146493.html,6,S,0
therapist,150292,https://www.koolearn.com/dict/wd_150292.html,5,S,0
turbine,155827,https://www.koolearn.com/dict/wd_155827.html,5,S,0
underlie,157603,https://www.koolearn.com/dict/wd_157603.html,8,S,0
weigh,164399,https://www.koolearn.com/dict/wd_164399.html,5,S,0
wonder,166369,https://www.koolearn.com/dict/wd_166369.html,5,S,0
infinite,77165,https://www.koolearn.com/dict/wd_77165.html,5,S,1
obstruct,102893,https://www.koolearn.com/dict/wd_102893.html,5,S,1
analyze,6088,https://www.koolearn.com/dict/wd_6088.html,6,S,1
circumscribe,29125,https://www.koolearn.com/dict/wd_29125.html,6,S,3
hypothetical,73615,https://www.koolearn.com/dict/wd_73615.html,5,S,2
include,76255,https://www.koolearn.com/dict/wd_76255.html,5,S,1
magnify,90147,https://www.koolearn.com/dict/wd_90147.html,5,S,1
phenomenal,111668,https://www.koolearn.com/dict/wd_111668.html,6,S,3
similarity,136020,https://www.koolearn.com/dict/wd_136020.html,6,S,3
actual,1984,https://www.koolearn.com/dict/wd_1984.html,5,S,0
analyst,6074,https://www.koolearn.com/dict/wd_6074.html,6,S,0
catalyst,25521,https://www.koolearn.com/dict/wd_25521.html,5,S,0
climatic,29859,https://www.koolearn.com/dict/wd_29859.html,5,S,0
conceptual,32727,https://www.koolearn.com/dict/wd_32727.html,6,S,0
connection,33380,https://www.koolearn.com/dict/wd_33380.html,5,S,0
consideration,33539,https://www.koolearn.com/dict/wd_33539.html,6,S,0
constitution,33668,https://www.koolearn.com/dict/wd_33668.html,5,S,0
count,35477,https://www.koolearn.com/dict/wd_35477.html,5,S,0
courtship,35773,https://www.koolearn.com/dict/wd_35773.html,8,S,0
dental,41049,https://www.koolearn.com/dict/wd_41049.html,9,S,0
depend on,41170,https://www.koolearn.com/dict/wd_41170.html,6,S,0
dwindle,47321,https://www.koolearn.com/dict/wd_47321.html,5,S,0
encyclopaedia,49906,https://www.koolearn.com/dict/wd_49906.html,8,S,0
explosive,53506,https://www.koolearn.com/dict/wd_53506.html,5,S,0
herbivore,70024,https://www.koolearn.com/dict/wd_70024.html,5,S,0
make up,90646,https://www.koolearn.com/dict/wd_90646.html,5,S,0
Mediterranean,92928,https://www.koolearn.com/dict/wd_92928.html,6,S,0
narrow,99122,https://www.koolearn.com/dict/wd_99122.html,5,S,0
opposition,104892,https://www.koolearn.com/dict/wd_104892.html,8,S,0
originally,105343,https://www.koolearn.com/dict/wd_105343.html,5,S,0
plenty of,113980,https://www.koolearn.com/dict/wd_113980.html,8,S,0
precisely,116401,https://www.koolearn.com/dict/wd_116401.html,5,S,0
prefer,116590,https://www.koolearn.com/dict/wd_116590.html,8,S,0
recruitment,123223,https://www.koolearn.com/dict/wd_123223.html,5,S,0
secrete,132214,https://www.koolearn.com/dict/wd_132214.html,9,S,0
set,133655,https://www.koolearn.com/dict/wd_133655.html,6,S,0
signify,135801,https://www.koolearn.com/dict/wd_135801.html,7,S,0
solidify,138847,https://www.koolearn.com/dict/wd_138847.html,6,S,0
sound,139364,https://www.koolearn.com/dict/wd_139364.html,5,S,0
stem from,142253,https://www.koolearn.com/dict/wd_142253.html,6,S,0
success,144568,https://www.koolearn.com/dict/wd_144568.html,6,S,0
collaborate,31191,https://www.koolearn.com/dict/wd_31191.html,5,S,3
dawn,39110,https://www.koolearn.com/dict/wd_39110.html,5,S,1
foe,58321,https://www.koolearn.com/dict/wd_58321.html,9,S,1
obedient,102668,https://www.koolearn.com/dict/wd_102668.html,5,S,1
skepticism,136577,https://www.koolearn.com/dict/wd_136577.html,10,S,2
warrant,163615,https://www.koolearn.com/dict/wd_163615.html,7,S,2
cancer,23936,https://www.koolearn.com/dict/wd_23936.html,5,S,0
civilisation,29312,https://www.koolearn.com/dict/wd_29312.html,7,S,0
detain,41826,https://www.koolearn.com/dict/wd_41826.html,8,S,0
disparate,44063,https://www.koolearn.com/dict/wd_44063.html,9,S,0
enrolment,50493,https://www.koolearn.com/dict/wd_50493.html,5,S,0
harbor,68094,https://www.koolearn.com/dict/wd_68094.html,5,S,0
herbal,70009,https://www.koolearn.com/dict/wd_70009.html,5,S,0
industrialise,76902,https://www.koolearn.com/dict/wd_76902.html,5,S,0
judgement,81405,https://www.koolearn.com/dict/wd_81405.html,7,S,0
magnetism,90110,https://www.koolearn.com/dict/wd_90110.html,7,S,0
mere,93568,https://www.koolearn.com/dict/wd_93568.html,5,S,0
pillar,112722,https://www.koolearn.com/dict/wd_112722.html,5,S,0
preventative,117243,https://www.koolearn.com/dict/wd_117243.html,5,S,0
reflection,123784,https://www.koolearn.com/dict/wd_123784.html,6,S,0
sensor,133200,https://www.koolearn.com/dict/wd_133200.html,6,S,0
simplistic,136093,https://www.koolearn.com/dict/wd_136093.html,5,S,0
hindrance,70796,https://www.koolearn.com/dict/wd_70796.html,5,S,1
necessary,99581,https://www.koolearn.com/dict/wd_99581.html,6,S,2
adjustment,2412,https://www.koolearn.com/dict/wd_2412.html,5,S,0
certain,26599,https://www.koolearn.com/dict/wd_26599.html,6,S,0
contingent,33926,https://www.koolearn.com/dict/wd_33926.html,8,S,0
domesticate,45241,https://www.koolearn.com/dict/wd_45241.html,5,S,0
established,51855,https://www.koolearn.com/dict/wd_51855.html,8,S,0
favour,55182,https://www.koolearn.com/dict/wd_55182.html,6,S,0
fit,57028,https://www.koolearn.com/dict/wd_57028.html,6,S,0
formation,59212,https://www.koolearn.com/dict/wd_59212.html,7,S,0
imbalance,74406,https://www.koolearn.com/dict/wd_74406.html,6,S,0
imperial,74793,https://www.koolearn.com/dict/wd_74793.html,5,S,0
inactive,75990,https://www.koolearn.com/dict/wd_75990.html,7,S,0
introverted,79117,https://www.koolearn.com/dict/wd_79117.html,6,S,0
lexical,86379,https://www.koolearn.com/dict/wd_86379.html,6,S,0
malfunction,90799,https://www.koolearn.com/dict/wd_90799.html,7,S,0
motif,97282,https://www.koolearn.com/dict/wd_97282.html,8,S,0
negotiation,99764,https://www.koolearn.com/dict/wd_99764.html,5,S,0
operator,104793,https://www.koolearn.com/dict/wd_104793.html,5,S,0
prior to,117578,https://www.koolearn.com/dict/wd_117578.html,6,S,0
processor,117806,https://www.koolearn.com/dict/wd_117806.html,5,S,0
puncture,119681,https://www.koolearn.com/dict/wd_119681.html,6,S,0
realise,122545,https://www.koolearn.com/dict/wd_122545.html,5,S,0
simplicity,136084,https://www.koolearn.com/dict/wd_136084.html,5,S,0
continue,33943,https://www.koolearn.com/dict/wd_33943.html,5,S,1
fishery,56949,https://www.koolearn.com/dict/wd_56949.html,5,S,2
improvise,75102,https://www.koolearn.com/dict/wd_75102.html,5,S,2
adaptable,2103,https://www.koolearn.com/dict/wd_2103.html,7,S,0
agreeable,3587,https://www.koolearn.com/dict/wd_3587.html,8,S,0
artifact,9342,https://www.koolearn.com/dict/wd_9342.html,6,S,0
astronomer,10308,https://www.koolearn.com/dict/wd_10308.html,6,S,0
cellular,26199,https://www.koolearn.com/dict/wd_26199.html,5,S,0
civic,29275,https://www.koolearn.com/dict/wd_29275.html,7,S,0
collaborative,31199,https://www.koolearn.com/dict/wd_31199.html,6,S,0
comply with,32436,https://www.koolearn.com/dict/wd_32436.html,6,S,0
congested,33224,https://www.koolearn.com/dict/wd_33224.html,6,S,0
consistency,33564,https://www.koolearn.com/dict/wd_33564.html,5,S,0
corresponding,35025,https://www.koolearn.com/dict/wd_35025.html,6,S,0
disappointing,43416,https://www.koolearn.com/dict/wd_43416.html,5,S,0
disruption,44234,https://www.koolearn.com/dict/wd_44234.html,5,S,0
dynamics,47379,https://www.koolearn.com/dict/wd_47379.html,6,S,0
entirely,50697,https://www.koolearn.com/dict/wd_50697.html,5,S,0
excel,52777,https://www.koolearn.com/dict/wd_52777.html,5,S,0
fertiliser,55788,https://www.koolearn.com/dict/wd_55788.html,5,S,0
figure out,56236,https://www.koolearn.com/dict/wd_56236.html,5,S,0
generally,62459,https://www.koolearn.com/dict/wd_62459.html,5,S,0
mishandle,95462,https://www.koolearn.com/dict/wd_95462.html,5,S,0
other than,105781,https://www.koolearn.com/dict/wd_105781.html,6,S,0
paralyse,108510,https://www.koolearn.com/dict/wd_108510.html,7,S,0
periodic,110848,https://www.koolearn.com/dict/wd_110848.html,5,S,0
potent,115838,https://www.koolearn.com/dict/wd_115838.html,5,S,0
reasoning,122673,https://www.koolearn.com/dict/wd_122673.html,6,S,0
refute,123969,https://www.koolearn.com/dict/wd_123969.html,5,S,0
severity,133849,https://www.koolearn.com/dict/wd_133849.html,7,S,0
technological,148562,https://www.koolearn.com/dict/wd_148562.html,5,S,0
toughen,153332,https://www.koolearn.com/dict/wd_153332.html,5,S,0
unity,158427,https://www.koolearn.com/dict/wd_158427.html,5,S,0
impartial,74693,https://www.koolearn.com/dict/wd_74693.html,5,S,2
accredited,1386,https://www.koolearn.com/dict/wd_1386.html,7,S,0
adoption,2554,https://www.koolearn.com/dict/wd_2554.html,6,S,0
be consistent with,14382,https://www.koolearn.com/dict/wd_14382.html,8,S,0
be subject to,14874,https://www.koolearn.com/dict/wd_14874.html,7,S,0
behavioural,15722,https://www.koolearn.com/dict/wd_15722.html,5,S,0
blight,18119,https://www.koolearn.com/dict/wd_18119.html,9,S,0
certification,26615,https://www.koolearn.com/dict/wd_26615.html,6,S,0
comedian,31780,https://www.koolearn.com/dict/wd_31780.html,5,S,0
electron,48785,https://www.koolearn.com/dict/wd_48785.html,6,S,0
emergent,49404,https://www.koolearn.com/dict/wd_49404.html,6,S,0
engagement,50219,https://www.koolearn.com/dict/wd_50219.html,7,S,0
evenly,52477,https://www.koolearn.com/dict/wd_52477.html,6,S,0
firefly,56755,https://www.koolearn.com/dict/wd_56755.html,5,S,0
metabolic,93837,https://www.koolearn.com/dict/wd_93837.html,5,S,0
mortal,97115,https://www.koolearn.com/dict/wd_97115.html,5,S,0
motorway,97374,https://www.koolearn.com/dict/wd_97374.html,5,S,0
sophistication,139184,https://www.koolearn.com/dict/wd_139184.html,6,S,0
supreme,145574,https://www.koolearn.com/dict/wd_145574.html,5,S,0
thanks to,149786,https://www.koolearn.com/dict/wd_149786.html,8,S,0
artwork,9409,https://www.koolearn.com/dict/wd_9409.html,5,S,0
cubic,37358,https://www.koolearn.com/dict/wd_37358.html,5,S,0
derive from,41426,https://www.koolearn.com/dict/wd_41426.html,5,S,0
empathy,49534,https://www.koolearn.com/dict/wd_49534.html,5,S,0
fertility,55789,https://www.koolearn.com/dict/wd_55789.html,6,S,0
inspirational,77980,https://www.koolearn.com/dict/wd_77980.html,5,S,0
mathematical,92250,https://www.koolearn.com/dict/wd_92250.html,5,S,0
neural,100139,https://www.koolearn.com/dict/wd_100139.html,6,S,0
perceptual,110628,https://www.koolearn.com/dict/wd_110628.html,7,S,0
preventable,117242,https://www.koolearn.com/dict/wd_117242.html,7,S,0
producer,117892,https://www.koolearn.com/dict/wd_117892.html,5,S,0
recognise,123004,https://www.koolearn.com/dict/wd_123004.html,6,S,0
supremacy,145572,https://www.koolearn.com/dict/wd_145572.html,7,S,0
